action_type,activity_comment,activity_id,activity_properties,assay_chembl_id,assay_description,assay_type,assay_variant_accession,assay_variant_mutation,bao_endpoint,bao_format,bao_label,canonical_smiles,data_validity_comment,data_validity_description,document_chembl_id,document_journal,document_year,ligand_efficiency,modality,molecule_chembl_id,molecule_pref_name,parent_molecule_chembl_id,pchembl_value,potential_duplicate,qudt_units,record_id,relation,src_id,standard_flag,standard_relation,standard_text_value,standard_type,standard_units,standard_upper_value,standard_value,target_chembl_id,target_organism,target_pref_name,target_tax_id,text_value,toid,type,units,uo_units,upper_value,value
,,32260,[],CHEMBL674637,Inhibitory activity towards tyrosine phosphorylation for the epidermal growth factor-receptor kinase,B,,,BAO_0000190,BAO_0000357,single protein format,Cc1cc(C)c(/C=C2\C(=O)Nc3ncnc(Nc4ccc(F)c(Cl)c4)c32)[nH]1,,,CHEMBL1134862,Bioorg Med Chem Lett,2002,"{'bei': '19.25', 'le': '0.37', 'lle': '2.94', 'sei': '8.93'}",,CHEMBL68920,,CHEMBL68920,7.39,0,http://www.openphacts.org/units/Nanomolar,119482,=,1,1,=,,IC50,nM,,41.0,CHEMBL203,Homo sapiens,Epidermal growth factor receptor,9606,,,IC50,uM,UO_0000065,,0.041
,,32263,[],CHEMBL621151,Inhibition of autophosphorylation of human epidermal growth factor-receptor (EGF-R) expressed in A431 cells,F,,,BAO_0000190,BAO_0000219,cell-based format,Cc1cc(C)c(/C=C2\C(=O)Nc3ncnc(Nc4ccc(F)c(Cl)c4)c32)[nH]1,,,CHEMBL1134862,Bioorg Med Chem Lett,2002,,,CHEMBL68920,,CHEMBL68920,6.52,0,http://www.openphacts.org/units/Nanomolar,119482,=,1,1,=,,IC50,nM,,300.0,CHEMBL203,Homo sapiens,Epidermal growth factor receptor,9606,,,IC50,uM,UO_0000065,,0.3
,,32265,[],CHEMBL615325,Inhibition of ligand-induced proliferation in human EGF-R Kinase expressing 3T3 cells,F,,,BAO_0000190,BAO_0000219,cell-based format,Cc1cc(C)c(/C=C2\C(=O)Nc3ncnc(Nc4ccc(F)c(Cl)c4)c32)[nH]1,,,CHEMBL1134862,Bioorg Med Chem Lett,2002,,,CHEMBL68920,,CHEMBL68920,5.11,0,http://www.openphacts.org/units/Nanomolar,119482,=,1,1,=,,IC50,nM,,7820.0,CHEMBL203,Homo sapiens,Epidermal growth factor receptor,9606,,,IC50,uM,UO_0000065,,7.82
,,32267,[],CHEMBL674637,Inhibitory activity towards tyrosine phosphorylation for the epidermal growth factor-receptor kinase,B,,,BAO_0000190,BAO_0000357,single protein format,Cc1cc(C(=O)N2CCOCC2)[nH]c1/C=C1\C(=O)Nc2ncnc(Nc3ccc(F)c(Cl)c3)c21,,,CHEMBL1134862,Bioorg Med Chem Lett,2002,"{'bei': '14.02', 'le': '0.27', 'lle': '3.16', 'sei': '6.03'}",,CHEMBL69960,,CHEMBL69960,6.77,0,http://www.openphacts.org/units/Nanomolar,119494,=,1,1,=,,IC50,nM,,170.0,CHEMBL203,Homo sapiens,Epidermal growth factor receptor,9606,,,IC50,uM,UO_0000065,,0.17
,,32270,[],CHEMBL621151,Inhibition of autophosphorylation of human epidermal growth factor-receptor (EGF-R) expressed in A431 cells,F,,,BAO_0000190,BAO_0000219,cell-based format,Cc1cc(C(=O)N2CCOCC2)[nH]c1/C=C1\C(=O)Nc2ncnc(Nc3ccc(F)c(Cl)c3)c21,,,CHEMBL1134862,Bioorg Med Chem Lett,2002,,,CHEMBL69960,,CHEMBL69960,7.40,0,http://www.openphacts.org/units/Nanomolar,119494,=,1,1,=,,IC50,nM,,40.0,CHEMBL203,Homo sapiens,Epidermal growth factor receptor,9606,,,IC50,uM,UO_0000065,,0.04
,,32272,[],CHEMBL615325,Inhibition of ligand-induced proliferation in human EGF-R Kinase expressing 3T3 cells,F,,,BAO_0000190,BAO_0000219,cell-based format,Cc1cc(C(=O)N2CCOCC2)[nH]c1/C=C1\C(=O)Nc2ncnc(Nc3ccc(F)c(Cl)c3)c21,,,CHEMBL1134862,Bioorg Med Chem Lett,2002,,,CHEMBL69960,,CHEMBL69960,6.36,0,http://www.openphacts.org/units/Nanomolar,119494,=,1,1,=,,IC50,nM,,440.0,CHEMBL203,Homo sapiens,Epidermal growth factor receptor,9606,,,IC50,uM,UO_0000065,,0.44
,,32680,[],CHEMBL677833,In vitro inhibition of Epidermal growth factor receptor tyrosine kinase isolated from A431 (human carcinoma).,B,,,BAO_0000190,BAO_0000357,single protein format,CN(c1ccccc1)c1ncnc2ccc(N/N=N/Cc3ccccn3)cc12,,,CHEMBL1145114,J Med Chem,2003,"{'bei': '13.62', 'le': '0.25', 'lle': '0.26', 'sei': '6.40'}",,CHEMBL137635,,CHEMBL137635,5.03,0,http://www.openphacts.org/units/Nanomolar,262238,=,1,1,=,,IC50,nM,,9300.0,CHEMBL203,Homo sapiens,Epidermal growth factor receptor,9606,,,IC50,uM,UO_0000065,,9.3
,,32770,[],CHEMBL674643,Inhibitory concentration of EGF dependent autophosphorylation of epidermal growth factor receptor kinase,B,,,BAO_0000190,BAO_0000357,single protein format,CC(=C(C#N)C#N)c1ccc(NC(=O)CCC(=O)O)cc1,Outside typical range,"Values for this activity type are unusually large/small, so may not be accurate",CHEMBL1124610,J Med Chem,1989,,,CHEMBL306988,,CHEMBL306988,,0,http://www.openphacts.org/units/Nanomolar,137177,=,1,1,=,,IC50,nM,,500000.0,CHEMBL203,Homo sapiens,Epidermal growth factor receptor,9606,,,IC50,uM,UO_0000065,,500.0
,,32772,[],CHEMBL674643,Inhibitory concentration of EGF dependent autophosphorylation of epidermal growth factor receptor kinase,B,,,BAO_0000190,BAO_0000357,single protein format,O=C(O)/C=C/c1ccc(O)cc1,Outside typical range,"Values for this activity type are unusually large/small, so may not be accurate",CHEMBL1124610,J Med Chem,1989,,,CHEMBL66879,COUMARIC ACID,CHEMBL66879,,0,http://www.openphacts.org/units/Nanomolar,137215,=,1,1,=,,IC50,nM,,3000000.0,CHEMBL203,Homo sapiens,Epidermal growth factor receptor,9606,,,IC50,uM,UO_0000065,,3000.0
,,32780,[],CHEMBL674643,Inhibitory concentration of EGF dependent autophosphorylation of epidermal growth factor receptor kinase,B,,,BAO_0000190,BAO_0000357,single protein format,N#CC(C#N)=Cc1cc(O)ccc1[N+](=O)[O-],,,CHEMBL1124610,J Med Chem,1989,"{'bei': '18.67', 'le': '0.34', 'lle': '2.29', 'sei': '3.62'}",,CHEMBL77085,,CHEMBL77085,4.02,0,http://www.openphacts.org/units/Nanomolar,137197,=,1,1,=,,IC50,nM,,96000.0,CHEMBL203,Homo sapiens,Epidermal growth factor receptor,9606,,,IC50,uM,UO_0000065,,96.0
,,33406,[],CHEMBL674637,Inhibitory activity towards tyrosine phosphorylation for the epidermal growth factor-receptor kinase,B,,,BAO_0000190,BAO_0000357,single protein format,Cc1cc(C(=O)NCCN2CCOCC2)[nH]c1/C=C1\C(=O)N(C)c2ncnc(Nc3ccc(F)c(Cl)c3)c21,,,CHEMBL1134862,Bioorg Med Chem Lett,2002,"{'bei': '9.77', 'le': '0.19', 'lle': '2.04', 'sei': '4.57'}",,CHEMBL443268,,CHEMBL443268,5.28,0,http://www.openphacts.org/units/Nanomolar,119495,=,1,1,=,,IC50,nM,,5310.0,CHEMBL203,Homo sapiens,Epidermal growth factor receptor,9606,,,IC50,uM,UO_0000065,,5.31
,,34039,[],CHEMBL674643,Inhibitory concentration of EGF dependent autophosphorylation of epidermal growth factor receptor kinase,B,,,BAO_0000190,BAO_0000357,single protein format,COc1cc(/C=C(\C#N)C(=O)O)cc(OC)c1O,Outside typical range,"Values for this activity type are unusually large/small, so may not be accurate",CHEMBL1124610,J Med Chem,1989,,,CHEMBL76979,,CHEMBL76979,,0,http://www.openphacts.org/units/Nanomolar,137172,=,1,1,=,,IC50,nM,,264000.0,CHEMBL203,Homo sapiens,Epidermal growth factor receptor,9606,,,IC50,uM,UO_0000065,,264.0
,,34041,[],CHEMBL674643,Inhibitory concentration of EGF dependent autophosphorylation of epidermal growth factor receptor kinase,B,,,BAO_0000190,BAO_0000357,single protein format,N#CC(C#N)=C(N)/C(C#N)=C/c1ccc(O)cc1,,,CHEMBL1124610,J Med Chem,1989,"{'bei': '29.22', 'le': '0.52', 'lle': '5.34', 'sei': '5.87'}",,CHEMBL76589,,CHEMBL76589,6.90,0,http://www.openphacts.org/units/Nanomolar,137232,=,1,1,=,,IC50,nM,,125.0,CHEMBL203,Homo sapiens,Epidermal growth factor receptor,9606,,,IC50,uM,UO_0000065,,0.125
,,34045,[],CHEMBL674643,Inhibitory concentration of EGF dependent autophosphorylation of epidermal growth factor receptor kinase,B,,,BAO_0000190,BAO_0000357,single protein format,COc1cc(C=C(C#N)C#N)cc(OC)c1,Outside typical range,"Values for this activity type are unusually large/small, so may not be accurate",CHEMBL1124610,J Med Chem,1989,,,CHEMBL77724,,CHEMBL77724,,0,http://www.openphacts.org/units/Nanomolar,137189,>,1,1,>,,IC50,nM,,1250000.0,CHEMBL203,Homo sapiens,Epidermal growth factor receptor,9606,,,IC50,uM,UO_0000065,,1250.0
,,34047,[],CHEMBL674643,Inhibitory concentration of EGF dependent autophosphorylation of epidermal growth factor receptor kinase,B,,,BAO_0000190,BAO_0000357,single protein format,N#CC(C#N)=Cc1ccc(N2CCOCC2)cc1,Outside typical range,"Values for this activity type are unusually large/small, so may not be accurate",CHEMBL1124610,J Med Chem,1989,,,CHEMBL420385,,CHEMBL420385,,0,http://www.openphacts.org/units/Nanomolar,137185,>,1,1,>,,IC50,nM,,625000.0,CHEMBL203,Homo sapiens,Epidermal growth factor receptor,9606,,,IC50,uM,UO_0000065,,625.0
,,34049,[],CHEMBL674643,Inhibitory concentration of EGF dependent autophosphorylation of epidermal growth factor receptor kinase,B,,,BAO_0000190,BAO_0000357,single protein format,N#CC(C#N)=Cc1ccc(O)c(O)c1,,,CHEMBL1124610,J Med Chem,1989,"{'bei': '23.93', 'le': '0.43', 'lle': '2.93', 'sei': '5.06'}",,CHEMBL76904,TYRPHOSTIN 23,CHEMBL76904,4.46,0,http://www.openphacts.org/units/Nanomolar,137194,=,1,1,=,,IC50,nM,,35000.0,CHEMBL203,Homo sapiens,Epidermal growth factor receptor,9606,,,IC50,uM,UO_0000065,,35.0
,,34051,[],CHEMBL674643,Inhibitory concentration of EGF dependent autophosphorylation of epidermal growth factor receptor kinase,B,,,BAO_0000190,BAO_0000357,single protein format,N[C@@H](Cc1ccc(O)c(O)c1)C(=O)O,Outside typical range,"Values for this activity type are unusually large/small, so may not be accurate",CHEMBL1124610,J Med Chem,1989,,,CHEMBL1009,LEVODOPA,CHEMBL1009,,0,http://www.openphacts.org/units/Nanomolar,137202,=,1,1,=,,IC50,nM,,900000.0,CHEMBL203,Homo sapiens,Epidermal growth factor receptor,9606,,,IC50,uM,UO_0000065,,900.0
,,34669,[],CHEMBL674637,Inhibitory activity towards tyrosine phosphorylation for the epidermal growth factor-receptor kinase,B,,,BAO_0000190,BAO_0000357,single protein format,CCN(CC)CC(O)CNC(=O)c1cc(C)c(/C=C2\C(=O)Nc3ncnc(Nc4ccc(F)c(Cl)c4)c32)[nH]1,,,CHEMBL1134862,Bioorg Med Chem Lett,2002,"{'bei': '17.24', 'le': '0.34', 'lle': '5.78', 'sei': '6.91'}",,CHEMBL304271,,CHEMBL304271,9.35,0,http://www.openphacts.org/units/Nanomolar,119504,=,1,1,=,,IC50,nM,,0.45,CHEMBL203,Homo sapiens,Epidermal growth factor receptor,9606,,,IC50,uM,UO_0000065,,0.00045
,,35294,[],CHEMBL674643,Inhibitory concentration of EGF dependent autophosphorylation of epidermal growth factor receptor kinase,B,,,BAO_0000190,BAO_0000357,single protein format,N#C/C(=C\c1ccc(O)c(O)c1)C(N)=O,,,CHEMBL1124610,J Med Chem,1989,"{'bei': '24.49', 'le': '0.46', 'lle': '4.51', 'sei': '4.66'}",,CHEMBL296407,,CHEMBL296407,5.00,0,http://www.openphacts.org/units/Nanomolar,137234,=,1,1,=,,IC50,nM,,10000.0,CHEMBL203,Homo sapiens,Epidermal growth factor receptor,9606,,,IC50,uM,UO_0000065,,10.0
,,35296,[],CHEMBL674643,Inhibitory concentration of EGF dependent autophosphorylation of epidermal growth factor receptor kinase,B,,,BAO_0000190,BAO_0000357,single protein format,N#CC(C#N)=C(N)/C(C#N)=C/c1ccc(O)c([N+](=O)[O-])c1,,,CHEMBL1124610,J Med Chem,1989,"{'bei': '15.01', 'le': '0.27', 'lle': '2.75', 'sei': '2.63'}",,CHEMBL309625,,CHEMBL309625,4.22,0,http://www.openphacts.org/units/Nanomolar,137231,=,1,1,=,,IC50,nM,,60000.0,CHEMBL203,Homo sapiens,Epidermal growth factor receptor,9606,,,IC50,uM,UO_0000065,,60.0
,,35297,[],CHEMBL674643,Inhibitory concentration of EGF dependent autophosphorylation of epidermal growth factor receptor kinase,B,,,BAO_0000190,BAO_0000357,single protein format,COc1ccc(NN=C(C#N)C#N)cc1,Outside typical range,"Values for this activity type are unusually large/small, so may not be accurate",CHEMBL1124610,J Med Chem,1989,,,CHEMBL77825,,CHEMBL77825,,0,http://www.openphacts.org/units/Nanomolar,137225,=,1,1,=,,IC50,nM,,600000.0,CHEMBL203,Homo sapiens,Epidermal growth factor receptor,9606,,,IC50,uM,UO_0000065,,600.0
,,35301,[],CHEMBL674643,Inhibitory concentration of EGF dependent autophosphorylation of epidermal growth factor receptor kinase,B,,,BAO_0000190,BAO_0000357,single protein format,COc1cc(C=C(C#N)C#N)cc(OC)c1O,Outside typical range,"Values for this activity type are unusually large/small, so may not be accurate",CHEMBL1124610,J Med Chem,1989,,,CHEMBL421877,,CHEMBL421877,,0,http://www.openphacts.org/units/Nanomolar,137187,=,1,1,=,,IC50,nM,,850000.0,CHEMBL203,Homo sapiens,Epidermal growth factor receptor,9606,,,IC50,uM,UO_0000065,,850.0
,,36518,[],CHEMBL674643,Inhibitory concentration of EGF dependent autophosphorylation of epidermal growth factor receptor kinase,B,,,BAO_0000190,BAO_0000357,single protein format,N#CC(C#N)=Cc1cc(O)c(O)c(O)c1,,,CHEMBL1124610,J Med Chem,1989,"{'bei': '27.32', 'le': '0.50', 'lle': '4.29', 'sei': '5.10'}",,CHEMBL310798,TYRPHOSTIN 25,CHEMBL310798,5.52,0,http://www.openphacts.org/units/Nanomolar,137192,=,1,1,=,,IC50,nM,,3000.0,CHEMBL203,Homo sapiens,Epidermal growth factor receptor,9606,,,IC50,uM,UO_0000065,,3.0
,,37510,[],CHEMBL677833,In vitro inhibition of Epidermal growth factor receptor tyrosine kinase isolated from A431 (human carcinoma).,B,,,BAO_0000190,BAO_0000357,single protein format,C/N=N/Nc1ccc2ncnc(N(C)c3ccccc3)c2c1,,,CHEMBL1145114,J Med Chem,2003,"{'bei': '17.43', 'le': '0.32', 'lle': '1.29', 'sei': '7.75'}",,CHEMBL135592,,CHEMBL135592,5.10,0,http://www.openphacts.org/units/Nanomolar,262235,=,1,1,=,,IC50,nM,,8000.0,CHEMBL203,Homo sapiens,Epidermal growth factor receptor,9606,,,IC50,uM,UO_0000065,,8.0
,,40025,[],CHEMBL674643,Inhibitory concentration of EGF dependent autophosphorylation of epidermal growth factor receptor kinase,B,,,BAO_0000190,BAO_0000357,single protein format,N#C/C(=C\c1ccc([N+](=O)[O-])cc1)C(=O)O,Outside typical range,"Values for this activity type are unusually large/small, so may not be accurate",CHEMBL1124610,J Med Chem,1989,,,CHEMBL309866,,CHEMBL309866,,0,http://www.openphacts.org/units/Nanomolar,137171,=,1,1,=,,IC50,nM,,1300000.0,CHEMBL203,Homo sapiens,Epidermal growth factor receptor,9606,,,IC50,uM,UO_0000065,,1300.0
,,40026,[],CHEMBL674643,Inhibitory concentration of EGF dependent autophosphorylation of epidermal growth factor receptor kinase,B,,,BAO_0000190,BAO_0000357,single protein format,N#C/C(=C/c1ccc[nH]1)C(=O)O,Outside typical range,"Values for this activity type are unusually large/small, so may not be accurate",CHEMBL1124610,J Med Chem,1989,,,CHEMBL77381,,CHEMBL77381,,0,http://www.openphacts.org/units/Nanomolar,137219,=,1,1,=,,IC50,nM,,1360000.0,CHEMBL203,Homo sapiens,Epidermal growth factor receptor,9606,,,IC50,uM,UO_0000065,,1360.0
,,41220,[],CHEMBL674643,Inhibitory concentration of EGF dependent autophosphorylation of epidermal growth factor receptor kinase,B,,,BAO_0000190,BAO_0000357,single protein format,N#C/C(=C\c1ccc(O)cc1)C(=O)O,Outside typical range,"Values for this activity type are unusually large/small, so may not be accurate",CHEMBL1124610,J Med Chem,1989,,,CHEMBL76602,alpha-CYANO-4-HYDROXYCINNAMIC ACID,CHEMBL76602,,0,http://www.openphacts.org/units/Nanomolar,137236,=,1,1,=,,IC50,nM,,165000.0,CHEMBL203,Homo sapiens,Epidermal growth factor receptor,9606,,,IC50,uM,UO_0000065,,165.0
,,41222,[],CHEMBL674643,Inhibitory concentration of EGF dependent autophosphorylation of epidermal growth factor receptor kinase,B,,,BAO_0000190,BAO_0000357,single protein format,N#CC(C#N)=Cc1ccncc1,Outside typical range,"Values for this activity type are unusually large/small, so may not be accurate",CHEMBL1124610,J Med Chem,1989,,,CHEMBL77737,,CHEMBL77737,,0,http://www.openphacts.org/units/Nanomolar,137217,=,1,1,=,,IC50,nM,,250000.0,CHEMBL203,Homo sapiens,Epidermal growth factor receptor,9606,,,IC50,uM,UO_0000065,,250.0
,,41224,[],CHEMBL674643,Inhibitory concentration of EGF dependent autophosphorylation of epidermal growth factor receptor kinase,B,,,BAO_0000190,BAO_0000357,single protein format,N#CC(C#N)=Cc1ccc(F)cc1,Outside typical range,"Values for this activity type are unusually large/small, so may not be accurate",CHEMBL1124610,J Med Chem,1989,,,CHEMBL76983,,CHEMBL76983,,0,http://www.openphacts.org/units/Nanomolar,137188,>,1,1,>,,IC50,nM,,1250000.0,CHEMBL203,Homo sapiens,Epidermal growth factor receptor,9606,,,IC50,uM,UO_0000065,,1250.0
,,41226,[],CHEMBL674643,Inhibitory concentration of EGF dependent autophosphorylation of epidermal growth factor receptor kinase,B,,,BAO_0000190,BAO_0000357,single protein format,N#CC(C#N)=Cc1ccc(O)c([N+](=O)[O-])c1,Outside typical range,"Values for this activity type are unusually large/small, so may not be accurate",CHEMBL1124610,J Med Chem,1989,,,CHEMBL308134,,CHEMBL308134,,0,http://www.openphacts.org/units/Nanomolar,137198,=,1,1,=,,IC50,nM,,125000.0,CHEMBL203,Homo sapiens,Epidermal growth factor receptor,9606,,,IC50,uM,UO_0000065,,125.0
,,42300,[],CHEMBL677833,In vitro inhibition of Epidermal growth factor receptor tyrosine kinase isolated from A431 (human carcinoma).,B,,,BAO_0000190,BAO_0000357,single protein format,CN(C)/N=N/c1ccc2ncnc(Nc3cccc(Cl)c3)c2c1,,,CHEMBL1145114,J Med Chem,2003,"{'bei': '24.03', 'le': '0.47', 'lle': '3.26', 'sei': '11.94'}",,CHEMBL136491,,CHEMBL136491,7.85,0,http://www.openphacts.org/units/Nanomolar,262243,=,1,1,=,,IC50,nM,,14.0,CHEMBL203,Homo sapiens,Epidermal growth factor receptor,9606,,,IC50,uM,UO_0000065,,0.014
,,42432,[],CHEMBL674643,Inhibitory concentration of EGF dependent autophosphorylation of epidermal growth factor receptor kinase,B,,,BAO_0000190,BAO_0000357,single protein format,CC(=C(C#N)C#N)c1ccc(N)cc1,Outside typical range,"Values for this activity type are unusually large/small, so may not be accurate",CHEMBL1124610,J Med Chem,1989,,,CHEMBL77280,,CHEMBL77280,,0,http://www.openphacts.org/units/Nanomolar,137181,>,1,1,>,,IC50,nM,,1250000.0,CHEMBL203,Homo sapiens,Epidermal growth factor receptor,9606,,,IC50,uM,UO_0000065,,1250.0
,,42433,[],CHEMBL674645,Inhibition of EGF-dependent epidermal growth factor receptor autophosphorylation (inactive),B,,,BAO_0000190,BAO_0000357,single protein format,O=[N+]([O-])c1ccc(O)c(O)c1,,,CHEMBL1124610,J Med Chem,1989,,,CHEMBL42423,4-Nitrocatechol,CHEMBL42423,,0,http://www.openphacts.org/units/Nanomolar,137226,,1,0,,Not active,IC50,nM,,,CHEMBL203,Homo sapiens,Epidermal growth factor receptor,9606,Not Active,,IC50,uM,UO_0000065,,
,,43662,[],CHEMBL674643,Inhibitory concentration of EGF dependent autophosphorylation of epidermal growth factor receptor kinase,B,,,BAO_0000190,BAO_0000357,single protein format,N#CCNC(=O)/C(C#N)=C/c1ccc(O)cc1,Outside typical range,"Values for this activity type are unusually large/small, so may not be accurate",CHEMBL1124610,J Med Chem,1989,,,CHEMBL76557,,CHEMBL76557,,0,http://www.openphacts.org/units/Nanomolar,137178,=,1,1,=,,IC50,nM,,625000.0,CHEMBL203,Homo sapiens,Epidermal growth factor receptor,9606,,,IC50,uM,UO_0000065,,625.0
,,44685,[],CHEMBL677833,In vitro inhibition of Epidermal growth factor receptor tyrosine kinase isolated from A431 (human carcinoma).,B,,,BAO_0000190,BAO_0000357,single protein format,Cc1cccc(Nc2ncnc3ccc(N)cc23)c1,,,CHEMBL1145114,J Med Chem,2003,"{'bei': '23.97', 'le': '0.43', 'lle': '2.74', 'sei': '9.40'}",,CHEMBL336113,,CHEMBL336113,6.00,0,http://www.openphacts.org/units/Nanomolar,262227,=,1,1,=,,IC50,nM,,1000.0,CHEMBL203,Homo sapiens,Epidermal growth factor receptor,9606,,,IC50,uM,UO_0000065,,1.0
,,44690,[],CHEMBL677833,In vitro inhibition of Epidermal growth factor receptor tyrosine kinase isolated from A431 (human carcinoma).,B,,,BAO_0000190,BAO_0000357,single protein format,C/N=N/Nc1ccc2ncnc(Nc3cccc(Cl)c3)c2c1,,,CHEMBL1145114,J Med Chem,2003,"{'bei': '22.38', 'le': '0.43', 'lle': '2.56', 'sei': '9.39'}",,CHEMBL133024,,CHEMBL133024,7.00,0,http://www.openphacts.org/units/Nanomolar,262245,=,1,1,=,,IC50,nM,,100.0,CHEMBL203,Homo sapiens,Epidermal growth factor receptor,9606,,,IC50,uM,UO_0000065,,0.1
,,44695,[],CHEMBL677833,In vitro inhibition of Epidermal growth factor receptor tyrosine kinase isolated from A431 (human carcinoma).,B,,,BAO_0000190,BAO_0000357,single protein format,CN(C)/N=N/c1ccc2ncnc(N(C)c3ccccc3)c2c1,,,CHEMBL1145114,J Med Chem,2003,"{'bei': '15.91', 'le': '0.29', 'lle': '0.91', 'sei': '8.55'}",,CHEMBL344652,,CHEMBL344652,4.88,0,http://www.openphacts.org/units/Nanomolar,262234,=,1,1,=,,IC50,nM,,13350.0,CHEMBL203,Homo sapiens,Epidermal growth factor receptor,9606,,,IC50,uM,UO_0000065,,13.35
,,44885,[],CHEMBL674643,Inhibitory concentration of EGF dependent autophosphorylation of epidermal growth factor receptor kinase,B,,,BAO_0000190,BAO_0000357,single protein format,N#CC(C#N)=CNc1ccc(O)cc1,Outside typical range,"Values for this activity type are unusually large/small, so may not be accurate",CHEMBL1124610,J Med Chem,1989,,,CHEMBL77814,,CHEMBL77814,,0,http://www.openphacts.org/units/Nanomolar,137223,=,1,1,=,,IC50,nM,,350000.0,CHEMBL203,Homo sapiens,Epidermal growth factor receptor,9606,,,IC50,uM,UO_0000065,,350.0
,,44886,[],CHEMBL674643,Inhibitory concentration of EGF dependent autophosphorylation of epidermal growth factor receptor kinase,B,,,BAO_0000190,BAO_0000357,single protein format,O=CN/C=C/c1cc(O)ccc1O,,,CHEMBL1124610,J Med Chem,1989,"{'bei': '27.09', 'le': '0.51', 'lle': '4.04', 'sei': '6.98'}",,CHEMBL47986,ERBSTATIN,CHEMBL47986,4.85,0,http://www.openphacts.org/units/Nanomolar,137221,=,1,1,=,,IC50,nM,,14000.0,CHEMBL203,Homo sapiens,Epidermal growth factor receptor,9606,,,IC50,uM,UO_0000065,,14.0
,,44964,[],CHEMBL674646,Inhibition of EGF-dependent epidermal growth factor receptor autophosphorylation (inactive),B,,,BAO_0000190,BAO_0000357,single protein format,O=C(O)c1ccc(O)cc1,,,CHEMBL1124610,J Med Chem,1989,,,CHEMBL441343,PARABEN,CHEMBL441343,,0,http://www.openphacts.org/units/Nanomolar,137240,,1,0,,Not active,IC50,nM,,,CHEMBL203,Homo sapiens,Epidermal growth factor receptor,9606,Not Active,,IC50,uM,UO_0000065,,
,,45867,[],CHEMBL677833,In vitro inhibition of Epidermal growth factor receptor tyrosine kinase isolated from A431 (human carcinoma).,B,,,BAO_0000190,BAO_0000357,single protein format,Brc1cccc(Nc2ncnc3ccc(N/N=N/Cc4ccccn4)cc23)c1,,,CHEMBL1145114,J Med Chem,2003,"{'bei': '15.25', 'le': '0.32', 'lle': '1.11', 'sei': '7.57'}",,CHEMBL138125,,CHEMBL138125,6.62,0,http://www.openphacts.org/units/Nanomolar,262239,=,1,1,=,,IC50,nM,,238.0,CHEMBL203,Homo sapiens,Epidermal growth factor receptor,9606,,,IC50,uM,UO_0000065,,0.238
,,45872,[],CHEMBL677833,In vitro inhibition of Epidermal growth factor receptor tyrosine kinase isolated from A431 (human carcinoma).,B,,,BAO_0000190,BAO_0000357,single protein format,Brc1cccc(Nc2ncnc3ccc(N/N=N/CCN4CCOCC4)cc23)c1,,,CHEMBL1145114,J Med Chem,2003,"{'bei': '15.76', 'le': '0.34', 'lle': '2.94', 'sei': '8.27'}",,CHEMBL137364,,CHEMBL137364,7.19,0,http://www.openphacts.org/units/Nanomolar,262236,=,1,1,=,,IC50,nM,,64.0,CHEMBL203,Homo sapiens,Epidermal growth factor receptor,9606,,,IC50,uM,UO_0000065,,0.064
,,45958,[],CHEMBL674643,Inhibitory concentration of EGF dependent autophosphorylation of epidermal growth factor receptor kinase,B,,,BAO_0000190,BAO_0000357,single protein format,N#CC(C#N)=C1C(=O)NC(=O)NC1=O,Outside typical range,"Values for this activity type are unusually large/small, so may not be accurate",CHEMBL1124610,J Med Chem,1989,,,CHEMBL308339,,CHEMBL308339,,0,http://www.openphacts.org/units/Nanomolar,137222,=,1,1,=,,IC50,nM,,1400000.0,CHEMBL203,Homo sapiens,Epidermal growth factor receptor,9606,,,IC50,uM,UO_0000065,,1400.0
,,45961,[],CHEMBL674643,Inhibitory concentration of EGF dependent autophosphorylation of epidermal growth factor receptor kinase,B,,,BAO_0000190,BAO_0000357,single protein format,N#CC(C#N)=Cc1ccc(C(=O)O)cc1,Outside typical range,"Values for this activity type are unusually large/small, so may not be accurate",CHEMBL1124610,J Med Chem,1989,,,CHEMBL78174,,CHEMBL78174,,0,http://www.openphacts.org/units/Nanomolar,137209,=,1,1,=,,IC50,nM,,430000.0,CHEMBL203,Homo sapiens,Epidermal growth factor receptor,9606,,,IC50,uM,UO_0000065,,430.0
,,46694,[],CHEMBL674637,Inhibitory activity towards tyrosine phosphorylation for the epidermal growth factor-receptor kinase,B,,,BAO_0000190,BAO_0000357,single protein format,O=C1Nc2ncnc(Nc3ccc(F)c(Cl)c3)c2/C1=C/c1ccc(C(=O)NCCN2CCOCC2)[nH]1,,,CHEMBL1134862,Bioorg Med Chem Lett,2002,"{'bei': '14.96', 'le': '0.29', 'lle': '4.76', 'sei': '6.16'}",,CHEMBL302552,,CHEMBL302552,7.66,0,http://www.openphacts.org/units/Nanomolar,119505,=,1,1,=,,IC50,nM,,22.0,CHEMBL203,Homo sapiens,Epidermal growth factor receptor,9606,,,IC50,uM,UO_0000065,,0.022
,,47278,[],CHEMBL674643,Inhibitory concentration of EGF dependent autophosphorylation of epidermal growth factor receptor kinase,B,,,BAO_0000190,BAO_0000357,single protein format,N#CC(C#N)=C(O)c1cc(O)c(O)c(O)c1,,,CHEMBL1124610,J Med Chem,1989,"{'bei': '22.32', 'le': '0.42', 'lle': '3.75', 'sei': '3.79'}",,CHEMBL309598,,CHEMBL309598,4.87,0,http://www.openphacts.org/units/Nanomolar,137174,=,1,1,=,,IC50,nM,,13500.0,CHEMBL203,Homo sapiens,Epidermal growth factor receptor,9606,,,IC50,uM,UO_0000065,,13.5
,,47286,[],CHEMBL674643,Inhibitory concentration of EGF dependent autophosphorylation of epidermal growth factor receptor kinase,B,,,BAO_0000190,BAO_0000357,single protein format,COc1ccc(C=C(C#N)C#N)cc1O,Outside typical range,"Values for this activity type are unusually large/small, so may not be accurate",CHEMBL1124610,J Med Chem,1989,,,CHEMBL78302,,CHEMBL78302,,0,http://www.openphacts.org/units/Nanomolar,137206,>,1,1,>,,IC50,nM,,250000.0,CHEMBL203,Homo sapiens,Epidermal growth factor receptor,9606,,,IC50,uM,UO_0000065,,250.0
,,47933,[],CHEMBL674637,Inhibitory activity towards tyrosine phosphorylation for the epidermal growth factor-receptor kinase,B,,,BAO_0000190,BAO_0000357,single protein format,Cc1cc(C(=O)N2CCOCC2)[nH]c1/C=C1\C(=O)Nc2ncnc(Nc3ccc4c(ccn4Cc4ccccc4)c3)c21,,,CHEMBL1134862,Bioorg Med Chem Lett,2002,"{'bei': '14.91', 'le': '0.27', 'lle': '3.53', 'sei': '7.12'}",,CHEMBL67057,,CHEMBL67057,8.35,0,http://www.openphacts.org/units/Nanomolar,119500,=,1,1,=,,IC50,nM,,4.5,CHEMBL203,Homo sapiens,Epidermal growth factor receptor,9606,,,IC50,uM,UO_0000065,,0.0045
,,47936,[],CHEMBL621151,Inhibition of autophosphorylation of human epidermal growth factor-receptor (EGF-R) expressed in A431 cells,F,,,BAO_0000190,BAO_0000219,cell-based format,Cc1cc(C(=O)N2CCOCC2)[nH]c1/C=C1\C(=O)Nc2ncnc(Nc3ccc4c(ccn4Cc4ccccc4)c3)c21,,,CHEMBL1134862,Bioorg Med Chem Lett,2002,,,CHEMBL67057,,CHEMBL67057,7.00,0,http://www.openphacts.org/units/Nanomolar,119500,=,1,1,=,,IC50,nM,,100.0,CHEMBL203,Homo sapiens,Epidermal growth factor receptor,9606,,,IC50,uM,UO_0000065,,0.1
,Not Determined,47938,[],CHEMBL615490,Inhibition of ligand-induced proliferation in human EGF-R Kinase expressing 3T3 cells (Not tested),F,,,BAO_0000190,BAO_0000219,cell-based format,Cc1cc(C(=O)N2CCOCC2)[nH]c1/C=C1\C(=O)Nc2ncnc(Nc3ccc4c(ccn4Cc4ccccc4)c3)c21,,,CHEMBL1134862,Bioorg Med Chem Lett,2002,,,CHEMBL67057,,CHEMBL67057,,0,http://www.openphacts.org/units/Nanomolar,119500,,1,0,,,IC50,nM,,,CHEMBL203,Homo sapiens,Epidermal growth factor receptor,9606,,,IC50,uM,UO_0000065,,
,,48459,[],CHEMBL677833,In vitro inhibition of Epidermal growth factor receptor tyrosine kinase isolated from A431 (human carcinoma).,B,,,BAO_0000190,BAO_0000357,single protein format,Nc1ccc2ncnc(NCc3ccccc3)c2c1,,,CHEMBL1145114,J Med Chem,2003,"{'bei': '25.15', 'le': '0.45', 'lle': '3.47', 'sei': '9.86'}",,CHEMBL332096,,CHEMBL332096,6.29,0,http://www.openphacts.org/units/Nanomolar,262229,=,1,1,=,,IC50,nM,,508.0,CHEMBL203,Homo sapiens,Epidermal growth factor receptor,9606,,,IC50,uM,UO_0000065,,0.508
,,48552,[],CHEMBL674643,Inhibitory concentration of EGF dependent autophosphorylation of epidermal growth factor receptor kinase,B,,,BAO_0000190,BAO_0000357,single protein format,N#CC(C#N)=Cc1ccc([N+](=O)[O-])c(O)c1,Outside typical range,"Values for this activity type are unusually large/small, so may not be accurate",CHEMBL1124610,J Med Chem,1989,,,CHEMBL77387,,CHEMBL77387,,0,http://www.openphacts.org/units/Nanomolar,137211,=,1,1,=,,IC50,nM,,450000.0,CHEMBL203,Homo sapiens,Epidermal growth factor receptor,9606,,,IC50,uM,UO_0000065,,450.0
,,49320,[],CHEMBL674637,Inhibitory activity towards tyrosine phosphorylation for the epidermal growth factor-receptor kinase,B,,,BAO_0000190,BAO_0000357,single protein format,CCN(CC)CCNC(=O)c1c(C)[nH]c(/C=C2\C(=O)Nc3ncnc(Nc4ccc(F)c(Cl)c4)c32)c1C,,,CHEMBL1134862,Bioorg Med Chem Lett,2002,"{'bei': '12.74', 'le': '0.25', 'lle': '2.18', 'sei': '5.82'}",,CHEMBL432903,,CHEMBL432903,6.70,0,http://www.openphacts.org/units/Nanomolar,119484,=,1,1,=,,IC50,nM,,200.0,CHEMBL203,Homo sapiens,Epidermal growth factor receptor,9606,,,IC50,uM,UO_0000065,,0.2
,,49323,[],CHEMBL674637,Inhibitory activity towards tyrosine phosphorylation for the epidermal growth factor-receptor kinase,B,,,BAO_0000190,BAO_0000357,single protein format,Cc1cc(/C=C2\C(=O)Nc3ncnc(Nc4ccc(F)c(Cl)c4)c32)[nH]c1C(=O)N1CCN(C)CC1,,,CHEMBL1134862,Bioorg Med Chem Lett,2002,"{'bei': '13.46', 'le': '0.26', 'lle': '3.15', 'sei': '6.28'}",,CHEMBL69964,,CHEMBL69964,6.68,0,http://www.openphacts.org/units/Nanomolar,119492,=,1,1,=,,IC50,nM,,210.0,CHEMBL203,Homo sapiens,Epidermal growth factor receptor,9606,,,IC50,uM,UO_0000065,,0.21
,,49326,[],CHEMBL674637,Inhibitory activity towards tyrosine phosphorylation for the epidermal growth factor-receptor kinase,B,,,BAO_0000190,BAO_0000357,single protein format,Cc1cc(C(=O)N2CCOCC2)[nH]c1/C=C1\C(=O)Nc2ncnc(Nc3ccc4c(c3)CCC4)c21,,,CHEMBL1134862,Bioorg Med Chem Lett,2002,"{'bei': '12.43', 'le': '0.23', 'lle': '2.54', 'sei': '5.21'}",,CHEMBL65848,,CHEMBL65848,5.85,0,http://www.openphacts.org/units/Nanomolar,119501,=,1,1,=,,IC50,nM,,1410.0,CHEMBL203,Homo sapiens,Epidermal growth factor receptor,9606,,,IC50,uM,UO_0000065,,1.41
,,49329,[],CHEMBL621151,Inhibition of autophosphorylation of human epidermal growth factor-receptor (EGF-R) expressed in A431 cells,F,,,BAO_0000190,BAO_0000219,cell-based format,Cc1cc(C(=O)N2CCOCC2)[nH]c1/C=C1\C(=O)Nc2ncnc(Nc3ccc4c(c3)CCC4)c21,,,CHEMBL1134862,Bioorg Med Chem Lett,2002,,,CHEMBL65848,,CHEMBL65848,5.30,0,http://www.openphacts.org/units/Nanomolar,119501,=,1,1,=,,IC50,nM,,5000.0,CHEMBL203,Homo sapiens,Epidermal growth factor receptor,9606,,,IC50,uM,UO_0000065,,5.0
,,49331,[],CHEMBL615325,Inhibition of ligand-induced proliferation in human EGF-R Kinase expressing 3T3 cells,F,,,BAO_0000190,BAO_0000219,cell-based format,Cc1cc(C(=O)N2CCOCC2)[nH]c1/C=C1\C(=O)Nc2ncnc(Nc3ccc4c(c3)CCC4)c21,,,CHEMBL1134862,Bioorg Med Chem Lett,2002,,,CHEMBL65848,,CHEMBL65848,5.37,0,http://www.openphacts.org/units/Nanomolar,119501,=,1,1,=,,IC50,nM,,4320.0,CHEMBL203,Homo sapiens,Epidermal growth factor receptor,9606,,,IC50,uM,UO_0000065,,4.32
,Not Determined,49415,[],CHEMBL679675,Inhibition of Epidermal growth factor receptor (not tested),B,,,BAO_0000190,BAO_0000357,single protein format,Nc1ncnc2c1c(-c1ccc(Oc3ccccc3)cc1)cn2C1CCC(O)C1,,,CHEMBL1132739,Bioorg Med Chem Lett,2000,,,CHEMBL69129,,CHEMBL69129,,0,http://www.openphacts.org/units/Nanomolar,120765,,1,0,,,IC50,nM,,,CHEMBL203,Homo sapiens,Epidermal growth factor receptor,9606,,,IC50,uM,UO_0000065,,
,,49986,[],CHEMBL674643,Inhibitory concentration of EGF dependent autophosphorylation of epidermal growth factor receptor kinase,B,,,BAO_0000190,BAO_0000357,single protein format,N#C/C(=C\c1ccc(F)cc1)C(=O)O,Outside typical range,"Values for this activity type are unusually large/small, so may not be accurate",CHEMBL1124610,J Med Chem,1989,,,CHEMBL78184,,CHEMBL78184,,0,http://www.openphacts.org/units/Nanomolar,137170,=,1,1,=,,IC50,nM,,833000.0,CHEMBL203,Homo sapiens,Epidermal growth factor receptor,9606,,,IC50,uM,UO_0000065,,833.0
,,49988,[],CHEMBL674643,Inhibitory concentration of EGF dependent autophosphorylation of epidermal growth factor receptor kinase,B,,,BAO_0000190,BAO_0000357,single protein format,N#C/C(=C\c1ccc(C=O)cc1)C(=O)O,,,CHEMBL1124610,J Med Chem,1989,"{'bei': '21.51', 'le': '0.39', 'lle': '2.84', 'sei': '5.54'}",,CHEMBL76985,,CHEMBL76985,4.33,0,http://www.openphacts.org/units/Nanomolar,137173,=,1,1,=,,IC50,nM,,47000.0,CHEMBL203,Homo sapiens,Epidermal growth factor receptor,9606,,,IC50,uM,UO_0000065,,47.0
,,49992,[],CHEMBL674643,Inhibitory concentration of EGF dependent autophosphorylation of epidermal growth factor receptor kinase,B,,,BAO_0000190,BAO_0000357,single protein format,O=C(O)/C=C/c1ccc(O)c(O)c1,Outside typical range,"Values for this activity type are unusually large/small, so may not be accurate",CHEMBL1124610,J Med Chem,1989,,,CHEMBL145,CAFFEIC ACID,CHEMBL145,,0,http://www.openphacts.org/units/Nanomolar,137201,=,1,1,=,,IC50,nM,,1200000.0,CHEMBL203,Homo sapiens,Epidermal growth factor receptor,9606,,,IC50,uM,UO_0000065,,1200.0
,,50668,[],CHEMBL674637,Inhibitory activity towards tyrosine phosphorylation for the epidermal growth factor-receptor kinase,B,,,BAO_0000190,BAO_0000357,single protein format,Cc1cc(C(=O)NCCN2CCOCC2)[nH]c1/C=C1\C(=O)Nc2ncnc(Nc3ccc(F)c(Cl)c3)c21,,,CHEMBL1134862,Bioorg Med Chem Lett,2002,"{'bei': '15.57', 'le': '0.30', 'lle': '4.99', 'sei': '6.59'}",,CHEMBL69629,,CHEMBL69629,8.19,0,http://www.openphacts.org/units/Nanomolar,119487,=,1,1,=,,IC50,nM,,6.5,CHEMBL203,Homo sapiens,Epidermal growth factor receptor,9606,,,IC50,uM,UO_0000065,,0.0065
,,50671,[],CHEMBL621151,Inhibition of autophosphorylation of human epidermal growth factor-receptor (EGF-R) expressed in A431 cells,F,,,BAO_0000190,BAO_0000219,cell-based format,Cc1cc(C(=O)NCCN2CCOCC2)[nH]c1/C=C1\C(=O)Nc2ncnc(Nc3ccc(F)c(Cl)c3)c21,,,CHEMBL1134862,Bioorg Med Chem Lett,2002,,,CHEMBL69629,,CHEMBL69629,7.40,0,http://www.openphacts.org/units/Nanomolar,119487,=,1,1,=,,IC50,nM,,40.0,CHEMBL203,Homo sapiens,Epidermal growth factor receptor,9606,,,IC50,uM,UO_0000065,,0.04
,,50673,[],CHEMBL615325,Inhibition of ligand-induced proliferation in human EGF-R Kinase expressing 3T3 cells,F,,,BAO_0000190,BAO_0000219,cell-based format,Cc1cc(C(=O)NCCN2CCOCC2)[nH]c1/C=C1\C(=O)Nc2ncnc(Nc3ccc(F)c(Cl)c3)c21,,,CHEMBL1134862,Bioorg Med Chem Lett,2002,,,CHEMBL69629,,CHEMBL69629,5.69,0,http://www.openphacts.org/units/Nanomolar,119487,=,1,1,=,,IC50,nM,,2050.0,CHEMBL203,Homo sapiens,Epidermal growth factor receptor,9606,,,IC50,uM,UO_0000065,,2.05
,,51141,[],CHEMBL677833,In vitro inhibition of Epidermal growth factor receptor tyrosine kinase isolated from A431 (human carcinoma).,B,,,BAO_0000190,BAO_0000357,single protein format,CN(c1ccccc1)c1ncnc2ccc(N)cc12,,,CHEMBL1145114,J Med Chem,2003,"{'bei': '20.28', 'le': '0.36', 'lle': '2.10', 'sei': '9.22'}",,CHEMBL136492,,CHEMBL136492,5.08,0,http://www.openphacts.org/units/Nanomolar,262246,=,1,1,=,,IC50,nM,,8400.0,CHEMBL203,Homo sapiens,Epidermal growth factor receptor,9606,,,IC50,uM,UO_0000065,,8.4
,,51244,[],CHEMBL674643,Inhibitory concentration of EGF dependent autophosphorylation of epidermal growth factor receptor kinase,B,,,BAO_0000190,BAO_0000357,single protein format,COc1cc(/C(C)=C(\C#N)C(=O)O)ccc1O,Outside typical range,"Values for this activity type are unusually large/small, so may not be accurate",CHEMBL1124610,J Med Chem,1989,,,CHEMBL77197,,CHEMBL77197,,0,http://www.openphacts.org/units/Nanomolar,137180,=,1,1,=,,IC50,nM,,1100000.0,CHEMBL203,Homo sapiens,Epidermal growth factor receptor,9606,,,IC50,uM,UO_0000065,,1100.0
,,51249,[],CHEMBL674643,Inhibitory concentration of EGF dependent autophosphorylation of epidermal growth factor receptor kinase,B,,,BAO_0000190,BAO_0000357,single protein format,N#CC(C#N)=Cc1ccc(O)cc1,Outside typical range,"Values for this activity type are unusually large/small, so may not be accurate",CHEMBL1124610,J Med Chem,1989,,,CHEMBL305695,,CHEMBL305695,,0,http://www.openphacts.org/units/Nanomolar,137183,=,1,1,=,,IC50,nM,,560000.0,CHEMBL203,Homo sapiens,Epidermal growth factor receptor,9606,,,IC50,uM,UO_0000065,,560.0
,,51818,[],CHEMBL674637,Inhibitory activity towards tyrosine phosphorylation for the epidermal growth factor-receptor kinase,B,,,BAO_0000190,BAO_0000357,single protein format,Cc1cc(C(=O)N2CCOCC2)[nH]c1/C=C1\C(=O)Nc2ncnc(N3CCCCC3)c21,,,CHEMBL1134862,Bioorg Med Chem Lett,2002,,,CHEMBL68258,,CHEMBL68258,,0,http://www.openphacts.org/units/Nanomolar,119497,>,1,1,>,,IC50,nM,,20000.0,CHEMBL203,Homo sapiens,Epidermal growth factor receptor,9606,,,IC50,uM,UO_0000065,,20.0
,,52474,[],CHEMBL674643,Inhibitory concentration of EGF dependent autophosphorylation of epidermal growth factor receptor kinase,B,,,BAO_0000190,BAO_0000357,single protein format,N#CC(C#N)Cc1ccc(O)cc1,Outside typical range,"Values for this activity type are unusually large/small, so may not be accurate",CHEMBL1124610,J Med Chem,1989,,,CHEMBL76587,,CHEMBL76587,,0,http://www.openphacts.org/units/Nanomolar,137213,=,1,1,=,,IC50,nM,,6500000.0,CHEMBL203,Homo sapiens,Epidermal growth factor receptor,9606,,,IC50,uM,UO_0000065,,6500.0
,,52480,[],CHEMBL674643,Inhibitory concentration of EGF dependent autophosphorylation of epidermal growth factor receptor kinase,B,,,BAO_0000190,BAO_0000357,single protein format,COc1ccc(C=C(C#N)C#N)cc1,Outside typical range,"Values for this activity type are unusually large/small, so may not be accurate",CHEMBL1124610,J Med Chem,1989,,,CHEMBL77456,TYRPHOSTIN 1,CHEMBL77456,,0,http://www.openphacts.org/units/Nanomolar,137190,>,1,1,>,,IC50,nM,,1250000.0,CHEMBL203,Homo sapiens,Epidermal growth factor receptor,9606,,,IC50,uM,UO_0000065,,1250.0
,,53212,[],CHEMBL674637,Inhibitory activity towards tyrosine phosphorylation for the epidermal growth factor-receptor kinase,B,,,BAO_0000190,BAO_0000357,single protein format,CCN1CCN(C(=O)c2cc(C)c(/C=C3\C(=O)Nc4ncnc(Nc5ccc(F)c(Cl)c5)c43)[nH]2)CC1,,,CHEMBL1134862,Bioorg Med Chem Lett,2002,"{'bei': '15.46', 'le': '0.30', 'lle': '3.97', 'sei': '7.42'}",,CHEMBL66570,,CHEMBL66570,7.89,0,http://www.openphacts.org/units/Nanomolar,119490,=,1,1,=,,IC50,nM,,13.0,CHEMBL203,Homo sapiens,Epidermal growth factor receptor,9606,,,IC50,uM,UO_0000065,,0.013
,,53215,[],CHEMBL621151,Inhibition of autophosphorylation of human epidermal growth factor-receptor (EGF-R) expressed in A431 cells,F,,,BAO_0000190,BAO_0000219,cell-based format,CCN1CCN(C(=O)c2cc(C)c(/C=C3\C(=O)Nc4ncnc(Nc5ccc(F)c(Cl)c5)c43)[nH]2)CC1,,,CHEMBL1134862,Bioorg Med Chem Lett,2002,,,CHEMBL66570,,CHEMBL66570,6.70,0,http://www.openphacts.org/units/Nanomolar,119490,=,1,1,=,,IC50,nM,,200.0,CHEMBL203,Homo sapiens,Epidermal growth factor receptor,9606,,,IC50,uM,UO_0000065,,0.2
,,53217,[],CHEMBL615325,Inhibition of ligand-induced proliferation in human EGF-R Kinase expressing 3T3 cells,F,,,BAO_0000190,BAO_0000219,cell-based format,CCN1CCN(C(=O)c2cc(C)c(/C=C3\C(=O)Nc4ncnc(Nc5ccc(F)c(Cl)c5)c43)[nH]2)CC1,,,CHEMBL1134862,Bioorg Med Chem Lett,2002,,,CHEMBL66570,,CHEMBL66570,5.12,0,http://www.openphacts.org/units/Nanomolar,119490,=,1,1,=,,IC50,nM,,7500.0,CHEMBL203,Homo sapiens,Epidermal growth factor receptor,9606,,,IC50,uM,UO_0000065,,7.5
,,53758,[],CHEMBL674643,Inhibitory concentration of EGF dependent autophosphorylation of epidermal growth factor receptor kinase,B,,,BAO_0000190,BAO_0000357,single protein format,N#C/C(=C\c1ccc(O)cc1)C(N)=O,Outside typical range,"Values for this activity type are unusually large/small, so may not be accurate",CHEMBL1124610,J Med Chem,1989,,,CHEMBL308048,,CHEMBL308048,,0,http://www.openphacts.org/units/Nanomolar,137179,=,1,1,=,,IC50,nM,,800000.0,CHEMBL203,Homo sapiens,Epidermal growth factor receptor,9606,,,IC50,uM,UO_0000065,,800.0
,,53761,[],CHEMBL674643,Inhibitory concentration of EGF dependent autophosphorylation of epidermal growth factor receptor kinase,B,,,BAO_0000190,BAO_0000357,single protein format,N#CC(C#N)=Cc1ccc(C=O)cc1,,,CHEMBL1124610,J Med Chem,1989,"{'bei': '23.17', 'le': '0.41', 'lle': '2.29', 'sei': '6.53'}",,CHEMBL311119,,CHEMBL311119,4.22,0,http://www.openphacts.org/units/Nanomolar,137196,=,1,1,=,,IC50,nM,,60000.0,CHEMBL203,Homo sapiens,Epidermal growth factor receptor,9606,,,IC50,uM,UO_0000065,,60.0
,,53763,[],CHEMBL674643,Inhibitory concentration of EGF dependent autophosphorylation of epidermal growth factor receptor kinase,B,,,BAO_0000190,BAO_0000357,single protein format,N#CC(C#N)=Cc1cc(O)cc(O)c1,,,CHEMBL1124610,J Med Chem,1989,"{'bei': '23.81', 'le': '0.43', 'lle': '2.90', 'sei': '5.03'}",,CHEMBL76905,,CHEMBL76905,4.43,0,http://www.openphacts.org/units/Nanomolar,137195,=,1,1,=,,IC50,nM,,37000.0,CHEMBL203,Homo sapiens,Epidermal growth factor receptor,9606,,,IC50,uM,UO_0000065,,37.0
,,53765,[],CHEMBL674643,Inhibitory concentration of EGF dependent autophosphorylation of epidermal growth factor receptor kinase,B,,,BAO_0000190,BAO_0000357,single protein format,COc1ccc(/C=C(\C#N)C(=O)O)cc1,Outside typical range,"Values for this activity type are unusually large/small, so may not be accurate",CHEMBL1124610,J Med Chem,1989,,,CHEMBL77524,,CHEMBL77524,,0,http://www.openphacts.org/units/Nanomolar,137203,=,1,1,=,,IC50,nM,,833000.0,CHEMBL203,Homo sapiens,Epidermal growth factor receptor,9606,,,IC50,uM,UO_0000065,,833.0
,,54402,[],CHEMBL674637,Inhibitory activity towards tyrosine phosphorylation for the epidermal growth factor-receptor kinase,B,,,BAO_0000190,BAO_0000357,single protein format,Cc1cc(C(=O)O)[nH]c1/C=C1\C(=O)Nc2ncnc(Nc3ccc(F)c(Cl)c3)c21,,,CHEMBL1134862,Bioorg Med Chem Lett,2002,"{'bei': '18.22', 'le': '0.35', 'lle': '3.70', 'sei': '6.28'}",,CHEMBL305194,,CHEMBL305194,7.54,0,http://www.openphacts.org/units/Nanomolar,119486,=,1,1,=,,IC50,nM,,29.0,CHEMBL203,Homo sapiens,Epidermal growth factor receptor,9606,,,IC50,uM,UO_0000065,,0.029
,,54405,[],CHEMBL621151,Inhibition of autophosphorylation of human epidermal growth factor-receptor (EGF-R) expressed in A431 cells,F,,,BAO_0000190,BAO_0000219,cell-based format,Cc1cc(C(=O)O)[nH]c1/C=C1\C(=O)Nc2ncnc(Nc3ccc(F)c(Cl)c3)c21,,,CHEMBL1134862,Bioorg Med Chem Lett,2002,,,CHEMBL305194,,CHEMBL305194,,0,http://www.openphacts.org/units/Nanomolar,119486,>,1,1,>,,IC50,nM,,5000.0,CHEMBL203,Homo sapiens,Epidermal growth factor receptor,9606,,,IC50,uM,UO_0000065,,5.0
,,54407,[],CHEMBL615325,Inhibition of ligand-induced proliferation in human EGF-R Kinase expressing 3T3 cells,F,,,BAO_0000190,BAO_0000219,cell-based format,Cc1cc(C(=O)O)[nH]c1/C=C1\C(=O)Nc2ncnc(Nc3ccc(F)c(Cl)c3)c21,,,CHEMBL1134862,Bioorg Med Chem Lett,2002,,,CHEMBL305194,,CHEMBL305194,,0,http://www.openphacts.org/units/Nanomolar,119486,>,1,1,>,,IC50,nM,,50000.0,CHEMBL203,Homo sapiens,Epidermal growth factor receptor,9606,,,IC50,uM,UO_0000065,,50.0
,,54979,[],CHEMBL674643,Inhibitory concentration of EGF dependent autophosphorylation of epidermal growth factor receptor kinase,B,,,BAO_0000190,BAO_0000357,single protein format,COc1cc(/C=C(\C#N)C(=O)O)ccc1O,Outside typical range,"Values for this activity type are unusually large/small, so may not be accurate",CHEMBL1124610,J Med Chem,1989,,,CHEMBL307250,,CHEMBL307250,,0,http://www.openphacts.org/units/Nanomolar,137237,=,1,1,=,,IC50,nM,,325000.0,CHEMBL203,Homo sapiens,Epidermal growth factor receptor,9606,,,IC50,uM,UO_0000065,,325.0
,,54990,[],CHEMBL674643,Inhibitory concentration of EGF dependent autophosphorylation of epidermal growth factor receptor kinase,B,,,BAO_0000190,BAO_0000357,single protein format,COc1cc(C=C(C#N)C#N)cc(O)c1O,,,CHEMBL1124610,J Med Chem,1989,"{'bei': '24.15', 'le': '0.45', 'lle': '3.68', 'sei': '5.37'}",,CHEMBL80155,,CHEMBL80155,5.22,0,http://www.openphacts.org/units/Nanomolar,137193,=,1,1,=,,IC50,nM,,6000.0,CHEMBL203,Homo sapiens,Epidermal growth factor receptor,9606,,,IC50,uM,UO_0000065,,6.0
,,56107,[],CHEMBL677833,In vitro inhibition of Epidermal growth factor receptor tyrosine kinase isolated from A431 (human carcinoma).,B,,,BAO_0000190,BAO_0000357,single protein format,Nc1ccc2ncnc(Nc3cccc(Cl)c3)c2c1,,,CHEMBL1145114,J Med Chem,2003,"{'bei': '24.75', 'le': '0.48', 'lle': '3.09', 'sei': '10.50'}",,CHEMBL343352,,CHEMBL343352,6.70,0,http://www.openphacts.org/units/Nanomolar,262228,=,1,1,=,,IC50,nM,,200.0,CHEMBL203,Homo sapiens,Epidermal growth factor receptor,9606,,,IC50,uM,UO_0000065,,0.2
,,57335,[],CHEMBL677833,In vitro inhibition of Epidermal growth factor receptor tyrosine kinase isolated from A431 (human carcinoma).,B,,,BAO_0000190,BAO_0000357,single protein format,Nc1ccc2ncnc(Nc3cccc(Br)c3)c2c1,,,CHEMBL1145114,J Med Chem,2003,"{'bei': '23.34', 'le': '0.53', 'lle': '3.64', 'sei': '11.53'}",,CHEMBL52765,,CHEMBL52765,7.36,0,http://www.openphacts.org/units/Nanomolar,262226,=,1,1,=,,IC50,nM,,44.0,CHEMBL203,Homo sapiens,Epidermal growth factor receptor,9606,,,IC50,uM,UO_0000065,,0.044
,Not Determined,57442,[],CHEMBL674644,Inhibition of EGF-dependent epidermal growth factor receptor autophosphorylation,B,,,BAO_0000190,BAO_0000357,single protein format,CN(C)c1ccc(/C=C(\C#N)C(=O)O)cc1,,,CHEMBL1124610,J Med Chem,1989,,,CHEMBL77436,,CHEMBL77436,,0,http://www.openphacts.org/units/Nanomolar,137239,,1,0,,,IC50,nM,,,CHEMBL203,Homo sapiens,Epidermal growth factor receptor,9606,,,IC50,uM,UO_0000065,,
,,57444,[],CHEMBL674643,Inhibitory concentration of EGF dependent autophosphorylation of epidermal growth factor receptor kinase,B,,,BAO_0000190,BAO_0000357,single protein format,COc1ccc(C(O)=C(C#N)C#N)cc1,Outside typical range,"Values for this activity type are unusually large/small, so may not be accurate",CHEMBL1124610,J Med Chem,1989,,,CHEMBL311564,,CHEMBL311564,,0,http://www.openphacts.org/units/Nanomolar,137176,=,1,1,=,,IC50,nM,,450000.0,CHEMBL203,Homo sapiens,Epidermal growth factor receptor,9606,,,IC50,uM,UO_0000065,,450.0
,,57445,[],CHEMBL674643,Inhibitory concentration of EGF dependent autophosphorylation of epidermal growth factor receptor kinase,B,,,BAO_0000190,BAO_0000357,single protein format,N#C/C(=C/c1cc(O)ccc1O)C(=O)O,,,CHEMBL1124610,J Med Chem,1989,"{'bei': '20.10', 'le': '0.38', 'lle': '3.03', 'sei': '4.06'}",,CHEMBL76642,,CHEMBL76642,4.12,0,http://www.openphacts.org/units/Nanomolar,137227,=,1,1,=,,IC50,nM,,75000.0,CHEMBL203,Homo sapiens,Epidermal growth factor receptor,9606,,,IC50,uM,UO_0000065,,75.0
,,58119,[],CHEMBL674637,Inhibitory activity towards tyrosine phosphorylation for the epidermal growth factor-receptor kinase,B,,,BAO_0000190,BAO_0000357,single protein format,Cc1cc(CCC(=O)O)[nH]c1/C=C1\C(=O)Nc2ncnc(Nc3ccc(F)c(Cl)c3)c21,,,CHEMBL1134862,Bioorg Med Chem Lett,2002,"{'bei': '18.85', 'le': '0.37', 'lle': '4.17', 'sei': '6.94'}",,CHEMBL308645,,CHEMBL308645,8.33,0,http://www.openphacts.org/units/Nanomolar,119483,=,1,1,=,,IC50,nM,,4.7,CHEMBL203,Homo sapiens,Epidermal growth factor receptor,9606,,,IC50,uM,UO_0000065,,0.0047
,,58122,[],CHEMBL674637,Inhibitory activity towards tyrosine phosphorylation for the epidermal growth factor-receptor kinase,B,,,BAO_0000190,BAO_0000357,single protein format,Cc1cc(C(=O)N2CCOCC2)[nH]c1/C=C1\C(=O)Nc2ncnc(Nc3ccc4c(cnn4Cc4ccccc4)c3)c21,,,CHEMBL1134862,Bioorg Med Chem Lett,2002,"{'bei': '15.60', 'le': '0.28', 'lle': '4.52', 'sei': '6.72'}",,CHEMBL67003,,CHEMBL67003,8.74,0,http://www.openphacts.org/units/Nanomolar,119499,=,1,1,=,,IC50,nM,,1.8,CHEMBL203,Homo sapiens,Epidermal growth factor receptor,9606,,,IC50,uM,UO_0000065,,0.0018
,,58125,[],CHEMBL621151,Inhibition of autophosphorylation of human epidermal growth factor-receptor (EGF-R) expressed in A431 cells,F,,,BAO_0000190,BAO_0000219,cell-based format,Cc1cc(C(=O)N2CCOCC2)[nH]c1/C=C1\C(=O)Nc2ncnc(Nc3ccc4c(cnn4Cc4ccccc4)c3)c21,,,CHEMBL1134862,Bioorg Med Chem Lett,2002,,,CHEMBL67003,,CHEMBL67003,7.00,0,http://www.openphacts.org/units/Nanomolar,119499,=,1,1,=,,IC50,nM,,100.0,CHEMBL203,Homo sapiens,Epidermal growth factor receptor,9606,,,IC50,uM,UO_0000065,,0.1
,Not Determined,58127,[],CHEMBL615490,Inhibition of ligand-induced proliferation in human EGF-R Kinase expressing 3T3 cells (Not tested),F,,,BAO_0000190,BAO_0000219,cell-based format,Cc1cc(C(=O)N2CCOCC2)[nH]c1/C=C1\C(=O)Nc2ncnc(Nc3ccc4c(cnn4Cc4ccccc4)c3)c21,,,CHEMBL1134862,Bioorg Med Chem Lett,2002,,,CHEMBL67003,,CHEMBL67003,,0,http://www.openphacts.org/units/Nanomolar,119499,,1,0,,,IC50,nM,,,CHEMBL203,Homo sapiens,Epidermal growth factor receptor,9606,,,IC50,uM,UO_0000065,,
,,58604,[],CHEMBL674643,Inhibitory concentration of EGF dependent autophosphorylation of epidermal growth factor receptor kinase,B,,,BAO_0000190,BAO_0000357,single protein format,N#CC(C#N)=Cc1ccc(NC(=O)CCC(=O)O)cc1,Outside typical range,"Values for this activity type are unusually large/small, so may not be accurate",CHEMBL1124610,J Med Chem,1989,,,CHEMBL307248,,CHEMBL307248,,0,http://www.openphacts.org/units/Nanomolar,137186,=,1,1,=,,IC50,nM,,640000.0,CHEMBL203,Homo sapiens,Epidermal growth factor receptor,9606,,,IC50,uM,UO_0000065,,640.0
,,60010,[],CHEMBL674643,Inhibitory concentration of EGF dependent autophosphorylation of epidermal growth factor receptor kinase,B,,,BAO_0000190,BAO_0000357,single protein format,N#CC(C#N)=NNc1ccc(O)cc1,Outside typical range,"Values for this activity type are unusually large/small, so may not be accurate",CHEMBL1124610,J Med Chem,1989,,,CHEMBL310958,,CHEMBL310958,,0,http://www.openphacts.org/units/Nanomolar,137224,=,1,1,=,,IC50,nM,,225000.0,CHEMBL203,Homo sapiens,Epidermal growth factor receptor,9606,,,IC50,uM,UO_0000065,,225.0
,,60019,[],CHEMBL674643,Inhibitory concentration of EGF dependent autophosphorylation of epidermal growth factor receptor kinase,B,,,BAO_0000190,BAO_0000357,single protein format,N#CC(C#N)=Cc1ccc2c(c1)OCO2,Outside typical range,"Values for this activity type are unusually large/small, so may not be accurate",CHEMBL1124610,J Med Chem,1989,,,CHEMBL78005,,CHEMBL78005,,0,http://www.openphacts.org/units/Nanomolar,137207,=,1,1,=,,IC50,nM,,350000.0,CHEMBL203,Homo sapiens,Epidermal growth factor receptor,9606,,,IC50,uM,UO_0000065,,350.0
,,61241,[],CHEMBL677833,In vitro inhibition of Epidermal growth factor receptor tyrosine kinase isolated from A431 (human carcinoma).,B,,,BAO_0000190,BAO_0000357,single protein format,CN(C)/N=N/c1ccc2ncnc(Nc3cccc(Br)c3)c2c1,,,CHEMBL1145114,J Med Chem,2003,"{'bei': '21.44', 'le': '0.47', 'lle': '3.26', 'sei': '12.10'}",,CHEMBL134312,,CHEMBL134312,7.96,0,http://www.openphacts.org/units/Nanomolar,262242,=,1,1,=,,IC50,nM,,11.0,CHEMBL203,Homo sapiens,Epidermal growth factor receptor,9606,,,IC50,uM,UO_0000065,,0.011
,,61373,[],CHEMBL674643,Inhibitory concentration of EGF dependent autophosphorylation of epidermal growth factor receptor kinase,B,,,BAO_0000190,BAO_0000357,single protein format,CCCCc1cc(/C=C(\C#N)C(N)=O)cc(CCCC)c1O,,,CHEMBL1124610,J Med Chem,1989,"{'bei': '14.18', 'le': '0.26', 'lle': '0.79', 'sei': '4.89'}",,CHEMBL77243,,CHEMBL77243,4.26,0,http://www.openphacts.org/units/Nanomolar,137235,=,1,1,=,,IC50,nM,,55000.0,CHEMBL203,Homo sapiens,Epidermal growth factor receptor,9606,,,IC50,uM,UO_0000065,,55.0
,,61374,[],CHEMBL674643,Inhibitory concentration of EGF dependent autophosphorylation of epidermal growth factor receptor kinase,B,,,BAO_0000190,BAO_0000357,single protein format,COc1cc(/C=C(\C#N)C(N)=C(C#N)C#N)cc(O)c1O,,,CHEMBL1124610,J Med Chem,1989,"{'bei': '20.98', 'le': '0.39', 'lle': '4.65', 'sei': '4.03'}",,CHEMBL80745,,CHEMBL80745,5.92,0,http://www.openphacts.org/units/Nanomolar,137228,=,1,1,=,,IC50,nM,,1200.0,CHEMBL203,Homo sapiens,Epidermal growth factor receptor,9606,,,IC50,uM,UO_0000065,,1.2
,,61378,[],CHEMBL674643,Inhibitory concentration of EGF dependent autophosphorylation of epidermal growth factor receptor kinase,B,,,BAO_0000190,BAO_0000357,single protein format,N#CC(C#N)=Cc1ccc(/C=C/C(=O)O)cc1,Outside typical range,"Values for this activity type are unusually large/small, so may not be accurate",CHEMBL1124610,J Med Chem,1989,,,CHEMBL77778,,CHEMBL77778,,0,http://www.openphacts.org/units/Nanomolar,137210,=,1,1,=,,IC50,nM,,450000.0,CHEMBL203,Homo sapiens,Epidermal growth factor receptor,9606,,,IC50,uM,UO_0000065,,450.0
,,62047,[],CHEMBL674637,Inhibitory activity towards tyrosine phosphorylation for the epidermal growth factor-receptor kinase,B,,,BAO_0000190,BAO_0000357,single protein format,Cc1cc(C(=O)N2CCN(C)CC2)[nH]c1/C=C1\C(=O)Nc2ncnc(Nc3ccc(F)c(Cl)c3)c21,,,CHEMBL1134862,Bioorg Med Chem Lett,2002,"{'bei': '17.25', 'le': '0.33', 'lle': '5.02', 'sei': '8.05'}",,CHEMBL305246,,CHEMBL305246,8.55,0,http://www.openphacts.org/units/Nanomolar,119493,=,1,1,=,,IC50,nM,,2.8,CHEMBL203,Homo sapiens,Epidermal growth factor receptor,9606,,,IC50,uM,UO_0000065,,0.0028
,,62050,[],CHEMBL621151,Inhibition of autophosphorylation of human epidermal growth factor-receptor (EGF-R) expressed in A431 cells,F,,,BAO_0000190,BAO_0000219,cell-based format,Cc1cc(C(=O)N2CCN(C)CC2)[nH]c1/C=C1\C(=O)Nc2ncnc(Nc3ccc(F)c(Cl)c3)c21,,,CHEMBL1134862,Bioorg Med Chem Lett,2002,,,CHEMBL305246,,CHEMBL305246,7.00,0,http://www.openphacts.org/units/Nanomolar,119493,=,1,1,=,,IC50,nM,,100.0,CHEMBL203,Homo sapiens,Epidermal growth factor receptor,9606,,,IC50,uM,UO_0000065,,0.1
,,62052,[],CHEMBL615325,Inhibition of ligand-induced proliferation in human EGF-R Kinase expressing 3T3 cells,F,,,BAO_0000190,BAO_0000219,cell-based format,Cc1cc(C(=O)N2CCN(C)CC2)[nH]c1/C=C1\C(=O)Nc2ncnc(Nc3ccc(F)c(Cl)c3)c21,,,CHEMBL1134862,Bioorg Med Chem Lett,2002,,,CHEMBL305246,,CHEMBL305246,6.12,0,http://www.openphacts.org/units/Nanomolar,119493,=,1,1,=,,IC50,nM,,750.0,CHEMBL203,Homo sapiens,Epidermal growth factor receptor,9606,,,IC50,uM,UO_0000065,,0.75
,,62054,[],CHEMBL674637,Inhibitory activity towards tyrosine phosphorylation for the epidermal growth factor-receptor kinase,B,,,BAO_0000190,BAO_0000357,single protein format,C#Cc1cccc(Nc2ncnc3c2/C(=C/c2[nH]c(C(=O)NCCN4CCOCC4)cc2C)C(=O)N3)c1,,,CHEMBL1134862,Bioorg Med Chem Lett,2002,"{'bei': '15.57', 'le': '0.29', 'lle': '5.35', 'sei': '6.23'}",,CHEMBL69966,,CHEMBL69966,7.75,0,http://www.openphacts.org/units/Nanomolar,119503,=,1,1,=,,IC50,nM,,18.0,CHEMBL203,Homo sapiens,Epidermal growth factor receptor,9606,,,IC50,uM,UO_0000065,,0.018
,,62057,[],CHEMBL621151,Inhibition of autophosphorylation of human epidermal growth factor-receptor (EGF-R) expressed in A431 cells,F,,,BAO_0000190,BAO_0000219,cell-based format,C#Cc1cccc(Nc2ncnc3c2/C(=C/c2[nH]c(C(=O)NCCN4CCOCC4)cc2C)C(=O)N3)c1,,,CHEMBL1134862,Bioorg Med Chem Lett,2002,,,CHEMBL69966,,CHEMBL69966,7.40,0,http://www.openphacts.org/units/Nanomolar,119503,=,1,1,=,,IC50,nM,,40.0,CHEMBL203,Homo sapiens,Epidermal growth factor receptor,9606,,,IC50,uM,UO_0000065,,0.04
,,62059,[],CHEMBL615325,Inhibition of ligand-induced proliferation in human EGF-R Kinase expressing 3T3 cells,F,,,BAO_0000190,BAO_0000219,cell-based format,C#Cc1cccc(Nc2ncnc3c2/C(=C/c2[nH]c(C(=O)NCCN4CCOCC4)cc2C)C(=O)N3)c1,,,CHEMBL1134862,Bioorg Med Chem Lett,2002,,,CHEMBL69966,,CHEMBL69966,6.21,0,http://www.openphacts.org/units/Nanomolar,119503,=,1,1,=,,IC50,nM,,620.0,CHEMBL203,Homo sapiens,Epidermal growth factor receptor,9606,,,IC50,uM,UO_0000065,,0.62
,,62149,[],CHEMBL679674,Inhibition of Epidermal growth factor receptor,B,,,BAO_0000190,BAO_0000357,single protein format,Nc1ncnc2c1c(-c1ccc(Oc3ccccc3)cc1)cn2C1CCCC1,,,CHEMBL1132739,Bioorg Med Chem Lett,2000,"{'bei': '14.83', 'le': '0.27', 'lle': '-0.10', 'sei': '8.33'}",,CHEMBL47940,,CHEMBL47940,5.50,0,http://www.openphacts.org/units/Nanomolar,120768,=,1,1,=,,IC50,nM,,3200.0,CHEMBL203,Homo sapiens,Epidermal growth factor receptor,9606,,,IC50,uM,UO_0000065,,3.2
,,62715,[],CHEMBL674643,Inhibitory concentration of EGF dependent autophosphorylation of epidermal growth factor receptor kinase,B,,,BAO_0000190,BAO_0000357,single protein format,N#CC(C#N)=Cc1cc[n+]([O-])cc1,Outside typical range,"Values for this activity type are unusually large/small, so may not be accurate",CHEMBL1124610,J Med Chem,1989,,,CHEMBL57712,,CHEMBL57712,,0,http://www.openphacts.org/units/Nanomolar,137216,=,1,1,=,,IC50,nM,,1300000.0,CHEMBL203,Homo sapiens,Epidermal growth factor receptor,9606,,,IC50,uM,UO_0000065,,1300.0
,,62720,[],CHEMBL674643,Inhibitory concentration of EGF dependent autophosphorylation of epidermal growth factor receptor kinase,B,,,BAO_0000190,BAO_0000357,single protein format,COc1cc(C=C(C#N)C#N)ccc1O,Outside typical range,"Values for this activity type are unusually large/small, so may not be accurate",CHEMBL1124610,J Med Chem,1989,,,CHEMBL77869,,CHEMBL77869,,0,http://www.openphacts.org/units/Nanomolar,137205,=,1,1,=,,IC50,nM,,200000.0,CHEMBL203,Homo sapiens,Epidermal growth factor receptor,9606,,,IC50,uM,UO_0000065,,200.0
,,63367,[],CHEMBL674637,Inhibitory activity towards tyrosine phosphorylation for the epidermal growth factor-receptor kinase,B,,,BAO_0000190,BAO_0000357,single protein format,CCN(CC)CCNC(=O)c1cc(C)c(/C=C2\C(=O)Nc3ncnc(Nc4ccc(F)c(Cl)c4)c32)[nH]1,,,CHEMBL1134862,Bioorg Med Chem Lett,2002,"{'bei': '17.42', 'le': '0.34', 'lle': '4.71', 'sei': '7.75'}",,CHEMBL69358,,CHEMBL69358,8.92,0,http://www.openphacts.org/units/Nanomolar,119489,=,1,1,=,,IC50,nM,,1.2,CHEMBL203,Homo sapiens,Epidermal growth factor receptor,9606,,,IC50,uM,UO_0000065,,0.0012
,,63370,[],CHEMBL621151,Inhibition of autophosphorylation of human epidermal growth factor-receptor (EGF-R) expressed in A431 cells,F,,,BAO_0000190,BAO_0000219,cell-based format,CCN(CC)CCNC(=O)c1cc(C)c(/C=C2\C(=O)Nc3ncnc(Nc4ccc(F)c(Cl)c4)c32)[nH]1,,,CHEMBL1134862,Bioorg Med Chem Lett,2002,,,CHEMBL69358,,CHEMBL69358,6.70,0,http://www.openphacts.org/units/Nanomolar,119489,=,1,1,=,,IC50,nM,,200.0,CHEMBL203,Homo sapiens,Epidermal growth factor receptor,9606,,,IC50,uM,UO_0000065,,0.2
,,63372,[],CHEMBL615325,Inhibition of ligand-induced proliferation in human EGF-R Kinase expressing 3T3 cells,F,,,BAO_0000190,BAO_0000219,cell-based format,CCN(CC)CCNC(=O)c1cc(C)c(/C=C2\C(=O)Nc3ncnc(Nc4ccc(F)c(Cl)c4)c32)[nH]1,,,CHEMBL1134862,Bioorg Med Chem Lett,2002,,,CHEMBL69358,,CHEMBL69358,5.89,0,http://www.openphacts.org/units/Nanomolar,119489,=,1,1,=,,IC50,nM,,1290.0,CHEMBL203,Homo sapiens,Epidermal growth factor receptor,9606,,,IC50,uM,UO_0000065,,1.29
,,63847,[],CHEMBL677833,In vitro inhibition of Epidermal growth factor receptor tyrosine kinase isolated from A431 (human carcinoma).,B,,,BAO_0000190,BAO_0000357,single protein format,C/N=N/Nc1ccc2ncnc(Nc3cccc(C)c3)c2c1,,,CHEMBL1145114,J Med Chem,2003,"{'bei': '22.91', 'le': '0.42', 'lle': '2.61', 'sei': '8.98'}",,CHEMBL137189,,CHEMBL137189,6.70,0,http://www.openphacts.org/units/Nanomolar,262230,=,1,1,=,,IC50,nM,,200.0,CHEMBL203,Homo sapiens,Epidermal growth factor receptor,9606,,,IC50,uM,UO_0000065,,0.2
,,63852,[],CHEMBL677833,In vitro inhibition of Epidermal growth factor receptor tyrosine kinase isolated from A431 (human carcinoma).,B,,,BAO_0000190,BAO_0000357,single protein format,C/N=N/Nc1ccc2ncnc(Nc3cccc(Br)c3)c2c1,,,CHEMBL1145114,J Med Chem,2003,"{'bei': '20.74', 'le': '0.46', 'lle': '2.87', 'sei': '9.94'}",,CHEMBL137617,,CHEMBL137617,7.41,0,http://www.openphacts.org/units/Nanomolar,262231,=,1,1,=,,IC50,nM,,39.0,CHEMBL203,Homo sapiens,Epidermal growth factor receptor,9606,,,IC50,uM,UO_0000065,,0.039
,,63857,[],CHEMBL677833,In vitro inhibition of Epidermal growth factor receptor tyrosine kinase isolated from A431 (human carcinoma).,B,,,BAO_0000190,BAO_0000357,single protein format,CN(C)/N=N/c1ccc2ncnc(NCc3ccccc3)c2c1,,,CHEMBL1145114,J Med Chem,2003,"{'bei': '20.62', 'le': '0.38', 'lle': '2.52', 'sei': '9.60'}",,CHEMBL137027,,CHEMBL137027,6.32,0,http://www.openphacts.org/units/Nanomolar,262232,=,1,1,=,,IC50,nM,,482.0,CHEMBL203,Homo sapiens,Epidermal growth factor receptor,9606,,,IC50,uM,UO_0000065,,0.482
,,64040,[],CHEMBL674643,Inhibitory concentration of EGF dependent autophosphorylation of epidermal growth factor receptor kinase,B,,,BAO_0000190,BAO_0000357,single protein format,N#CC(C#N)=C(N)/C(C#N)=C/c1cc(O)c(O)c(O)c1,,,CHEMBL1124610,J Med Chem,1989,"{'bei': '22.73', 'le': '0.42', 'lle': '5.13', 'sei': '3.86'}",,CHEMBL78257,TYRPHOSTIN 51,CHEMBL78257,6.10,0,http://www.openphacts.org/units/Nanomolar,137229,=,1,1,=,,IC50,nM,,800.0,CHEMBL203,Homo sapiens,Epidermal growth factor receptor,9606,,,IC50,uM,UO_0000065,,0.8
,,64049,[],CHEMBL674643,Inhibitory concentration of EGF dependent autophosphorylation of epidermal growth factor receptor kinase,B,,,BAO_0000190,BAO_0000357,single protein format,N#CC(C#N)=Cc1cc2c(cc1[N+](=O)[O-])OCO2,Outside typical range,"Values for this activity type are unusually large/small, so may not be accurate",CHEMBL1124610,J Med Chem,1989,,,CHEMBL76082,,CHEMBL76082,,0,http://www.openphacts.org/units/Nanomolar,137184,=,1,1,=,,IC50,nM,,560000.0,CHEMBL203,Homo sapiens,Epidermal growth factor receptor,9606,,,IC50,uM,UO_0000065,,560.0
,,64050,[],CHEMBL674643,Inhibitory concentration of EGF dependent autophosphorylation of epidermal growth factor receptor kinase,B,,,BAO_0000190,BAO_0000357,single protein format,N#C/C(=C\c1ccccc1)C(=O)O,Outside typical range,"Values for this activity type are unusually large/small, so may not be accurate",CHEMBL1124610,J Med Chem,1989,,,CHEMBL77595,,CHEMBL77595,,0,http://www.openphacts.org/units/Nanomolar,137204,=,1,1,=,,IC50,nM,,850000.0,CHEMBL203,Homo sapiens,Epidermal growth factor receptor,9606,,,IC50,uM,UO_0000065,,850.0
,,65265,[],CHEMBL674643,Inhibitory concentration of EGF dependent autophosphorylation of epidermal growth factor receptor kinase,B,,,BAO_0000190,BAO_0000357,single protein format,N#CC(C#N)=C(N)/C(C#N)=C/c1ccc(O)c(O)c1,,,CHEMBL1124610,J Med Chem,1989,"{'bei': '22.21', 'le': '0.40', 'lle': '4.34', 'sei': '4.06'}",,CHEMBL309334,,CHEMBL309334,5.60,0,http://www.openphacts.org/units/Nanomolar,137230,=,1,1,=,,IC50,nM,,2500.0,CHEMBL203,Homo sapiens,Epidermal growth factor receptor,9606,,,IC50,uM,UO_0000065,,2.5
,,65267,[],CHEMBL674643,Inhibitory concentration of EGF dependent autophosphorylation of epidermal growth factor receptor kinase,B,,,BAO_0000190,BAO_0000357,single protein format,N#CC(C#N)=Cc1ccc[nH]1,Outside typical range,"Values for this activity type are unusually large/small, so may not be accurate",CHEMBL1124610,J Med Chem,1989,,,CHEMBL310514,,CHEMBL310514,,0,http://www.openphacts.org/units/Nanomolar,137218,=,1,1,=,,IC50,nM,,260000.0,CHEMBL203,Homo sapiens,Epidermal growth factor receptor,9606,,,IC50,uM,UO_0000065,,260.0
,,66030,[],CHEMBL674637,Inhibitory activity towards tyrosine phosphorylation for the epidermal growth factor-receptor kinase,B,,,BAO_0000190,BAO_0000357,single protein format,Cc1c(C(=O)N2CCN(C)CC2)c[nH]c1/C=C1\C(=O)Nc2ncnc(Nc3ccc(F)c(Cl)c3)c21,,,CHEMBL1134862,Bioorg Med Chem Lett,2002,"{'bei': '12.88', 'le': '0.25', 'lle': '2.86', 'sei': '6.01'}",,CHEMBL304971,,CHEMBL304971,6.39,0,http://www.openphacts.org/units/Nanomolar,119491,=,1,1,=,,IC50,nM,,410.0,CHEMBL203,Homo sapiens,Epidermal growth factor receptor,9606,,,IC50,uM,UO_0000065,,0.41
,,66033,[],CHEMBL674637,Inhibitory activity towards tyrosine phosphorylation for the epidermal growth factor-receptor kinase,B,,,BAO_0000190,BAO_0000357,single protein format,Cc1cc(C(=O)N2CC(C)NC(C)C2)[nH]c1/C=C1\C(=O)Nc2ncnc(Nc3ccc(F)c(Cl)c3)c21,,,CHEMBL1134862,Bioorg Med Chem Lett,2002,"{'bei': '16.14', 'le': '0.31', 'lle': '4.27', 'sei': '7.15'}",,CHEMBL69071,,CHEMBL69071,8.23,0,http://www.openphacts.org/units/Nanomolar,119488,=,1,1,=,,IC50,nM,,5.9,CHEMBL203,Homo sapiens,Epidermal growth factor receptor,9606,,,IC50,uM,UO_0000065,,0.0059
,,66037,[],CHEMBL615325,Inhibition of ligand-induced proliferation in human EGF-R Kinase expressing 3T3 cells,F,,,BAO_0000190,BAO_0000219,cell-based format,Cc1cc(C(=O)N2CC(C)NC(C)C2)[nH]c1/C=C1\C(=O)Nc2ncnc(Nc3ccc(F)c(Cl)c3)c21,,,CHEMBL1134862,Bioorg Med Chem Lett,2002,,,CHEMBL69071,,CHEMBL69071,5.59,0,http://www.openphacts.org/units/Nanomolar,119488,=,1,1,=,,IC50,nM,,2580.0,CHEMBL203,Homo sapiens,Epidermal growth factor receptor,9606,,,IC50,uM,UO_0000065,,2.58
,,66490,[],CHEMBL677833,In vitro inhibition of Epidermal growth factor receptor tyrosine kinase isolated from A431 (human carcinoma).,B,,,BAO_0000190,BAO_0000357,single protein format,CN(C)CC/N=N/Nc1ccc2ncnc(Nc3cccc(Br)c3)c2c1,,,CHEMBL1145114,J Med Chem,2003,"{'bei': '17.91', 'le': '0.39', 'lle': '2.94', 'sei': '9.54'}",,CHEMBL137534,,CHEMBL137534,7.42,0,http://www.openphacts.org/units/Nanomolar,262237,=,1,1,=,,IC50,nM,,38.0,CHEMBL203,Homo sapiens,Epidermal growth factor receptor,9606,,,IC50,uM,UO_0000065,,0.038
,,66495,[],CHEMBL677833,In vitro inhibition of Epidermal growth factor receptor tyrosine kinase isolated from A431 (human carcinoma).,B,,,BAO_0000190,BAO_0000357,single protein format,C/N=N/Nc1ccc2ncnc(NCc3ccccc3)c2c1,,,CHEMBL1145114,J Med Chem,2003,"{'bei': '22.15', 'le': '0.40', 'lle': '2.82', 'sei': '8.68'}",,CHEMBL137788,,CHEMBL137788,6.47,0,http://www.openphacts.org/units/Nanomolar,262233,=,1,1,=,,IC50,nM,,335.0,CHEMBL203,Homo sapiens,Epidermal growth factor receptor,9606,,,IC50,uM,UO_0000065,,0.335
,,67211,[],CHEMBL674637,Inhibitory activity towards tyrosine phosphorylation for the epidermal growth factor-receptor kinase,B,,,BAO_0000190,BAO_0000357,single protein format,Cc1cc(C)c(/C=C2\C(=O)N(C)c3ncnc(Nc4ccc(F)c(Cl)c4)c32)[nH]1,,,CHEMBL1134862,Bioorg Med Chem Lett,2002,,,CHEMBL69709,,CHEMBL69709,,0,http://www.openphacts.org/units/Nanomolar,119496,>,1,1,>,,IC50,nM,,20000.0,CHEMBL203,Homo sapiens,Epidermal growth factor receptor,9606,,,IC50,uM,UO_0000065,,20.0
,,67606,[],CHEMBL677833,In vitro inhibition of Epidermal growth factor receptor tyrosine kinase isolated from A431 (human carcinoma).,B,,,BAO_0000190,BAO_0000357,single protein format,Brc1cccc(Nc2ncnc3ccc(N/N=N/Cc4ccccc4)cc23)c1,,,CHEMBL1145114,J Med Chem,2003,"{'bei': '17.54', 'le': '0.37', 'lle': '1.48', 'sei': '10.20'}",,CHEMBL424093,,CHEMBL424093,7.60,0,http://www.openphacts.org/units/Nanomolar,262240,=,1,1,=,,IC50,nM,,25.0,CHEMBL203,Homo sapiens,Epidermal growth factor receptor,9606,,,IC50,uM,UO_0000065,,0.025
,,67808,[],CHEMBL674643,Inhibitory concentration of EGF dependent autophosphorylation of epidermal growth factor receptor kinase,B,,,BAO_0000190,BAO_0000357,single protein format,N#C/C(=C\c1ccc(O)c(O)c1)C(N)=S,,,CHEMBL1124610,J Med Chem,1989,"{'bei': '25.52', 'le': '0.51', 'lle': '4.33', 'sei': '6.23'}",,CHEMBL77030,TYRPHOSTIN 47,CHEMBL77030,5.62,0,http://www.openphacts.org/units/Nanomolar,137233,=,1,1,=,,IC50,nM,,2400.0,CHEMBL203,Homo sapiens,Epidermal growth factor receptor,9606,,,IC50,uM,UO_0000065,,2.4
,,67822,[],CHEMBL674643,Inhibitory concentration of EGF dependent autophosphorylation of epidermal growth factor receptor kinase,B,,,BAO_0000190,BAO_0000357,single protein format,CC(C)(C)c1cc(C=C(C#N)C#N)cc(C(C)(C)C)c1O,Outside typical range,"Values for this activity type are unusually large/small, so may not be accurate",CHEMBL1124610,J Med Chem,1989,,,CHEMBL78150,TYRPHOSTIN A9,CHEMBL78150,,0,http://www.openphacts.org/units/Nanomolar,137212,=,1,1,=,,IC50,nM,,460000.0,CHEMBL203,Homo sapiens,Epidermal growth factor receptor,9606,,,IC50,uM,UO_0000065,,460.0
,,68467,[],CHEMBL674637,Inhibitory activity towards tyrosine phosphorylation for the epidermal growth factor-receptor kinase,B,,,BAO_0000190,BAO_0000357,single protein format,O=C1Nc2ncnc(Nc3ccc(F)c(Cl)c3)c2/C1=C/c1ccc[nH]1,,,CHEMBL1134862,Bioorg Med Chem Lett,2002,,,CHEMBL69106,,CHEMBL69106,,0,http://www.openphacts.org/units/Nanomolar,119481,>,1,1,>,,IC50,nM,,20000.0,CHEMBL203,Homo sapiens,Epidermal growth factor receptor,9606,,,IC50,uM,UO_0000065,,20.0
,,68470,[],CHEMBL674637,Inhibitory activity towards tyrosine phosphorylation for the epidermal growth factor-receptor kinase,B,,,BAO_0000190,BAO_0000357,single protein format,Cc1cc(C(=O)NCCN2CCOCC2)[nH]c1/C=C1\C(=O)Nc2ncnc(Nc3ccc4c(ccn4Cc4ccccc4)c3)c21,,,CHEMBL1134862,Bioorg Med Chem Lett,2002,"{'bei': '14.86', 'le': '0.27', 'lle': '4.55', 'sei': '6.93'}",,CHEMBL264382,,CHEMBL264382,8.96,0,http://www.openphacts.org/units/Nanomolar,119498,=,1,1,=,,IC50,nM,,1.1,CHEMBL203,Homo sapiens,Epidermal growth factor receptor,9606,,,IC50,uM,UO_0000065,,0.0011
,,68473,[],CHEMBL621151,Inhibition of autophosphorylation of human epidermal growth factor-receptor (EGF-R) expressed in A431 cells,F,,,BAO_0000190,BAO_0000219,cell-based format,Cc1cc(C(=O)NCCN2CCOCC2)[nH]c1/C=C1\C(=O)Nc2ncnc(Nc3ccc4c(ccn4Cc4ccccc4)c3)c21,,,CHEMBL1134862,Bioorg Med Chem Lett,2002,,,CHEMBL264382,,CHEMBL264382,6.70,0,http://www.openphacts.org/units/Nanomolar,119498,=,1,1,=,,IC50,nM,,200.0,CHEMBL203,Homo sapiens,Epidermal growth factor receptor,9606,,,IC50,uM,UO_0000065,,0.2
,,68475,[],CHEMBL615325,Inhibition of ligand-induced proliferation in human EGF-R Kinase expressing 3T3 cells,F,,,BAO_0000190,BAO_0000219,cell-based format,Cc1cc(C(=O)NCCN2CCOCC2)[nH]c1/C=C1\C(=O)Nc2ncnc(Nc3ccc4c(ccn4Cc4ccccc4)c3)c21,,,CHEMBL1134862,Bioorg Med Chem Lett,2002,,,CHEMBL264382,,CHEMBL264382,5.71,0,http://www.openphacts.org/units/Nanomolar,119498,=,1,1,=,,IC50,nM,,1950.0,CHEMBL203,Homo sapiens,Epidermal growth factor receptor,9606,,,IC50,uM,UO_0000065,,1.95
,,69112,[],CHEMBL674643,Inhibitory concentration of EGF dependent autophosphorylation of epidermal growth factor receptor kinase,B,,,BAO_0000190,BAO_0000357,single protein format,O=C(O)C(=Cc1ccc(O)cc1)C(=O)O,Outside typical range,"Values for this activity type are unusually large/small, so may not be accurate",CHEMBL1124610,J Med Chem,1989,,,CHEMBL308133,,CHEMBL308133,,0,http://www.openphacts.org/units/Nanomolar,137214,=,1,1,=,,IC50,nM,,1500000.0,CHEMBL203,Homo sapiens,Epidermal growth factor receptor,9606,,,IC50,uM,UO_0000065,,1500.0
,,69116,[],CHEMBL674643,Inhibitory concentration of EGF dependent autophosphorylation of epidermal growth factor receptor kinase,B,,,BAO_0000190,BAO_0000357,single protein format,COc1cc(C=C(C#N)C#N)cc([N+](=O)[O-])c1O,Outside typical range,"Values for this activity type are unusually large/small, so may not be accurate",CHEMBL1124610,J Med Chem,1989,,,CHEMBL307179,,CHEMBL307179,,0,http://www.openphacts.org/units/Nanomolar,137200,=,1,1,=,,IC50,nM,,160000.0,CHEMBL203,Homo sapiens,Epidermal growth factor receptor,9606,,,IC50,uM,UO_0000065,,160.0
,,69854,[],CHEMBL674637,Inhibitory activity towards tyrosine phosphorylation for the epidermal growth factor-receptor kinase,B,,,BAO_0000190,BAO_0000357,single protein format,Cc1[nH]c(/C=C2\C(=O)Nc3ncnc(Nc4ccc(F)c(Cl)c4)c32)c(C)c1CCC(=O)O,,,CHEMBL1134862,Bioorg Med Chem Lett,2002,"{'bei': '14.79', 'le': '0.29', 'lle': '2.27', 'sei': '5.62'}",,CHEMBL305782,,CHEMBL305782,6.75,0,http://www.openphacts.org/units/Nanomolar,119485,=,1,1,=,,IC50,nM,,180.0,CHEMBL203,Homo sapiens,Epidermal growth factor receptor,9606,,,IC50,uM,UO_0000065,,0.18
,,69857,[],CHEMBL674637,Inhibitory activity towards tyrosine phosphorylation for the epidermal growth factor-receptor kinase,B,,,BAO_0000190,BAO_0000357,single protein format,CCN(CC)CCNC(=O)c1cc(C)c(/C=C2\C(=O)Nc3ncnc(Nc4ccc(Cl)cc4F)c32)[nH]1,,,CHEMBL1134862,Bioorg Med Chem Lett,2002,"{'bei': '12.40', 'le': '0.24', 'lle': '2.14', 'sei': '5.52'}",,CHEMBL308672,,CHEMBL308672,6.35,0,http://www.openphacts.org/units/Nanomolar,119502,=,1,1,=,,IC50,nM,,450.0,CHEMBL203,Homo sapiens,Epidermal growth factor receptor,9606,,,IC50,uM,UO_0000065,,0.45
,,69860,[],CHEMBL621151,Inhibition of autophosphorylation of human epidermal growth factor-receptor (EGF-R) expressed in A431 cells,F,,,BAO_0000190,BAO_0000219,cell-based format,CCN(CC)CCNC(=O)c1cc(C)c(/C=C2\C(=O)Nc3ncnc(Nc4ccc(Cl)cc4F)c32)[nH]1,,,CHEMBL1134862,Bioorg Med Chem Lett,2002,,,CHEMBL308672,,CHEMBL308672,6.30,0,http://www.openphacts.org/units/Nanomolar,119502,=,1,1,=,,IC50,nM,,500.0,CHEMBL203,Homo sapiens,Epidermal growth factor receptor,9606,,,IC50,uM,UO_0000065,,0.5
,Not Determined,69862,[],CHEMBL615490,Inhibition of ligand-induced proliferation in human EGF-R Kinase expressing 3T3 cells (Not tested),F,,,BAO_0000190,BAO_0000219,cell-based format,CCN(CC)CCNC(=O)c1cc(C)c(/C=C2\C(=O)Nc3ncnc(Nc4ccc(Cl)cc4F)c32)[nH]1,,,CHEMBL1134862,Bioorg Med Chem Lett,2002,,,CHEMBL308672,,CHEMBL308672,,0,http://www.openphacts.org/units/Nanomolar,119502,,1,0,,,IC50,nM,,,CHEMBL203,Homo sapiens,Epidermal growth factor receptor,9606,,,IC50,uM,UO_0000065,,
,,70342,[],CHEMBL677833,In vitro inhibition of Epidermal growth factor receptor tyrosine kinase isolated from A431 (human carcinoma).,B,,,BAO_0000190,BAO_0000357,single protein format,Cc1cccc(Nc2ncnc3ccc(/N=N/N(C)C)cc23)c1,,,CHEMBL1145114,J Med Chem,2003,"{'bei': '24.87', 'le': '0.45', 'lle': '3.38', 'sei': '11.59'}",,CHEMBL133023,,CHEMBL133023,7.62,0,http://www.openphacts.org/units/Nanomolar,262244,=,1,1,=,,IC50,nM,,24.0,CHEMBL203,Homo sapiens,Epidermal growth factor receptor,9606,,,IC50,uM,UO_0000065,,0.024
,,70559,[],CHEMBL674643,Inhibitory concentration of EGF dependent autophosphorylation of epidermal growth factor receptor kinase,B,,,BAO_0000190,BAO_0000357,single protein format,N#CC(C#N)=Cc1cccc(O)c1,Outside typical range,"Values for this activity type are unusually large/small, so may not be accurate",CHEMBL1124610,J Med Chem,1989,,,CHEMBL310400,,CHEMBL310400,,0,http://www.openphacts.org/units/Nanomolar,137208,=,1,1,=,,IC50,nM,,375000.0,CHEMBL203,Homo sapiens,Epidermal growth factor receptor,9606,,,IC50,uM,UO_0000065,,375.0
,,71575,[],CHEMBL677833,In vitro inhibition of Epidermal growth factor receptor tyrosine kinase isolated from A431 (human carcinoma).,B,,,BAO_0000190,BAO_0000357,single protein format,COCC/N=N/Nc1ccc2ncnc(Nc3cccc(Br)c3)c2c1,,,CHEMBL1145114,J Med Chem,2003,"{'bei': '17.82', 'le': '0.39', 'lle': '2.59', 'sei': '8.53'}",,CHEMBL136674,,CHEMBL136674,7.15,0,http://www.openphacts.org/units/Nanomolar,262241,=,1,1,=,,IC50,nM,,71.0,CHEMBL203,Homo sapiens,Epidermal growth factor receptor,9606,,,IC50,uM,UO_0000065,,0.071
,,71725,[],CHEMBL674643,Inhibitory concentration of EGF dependent autophosphorylation of epidermal growth factor receptor kinase,B,,,BAO_0000190,BAO_0000357,single protein format,N#C/C(=C\c1ccc(O)c(O)c1)C(=O)O,,,CHEMBL1124610,J Med Chem,1989,"{'bei': '22.43', 'le': '0.42', 'lle': '3.51', 'sei': '4.53'}",,CHEMBL73820,,CHEMBL73820,4.60,0,http://www.openphacts.org/units/Nanomolar,137182,=,1,1,=,,IC50,nM,,25000.0,CHEMBL203,Homo sapiens,Epidermal growth factor receptor,9606,,,IC50,uM,UO_0000065,,25.0
,,71727,[],CHEMBL674643,Inhibitory concentration of EGF dependent autophosphorylation of epidermal growth factor receptor kinase,B,,,BAO_0000190,BAO_0000357,single protein format,N#CC(C#N)=C(O)c1ccc(O)cc1,Outside typical range,"Values for this activity type are unusually large/small, so may not be accurate",CHEMBL1124610,J Med Chem,1989,,,CHEMBL79064,,CHEMBL79064,,0,http://www.openphacts.org/units/Nanomolar,137175,=,1,1,=,,IC50,nM,,230000.0,CHEMBL203,Homo sapiens,Epidermal growth factor receptor,9606,,,IC50,uM,UO_0000065,,230.0
,,71728,[],CHEMBL674643,Inhibitory concentration of EGF dependent autophosphorylation of epidermal growth factor receptor kinase,B,,,BAO_0000190,BAO_0000357,single protein format,N#CC(C#N)=C(N)/C(C#N)=C/c1cc(O)c(O)c(Br)c1,,,CHEMBL1124610,J Med Chem,1989,"{'bei': '19.03', 'le': '0.43', 'lle': '4.27', 'sei': '4.57'}",,CHEMBL77803,,CHEMBL77803,6.30,0,http://www.openphacts.org/units/Nanomolar,137220,=,1,1,=,,IC50,nM,,500.0,CHEMBL203,Homo sapiens,Epidermal growth factor receptor,9606,,,IC50,uM,UO_0000065,,0.5
,,71729,[],CHEMBL674643,Inhibitory concentration of EGF dependent autophosphorylation of epidermal growth factor receptor kinase,B,,,BAO_0000190,BAO_0000357,single protein format,N#C/C=C/c1ccc(O)cc1,Outside typical range,"Values for this activity type are unusually large/small, so may not be accurate",CHEMBL1124610,J Med Chem,1989,,,CHEMBL75718,,CHEMBL75718,,0,http://www.openphacts.org/units/Nanomolar,137191,=,1,1,=,,IC50,nM,,2400000.0,CHEMBL203,Homo sapiens,Epidermal growth factor receptor,9606,,,IC50,uM,UO_0000065,,2400.0
,,71733,[],CHEMBL674643,Inhibitory concentration of EGF dependent autophosphorylation of epidermal growth factor receptor kinase,B,,,BAO_0000190,BAO_0000357,single protein format,COc1cc(C=C(C#N)C#N)cc(Br)c1O,Outside typical range,"Values for this activity type are unusually large/small, so may not be accurate",CHEMBL1124610,J Med Chem,1989,,,CHEMBL77298,,CHEMBL77298,,0,http://www.openphacts.org/units/Nanomolar,137199,=,1,1,=,,IC50,nM,,153000.0,CHEMBL203,Homo sapiens,Epidermal growth factor receptor,9606,,,IC50,uM,UO_0000065,,153.0
,,78012,[],CHEMBL679949,Evaluated for inhibitory activity towards tyrosine kinase Epidermal growth factor receptor,B,,,BAO_0000190,BAO_0000357,single protein format,COc1cccc(-c2ccc3c(c2)NC(=O)/C3=C\c2[nH]c3c(c2CCC(=O)O)CCCC3)c1,,,CHEMBL1133768,J Med Chem,2000,"{'bei': '11.42', 'le': '0.21', 'lle': '-0.03', 'sei': '5.53'}",,CHEMBL432941,,CHEMBL432941,5.05,0,http://www.openphacts.org/units/Nanomolar,163350,=,1,1,=,,IC50,nM,,8880.0,CHEMBL203,Homo sapiens,Epidermal growth factor receptor,9606,,,IC50,uM,UO_0000065,,8.88
,,79181,[],CHEMBL679949,Evaluated for inhibitory activity towards tyrosine kinase Epidermal growth factor receptor,B,,,BAO_0000190,BAO_0000357,single protein format,COc1ccc2c(c1)NC(=O)/C2=C\c1[nH]c2c(c1CCC(=O)O)CCCC2,,,CHEMBL1133768,J Med Chem,2000,,,CHEMBL420609,,CHEMBL420609,,0,http://www.openphacts.org/units/Nanomolar,163340,>,1,1,>,,IC50,nM,,100000.0,CHEMBL203,Homo sapiens,Epidermal growth factor receptor,9606,,,IC50,uM,UO_0000065,,100.0
,,80323,[],CHEMBL679949,Evaluated for inhibitory activity towards tyrosine kinase Epidermal growth factor receptor,B,,,BAO_0000190,BAO_0000357,single protein format,COc1cccc(-c2ccc3c(c2)NC(=O)/C3=C\c2cc3c([nH]2)CCCC3)c1,,,CHEMBL1133768,J Med Chem,2000,,,CHEMBL419682,,CHEMBL419682,,0,http://www.openphacts.org/units/Nanomolar,163354,>,1,1,>,,IC50,nM,,100000.0,CHEMBL203,Homo sapiens,Epidermal growth factor receptor,9606,,,IC50,uM,UO_0000065,,100.0
,,81208,[],CHEMBL674698,Inhibition of Epidermal growth factor receptor,B,,,BAO_0000190,BAO_0000357,single protein format,COc1cc(Nc2c(C#N)cnc3cc(-c4ccc(CN5CCOCC5)cc4)ccc23)c(Cl)cc1Cl,,,CHEMBL1134917,Bioorg Med Chem Lett,2002,"{'bei': '10.63', 'le': '0.21', 'lle': '-1.14', 'sei': '7.84'}",,CHEMBL322395,,CHEMBL322395,5.52,0,http://www.openphacts.org/units/Nanomolar,189216,=,1,1,=,,IC50,nM,,3000.0,CHEMBL203,Homo sapiens,Epidermal growth factor receptor,9606,,,IC50,nM,UO_0000065,,3000.0
,,83552,[],CHEMBL679949,Evaluated for inhibitory activity towards tyrosine kinase Epidermal growth factor receptor,B,,,BAO_0000190,BAO_0000357,single protein format,COc1ccccc1-c1ccc2c(c1)NC(=O)/C2=C\c1cc2c([nH]1)CCCC2,,,CHEMBL1133768,J Med Chem,2000,,,CHEMBL88462,,CHEMBL88462,,0,http://www.openphacts.org/units/Nanomolar,163347,>,1,1,>,,IC50,nM,,100000.0,CHEMBL203,Homo sapiens,Epidermal growth factor receptor,9606,,,IC50,uM,UO_0000065,,100.0
,,84549,[],CHEMBL679949,Evaluated for inhibitory activity towards tyrosine kinase Epidermal growth factor receptor,B,,,BAO_0000190,BAO_0000357,single protein format,O=C(O)CCc1c(/C=C2\C(=O)Nc3ccc(C(=O)O)cc32)[nH]c2c1CCCC2,,,CHEMBL1133768,J Med Chem,2000,"{'bei': '11.17', 'le': '0.21', 'lle': '1.15', 'sei': '3.56'}",,CHEMBL431996,,CHEMBL431996,4.25,0,http://www.openphacts.org/units/Nanomolar,163341,=,1,1,=,,IC50,nM,,56500.0,CHEMBL203,Homo sapiens,Epidermal growth factor receptor,9606,,,IC50,uM,UO_0000065,,56.5
,,85635,[],CHEMBL679949,Evaluated for inhibitory activity towards tyrosine kinase Epidermal growth factor receptor,B,,,BAO_0000190,BAO_0000357,single protein format,COc1ccc2c(c1)NC(=O)/C2=C\c1cc2c([nH]1)CCCC2,,,CHEMBL1133768,J Med Chem,2000,,,CHEMBL91250,,CHEMBL91250,,0,http://www.openphacts.org/units/Nanomolar,163353,>,1,1,>,,IC50,nM,,100000.0,CHEMBL203,Homo sapiens,Epidermal growth factor receptor,9606,,,IC50,uM,UO_0000065,,100.0
,,85644,[],CHEMBL679949,Evaluated for inhibitory activity towards tyrosine kinase Epidermal growth factor receptor,B,,,BAO_0000190,BAO_0000357,single protein format,O=C(O)CCc1c(/C=C2\C(=O)Nc3cc(-c4ccccc4)ccc32)[nH]c2c1CCCC2,,,CHEMBL1133768,J Med Chem,2000,,,CHEMBL88771,,CHEMBL88771,,0,http://www.openphacts.org/units/Nanomolar,163339,>,1,1,>,,IC50,nM,,100000.0,CHEMBL203,Homo sapiens,Epidermal growth factor receptor,9606,,,IC50,uM,UO_0000065,,100.0
,,87623,[],CHEMBL679949,Evaluated for inhibitory activity towards tyrosine kinase Epidermal growth factor receptor,B,,,BAO_0000190,BAO_0000357,single protein format,COc1ccc(-c2ccc3c(c2)NC(=O)/C3=C\c2[nH]c3c(c2CCC(=O)O)CCCC3)cc1,,,CHEMBL1133768,J Med Chem,2000,,,CHEMBL91815,,CHEMBL91815,,0,http://www.openphacts.org/units/Nanomolar,163348,>,1,1,>,,IC50,nM,,100000.0,CHEMBL203,Homo sapiens,Epidermal growth factor receptor,9606,,,IC50,uM,UO_0000065,,100.0
,,88634,[],CHEMBL679949,Evaluated for inhibitory activity towards tyrosine kinase Epidermal growth factor receptor,B,,,BAO_0000190,BAO_0000357,single protein format,O=C1Nc2ccccc2/C1=C/c1cc2c([nH]1)CCCC2,,,CHEMBL1133768,J Med Chem,2000,,,CHEMBL328029,,CHEMBL328029,,0,http://www.openphacts.org/units/Nanomolar,163357,>,1,1,>,,IC50,nM,,100000.0,CHEMBL203,Homo sapiens,Epidermal growth factor receptor,9606,,,IC50,uM,UO_0000065,,100.0
,,88643,[],CHEMBL679949,Evaluated for inhibitory activity towards tyrosine kinase Epidermal growth factor receptor,B,,,BAO_0000190,BAO_0000357,single protein format,O=C(O)CCc1c(/C=C2\C(=O)Nc3ccc(Br)cc32)[nH]c2c1CCCC2,,,CHEMBL1133768,J Med Chem,2000,,,CHEMBL314995,,CHEMBL314995,,0,http://www.openphacts.org/units/Nanomolar,163343,>,1,1,>,,IC50,nM,,100000.0,CHEMBL203,Homo sapiens,Epidermal growth factor receptor,9606,,,IC50,uM,UO_0000065,,100.0
,,91573,[],CHEMBL679949,Evaluated for inhibitory activity towards tyrosine kinase Epidermal growth factor receptor,B,,,BAO_0000190,BAO_0000357,single protein format,NS(=O)(=O)c1ccc2c(c1)/C(=C/c1cc3c([nH]1)CCCC3)C(=O)N2,,,CHEMBL1133768,J Med Chem,2000,,,CHEMBL88483,,CHEMBL88483,,0,http://www.openphacts.org/units/Nanomolar,163351,>,1,1,>,,IC50,nM,,100000.0,CHEMBL203,Homo sapiens,Epidermal growth factor receptor,9606,,,IC50,uM,UO_0000065,,100.0
,,91582,[],CHEMBL679949,Evaluated for inhibitory activity towards tyrosine kinase Epidermal growth factor receptor,B,,,BAO_0000190,BAO_0000357,single protein format,O=C1Nc2cc(-c3ccccc3)ccc2/C1=C/c1cc2c([nH]1)CCCC2,,,CHEMBL1133768,J Med Chem,2000,,,CHEMBL313746,,CHEMBL313746,,0,http://www.openphacts.org/units/Nanomolar,163355,>,1,1,>,,IC50,nM,,100000.0,CHEMBL203,Homo sapiens,Epidermal growth factor receptor,9606,,,IC50,uM,UO_0000065,,100.0
,,91591,[],CHEMBL679949,Evaluated for inhibitory activity towards tyrosine kinase Epidermal growth factor receptor,B,,,BAO_0000190,BAO_0000357,single protein format,Cc1c[nH]c(/C=C2\C(=O)Nc3ccccc32)c1CCC(=O)O,,,CHEMBL1133768,J Med Chem,2000,,,CHEMBL89363,,CHEMBL89363,,1,http://www.openphacts.org/units/Nanomolar,163345,>,1,1,>,,IC50,nM,,100000.0,CHEMBL203,Homo sapiens,Epidermal growth factor receptor,9606,,,IC50,uM,UO_0000065,,100.0
,,92603,[],CHEMBL679949,Evaluated for inhibitory activity towards tyrosine kinase Epidermal growth factor receptor,B,,,BAO_0000190,BAO_0000357,single protein format,Cc1cc(C)c(/C=C2\C(=O)Nc3ccccc32)[nH]1,,,CHEMBL1133768,J Med Chem,2000,,,CHEMBL276711,SEMAXANIB,CHEMBL276711,,1,http://www.openphacts.org/units/Nanomolar,163338,>,1,1,>,,IC50,nM,,100000.0,CHEMBL203,Homo sapiens,Epidermal growth factor receptor,9606,,,IC50,uM,UO_0000065,,100.0
,,96622,[],CHEMBL679949,Evaluated for inhibitory activity towards tyrosine kinase Epidermal growth factor receptor,B,,,BAO_0000190,BAO_0000357,single protein format,COc1ccc(-c2ccc3c(c2)NC(=O)/C3=C\c2cc3c([nH]2)CCCC3)cc1,,,CHEMBL1133768,J Med Chem,2000,,,CHEMBL313500,,CHEMBL313500,,0,http://www.openphacts.org/units/Nanomolar,163346,>,1,1,>,,IC50,nM,,100000.0,CHEMBL203,Homo sapiens,Epidermal growth factor receptor,9606,,,IC50,uM,UO_0000065,,100.0
,,98658,[],CHEMBL679949,Evaluated for inhibitory activity towards tyrosine kinase Epidermal growth factor receptor,B,,,BAO_0000190,BAO_0000357,single protein format,O=C1Nc2ccc(C(=O)O)cc2/C1=C/c1cc2c([nH]1)CCCC2,,,CHEMBL1133768,J Med Chem,2000,,,CHEMBL89010,,CHEMBL89010,,0,http://www.openphacts.org/units/Nanomolar,163352,>,1,1,>,,IC50,nM,,100000.0,CHEMBL203,Homo sapiens,Epidermal growth factor receptor,9606,,,IC50,uM,UO_0000065,,100.0
,,98667,[],CHEMBL679949,Evaluated for inhibitory activity towards tyrosine kinase Epidermal growth factor receptor,B,,,BAO_0000190,BAO_0000357,single protein format,NS(=O)(=O)c1ccc2c(c1)/C(=C/c1[nH]c3c(c1CCC(=O)O)CCCC3)C(=O)N2,,,CHEMBL1133768,J Med Chem,2000,"{'bei': '10.92', 'le': '0.21', 'lle': '2.49', 'sei': '3.19'}",,CHEMBL86531,,CHEMBL86531,4.54,0,http://www.openphacts.org/units/Nanomolar,163342,=,1,1,=,,IC50,nM,,29100.0,CHEMBL203,Homo sapiens,Epidermal growth factor receptor,9606,,,IC50,uM,UO_0000065,,29.1
,,99530,[],CHEMBL679949,Evaluated for inhibitory activity towards tyrosine kinase Epidermal growth factor receptor,B,,,BAO_0000190,BAO_0000357,single protein format,O=C(O)CCc1c(/C=C2\C(=O)Nc3ccccc32)[nH]c2c1CCCC2,,,CHEMBL1133768,J Med Chem,2000,,,CHEMBL315753,,CHEMBL315753,,0,http://www.openphacts.org/units/Nanomolar,163344,>,1,1,>,,IC50,nM,,100000.0,CHEMBL203,Homo sapiens,Epidermal growth factor receptor,9606,,,IC50,uM,UO_0000065,,100.0
,,104507,[],CHEMBL679949,Evaluated for inhibitory activity towards tyrosine kinase Epidermal growth factor receptor,B,,,BAO_0000190,BAO_0000357,single protein format,O=C1Nc2ccc(Br)cc2/C1=C/c1cc2c([nH]1)CCCC2,,,CHEMBL1133768,J Med Chem,2000,,,CHEMBL88606,,CHEMBL88606,,0,http://www.openphacts.org/units/Nanomolar,163356,>,1,1,>,,IC50,nM,,100000.0,CHEMBL203,Homo sapiens,Epidermal growth factor receptor,9606,,,IC50,uM,UO_0000065,,100.0
,,104516,[],CHEMBL679949,Evaluated for inhibitory activity towards tyrosine kinase Epidermal growth factor receptor,B,,,BAO_0000190,BAO_0000357,single protein format,COc1ccccc1-c1ccc2c(c1)NC(=O)/C2=C\c1[nH]c2c(c1CCC(=O)O)CCCC2,,,CHEMBL1133768,J Med Chem,2000,,,CHEMBL313821,,CHEMBL313821,,0,http://www.openphacts.org/units/Nanomolar,163349,>,1,1,>,,IC50,nM,,100000.0,CHEMBL203,Homo sapiens,Epidermal growth factor receptor,9606,,,IC50,uM,UO_0000065,,100.0
,,105574,[],CHEMBL679549,Inhibitory activity against recombinant tyrosine kinase EGF-R (EGF-R ICD),B,,,BAO_0000190,BAO_0000357,single protein format,O=C1NC(=O)c2cc(NC3CCCCC3)c(NC3CCCCC3)cc21,,,CHEMBL1127678,J Med Chem,1994,,,CHEMBL266969,,CHEMBL266969,,0,http://www.openphacts.org/units/Nanomolar,2999,>,1,1,>,,IC50,nM,,50000.0,CHEMBL203,Homo sapiens,Epidermal growth factor receptor,9606,,,IC50,uM,UO_0000065,,50.0
,,105738,[],CHEMBL673925,Inhibition of phosphorylation of a polyglutamic acid/tyrosine random copolymer by EGFR enzyme (from human A431 carcinoma cell vesicles),B,,,BAO_0000190,BAO_0000357,single protein format,C=CC(=O)N(CCN(C)C)c1cc2c(Nc3cccc(Br)c3)ncnc2cn1,,,CHEMBL1134843,J Med Chem,2001,"{'bei': '18.98', 'le': '0.41', 'lle': '4.77', 'sei': '11.28'}",,CHEMBL138691,,CHEMBL138691,8.38,0,http://www.openphacts.org/units/Nanomolar,265485,=,1,1,=,,IC50,nM,,4.2,CHEMBL203,Homo sapiens,Epidermal growth factor receptor,9606,,,IC50 app,nM,UO_0000065,,4.2
,,105739,[],CHEMBL677216,Inhibition of autophosphorylation of EGFR in A431 cells,B,,,BAO_0000190,BAO_0000219,cell-based format,C=CC(=O)N(CCN(C)C)c1cc2c(Nc3cccc(Br)c3)ncnc2cn1,,,CHEMBL1134843,J Med Chem,2001,"{'bei': '12.78', 'le': '0.28', 'lle': '2.03', 'sei': '7.60'}",,CHEMBL138691,,CHEMBL138691,5.64,0,http://www.openphacts.org/units/Nanomolar,265485,=,1,1,=,,IC50,nM,,2282.0,CHEMBL203,Homo sapiens,Epidermal growth factor receptor,9606,,,IC50,nM,UO_0000065,,2282.0
,Not Determined,106110,[],CHEMBL680020,Inhibition of epidermal growth factor receptor (EGFr) tyrosine kinase activity,B,,,BAO_0000190,BAO_0000357,single protein format,CN1CCN(c2ccc(Nc3ncc4cc(-c5c(Cl)cccc5Cl)c(=O)n(C)c4n3)cc2)CC1,,,CHEMBL1131066,J Med Chem,1998,,,CHEMBL51283,,CHEMBL51283,,0,http://www.openphacts.org/units/Nanomolar,210147,,1,0,,,IC50,nM,,,CHEMBL203,Homo sapiens,Epidermal growth factor receptor,9606,,,IC50,uM,UO_0000065,,
,,106119,[],CHEMBL679947,"Inhibition of phosphorylation of phospholipase C gamma1 by Epidermal growth factor receptor, from human A431 carcinoma cell vesicles",F,,,BAO_0000190,BAO_0000019,assay format,Cc1cccc(Nc2ncnc3cnc(N(C)C)nc23)c1,,,CHEMBL1130057,J Med Chem,1997,,,CHEMBL52829,,CHEMBL52829,8.40,0,http://www.openphacts.org/units/Nanomolar,89148,=,1,1,=,,IC50,nM,,4.0,CHEMBL203,Homo sapiens,Epidermal growth factor receptor,9606,,,IC50,nM,UO_0000065,,4.0
,,106120,[],CHEMBL679947,"Inhibition of phosphorylation of phospholipase C gamma1 by Epidermal growth factor receptor, from human A431 carcinoma cell vesicles",F,,,BAO_0000190,BAO_0000019,assay format,Cc1cccc(Nc2ncnc3cnc(Cl)nc23)c1,,,CHEMBL1130057,J Med Chem,1997,,,CHEMBL52823,,CHEMBL52823,6.42,0,http://www.openphacts.org/units/Nanomolar,89162,=,1,1,=,,IC50,nM,,380.0,CHEMBL203,Homo sapiens,Epidermal growth factor receptor,9606,,,IC50,nM,UO_0000065,,380.0
,,106688,[],CHEMBL679549,Inhibitory activity against recombinant tyrosine kinase EGF-R (EGF-R ICD),B,,,BAO_0000190,BAO_0000357,single protein format,O=C1c2cc(Nc3ccccc3)c(Nc3ccccc3)cc2C(=O)N1c1ccccc1,,,CHEMBL1127678,J Med Chem,1994,,,CHEMBL8000,,CHEMBL8000,,0,http://www.openphacts.org/units/Nanomolar,3001,>,1,1,>,,IC50,nM,,100000.0,CHEMBL203,Homo sapiens,Epidermal growth factor receptor,9606,,,IC50,uM,UO_0000065,,100.0
,,106691,[],CHEMBL621149,Inhibition of EGF-dependent autophosphorylation of EGF-R in human A431 cells,F,,,BAO_0000190,BAO_0000219,cell-based format,O=C1c2cc(Nc3ccccc3)c(Nc3ccccc3)cc2C(=O)N1c1ccccc1,,,CHEMBL1127678,J Med Chem,1994,,,CHEMBL8000,,CHEMBL8000,,0,http://www.openphacts.org/units/Nanomolar,3001,>,1,1,>,,IC50,nM,,50000.0,CHEMBL203,Homo sapiens,Epidermal growth factor receptor,9606,,,IC50,uM,UO_0000065,,50.0
,,106877,[],CHEMBL673925,Inhibition of phosphorylation of a polyglutamic acid/tyrosine random copolymer by EGFR enzyme (from human A431 carcinoma cell vesicles),B,,,BAO_0000190,BAO_0000357,single protein format,C=CC(=O)N(CCCN1CCOCC1)c1ccc2ncnc(Nc3cccc(Br)c3)c2c1,,,CHEMBL1134843,J Med Chem,2001,"{'bei': '17.09', 'le': '0.36', 'lle': '4.10', 'sei': '12.02'}",,CHEMBL139307,,CHEMBL139307,8.48,0,http://www.openphacts.org/units/Nanomolar,265483,=,1,1,=,,IC50,nM,,3.3,CHEMBL203,Homo sapiens,Epidermal growth factor receptor,9606,,,IC50 app,nM,UO_0000065,,3.3
,,106878,[],CHEMBL677216,Inhibition of autophosphorylation of EGFR in A431 cells,B,,,BAO_0000190,BAO_0000219,cell-based format,C=CC(=O)N(CCCN1CCOCC1)c1ccc2ncnc(Nc3cccc(Br)c3)c2c1,,,CHEMBL1134843,J Med Chem,2001,"{'bei': '13.52', 'le': '0.29', 'lle': '2.33', 'sei': '9.51'}",,CHEMBL139307,,CHEMBL139307,6.71,0,http://www.openphacts.org/units/Nanomolar,265483,=,1,1,=,,IC50,nM,,194.0,CHEMBL203,Homo sapiens,Epidermal growth factor receptor,9606,,,IC50,nM,UO_0000065,,194.0
,Not Determined,107294,[],CHEMBL680020,Inhibition of epidermal growth factor receptor (EGFr) tyrosine kinase activity,B,,,BAO_0000190,BAO_0000357,single protein format,CC(=O)Nc1ncc2cc(-c3c(Cl)cccc3Cl)c(=O)n(C)c2n1,,,CHEMBL1131066,J Med Chem,1998,,,CHEMBL111913,,CHEMBL111913,,0,http://www.openphacts.org/units/Nanomolar,210156,,1,0,,,IC50,nM,,,CHEMBL203,Homo sapiens,Epidermal growth factor receptor,9606,,,IC50,uM,UO_0000065,,
,,107298,[],CHEMBL680019,Inhibitory concentration was evaluated against epidermal growth factor receptor (EGFr) tyrosine kinase,B,,,BAO_0000190,BAO_0000357,single protein format,CCn1c(=O)c(-c2c(Cl)cccc2Cl)cc2cnc(Nc3ccccc3)nc21,,,CHEMBL1131066,J Med Chem,1998,"{'bei': '16.29', 'le': '0.33', 'lle': '1.17', 'sei': '11.20'}",,CHEMBL322298,,CHEMBL322298,6.70,0,http://www.openphacts.org/units/Nanomolar,210171,=,1,1,=,,IC50,nM,,200.0,CHEMBL203,Homo sapiens,Epidermal growth factor receptor,9606,,,IC50,uM,UO_0000065,,0.2
,,107302,[],CHEMBL680019,Inhibitory concentration was evaluated against epidermal growth factor receptor (EGFr) tyrosine kinase,B,,,BAO_0000190,BAO_0000357,single protein format,Cn1c(=O)c(-c2c(Cl)cccc2Cl)cc2cnc(Nc3cccc(Br)c3)nc21,,,CHEMBL1131066,J Med Chem,1998,"{'bei': '12.97', 'le': '0.30', 'lle': '0.36', 'sei': '10.32'}",,CHEMBL111434,,CHEMBL111434,6.17,0,http://www.openphacts.org/units/Nanomolar,210193,=,1,1,=,,IC50,nM,,670.0,CHEMBL203,Homo sapiens,Epidermal growth factor receptor,9606,,,IC50,uM,UO_0000065,,0.67
,,107306,[],CHEMBL680019,Inhibitory concentration was evaluated against epidermal growth factor receptor (EGFr) tyrosine kinase,B,,,BAO_0000190,BAO_0000357,single protein format,COc1cccc(Nc2ncc3cc(-c4c(Cl)cccc4Cl)c(=O)n(C)c3n2)c1,,,CHEMBL1131066,J Med Chem,1998,"{'bei': '17.61', 'le': '0.35', 'lle': '2.47', 'sei': '10.90'}",,CHEMBL111197,,CHEMBL111197,7.52,0,http://www.openphacts.org/units/Nanomolar,210190,=,1,1,=,,IC50,nM,,30.0,CHEMBL203,Homo sapiens,Epidermal growth factor receptor,9606,,,IC50,uM,UO_0000065,,0.03
,,107803,[],CHEMBL677391,Inhibition of tyrosine phosphorylation activity of the epidermal growth factor receptor (EGFR) tyrosine kinase from human A-431 carcinoma cell-shed membrane vesicles,B,,,BAO_0000190,BAO_0000019,assay format,Cn1c(SSc2c(C(=O)Nc3ccccc3)c3cccc(Cl)c3n2C)c(C(=O)Nc2ccccc2)c2cccc(Cl)c21,,,CHEMBL1127560,J Med Chem,1994,,,CHEMBL291667,,CHEMBL291667,,0,http://www.openphacts.org/units/Nanomolar,109033,>,1,1,>,,IC50,nM,,100000.0,CHEMBL203,Homo sapiens,Epidermal growth factor receptor,9606,,,IC50,uM,UO_0000065,,100.0
,,107904,[],CHEMBL679549,Inhibitory activity against recombinant tyrosine kinase EGF-R (EGF-R ICD),B,,,BAO_0000190,BAO_0000357,single protein format,COC(=O)c1cc(Nc2ccc(F)cc2)c(Nc2ccc(F)cc2)cc1C(=O)OC,,,CHEMBL1127678,J Med Chem,1994,,,CHEMBL8091,,CHEMBL8091,,0,http://www.openphacts.org/units/Nanomolar,3008,>,1,1,>,,IC50,nM,,100000.0,CHEMBL203,Homo sapiens,Epidermal growth factor receptor,9606,,,IC50,uM,UO_0000065,,100.0
,,107990,[],CHEMBL673925,Inhibition of phosphorylation of a polyglutamic acid/tyrosine random copolymer by EGFR enzyme (from human A431 carcinoma cell vesicles),B,,,BAO_0000190,BAO_0000357,single protein format,O=C(/C=C/C(=O)Nc1cc2c(Nc3cccc(Br)c3)ncnc2cn1)NCCCN1CCOCC1,,,CHEMBL1134843,J Med Chem,2001,"{'bei': '16.82', 'le': '0.35', 'lle': '6.23', 'sei': '7.49'}",,CHEMBL136058,,CHEMBL136058,9.09,0,http://www.openphacts.org/units/Nanomolar,265478,=,1,1,=,,IC50,nM,,0.81,CHEMBL203,Homo sapiens,Epidermal growth factor receptor,9606,,,IC50 app,nM,UO_0000065,,0.81
,,107991,[],CHEMBL677216,Inhibition of autophosphorylation of EGFR in A431 cells,B,,,BAO_0000190,BAO_0000219,cell-based format,O=C(/C=C/C(=O)Nc1cc2c(Nc3cccc(Br)c3)ncnc2cn1)NCCCN1CCOCC1,,,CHEMBL1134843,J Med Chem,2001,"{'bei': '14.91', 'le': '0.31', 'lle': '5.20', 'sei': '6.64'}",,CHEMBL136058,,CHEMBL136058,8.06,0,http://www.openphacts.org/units/Nanomolar,265478,=,1,1,=,,IC50,nM,,8.8,CHEMBL203,Homo sapiens,Epidermal growth factor receptor,9606,,,IC50,nM,UO_0000065,,8.8
,,107993,[],CHEMBL677213,Inhibition of EGF-stimulated autophosphorylation of EGFR in A431 cells,B,,,BAO_0000190,BAO_0000219,cell-based format,O=C(/C=C/C(=O)Nc1cc2c(Nc3cccc(Br)c3)ncnc2cn1)NCCCN1CCOCC1,,,CHEMBL1134843,J Med Chem,2001,"{'bei': '14.91', 'le': '0.31', 'lle': '5.20', 'sei': '6.64'}",,CHEMBL136058,,CHEMBL136058,8.06,0,http://www.openphacts.org/units/Nanomolar,265478,=,1,1,=,,IC50,nM,,8.8,CHEMBL203,Homo sapiens,Epidermal growth factor receptor,9606,,,IC50,nM,UO_0000065,,8.8
,,108287,[],CHEMBL680019,Inhibitory concentration was evaluated against epidermal growth factor receptor (EGFr) tyrosine kinase,B,,,BAO_0000190,BAO_0000357,single protein format,Cn1c(=O)c(-c2c(Cl)cccc2Cl)cc2cnc(NC3CCCCC3)nc21,,,CHEMBL1131066,J Med Chem,1998,,,CHEMBL113128,,CHEMBL113128,,0,http://www.openphacts.org/units/Nanomolar,210167,>,1,1,>,,IC50,nM,,50000.0,CHEMBL203,Homo sapiens,Epidermal growth factor receptor,9606,,,IC50,uM,UO_0000065,,50.0
,Not Determined,108291,[],CHEMBL680020,Inhibition of epidermal growth factor receptor (EGFr) tyrosine kinase activity,B,,,BAO_0000190,BAO_0000357,single protein format,CCOC(=O)c1cccc(Nc2ncc3cc(-c4c(Cl)cccc4Cl)c(=O)n(C)c3n2)c1,,,CHEMBL1131066,J Med Chem,1998,,,CHEMBL109547,,CHEMBL109547,,0,http://www.openphacts.org/units/Nanomolar,210183,,1,0,,,IC50,nM,,,CHEMBL203,Homo sapiens,Epidermal growth factor receptor,9606,,,IC50,uM,UO_0000065,,
,,108323,[],CHEMBL679947,"Inhibition of phosphorylation of phospholipase C gamma1 by Epidermal growth factor receptor, from human A431 carcinoma cell vesicles",F,,,BAO_0000190,BAO_0000019,assay format,COc1ncc2ncnc(Nc3cccc(Br)c3)c2n1,,,CHEMBL1130057,J Med Chem,1997,,,CHEMBL51854,,CHEMBL51854,8.42,0,http://www.openphacts.org/units/Nanomolar,89168,=,1,1,=,,IC50,nM,,3.8,CHEMBL203,Homo sapiens,Epidermal growth factor receptor,9606,,,IC50,nM,UO_0000065,,3.8
,,108863,[],CHEMBL683041,Inhibition of Epidermal Growth Factor Receptor (EGFR) autophosphorylation,B,,,BAO_0000190,BAO_0000357,single protein format,COc1cc2ncnc(Nc3ccc(F)c(Cl)c3)c2cc1OCCCN1CCOCC1,,,CHEMBL1135208,Bioorg Med Chem Lett,2002,"{'bei': '14.07', 'le': '0.28', 'lle': '2.01', 'sei': '9.15'}",,CHEMBL939,GEFITINIB,CHEMBL939,6.29,0,http://www.openphacts.org/units/Nanomolar,182223,=,1,1,=,,IC50,nM,,515.0,CHEMBL203,Homo sapiens,Epidermal growth factor receptor,9606,,,IC50,uM,UO_0000065,,0.515
,,108868,[],CHEMBL683041,Inhibition of Epidermal Growth Factor Receptor (EGFR) autophosphorylation,B,,,BAO_0000190,BAO_0000357,single protein format,C#Cc1cccc(Nc2c(C#N)cnc3cc(OCCOC)c(OCCOC)cc23)c1,,,CHEMBL1135208,Bioorg Med Chem Lett,2002,"{'bei': '14.54', 'le': '0.27', 'lle': '2.19', 'sei': '7.09'}",,CHEMBL95320,,CHEMBL95320,6.07,0,http://www.openphacts.org/units/Nanomolar,182226,=,1,1,=,,IC50,nM,,850.0,CHEMBL203,Homo sapiens,Epidermal growth factor receptor,9606,,,IC50,uM,UO_0000065,,0.85
,,109085,[],CHEMBL679549,Inhibitory activity against recombinant tyrosine kinase EGF-R (EGF-R ICD),B,,,BAO_0000190,BAO_0000357,single protein format,O=C1NC(=O)c2cc(Sc3ccccc3)c(Sc3ccccc3)cc21,,,CHEMBL1127678,J Med Chem,1994,,,CHEMBL8271,,CHEMBL8271,,0,http://www.openphacts.org/units/Nanomolar,3006,>,1,1,>,,IC50,nM,,100000.0,CHEMBL203,Homo sapiens,Epidermal growth factor receptor,9606,,,IC50,uM,UO_0000065,,100.0
,Not Determined,109639,[],CHEMBL680020,Inhibition of epidermal growth factor receptor (EGFr) tyrosine kinase activity,B,,,BAO_0000190,BAO_0000357,single protein format,Cn1c(=O)c(-c2c(Cl)cccc2Cl)cc2cnc(Nc3ccc(OCCN4CCCCC4)cc3)nc21,,,CHEMBL1131066,J Med Chem,1998,,,CHEMBL323775,,CHEMBL323775,,0,http://www.openphacts.org/units/Nanomolar,210197,,1,0,,,IC50,nM,,,CHEMBL203,Homo sapiens,Epidermal growth factor receptor,9606,,,IC50,uM,UO_0000065,,
,,109692,[],CHEMBL679947,"Inhibition of phosphorylation of phospholipase C gamma1 by Epidermal growth factor receptor, from human A431 carcinoma cell vesicles",F,,,BAO_0000190,BAO_0000019,assay format,Cc1cccc(Nc2ncnc3cnc(N)nc23)c1,,,CHEMBL1130057,J Med Chem,1997,,,CHEMBL298931,,CHEMBL298931,7.77,0,http://www.openphacts.org/units/Nanomolar,89150,=,1,1,=,,IC50,nM,,17.0,CHEMBL203,Homo sapiens,Epidermal growth factor receptor,9606,,,IC50,nM,UO_0000065,,17.0
,,110218,[],CHEMBL677391,Inhibition of tyrosine phosphorylation activity of the epidermal growth factor receptor (EGFR) tyrosine kinase from human A-431 carcinoma cell-shed membrane vesicles,B,,,BAO_0000190,BAO_0000019,assay format,COc1cccc2c(C(=O)Nc3ccccc3)c(SSc3c(C(=O)Nc4ccccc4)c4cccc(OC)c4n3C)n(C)c12,,,CHEMBL1127560,J Med Chem,1994,"{'bei': '8.33', 'le': '0.16', 'lle': '-2.80', 'sei': '6.00'}",,CHEMBL292323,,CHEMBL292323,5.19,0,http://www.openphacts.org/units/Nanomolar,109049,=,1,1,=,,IC50,nM,,6500.0,CHEMBL203,Homo sapiens,Epidermal growth factor receptor,9606,,,IC50,uM,UO_0000065,,6.5
,,110240,[],CHEMBL676146,Inhibition of EGF-dependent DNA synthesis in ER 22 cells incubated with [3H]TdR,F,,,BAO_0000190,BAO_0000219,cell-based format,COC(=O)c1cccc(NCc2cc(O)ccc2O)c1,,,CHEMBL1127084,J Med Chem,1993,,,CHEMBL334334,,CHEMBL334334,5.05,0,http://www.openphacts.org/units/Nanomolar,252404,=,1,1,=,,IC50,nM,,9000.0,CHEMBL203,Homo sapiens,Epidermal growth factor receptor,9606,,,IC50,uM,UO_0000065,,9.0
,,110242,[],CHEMBL676146,Inhibition of EGF-dependent DNA synthesis in ER 22 cells incubated with [3H]TdR,F,,,BAO_0000190,BAO_0000219,cell-based format,O=C(O)c1cc(/N=C/c2cc(O)ccc2O)ccc1O,,,CHEMBL1127084,J Med Chem,1993,,,CHEMBL316764,,CHEMBL316764,,0,http://www.openphacts.org/units/Nanomolar,252402,>,1,1,>,,IC50,nM,,100000.0,CHEMBL203,Homo sapiens,Epidermal growth factor receptor,9606,,,IC50,uM,UO_0000065,,100.0
,,110479,[],CHEMBL673925,Inhibition of phosphorylation of a polyglutamic acid/tyrosine random copolymer by EGFR enzyme (from human A431 carcinoma cell vesicles),B,,,BAO_0000190,BAO_0000357,single protein format,C=CC(=O)Nc1cc2c(Nc3ccc(F)c(Cl)c3)ncnc2cc1OCCCN1CCOCC1.Cl.Cl,,,CHEMBL1134843,J Med Chem,2001,"{'bei': '18.16', 'le': '0.35', 'lle': '4.43', 'sei': '9.96'}",,CHEMBL545315,CANERTINIB DIHYDROCHLORIDE,CHEMBL31965,8.82,0,http://www.openphacts.org/units/Nanomolar,265491,=,1,1,=,,IC50,nM,,1.5,CHEMBL203,Homo sapiens,Epidermal growth factor receptor,9606,,,IC50 app,nM,UO_0000065,,1.5
,,110480,[],CHEMBL677216,Inhibition of autophosphorylation of EGFR in A431 cells,B,,,BAO_0000190,BAO_0000219,cell-based format,C=CC(=O)Nc1cc2c(Nc3ccc(F)c(Cl)c3)ncnc2cc1OCCCN1CCOCC1.Cl.Cl,,,CHEMBL1134843,J Med Chem,2001,"{'bei': '16.73', 'le': '0.33', 'lle': '3.74', 'sei': '9.18'}",,CHEMBL545315,CANERTINIB DIHYDROCHLORIDE,CHEMBL31965,8.13,0,http://www.openphacts.org/units/Nanomolar,265491,=,1,1,=,,IC50,nM,,7.4,CHEMBL203,Homo sapiens,Epidermal growth factor receptor,9606,,,IC50,nM,UO_0000065,,7.4
,,110482,[],CHEMBL677213,Inhibition of EGF-stimulated autophosphorylation of EGFR in A431 cells,B,,,BAO_0000190,BAO_0000219,cell-based format,C=CC(=O)Nc1cc2c(Nc3ccc(F)c(Cl)c3)ncnc2cc1OCCCN1CCOCC1.Cl.Cl,,,CHEMBL1134843,J Med Chem,2001,"{'bei': '16.73', 'le': '0.33', 'lle': '3.74', 'sei': '9.18'}",,CHEMBL545315,CANERTINIB DIHYDROCHLORIDE,CHEMBL31965,8.13,0,http://www.openphacts.org/units/Nanomolar,265491,=,1,1,=,,IC50,nM,,7.4,CHEMBL203,Homo sapiens,Epidermal growth factor receptor,9606,,,IC50,nM,UO_0000065,,7.4
,,111014,[],CHEMBL680019,Inhibitory concentration was evaluated against epidermal growth factor receptor (EGFr) tyrosine kinase,B,,,BAO_0000190,BAO_0000357,single protein format,COc1ccc(Nc2ncc3cc(-c4c(Cl)cccc4Cl)c(=O)n(C)c3n2)cn1,,,CHEMBL1131066,J Med Chem,1998,"{'bei': '13.74', 'le': '0.28', 'lle': '1.44', 'sei': '7.18'}",,CHEMBL111365,,CHEMBL111365,5.89,0,http://www.openphacts.org/units/Nanomolar,210169,=,1,1,=,,IC50,nM,,1300.0,CHEMBL203,Homo sapiens,Epidermal growth factor receptor,9606,,,IC50,uM,UO_0000065,,1.3
,Not Determined,111018,[],CHEMBL680020,Inhibition of epidermal growth factor receptor (EGFr) tyrosine kinase activity,B,,,BAO_0000190,BAO_0000357,single protein format,CCNCCOc1ccc(Nc2ncc3cc(-c4c(Cl)cccc4Cl)c(=O)n(C)c3n2)cc1,,,CHEMBL1131066,J Med Chem,1998,,,CHEMBL113521,,CHEMBL113521,,0,http://www.openphacts.org/units/Nanomolar,210179,,1,0,,,IC50,nM,,,CHEMBL203,Homo sapiens,Epidermal growth factor receptor,9606,,,IC50,uM,UO_0000065,,
,,111131,[],CHEMBL679947,"Inhibition of phosphorylation of phospholipase C gamma1 by Epidermal growth factor receptor, from human A431 carcinoma cell vesicles",F,,,BAO_0000190,BAO_0000019,assay format,CNc1ncc2ncnc(Nc3cccc(C)c3)c2n1,,,CHEMBL1130057,J Med Chem,1997,,,CHEMBL52591,,CHEMBL52591,8.37,0,http://www.openphacts.org/units/Nanomolar,89149,=,1,1,=,,IC50,nM,,4.3,CHEMBL203,Homo sapiens,Epidermal growth factor receptor,9606,,,IC50,nM,UO_0000065,,4.3
,,111701,[],CHEMBL677391,Inhibition of tyrosine phosphorylation activity of the epidermal growth factor receptor (EGFR) tyrosine kinase from human A-431 carcinoma cell-shed membrane vesicles,B,,,BAO_0000190,BAO_0000019,assay format,Cc1ccc2c(C(=O)Nc3ccccc3)c(SSc3c(C(=O)Nc4ccccc4)c4ccc(C)cc4n3C)n(C)c2c1,,,CHEMBL1127560,J Med Chem,1994,,,CHEMBL64459,,CHEMBL64459,,0,http://www.openphacts.org/units/Nanomolar,109037,>,1,1,>,,IC50,nM,,100000.0,CHEMBL203,Homo sapiens,Epidermal growth factor receptor,9606,,,IC50,uM,UO_0000065,,100.0
,,111719,[],CHEMBL676146,Inhibition of EGF-dependent DNA synthesis in ER 22 cells incubated with [3H]TdR,F,,,BAO_0000190,BAO_0000219,cell-based format,COC(=O)c1cc(/N=C/c2cc(O)ccc2O)ccc1OC,,,CHEMBL1127084,J Med Chem,1993,,,CHEMBL129989,,CHEMBL129989,,0,http://www.openphacts.org/units/Nanomolar,252397,>,1,1,>,,IC50,nM,,100000.0,CHEMBL203,Homo sapiens,Epidermal growth factor receptor,9606,,,IC50,uM,UO_0000065,,100.0
,,111721,[],CHEMBL676146,Inhibition of EGF-dependent DNA synthesis in ER 22 cells incubated with [3H]TdR,F,,,BAO_0000190,BAO_0000219,cell-based format,COC(=O)c1cc(NCc2ccccc2O)ccc1O,,,CHEMBL1127084,J Med Chem,1993,,,CHEMBL132907,,CHEMBL132907,4.70,0,http://www.openphacts.org/units/Nanomolar,252393,=,1,1,=,,IC50,nM,,20000.0,CHEMBL203,Homo sapiens,Epidermal growth factor receptor,9606,,,IC50,uM,UO_0000065,,20.0
,,111730,[],CHEMBL679549,Inhibitory activity against recombinant tyrosine kinase EGF-R (EGF-R ICD),B,,,BAO_0000190,BAO_0000357,single protein format,O=C1NC(=O)c2c1c1c3ccccc3[nH]c1c1[nH]c3ccccc3c21,,,CHEMBL1127678,J Med Chem,1994,,,CHEMBL268368,STAUROSPORINE AGLYCON,CHEMBL268368,,0,http://www.openphacts.org/units/Nanomolar,2998,>,1,1,>,,IC50,nM,,100000.0,CHEMBL203,Homo sapiens,Epidermal growth factor receptor,9606,,,IC50,uM,UO_0000065,,100.0
,,111935,[],CHEMBL673925,Inhibition of phosphorylation of a polyglutamic acid/tyrosine random copolymer by EGFR enzyme (from human A431 carcinoma cell vesicles),B,,,BAO_0000190,BAO_0000357,single protein format,CCOC(=O)/C=C/C(=O)Nc1cc2c(Nc3cccc(Br)c3)ncnc2cn1,,,CHEMBL1134843,J Med Chem,2001,"{'bei': '19.95', 'le': '0.43', 'lle': '5.23', 'sei': '8.32'}",,CHEMBL422292,,CHEMBL422292,8.82,0,http://www.openphacts.org/units/Nanomolar,265461,=,1,1,=,,IC50,nM,,1.5,CHEMBL203,Homo sapiens,Epidermal growth factor receptor,9606,,,IC50 app,nM,UO_0000065,,1.5
,,111936,[],CHEMBL677216,Inhibition of autophosphorylation of EGFR in A431 cells,B,,,BAO_0000190,BAO_0000219,cell-based format,CCOC(=O)/C=C/C(=O)Nc1cc2c(Nc3cccc(Br)c3)ncnc2cn1,,,CHEMBL1134843,J Med Chem,2001,"{'bei': '16.49', 'le': '0.36', 'lle': '3.70', 'sei': '6.87'}",,CHEMBL422292,,CHEMBL422292,7.29,0,http://www.openphacts.org/units/Nanomolar,265461,=,1,1,=,,IC50,nM,,51.0,CHEMBL203,Homo sapiens,Epidermal growth factor receptor,9606,,,IC50,nM,UO_0000065,,51.0
,Not Determined,112444,[],CHEMBL680020,Inhibition of epidermal growth factor receptor (EGFr) tyrosine kinase activity,B,,,BAO_0000190,BAO_0000357,single protein format,Cc1ncc2cc(-c3c(Cl)cccc3Cl)c(=O)n(C)c2n1,,,CHEMBL1131066,J Med Chem,1998,,,CHEMBL51573,,CHEMBL51573,,0,http://www.openphacts.org/units/Nanomolar,210155,,1,0,,,IC50,nM,,,CHEMBL203,Homo sapiens,Epidermal growth factor receptor,9606,,,IC50,uM,UO_0000065,,
,,112448,[],CHEMBL680019,Inhibitory concentration was evaluated against epidermal growth factor receptor (EGFr) tyrosine kinase,B,,,BAO_0000190,BAO_0000357,single protein format,Cn1c(=O)c(-c2c(Cl)cccc2Cl)cc2cnc(NCc3cccnc3)nc21,,,CHEMBL1131066,J Med Chem,1998,,,CHEMBL110034,,CHEMBL110034,,0,http://www.openphacts.org/units/Nanomolar,210175,>,1,1,>,,IC50,nM,,5000.0,CHEMBL203,Homo sapiens,Epidermal growth factor receptor,9606,,,IC50,uM,UO_0000065,,5.0
,,112452,[],CHEMBL680019,Inhibitory concentration was evaluated against epidermal growth factor receptor (EGFr) tyrosine kinase,B,,,BAO_0000190,BAO_0000357,single protein format,COc1ccc(Nc2ncc3cc(-c4c(Cl)cccc4Cl)c(=O)n(C)c3n2)cc1C,,,CHEMBL1131066,J Med Chem,1998,"{'bei': '14.96', 'le': '0.30', 'lle': '1.24', 'sei': '9.56'}",,CHEMBL113023,,CHEMBL113023,6.60,0,http://www.openphacts.org/units/Nanomolar,210185,=,1,1,=,,IC50,nM,,250.0,CHEMBL203,Homo sapiens,Epidermal growth factor receptor,9606,,,IC50,uM,UO_0000065,,0.25
,,112518,[],CHEMBL679947,"Inhibition of phosphorylation of phospholipase C gamma1 by Epidermal growth factor receptor, from human A431 carcinoma cell vesicles",F,,,BAO_0000190,BAO_0000019,assay format,Brc1cccc(Nc2ncnc3cnc(NCCCN4CCOCC4)nc23)c1,,,CHEMBL1130057,J Med Chem,1997,,,CHEMBL417420,,CHEMBL417420,8.54,0,http://www.openphacts.org/units/Nanomolar,89153,=,1,1,=,,IC50,nM,,2.9,CHEMBL203,Homo sapiens,Epidermal growth factor receptor,9606,,,IC50,nM,UO_0000065,,2.9
,,113112,[],CHEMBL677391,Inhibition of tyrosine phosphorylation activity of the epidermal growth factor receptor (EGFR) tyrosine kinase from human A-431 carcinoma cell-shed membrane vesicles,B,,,BAO_0000190,BAO_0000019,assay format,Cn1c(SSc2c(C(=O)Nc3ccccc3)c3ccccc3n2C)c(C(=O)Nc2ccccc2)c2ccccc21,,,CHEMBL1127560,J Med Chem,1994,"{'bei': '8.89', 'le': '0.17', 'lle': '-2.97', 'sei': '7.35'}",,CHEMBL304414,,CHEMBL304414,5.00,0,http://www.openphacts.org/units/Nanomolar,109028,=,1,1,=,,IC50,nM,,10000.0,CHEMBL203,Homo sapiens,Epidermal growth factor receptor,9606,,,IC50,uM,UO_0000065,,10.0
,,113789,[],CHEMBL680019,Inhibitory concentration was evaluated against epidermal growth factor receptor (EGFr) tyrosine kinase,B,,,BAO_0000190,BAO_0000357,single protein format,CN1CCN(CCCCCNc2ncc3cc(-c4c(Cl)cccc4Cl)c(=O)n(C)c3n2)CC1,,,CHEMBL1131066,J Med Chem,1998,"{'bei': '10.92', 'le': '0.22', 'lle': '1.22', 'sei': '8.07'}",,CHEMBL106232,,CHEMBL106232,5.35,0,http://www.openphacts.org/units/Nanomolar,210159,=,1,1,=,,IC50,nM,,4500.0,CHEMBL203,Homo sapiens,Epidermal growth factor receptor,9606,,,IC50,uM,UO_0000065,,4.5
,,113793,[],CHEMBL680019,Inhibitory concentration was evaluated against epidermal growth factor receptor (EGFr) tyrosine kinase,B,,,BAO_0000190,BAO_0000357,single protein format,Cn1c(=O)c(-c2c(Cl)cccc2Cl)cc2cnc(Nc3cccc(CO)c3)nc21,,,CHEMBL1131066,J Med Chem,1998,"{'bei': '16.49', 'le': '0.33', 'lle': '2.51', 'sei': '8.80'}",,CHEMBL327127,,CHEMBL327127,7.05,0,http://www.openphacts.org/units/Nanomolar,210186,=,1,1,=,,IC50,nM,,90.0,CHEMBL203,Homo sapiens,Epidermal growth factor receptor,9606,,,IC50,uM,UO_0000065,,0.09
,,113901,[],CHEMBL679947,"Inhibition of phosphorylation of phospholipase C gamma1 by Epidermal growth factor receptor, from human A431 carcinoma cell vesicles",F,,,BAO_0000190,BAO_0000019,assay format,Brc1cccc(Nc2ncnc3cnc(NCCN4CCOCC4)nc23)c1,,,CHEMBL1130057,J Med Chem,1997,,,CHEMBL294475,,CHEMBL294475,9.09,0,http://www.openphacts.org/units/Nanomolar,89154,=,1,1,=,,IC50,nM,,0.81,CHEMBL203,Homo sapiens,Epidermal growth factor receptor,9606,,,IC50,nM,UO_0000065,,0.81
,,113902,[],CHEMBL680026,Tested for ability to inhibit autophosphorylation of the Epidermal growth factor receptor in human epidermoid carcinoma cells,F,,,BAO_0000190,BAO_0000019,assay format,Brc1cccc(Nc2ncnc3cnc(NCCN4CCOCC4)nc23)c1,,,CHEMBL1130057,J Med Chem,1997,,,CHEMBL294475,,CHEMBL294475,8.51,0,http://www.openphacts.org/units/Nanomolar,89154,=,1,1,=,,IC50,nM,,3.1,CHEMBL203,Homo sapiens,Epidermal growth factor receptor,9606,,,IC50,nM,UO_0000065,,3.1
,,114492,[],CHEMBL679549,Inhibitory activity against recombinant tyrosine kinase EGF-R (EGF-R ICD),B,,,BAO_0000190,BAO_0000357,single protein format,O=C1NC(=O)C(c2c[nH]c3ccccc23)=C1c1c[nH]c2ccccc12,,,CHEMBL1127678,J Med Chem,1994,,,CHEMBL266487,RO-316233,CHEMBL266487,,0,http://www.openphacts.org/units/Nanomolar,2997,>,1,1,>,,IC50,nM,,50000.0,CHEMBL203,Homo sapiens,Epidermal growth factor receptor,9606,,,IC50,uM,UO_0000065,,50.0
,,114538,[],CHEMBL677390,Inhibition of human epidermal growth factor receptor (EGFR),B,,,BAO_0000190,BAO_0000357,single protein format,O=C(CCc1c(SSc2[nH]c3ccccc3c2CCC(=O)NCc2ccccc2)[nH]c2ccccc12)NCc1ccccc1,,,CHEMBL1127560,J Med Chem,1994,"{'bei': '9.81', 'le': '0.19', 'lle': '-1.88', 'sei': '6.76'}",,CHEMBL293261,,CHEMBL293261,6.07,0,http://www.openphacts.org/units/Nanomolar,109061,=,1,1,=,,IC50,nM,,850.0,CHEMBL203,Homo sapiens,Epidermal growth factor receptor,9606,,,IC50,uM,UO_0000065,,0.85
,Not Determined,115001,[],CHEMBL680020,Inhibition of epidermal growth factor receptor (EGFr) tyrosine kinase activity,B,,,BAO_0000190,BAO_0000357,single protein format,Cn1c(=O)c(-c2c(Cl)cccc2Cl)cc2cnc(Nc3ccc(O)cc3)nc21,,,CHEMBL1131066,J Med Chem,1998,,,CHEMBL323405,,CHEMBL323405,,0,http://www.openphacts.org/units/Nanomolar,210187,,1,0,,,IC50,nM,,,CHEMBL203,Homo sapiens,Epidermal growth factor receptor,9606,,,IC50,uM,UO_0000065,,
,Not Determined,115005,[],CHEMBL680020,Inhibition of epidermal growth factor receptor (EGFr) tyrosine kinase activity,B,,,BAO_0000190,BAO_0000357,single protein format,Cn1c(=O)c(-c2c(Cl)cccc2Cl)cc2cnc(Nc3ccc(OCCN)cc3)nc21,,,CHEMBL1131066,J Med Chem,1998,,,CHEMBL331366,,CHEMBL331366,,0,http://www.openphacts.org/units/Nanomolar,210180,,1,0,,,IC50,nM,,,CHEMBL203,Homo sapiens,Epidermal growth factor receptor,9606,,,IC50,uM,UO_0000065,,
,,115064,[],CHEMBL679947,"Inhibition of phosphorylation of phospholipase C gamma1 by Epidermal growth factor receptor, from human A431 carcinoma cell vesicles",F,,,BAO_0000190,BAO_0000019,assay format,CNc1ncc2ncnc(Nc3ccccc3)c2n1,,,CHEMBL1130057,J Med Chem,1997,,,CHEMBL53310,,CHEMBL53310,7.89,0,http://www.openphacts.org/units/Nanomolar,89141,=,1,1,=,,IC50,nM,,13.0,CHEMBL203,Homo sapiens,Epidermal growth factor receptor,9606,,,IC50,nM,UO_0000065,,13.0
,,115581,[],CHEMBL679549,Inhibitory activity against recombinant tyrosine kinase EGF-R (EGF-R ICD),B,,,BAO_0000190,BAO_0000357,single protein format,O=C1NC(=O)c2cc(Nc3ccc(O)cc3)c(Nc3ccc(O)cc3)cc21,,,CHEMBL1127678,J Med Chem,1994,"{'bei': '15.50', 'le': '0.28', 'lle': '2.13', 'sei': '5.06'}",,CHEMBL267019,,CHEMBL267019,5.60,0,http://www.openphacts.org/units/Nanomolar,2993,=,1,1,=,,IC50,nM,,2500.0,CHEMBL203,Homo sapiens,Epidermal growth factor receptor,9606,,,IC50,uM,UO_0000065,,2.5
,,115911,[],CHEMBL673925,Inhibition of phosphorylation of a polyglutamic acid/tyrosine random copolymer by EGFR enzyme (from human A431 carcinoma cell vesicles),B,,,BAO_0000190,BAO_0000357,single protein format,C=CC(=O)Nc1ccc2ncnc(Nc3cccc(Br)c3)c2c1,,,CHEMBL1134843,J Med Chem,2001,"{'bei': '24.80', 'le': '0.54', 'lle': '4.89', 'sei': '13.68'}",,CHEMBL285063,,CHEMBL285063,9.15,1,http://www.openphacts.org/units/Nanomolar,265487,=,1,1,=,,IC50,nM,,0.7,CHEMBL203,Homo sapiens,Epidermal growth factor receptor,9606,,,IC50 app,nM,UO_0000065,,0.7
,,115912,[],CHEMBL677216,Inhibition of autophosphorylation of EGFR in A431 cells,B,,,BAO_0000190,BAO_0000219,cell-based format,C=CC(=O)Nc1ccc2ncnc(Nc3cccc(Br)c3)c2c1,,,CHEMBL1134843,J Med Chem,2001,"{'bei': '23.21', 'le': '0.51', 'lle': '4.31', 'sei': '12.81'}",,CHEMBL285063,,CHEMBL285063,8.57,1,http://www.openphacts.org/units/Nanomolar,265487,=,1,1,=,,IC50,nM,,2.7,CHEMBL203,Homo sapiens,Epidermal growth factor receptor,9606,,,IC50,nM,UO_0000065,,2.7
,,115914,[],CHEMBL673925,Inhibition of phosphorylation of a polyglutamic acid/tyrosine random copolymer by EGFR enzyme (from human A431 carcinoma cell vesicles),B,,,BAO_0000190,BAO_0000357,single protein format,C/C=C/C(=O)Nc1cc2c(Nc3cccc(Br)c3)ncnc2cn1,,,CHEMBL1134843,J Med Chem,2001,"{'bei': '24.21', 'le': '0.53', 'lle': '5.25', 'sei': '11.66'}",,CHEMBL136404,,CHEMBL136404,9.30,0,http://www.openphacts.org/units/Nanomolar,265486,=,1,1,=,,IC50,nM,,0.5,CHEMBL203,Homo sapiens,Epidermal growth factor receptor,9606,,,IC50 app,nM,UO_0000065,,0.5
,,115915,[],CHEMBL677216,Inhibition of autophosphorylation of EGFR in A431 cells,B,,,BAO_0000190,BAO_0000219,cell-based format,C/C=C/C(=O)Nc1cc2c(Nc3cccc(Br)c3)ncnc2cn1,,,CHEMBL1134843,J Med Chem,2001,"{'bei': '21.12', 'le': '0.46', 'lle': '4.06', 'sei': '10.17'}",,CHEMBL136404,,CHEMBL136404,8.11,0,http://www.openphacts.org/units/Nanomolar,265486,=,1,1,=,,IC50,nM,,7.7,CHEMBL203,Homo sapiens,Epidermal growth factor receptor,9606,,,IC50,nM,UO_0000065,,7.7
,,116316,[],CHEMBL680019,Inhibitory concentration was evaluated against epidermal growth factor receptor (EGFr) tyrosine kinase,B,,,BAO_0000190,BAO_0000357,single protein format,Cn1c(=O)c(-c2c(Cl)cccc2Cl)cc2cnc(NCc3ccccc3)nc21,,,CHEMBL1131066,J Med Chem,1998,,,CHEMBL113356,,CHEMBL113356,,0,http://www.openphacts.org/units/Nanomolar,210165,>,1,1,>,,IC50,nM,,50000.0,CHEMBL203,Homo sapiens,Epidermal growth factor receptor,9606,,,IC50,uM,UO_0000065,,50.0
,,116920,[],CHEMBL677391,Inhibition of tyrosine phosphorylation activity of the epidermal growth factor receptor (EGFR) tyrosine kinase from human A-431 carcinoma cell-shed membrane vesicles,B,,,BAO_0000190,BAO_0000019,assay format,Cn1c(SSc2c(C(=O)Nc3ccccc3)c3cc(C#N)ccc3n2C)c(C(=O)Nc2ccccc2)c2cc(C#N)ccc21,,,CHEMBL1127560,J Med Chem,1994,"{'bei': '6.96', 'le': '0.13', 'lle': '-3.45', 'sei': '3.69'}",,CHEMBL291979,,CHEMBL291979,4.27,0,http://www.openphacts.org/units/Nanomolar,109040,=,1,1,=,,IC50,nM,,54100.0,CHEMBL203,Homo sapiens,Epidermal growth factor receptor,9606,,,IC50,uM,UO_0000065,,54.1
,,116922,[],CHEMBL677391,Inhibition of tyrosine phosphorylation activity of the epidermal growth factor receptor (EGFR) tyrosine kinase from human A-431 carcinoma cell-shed membrane vesicles,B,,,BAO_0000190,BAO_0000019,assay format,Cn1c(SSc2c(C(=O)Nc3ccccc3)c3cccc(O)c3n2C)c(C(=O)Nc2ccccc2)c2cccc(O)c21,,,CHEMBL1127560,J Med Chem,1994,"{'bei': '6.73', 'le': '0.13', 'lle': '-3.39', 'sei': '3.69'}",,CHEMBL62843,,CHEMBL62843,4.00,0,http://www.openphacts.org/units/Nanomolar,109047,=,1,1,=,,IC50,nM,,100000.0,CHEMBL203,Homo sapiens,Epidermal growth factor receptor,9606,,,IC50,uM,UO_0000065,,100.0
,,116924,[],CHEMBL677391,Inhibition of tyrosine phosphorylation activity of the epidermal growth factor receptor (EGFR) tyrosine kinase from human A-431 carcinoma cell-shed membrane vesicles,B,,,BAO_0000190,BAO_0000019,assay format,CN1C(=S)C(C)(C(=O)Nc2ccccc2)c2ccccc21,,,CHEMBL1127560,J Med Chem,1994,,,CHEMBL63009,,CHEMBL63009,,0,http://www.openphacts.org/units/Nanomolar,109042,>,1,1,>,,IC50,nM,,100000.0,CHEMBL203,Homo sapiens,Epidermal growth factor receptor,9606,,,IC50,uM,UO_0000065,,100.0
,,117058,[],CHEMBL679549,Inhibitory activity against recombinant tyrosine kinase EGF-R (EGF-R ICD),B,,,BAO_0000190,BAO_0000357,single protein format,CN(c1ccccc1)c1cc2c(cc1N(C)c1ccccc1)C(=O)NC2=O,,,CHEMBL1127678,J Med Chem,1994,,,CHEMBL267941,,CHEMBL267941,,0,http://www.openphacts.org/units/Nanomolar,3005,>,1,1,>,,IC50,nM,,50000.0,CHEMBL203,Homo sapiens,Epidermal growth factor receptor,9606,,,IC50,uM,UO_0000065,,50.0
,,117213,[],CHEMBL673925,Inhibition of phosphorylation of a polyglutamic acid/tyrosine random copolymer by EGFR enzyme (from human A431 carcinoma cell vesicles),B,,,BAO_0000190,BAO_0000357,single protein format,C=CC(=O)N(C)c1cc2c(Nc3cccc(Br)c3)ncnc2cn1,,,CHEMBL1134843,J Med Chem,2001,"{'bei': '25.43', 'le': '0.56', 'lle': '6.09', 'sei': '13.76'}",,CHEMBL334697,,CHEMBL334697,9.77,0,http://www.openphacts.org/units/Nanomolar,265488,=,1,1,=,,IC50,nM,,0.17,CHEMBL203,Homo sapiens,Epidermal growth factor receptor,9606,,,IC50 app,nM,UO_0000065,,0.17
,,117214,[],CHEMBL677217,Inhibition of autophosphorylation of EGFR in A431 cells,F,,,BAO_0000190,BAO_0000219,cell-based format,C=CC(=O)N(C)c1cc2c(Nc3cccc(Br)c3)ncnc2cn1,,,CHEMBL1134843,J Med Chem,2001,,,CHEMBL334697,,CHEMBL334697,7.89,0,http://www.openphacts.org/units/Nanomolar,265488,=,1,1,=,,IC50,nM,,13.0,CHEMBL203,Homo sapiens,Epidermal growth factor receptor,9606,,,IC50,nM,UO_0000065,,13.0
,,117228,[],CHEMBL673925,Inhibition of phosphorylation of a polyglutamic acid/tyrosine random copolymer by EGFR enzyme (from human A431 carcinoma cell vesicles),B,,,BAO_0000190,BAO_0000357,single protein format,CCN(CC)CCCNC(=O)/C=C/C(=O)Nc1cc2c(Nc3cccc(Br)c3)ncnc2cn1,,,CHEMBL1134843,J Med Chem,2001,"{'bei': '17.36', 'le': '0.37', 'lle': '5.27', 'sei': '8.15'}",,CHEMBL434827,,CHEMBL434827,9.14,0,http://www.openphacts.org/units/Nanomolar,265479,=,1,1,=,,IC50,nM,,0.73,CHEMBL203,Homo sapiens,Epidermal growth factor receptor,9606,,,IC50 app,nM,UO_0000065,,0.73
,,117229,[],CHEMBL677216,Inhibition of autophosphorylation of EGFR in A431 cells,B,,,BAO_0000190,BAO_0000219,cell-based format,CCN(CC)CCCNC(=O)/C=C/C(=O)Nc1cc2c(Nc3cccc(Br)c3)ncnc2cn1,,,CHEMBL1134843,J Med Chem,2001,"{'bei': '14.58', 'le': '0.31', 'lle': '3.81', 'sei': '6.85'}",,CHEMBL434827,,CHEMBL434827,7.68,0,http://www.openphacts.org/units/Nanomolar,265479,=,1,1,=,,IC50,nM,,21.0,CHEMBL203,Homo sapiens,Epidermal growth factor receptor,9606,,,IC50,nM,UO_0000065,,21.0
,,117231,[],CHEMBL679948,Inhibition of EGF-stimulated autophosphorylation of EGFR in A431 cells,B,,,BAO_0000190,BAO_0000219,cell-based format,CCN(CC)CCCNC(=O)/C=C/C(=O)Nc1cc2c(Nc3cccc(Br)c3)ncnc2cn1,,,CHEMBL1134843,J Med Chem,2001,"{'bei': '14.58', 'le': '0.31', 'lle': '3.81', 'sei': '6.85'}",,CHEMBL434827,,CHEMBL434827,7.68,0,http://www.openphacts.org/units/Nanomolar,265479,=,1,1,=,,IC50,nM,,21.0,CHEMBL203,Homo sapiens,Epidermal growth factor receptor,9606,,,IC50,nM,UO_0000065,,21.0
,,118165,[],CHEMBL677391,Inhibition of tyrosine phosphorylation activity of the epidermal growth factor receptor (EGFR) tyrosine kinase from human A-431 carcinoma cell-shed membrane vesicles,B,,,BAO_0000190,BAO_0000019,assay format,Cc1cccc2c1c(C(=O)Nc1ccccc1)c(SSc1c(C(=O)Nc3ccccc3)c3c(C)cccc3n1C)n2C,,,CHEMBL1127560,J Med Chem,1994,,,CHEMBL292287,,CHEMBL292287,,0,http://www.openphacts.org/units/Nanomolar,109059,>,1,1,>,,IC50,nM,,100000.0,CHEMBL203,Homo sapiens,Epidermal growth factor receptor,9606,,,IC50,uM,UO_0000065,,100.0
,,118168,[],CHEMBL677391,Inhibition of tyrosine phosphorylation activity of the epidermal growth factor receptor (EGFR) tyrosine kinase from human A-431 carcinoma cell-shed membrane vesicles,B,,,BAO_0000190,BAO_0000019,assay format,Cn1c(SSc2c(C(=O)Nc3ccccc3)c3cc([N+](=O)[O-])ccc3n2C)c(C(=O)Nc2ccccc2)c2cc([N+](=O)[O-])ccc21,,,CHEMBL1127560,J Med Chem,1994,"{'bei': '8.12', 'le': '0.16', 'lle': '-2.49', 'sei': '3.43'}",,CHEMBL64430,,CHEMBL64430,5.30,0,http://www.openphacts.org/units/Nanomolar,109039,=,1,1,=,,IC50,nM,,5000.0,CHEMBL203,Homo sapiens,Epidermal growth factor receptor,9606,,,IC50,uM,UO_0000065,,5.0
,,118170,[],CHEMBL677391,Inhibition of tyrosine phosphorylation activity of the epidermal growth factor receptor (EGFR) tyrosine kinase from human A-431 carcinoma cell-shed membrane vesicles,B,,,BAO_0000190,BAO_0000019,assay format,CC(=O)Oc1ccc2c(C(=O)Nc3ccccc3)c(SSc3c(C(=O)Nc4ccccc4)c4ccc(OC(C)=O)cc4n3C)n(C)c2c1,,,CHEMBL1127560,J Med Chem,1994,,,CHEMBL64068,,CHEMBL64068,,0,http://www.openphacts.org/units/Nanomolar,109035,>,1,1,>,,IC50,nM,,100000.0,CHEMBL203,Homo sapiens,Epidermal growth factor receptor,9606,,,IC50,uM,UO_0000065,,100.0
,,118172,[],CHEMBL677391,Inhibition of tyrosine phosphorylation activity of the epidermal growth factor receptor (EGFR) tyrosine kinase from human A-431 carcinoma cell-shed membrane vesicles,B,,,BAO_0000190,BAO_0000019,assay format,CN1C(=S)C(C(=O)Nc2ccccc2)c2cc(Cl)ccc21,,,CHEMBL1127560,J Med Chem,1994,,,CHEMBL62067,,CHEMBL62067,,0,http://www.openphacts.org/units/Nanomolar,109044,>,1,1,>,,IC50,nM,,100000.0,CHEMBL203,Homo sapiens,Epidermal growth factor receptor,9606,,,IC50,uM,UO_0000065,,100.0
,,118174,[],CHEMBL677391,Inhibition of tyrosine phosphorylation activity of the epidermal growth factor receptor (EGFR) tyrosine kinase from human A-431 carcinoma cell-shed membrane vesicles,B,,,BAO_0000190,BAO_0000019,assay format,CSc1c(C(=O)Nc2ccccc2)c2ccccc2n1C,,,CHEMBL1127560,J Med Chem,1994,,,CHEMBL64814,,CHEMBL64814,,0,http://www.openphacts.org/units/Nanomolar,109052,>,1,1,>,,IC50,nM,,100000.0,CHEMBL203,Homo sapiens,Epidermal growth factor receptor,9606,,,IC50,uM,UO_0000065,,100.0
,,118461,[],CHEMBL673925,Inhibition of phosphorylation of a polyglutamic acid/tyrosine random copolymer by EGFR enzyme (from human A431 carcinoma cell vesicles),B,,,BAO_0000190,BAO_0000357,single protein format,C=CC(=O)N(CCCN1CCOCC1)c1cc2c(Nc3cccc(Br)c3)ncnc2cn1,,,CHEMBL1134843,J Med Chem,2001,"{'bei': '17.23', 'le': '0.37', 'lle': '4.80', 'sei': '10.26'}",,CHEMBL137082,,CHEMBL137082,8.57,0,http://www.openphacts.org/units/Nanomolar,265484,=,1,1,=,,IC50,nM,,2.7,CHEMBL203,Homo sapiens,Epidermal growth factor receptor,9606,,,IC50 app,nM,UO_0000065,,2.7
,,118462,[],CHEMBL677216,Inhibition of autophosphorylation of EGFR in A431 cells,B,,,BAO_0000190,BAO_0000219,cell-based format,C=CC(=O)N(CCCN1CCOCC1)c1cc2c(Nc3cccc(Br)c3)ncnc2cn1,,,CHEMBL1134843,J Med Chem,2001,"{'bei': '13.68', 'le': '0.29', 'lle': '3.04', 'sei': '8.15'}",,CHEMBL137082,,CHEMBL137082,6.81,0,http://www.openphacts.org/units/Nanomolar,265484,=,1,1,=,,IC50,nM,,156.0,CHEMBL203,Homo sapiens,Epidermal growth factor receptor,9606,,,IC50,nM,UO_0000065,,156.0
,,118831,[],CHEMBL680019,Inhibitory concentration was evaluated against epidermal growth factor receptor (EGFr) tyrosine kinase,B,,,BAO_0000190,BAO_0000357,single protein format,CN(C)c1ncc2cc(-c3c(Cl)cccc3Cl)c(=O)n(C)c2n1,,,CHEMBL1131066,J Med Chem,1998,,,CHEMBL299347,,CHEMBL299347,,1,http://www.openphacts.org/units/Nanomolar,210164,>,1,1,>,,IC50,nM,,50000.0,CHEMBL203,Homo sapiens,Epidermal growth factor receptor,9606,,,IC50,uM,UO_0000065,,50.0
,,118835,[],CHEMBL680019,Inhibitory concentration was evaluated against epidermal growth factor receptor (EGFr) tyrosine kinase,B,,,BAO_0000190,BAO_0000357,single protein format,COc1cc(Nc2ncc3cc(-c4c(Cl)cccc4Cl)c(=O)n(C)c3n2)cc(OC)c1,,,CHEMBL1131066,J Med Chem,1998,"{'bei': '14.17', 'le': '0.29', 'lle': '1.42', 'sei': '8.28'}",,CHEMBL324926,,CHEMBL324926,6.48,0,http://www.openphacts.org/units/Nanomolar,210184,=,1,1,=,,IC50,nM,,330.0,CHEMBL203,Homo sapiens,Epidermal growth factor receptor,9606,,,IC50,uM,UO_0000065,,0.33
,,118874,[],CHEMBL679947,"Inhibition of phosphorylation of phospholipase C gamma1 by Epidermal growth factor receptor, from human A431 carcinoma cell vesicles",F,,,BAO_0000190,BAO_0000019,assay format,Clc1ncc2ncnc(Nc3cccc(Br)c3)c2n1,,,CHEMBL1130057,J Med Chem,1997,,,CHEMBL53311,,CHEMBL53311,7.09,0,http://www.openphacts.org/units/Nanomolar,89142,=,1,1,=,,IC50,nM,,82.0,CHEMBL203,Homo sapiens,Epidermal growth factor receptor,9606,,,IC50,nM,UO_0000065,,82.0
,,119381,[],CHEMBL677391,Inhibition of tyrosine phosphorylation activity of the epidermal growth factor receptor (EGFR) tyrosine kinase from human A-431 carcinoma cell-shed membrane vesicles,B,,,BAO_0000190,BAO_0000019,assay format,CN1C(=S)C(C(=O)Nc2ccccc2)c2ccccc21,,,CHEMBL1127560,J Med Chem,1994,"{'bei': '21.25', 'le': '0.41', 'lle': '2.81', 'sei': '18.55'}",,CHEMBL62176,,CHEMBL62176,6.00,0,http://www.openphacts.org/units/Nanomolar,109045,=,1,1,=,,IC50,nM,,1000.0,CHEMBL203,Homo sapiens,Epidermal growth factor receptor,9606,,,IC50,uM,UO_0000065,,1.0
,,119394,[],CHEMBL676146,Inhibition of EGF-dependent DNA synthesis in ER 22 cells incubated with [3H]TdR,F,,,BAO_0000190,BAO_0000219,cell-based format,O=C(O)c1cc(/N=C/c2ccccc2O)ccc1O,,,CHEMBL1127084,J Med Chem,1993,,,CHEMBL130694,,CHEMBL130694,,0,http://www.openphacts.org/units/Nanomolar,252386,>,1,1,>,,IC50,nM,,20000.0,CHEMBL203,Homo sapiens,Epidermal growth factor receptor,9606,,,IC50,uM,UO_0000065,,20.0
,,119396,[],CHEMBL676146,Inhibition of EGF-dependent DNA synthesis in ER 22 cells incubated with [3H]TdR,F,,,BAO_0000190,BAO_0000219,cell-based format,COC(=O)c1cc(NCc2cccc(O)c2)ccc1O,,,CHEMBL1127084,J Med Chem,1993,,,CHEMBL423159,,CHEMBL423159,4.68,0,http://www.openphacts.org/units/Nanomolar,252392,=,1,1,=,,IC50,nM,,21000.0,CHEMBL203,Homo sapiens,Epidermal growth factor receptor,9606,,,IC50,uM,UO_0000065,,21.0
,,119922,[],CHEMBL680019,Inhibitory concentration was evaluated against epidermal growth factor receptor (EGFr) tyrosine kinase,B,,,BAO_0000190,BAO_0000357,single protein format,CC(C)Nc1ncc2cc(-c3c(Cl)cccc3Cl)c(=O)n(C)c2n1,,,CHEMBL1131066,J Med Chem,1998,,,CHEMBL109759,,CHEMBL109759,,0,http://www.openphacts.org/units/Nanomolar,210151,>,1,1,>,,IC50,nM,,5000.0,CHEMBL203,Homo sapiens,Epidermal growth factor receptor,9606,,,IC50,uM,UO_0000065,,5.0
,,119990,[],CHEMBL679947,"Inhibition of phosphorylation of phospholipase C gamma1 by Epidermal growth factor receptor, from human A431 carcinoma cell vesicles",F,,,BAO_0000190,BAO_0000019,assay format,CNc1ncc2ncnc(Nc3cccc(Br)c3)c2n1,,,CHEMBL1130057,J Med Chem,1997,,,CHEMBL299622,,CHEMBL299622,9.12,0,http://www.openphacts.org/units/Nanomolar,89169,=,1,1,=,,IC50,nM,,0.76,CHEMBL203,Homo sapiens,Epidermal growth factor receptor,9606,,,IC50,nM,UO_0000065,,0.76
,,119991,[],CHEMBL680026,Tested for ability to inhibit autophosphorylation of the Epidermal growth factor receptor in human epidermoid carcinoma cells,F,,,BAO_0000190,BAO_0000019,assay format,CNc1ncc2ncnc(Nc3cccc(Br)c3)c2n1,,,CHEMBL1130057,J Med Chem,1997,,,CHEMBL299622,,CHEMBL299622,7.52,0,http://www.openphacts.org/units/Nanomolar,89169,=,1,1,=,,IC50,nM,,30.0,CHEMBL203,Homo sapiens,Epidermal growth factor receptor,9606,,,IC50,nM,UO_0000065,,30.0
,,120871,[],CHEMBL673925,Inhibition of phosphorylation of a polyglutamic acid/tyrosine random copolymer by EGFR enzyme (from human A431 carcinoma cell vesicles),B,,,BAO_0000190,BAO_0000357,single protein format,C=C(C)C(=O)Nc1cc2c(Nc3cccc(Br)c3)ncnc2cn1,,,CHEMBL1134843,J Med Chem,2001,"{'bei': '22.89', 'le': '0.50', 'lle': '4.75', 'sei': '11.02'}",,CHEMBL138363,,CHEMBL138363,8.80,0,http://www.openphacts.org/units/Nanomolar,265489,=,1,1,=,,IC50,nM,,1.6,CHEMBL203,Homo sapiens,Epidermal growth factor receptor,9606,,,IC50 app,nM,UO_0000065,,1.6
,,120872,[],CHEMBL677216,Inhibition of autophosphorylation of EGFR in A431 cells,B,,,BAO_0000190,BAO_0000219,cell-based format,C=C(C)C(=O)Nc1cc2c(Nc3cccc(Br)c3)ncnc2cn1,,,CHEMBL1134843,J Med Chem,2001,"{'bei': '19.15', 'le': '0.42', 'lle': '3.31', 'sei': '9.22'}",,CHEMBL138363,,CHEMBL138363,7.36,0,http://www.openphacts.org/units/Nanomolar,265489,=,1,1,=,,IC50,nM,,44.0,CHEMBL203,Homo sapiens,Epidermal growth factor receptor,9606,,,IC50,nM,UO_0000065,,44.0
,,120874,[],CHEMBL673925,Inhibition of phosphorylation of a polyglutamic acid/tyrosine random copolymer by EGFR enzyme (from human A431 carcinoma cell vesicles),B,,,BAO_0000190,BAO_0000357,single protein format,C/C=C/C(=O)Nc1ccc2ncnc(Nc3cccc(Br)c3)c2c1,,,CHEMBL1134843,J Med Chem,2001,"{'bei': '24.16', 'le': '0.53', 'lle': '4.61', 'sei': '13.84'}",,CHEMBL93464,,CHEMBL93464,9.26,0,http://www.openphacts.org/units/Nanomolar,265460,=,1,1,=,,IC50,nM,,0.55,CHEMBL203,Homo sapiens,Epidermal growth factor receptor,9606,,,IC50 app,nM,UO_0000065,,0.55
,,120875,[],CHEMBL677216,Inhibition of autophosphorylation of EGFR in A431 cells,B,,,BAO_0000190,BAO_0000219,cell-based format,C/C=C/C(=O)Nc1ccc2ncnc(Nc3cccc(Br)c3)c2c1,,,CHEMBL1134843,J Med Chem,2001,"{'bei': '21.03', 'le': '0.46', 'lle': '3.41', 'sei': '12.05'}",,CHEMBL93464,,CHEMBL93464,8.06,0,http://www.openphacts.org/units/Nanomolar,265460,=,1,1,=,,IC50,nM,,8.7,CHEMBL203,Homo sapiens,Epidermal growth factor receptor,9606,,,IC50,nM,UO_0000065,,8.7
,Not Determined,121283,[],CHEMBL680020,Inhibition of epidermal growth factor receptor (EGFr) tyrosine kinase activity,B,,,BAO_0000190,BAO_0000357,single protein format,CN(C)CCOc1ccc(Nc2ncc3cc(-c4c(Cl)cccc4Cl)c(=O)n(C)c3n2)cc1,,,CHEMBL1131066,J Med Chem,1998,,,CHEMBL112080,,CHEMBL112080,,0,http://www.openphacts.org/units/Nanomolar,210178,,1,0,,,IC50,nM,,,CHEMBL203,Homo sapiens,Epidermal growth factor receptor,9606,,,IC50,uM,UO_0000065,,
,,121309,[],CHEMBL679947,"Inhibition of phosphorylation of phospholipase C gamma1 by Epidermal growth factor receptor, from human A431 carcinoma cell vesicles",F,,,BAO_0000190,BAO_0000019,assay format,Nc1ncc2ncnc(Nc3cccc(Br)c3)c2n1,,,CHEMBL1130057,J Med Chem,1997,,,CHEMBL53831,,CHEMBL53831,8.82,0,http://www.openphacts.org/units/Nanomolar,89143,=,1,1,=,,IC50,nM,,1.5,CHEMBL203,Homo sapiens,Epidermal growth factor receptor,9606,,,IC50,nM,UO_0000065,,1.5
,,121310,[],CHEMBL679947,"Inhibition of phosphorylation of phospholipase C gamma1 by Epidermal growth factor receptor, from human A431 carcinoma cell vesicles",F,,,BAO_0000190,BAO_0000019,assay format,Cc1cccc(Nc2ncnc3cnc(NCCN4CCOCC4)nc23)c1,,,CHEMBL1130057,J Med Chem,1997,,,CHEMBL299881,,CHEMBL299881,8.64,0,http://www.openphacts.org/units/Nanomolar,89147,=,1,1,=,,IC50,nM,,2.3,CHEMBL203,Homo sapiens,Epidermal growth factor receptor,9606,,,IC50,nM,UO_0000065,,2.3
,,121311,[],CHEMBL679947,"Inhibition of phosphorylation of phospholipase C gamma1 by Epidermal growth factor receptor, from human A431 carcinoma cell vesicles",F,,,BAO_0000190,BAO_0000019,assay format,Clc1ncc2ncnc(Nc3ccccc3)c2n1,,,CHEMBL1130057,J Med Chem,1997,,,CHEMBL50027,,CHEMBL50027,5.59,0,http://www.openphacts.org/units/Nanomolar,89163,=,1,1,=,,IC50,nM,,2550.0,CHEMBL203,Homo sapiens,Epidermal growth factor receptor,9606,,,IC50,nM,UO_0000065,,2550.0
,,121735,[],CHEMBL683041,Inhibition of Epidermal Growth Factor Receptor (EGFR) autophosphorylation,B,,,BAO_0000190,BAO_0000357,single protein format,C=CC(=O)Nc1cc2c(Nc3ccc(F)c(Cl)c3)ncnc2cc1OCCCN1CCOCC1,,,CHEMBL1135208,Bioorg Med Chem Lett,2002,"{'bei': '14.67', 'le': '0.29', 'lle': '2.74', 'sei': '8.05'}",,CHEMBL31965,CANERTINIB,CHEMBL31965,7.13,0,http://www.openphacts.org/units/Nanomolar,182229,=,1,1,=,,IC50,nM,,74.0,CHEMBL203,Homo sapiens,Epidermal growth factor receptor,9606,,,IC50,uM,UO_0000065,,0.074
,,122056,[],CHEMBL673925,Inhibition of phosphorylation of a polyglutamic acid/tyrosine random copolymer by EGFR enzyme (from human A431 carcinoma cell vesicles),B,,,BAO_0000190,BAO_0000357,single protein format,CCOC(=O)/C=C/C(=O)Nc1ccc2ncnc(Nc3cccc(Br)c3)c2c1,,,CHEMBL1134843,J Med Chem,2001,"{'bei': '19.42', 'le': '0.42', 'lle': '4.38', 'sei': '9.19'}",,CHEMBL344486,,CHEMBL344486,8.57,0,http://www.openphacts.org/units/Nanomolar,265462,=,1,1,=,,IC50,nM,,2.7,CHEMBL203,Homo sapiens,Epidermal growth factor receptor,9606,,,IC50 app,nM,UO_0000065,,2.7
,,122057,[],CHEMBL677216,Inhibition of autophosphorylation of EGFR in A431 cells,B,,,BAO_0000190,BAO_0000219,cell-based format,CCOC(=O)/C=C/C(=O)Nc1ccc2ncnc(Nc3cccc(Br)c3)c2c1,,,CHEMBL1134843,J Med Chem,2001,"{'bei': '16.30', 'le': '0.35', 'lle': '3.00', 'sei': '7.72'}",,CHEMBL344486,,CHEMBL344486,7.19,0,http://www.openphacts.org/units/Nanomolar,265462,=,1,1,=,,IC50,nM,,64.0,CHEMBL203,Homo sapiens,Epidermal growth factor receptor,9606,,,IC50,nM,UO_0000065,,64.0
,,122059,[],CHEMBL673925,Inhibition of phosphorylation of a polyglutamic acid/tyrosine random copolymer by EGFR enzyme (from human A431 carcinoma cell vesicles),B,,,BAO_0000190,BAO_0000357,single protein format,O=C(/C=C/C(=O)Nc1cc2c(Nc3ccc(F)c(Cl)c3)ncnc2cn1)NCCCN1CCOCC1,,,CHEMBL1134843,J Med Chem,2001,"{'bei': '17.93', 'le': '0.35', 'lle': '6.32', 'sei': '7.59'}",,CHEMBL138940,,CHEMBL138940,9.21,0,http://www.openphacts.org/units/Nanomolar,265475,=,1,1,=,,IC50,nM,,0.61,CHEMBL203,Homo sapiens,Epidermal growth factor receptor,9606,,,IC50 app,nM,UO_0000065,,0.61
,,122060,[],CHEMBL677216,Inhibition of autophosphorylation of EGFR in A431 cells,B,,,BAO_0000190,BAO_0000219,cell-based format,O=C(/C=C/C(=O)Nc1cc2c(Nc3ccc(F)c(Cl)c3)ncnc2cn1)NCCCN1CCOCC1,,,CHEMBL1134843,J Med Chem,2001,"{'bei': '15.28', 'le': '0.30', 'lle': '4.96', 'sei': '6.47'}",,CHEMBL138940,,CHEMBL138940,7.85,0,http://www.openphacts.org/units/Nanomolar,265475,=,1,1,=,,IC50,nM,,14.0,CHEMBL203,Homo sapiens,Epidermal growth factor receptor,9606,,,IC50,nM,UO_0000065,,14.0
,,122062,[],CHEMBL677213,Inhibition of EGF-stimulated autophosphorylation of EGFR in A431 cells,B,,,BAO_0000190,BAO_0000219,cell-based format,O=C(/C=C/C(=O)Nc1cc2c(Nc3ccc(F)c(Cl)c3)ncnc2cn1)NCCCN1CCOCC1,,,CHEMBL1134843,J Med Chem,2001,"{'bei': '15.28', 'le': '0.30', 'lle': '4.96', 'sei': '6.47'}",,CHEMBL138940,,CHEMBL138940,7.85,0,http://www.openphacts.org/units/Nanomolar,265475,=,1,1,=,,IC50,nM,,14.0,CHEMBL203,Homo sapiens,Epidermal growth factor receptor,9606,,,IC50,nM,UO_0000065,,14.0
,Not Determined,122505,[],CHEMBL680020,Inhibition of epidermal growth factor receptor (EGFr) tyrosine kinase activity,B,,,BAO_0000190,BAO_0000357,single protein format,CN1CCN(Cc2ccc(Nc3ncc4cc(-c5c(Cl)cccc5Cl)c(=O)n(C)c4n3)cc2)CC1,,,CHEMBL1131066,J Med Chem,1998,,,CHEMBL112706,,CHEMBL112706,,0,http://www.openphacts.org/units/Nanomolar,210196,,1,0,,,IC50,nM,,,CHEMBL203,Homo sapiens,Epidermal growth factor receptor,9606,,,IC50,uM,UO_0000065,,
,,122509,[],CHEMBL680019,Inhibitory concentration was evaluated against epidermal growth factor receptor (EGFr) tyrosine kinase,B,,,BAO_0000190,BAO_0000357,single protein format,Cn1c(=O)c(-c2c(Cl)cccc2Cl)cc2cnc(Nc3cccc(O)c3)nc21,,,CHEMBL1131066,J Med Chem,1998,"{'bei': '16.51', 'le': '0.33', 'lle': '2.07', 'sei': '8.53'}",,CHEMBL321193,,CHEMBL321193,6.82,0,http://www.openphacts.org/units/Nanomolar,210188,=,1,1,=,,IC50,nM,,150.0,CHEMBL203,Homo sapiens,Epidermal growth factor receptor,9606,,,IC50,uM,UO_0000065,,0.15
,,122513,[],CHEMBL680019,Inhibitory concentration was evaluated against epidermal growth factor receptor (EGFr) tyrosine kinase,B,,,BAO_0000190,BAO_0000357,single protein format,CCOC(=O)CCCc1ccc(Nc2ncc3cc(-c4c(Cl)cccc4Cl)c(=O)n(C)c3n2)cc1,,,CHEMBL1131066,J Med Chem,1998,"{'bei': '12.04', 'le': '0.24', 'lle': '0.22', 'sei': '7.15'}",,CHEMBL419022,,CHEMBL419022,6.16,0,http://www.openphacts.org/units/Nanomolar,210181,=,1,1,=,,IC50,nM,,700.0,CHEMBL203,Homo sapiens,Epidermal growth factor receptor,9606,,,IC50,uM,UO_0000065,,0.7
,,122535,[],CHEMBL679947,"Inhibition of phosphorylation of phospholipase C gamma1 by Epidermal growth factor receptor, from human A431 carcinoma cell vesicles",F,,,BAO_0000190,BAO_0000019,assay format,Brc1cccc(Nc2ncnc3cnc(NCCc4c[nH]cn4)nc23)c1,,,CHEMBL1130057,J Med Chem,1997,,,CHEMBL53426,,CHEMBL53426,9.60,0,http://www.openphacts.org/units/Nanomolar,89140,=,1,1,=,,IC50,nM,,0.25,CHEMBL203,Homo sapiens,Epidermal growth factor receptor,9606,,,IC50,nM,UO_0000065,,0.25
,,122536,[],CHEMBL680026,Tested for ability to inhibit autophosphorylation of the Epidermal growth factor receptor in human epidermoid carcinoma cells,F,,,BAO_0000190,BAO_0000019,assay format,Brc1cccc(Nc2ncnc3cnc(NCCc4c[nH]cn4)nc23)c1,,,CHEMBL1130057,J Med Chem,1997,,,CHEMBL53426,,CHEMBL53426,8.29,0,http://www.openphacts.org/units/Nanomolar,89140,=,1,1,=,,IC50,nM,,5.1,CHEMBL203,Homo sapiens,Epidermal growth factor receptor,9606,,,IC50,nM,UO_0000065,,5.1
,,122537,[],CHEMBL680030,Tested for inhibition of PLC gamma-derived substrate in Epidermal growth factor receptor stimulated A431 cells,F,,,BAO_0000190,BAO_0000219,cell-based format,CN(C)c1cc2c(Nc3cccc(Br)c3)ncnc2cn1,,,CHEMBL1130057,J Med Chem,1997,,,CHEMBL53711,,CHEMBL53711,8.59,0,http://www.openphacts.org/units/Nanomolar,89164,=,1,1,=,,IC50,nM,,2.6,CHEMBL203,Homo sapiens,Epidermal growth factor receptor,9606,,,IC50,nM,UO_0000065,,2.6
,,122538,[],CHEMBL680031,Tested for inhibition of autophosphorylation in Epidermal growth factor receptor stimulated A431 cells,F,,,BAO_0000190,BAO_0000219,cell-based format,CN(C)c1cc2c(Nc3cccc(Br)c3)ncnc2cn1,,,CHEMBL1130057,J Med Chem,1997,,,CHEMBL53711,,CHEMBL53711,7.92,0,http://www.openphacts.org/units/Nanomolar,89164,=,1,1,=,,IC50,nM,,12.0,CHEMBL203,Homo sapiens,Epidermal growth factor receptor,9606,,,IC50,nM,UO_0000065,,12.0
,,123349,[],CHEMBL673925,Inhibition of phosphorylation of a polyglutamic acid/tyrosine random copolymer by EGFR enzyme (from human A431 carcinoma cell vesicles),B,,,BAO_0000190,BAO_0000357,single protein format,O=C(/C=C/Cl)Nc1cc2c(Nc3cccc(Br)c3)ncnc2cn1,,,CHEMBL1134843,J Med Chem,2001,"{'bei': '22.64', 'le': '0.52', 'lle': '4.94', 'sei': '11.48'}",,CHEMBL344177,,CHEMBL344177,9.16,0,http://www.openphacts.org/units/Nanomolar,265469,=,1,1,=,,IC50,nM,,0.69,CHEMBL203,Homo sapiens,Epidermal growth factor receptor,9606,,,IC50 app,nM,UO_0000065,,0.69
,,123350,[],CHEMBL677216,Inhibition of autophosphorylation of EGFR in A431 cells,B,,,BAO_0000190,BAO_0000219,cell-based format,O=C(/C=C/Cl)Nc1cc2c(Nc3cccc(Br)c3)ncnc2cn1,,,CHEMBL1134843,J Med Chem,2001,"{'bei': '19.03', 'le': '0.44', 'lle': '3.48', 'sei': '9.65'}",,CHEMBL344177,,CHEMBL344177,7.70,0,http://www.openphacts.org/units/Nanomolar,265469,=,1,1,=,,IC50,nM,,20.0,CHEMBL203,Homo sapiens,Epidermal growth factor receptor,9606,,,IC50,nM,UO_0000065,,20.0
,,123352,[],CHEMBL673925,Inhibition of phosphorylation of a polyglutamic acid/tyrosine random copolymer by EGFR enzyme (from human A431 carcinoma cell vesicles),B,,,BAO_0000190,BAO_0000357,single protein format,CC(=O)/C=C/C(=O)Nc1ccc2ncnc(Nc3cccc(Br)c3)c2c1,,,CHEMBL1134843,J Med Chem,2001,"{'bei': '21.69', 'le': '0.47', 'lle': '4.70', 'sei': '10.62'}",,CHEMBL136178,,CHEMBL136178,8.92,0,http://www.openphacts.org/units/Nanomolar,265464,=,1,1,=,,IC50,nM,,1.2,CHEMBL203,Homo sapiens,Epidermal growth factor receptor,9606,,,IC50 app,nM,UO_0000065,,1.2
,,123353,[],CHEMBL677216,Inhibition of autophosphorylation of EGFR in A431 cells,B,,,BAO_0000190,BAO_0000219,cell-based format,CC(=O)/C=C/C(=O)Nc1ccc2ncnc(Nc3cccc(Br)c3)c2c1,,,CHEMBL1134843,J Med Chem,2001,"{'bei': '14.55', 'le': '0.31', 'lle': '1.76', 'sei': '7.12'}",,CHEMBL136178,,CHEMBL136178,5.98,0,http://www.openphacts.org/units/Nanomolar,265464,=,1,1,=,,IC50,nM,,1039.0,CHEMBL203,Homo sapiens,Epidermal growth factor receptor,9606,,,IC50,nM,UO_0000065,,1039.0
,,123355,[],CHEMBL673925,Inhibition of phosphorylation of a polyglutamic acid/tyrosine random copolymer by EGFR enzyme (from human A431 carcinoma cell vesicles),B,,,BAO_0000190,BAO_0000357,single protein format,C=CS(=O)(=O)Nc1ccc2ncnc(Nc3cccc(Br)c3)c2c1,,,CHEMBL1134843,J Med Chem,2001,"{'bei': '21.85', 'le': '0.50', 'lle': '4.83', 'sei': '10.54'}",,CHEMBL136511,,CHEMBL136511,8.85,0,http://www.openphacts.org/units/Nanomolar,265473,=,1,1,=,,IC50,nM,,1.4,CHEMBL203,Homo sapiens,Epidermal growth factor receptor,9606,,,IC50 app,nM,UO_0000065,,1.4
,,123356,[],CHEMBL677216,Inhibition of autophosphorylation of EGFR in A431 cells,B,,,BAO_0000190,BAO_0000219,cell-based format,C=CS(=O)(=O)Nc1ccc2ncnc(Nc3cccc(Br)c3)c2c1,,,CHEMBL1134843,J Med Chem,2001,"{'bei': '21.14', 'le': '0.49', 'lle': '4.55', 'sei': '10.20'}",,CHEMBL136511,,CHEMBL136511,8.57,0,http://www.openphacts.org/units/Nanomolar,265473,=,1,1,=,,IC50,nM,,2.7,CHEMBL203,Homo sapiens,Epidermal growth factor receptor,9606,,,IC50,nM,UO_0000065,,2.7
,Not Determined,123751,[],CHEMBL680020,Inhibition of epidermal growth factor receptor (EGFr) tyrosine kinase activity,B,,,BAO_0000190,BAO_0000357,single protein format,CC[N+]([O-])(CC)CCOc1ccc(Nc2ncc3cc(-c4c(Cl)cccc4Cl)c(=O)n(C)c3n2)cc1,,,CHEMBL1131066,J Med Chem,1998,,,CHEMBL320339,,CHEMBL320339,,0,http://www.openphacts.org/units/Nanomolar,210146,,1,0,,,IC50,nM,,,CHEMBL203,Homo sapiens,Epidermal growth factor receptor,9606,,,IC50,uM,UO_0000065,,
,,123785,[],CHEMBL679947,"Inhibition of phosphorylation of phospholipase C gamma1 by Epidermal growth factor receptor, from human A431 carcinoma cell vesicles",F,,,BAO_0000190,BAO_0000019,assay format,Cc1cccc(Nc2ncnc3cnc(NCCc4c[nH]cn4)nc23)c1,,,CHEMBL1130057,J Med Chem,1997,,,CHEMBL416307,,CHEMBL416307,8.52,0,http://www.openphacts.org/units/Nanomolar,89151,=,1,1,=,,IC50,nM,,3.0,CHEMBL203,Homo sapiens,Epidermal growth factor receptor,9606,,,IC50,nM,UO_0000065,,3.0
,,124275,[],CHEMBL677391,Inhibition of tyrosine phosphorylation activity of the epidermal growth factor receptor (EGFR) tyrosine kinase from human A-431 carcinoma cell-shed membrane vesicles,B,,,BAO_0000190,BAO_0000019,assay format,Cc1cccc2c(C(=O)Nc3ccccc3)c(SSc3c(C(=O)Nc4ccccc4)c4cccc(C)c4n3C)n(C)c12,,,CHEMBL1127560,J Med Chem,1994,,,CHEMBL64165,,CHEMBL64165,,0,http://www.openphacts.org/units/Nanomolar,109050,>,1,1,>,,IC50,nM,,100000.0,CHEMBL203,Homo sapiens,Epidermal growth factor receptor,9606,,,IC50,uM,UO_0000065,,100.0
,,124308,[],CHEMBL676146,Inhibition of EGF-dependent DNA synthesis in ER 22 cells incubated with [3H]TdR,F,,,BAO_0000190,BAO_0000219,cell-based format,O=C(O)c1cccc(/N=C/c2cc(O)ccc2O)c1,,,CHEMBL1127084,J Med Chem,1993,,,CHEMBL130116,,CHEMBL130116,,0,http://www.openphacts.org/units/Nanomolar,252405,>,1,1,>,,IC50,nM,,20000.0,CHEMBL203,Homo sapiens,Epidermal growth factor receptor,9606,,,IC50,uM,UO_0000065,,20.0
,,124325,[],CHEMBL679549,Inhibitory activity against recombinant tyrosine kinase EGF-R (EGF-R ICD),B,,,BAO_0000190,BAO_0000357,single protein format,O=c1c(-c2ccc(O)cc2)coc2cc(O)cc(O)c12,,,CHEMBL1127678,J Med Chem,1994,"{'bei': '22.20', 'le': '0.41', 'lle': '3.42', 'sei': '6.60'}",,CHEMBL44,GENISTEIN,CHEMBL44,6.00,0,http://www.openphacts.org/units/Nanomolar,2996,=,1,1,=,,IC50,nM,,1000.0,CHEMBL203,Homo sapiens,Epidermal growth factor receptor,9606,,,IC50,uM,UO_0000065,,1.0
,,124595,[],CHEMBL673925,Inhibition of phosphorylation of a polyglutamic acid/tyrosine random copolymer by EGFR enzyme (from human A431 carcinoma cell vesicles),B,,,BAO_0000190,BAO_0000357,single protein format,CN(C)CCCNC(=O)/C=C/C(=O)N(C)c1cc2c(Nc3cccc(Br)c3)ncnc2cn1,,,CHEMBL1134843,J Med Chem,2001,"{'bei': '17.25', 'le': '0.37', 'lle': '5.72', 'sei': '8.55'}",,CHEMBL136102,,CHEMBL136102,8.84,0,http://www.openphacts.org/units/Nanomolar,265476,=,1,1,=,,IC50,nM,,1.45,CHEMBL203,Homo sapiens,Epidermal growth factor receptor,9606,,,IC50 app,nM,UO_0000065,,1.45
,,124596,[],CHEMBL677216,Inhibition of autophosphorylation of EGFR in A431 cells,B,,,BAO_0000190,BAO_0000219,cell-based format,CN(C)CCCNC(=O)/C=C/C(=O)N(C)c1cc2c(Nc3cccc(Br)c3)ncnc2cn1,,,CHEMBL1134843,J Med Chem,2001,"{'bei': '13.10', 'le': '0.28', 'lle': '3.59', 'sei': '6.50'}",,CHEMBL136102,,CHEMBL136102,6.71,0,http://www.openphacts.org/units/Nanomolar,265476,=,1,1,=,,IC50,nM,,193.0,CHEMBL203,Homo sapiens,Epidermal growth factor receptor,9606,,,IC50,nM,UO_0000065,,193.0
,,124598,[],CHEMBL673925,Inhibition of phosphorylation of a polyglutamic acid/tyrosine random copolymer by EGFR enzyme (from human A431 carcinoma cell vesicles),B,,,BAO_0000190,BAO_0000357,single protein format,C=CS(=O)(=O)c1cc2c(Nc3cccc(Br)c3)ncnc2cn1,,,CHEMBL1134843,J Med Chem,2001,"{'bei': '23.94', 'le': '0.56', 'lle': '5.92', 'sei': '11.04'}",,CHEMBL336264,,CHEMBL336264,9.37,0,http://www.openphacts.org/units/Nanomolar,265471,=,1,1,=,,IC50,nM,,0.43,CHEMBL203,Homo sapiens,Epidermal growth factor receptor,9606,,,IC50 app,nM,UO_0000065,,0.43
,,124599,[],CHEMBL677216,Inhibition of autophosphorylation of EGFR in A431 cells,B,,,BAO_0000190,BAO_0000219,cell-based format,C=CS(=O)(=O)c1cc2c(Nc3cccc(Br)c3)ncnc2cn1,,,CHEMBL1134843,J Med Chem,2001,,,CHEMBL336264,,CHEMBL336264,,0,http://www.openphacts.org/units/Nanomolar,265471,>,1,1,>,,IC50,nM,,500.0,CHEMBL203,Homo sapiens,Epidermal growth factor receptor,9606,,,IC50,nM,UO_0000065,,500.0
,,125063,[],CHEMBL680019,Inhibitory concentration was evaluated against epidermal growth factor receptor (EGFr) tyrosine kinase,B,,,BAO_0000190,BAO_0000357,single protein format,COc1ccc(Nc2ncc3cc(-c4c(Cl)cccc4Cl)c(=O)n(C)c3n2)cc1,,,CHEMBL1131066,J Med Chem,1998,"{'bei': '15.58', 'le': '0.31', 'lle': '1.61', 'sei': '9.64'}",,CHEMBL104153,,CHEMBL104153,6.66,0,http://www.openphacts.org/units/Nanomolar,210189,=,1,1,=,,IC50,nM,,220.0,CHEMBL203,Homo sapiens,Epidermal growth factor receptor,9606,,,IC50,uM,UO_0000065,,0.22
,,125108,[],CHEMBL680030,Tested for inhibition of PLC gamma-derived substrate in Epidermal growth factor receptor stimulated A431 cells,F,,,BAO_0000190,BAO_0000219,cell-based format,CNc1ccc2ncnc(Nc3cccc(Br)c3)c2n1,,,CHEMBL1130057,J Med Chem,1997,,,CHEMBL53156,,CHEMBL53156,8.51,1,http://www.openphacts.org/units/Nanomolar,89157,=,1,1,=,,IC50,nM,,3.1,CHEMBL203,Homo sapiens,Epidermal growth factor receptor,9606,,,IC50,nM,UO_0000065,,3.1
,,125109,[],CHEMBL680031,Tested for inhibition of autophosphorylation in Epidermal growth factor receptor stimulated A431 cells,F,,,BAO_0000190,BAO_0000219,cell-based format,CNc1ccc2ncnc(Nc3cccc(Br)c3)c2n1,,,CHEMBL1130057,J Med Chem,1997,,,CHEMBL53156,,CHEMBL53156,7.70,1,http://www.openphacts.org/units/Nanomolar,89157,=,1,1,=,,IC50,nM,,20.0,CHEMBL203,Homo sapiens,Epidermal growth factor receptor,9606,,,IC50,nM,UO_0000065,,20.0
,,125565,[],CHEMBL683041,Inhibition of Epidermal Growth Factor Receptor (EGFR) autophosphorylation,B,,,BAO_0000190,BAO_0000357,single protein format,C=CC(=O)Nc1cc2c(Nc3ccc(F)c(Cl)c3)c(C#N)cnc2cc1OCCCN1CCOCC1,,,CHEMBL1135208,Bioorg Med Chem Lett,2002,"{'bei': '13.92', 'le': '0.27', 'lle': '2.23', 'sei': '7.13'}",,CHEMBL95774,,CHEMBL95774,7.10,0,http://www.openphacts.org/units/Nanomolar,182225,=,1,1,=,,IC50,nM,,80.0,CHEMBL203,Homo sapiens,Epidermal growth factor receptor,9606,,,IC50,uM,UO_0000065,,0.08
,,125659,[],CHEMBL676146,Inhibition of EGF-dependent DNA synthesis in ER 22 cells incubated with [3H]TdR,F,,,BAO_0000190,BAO_0000219,cell-based format,COC(=O)c1ccc(/N=C/c2cc(O)ccc2O)cc1O,,,CHEMBL1127084,J Med Chem,1993,,,CHEMBL130893,,CHEMBL130893,,0,http://www.openphacts.org/units/Nanomolar,252387,>,1,1,>,,IC50,nM,,10000.0,CHEMBL203,Homo sapiens,Epidermal growth factor receptor,9606,,,IC50,uM,UO_0000065,,10.0
,,125663,[],CHEMBL676146,Inhibition of EGF-dependent DNA synthesis in ER 22 cells incubated with [3H]TdR,F,,,BAO_0000190,BAO_0000219,cell-based format,O=C(O)c1cccc(NCc2cc(O)ccc2O)c1,,,CHEMBL1127084,J Med Chem,1993,,,CHEMBL129907,,CHEMBL129907,,0,http://www.openphacts.org/units/Nanomolar,252389,>,1,1,>,,IC50,nM,,20000.0,CHEMBL203,Homo sapiens,Epidermal growth factor receptor,9606,,,IC50,uM,UO_0000065,,20.0
,,125665,[],CHEMBL676146,Inhibition of EGF-dependent DNA synthesis in ER 22 cells incubated with [3H]TdR,F,,,BAO_0000190,BAO_0000219,cell-based format,COC(=O)c1cc(NCc2cc(O)ccc2O)ccc1O,,,CHEMBL1127084,J Med Chem,1993,,,CHEMBL131653,,CHEMBL131653,5.05,0,http://www.openphacts.org/units/Nanomolar,252399,=,1,1,=,,IC50,nM,,9000.0,CHEMBL203,Homo sapiens,Epidermal growth factor receptor,9606,,,IC50,uM,UO_0000065,,9.0
,,125676,[],CHEMBL679549,Inhibitory activity against recombinant tyrosine kinase EGF-R (EGF-R ICD),B,,,BAO_0000190,BAO_0000357,single protein format,O=C1NC(=O)c2cc(Nc3ccccc3)c(Nc3ccccc3)cc21,,,CHEMBL1127678,J Med Chem,1994,"{'bei': '19.80', 'le': '0.36', 'lle': '2.46', 'sei': '9.29'}",,CHEMBL268868,DAPH,CHEMBL268868,6.52,0,http://www.openphacts.org/units/Nanomolar,2988,=,1,1,=,,IC50,nM,,300.0,CHEMBL203,Homo sapiens,Epidermal growth factor receptor,9606,,,IC50,uM,UO_0000065,,0.3
,,125682,[],CHEMBL621149,Inhibition of EGF-dependent autophosphorylation of EGF-R in human A431 cells,F,,,BAO_0000190,BAO_0000219,cell-based format,O=C1NC(=O)c2cc(Nc3ccccc3)c(Nc3ccccc3)cc21,,,CHEMBL1127678,J Med Chem,1994,,,CHEMBL268868,DAPH,CHEMBL268868,,0,http://www.openphacts.org/units/Nanomolar,2988,>,1,1,>,,IC50,nM,,4500.0,CHEMBL203,Homo sapiens,Epidermal growth factor receptor,9606,,,IC50,uM,UO_0000065,,4.5
,,125685,[],CHEMBL679549,Inhibitory activity against recombinant tyrosine kinase EGF-R (EGF-R ICD),B,,,BAO_0000190,BAO_0000357,single protein format,COc1ccc(Nc2cc3c(cc2Nc2ccc(OC)cc2)C(=O)NC3=O)cc1,,,CHEMBL1127678,J Med Chem,1994,,,CHEMBL7352,,CHEMBL7352,,0,http://www.openphacts.org/units/Nanomolar,2990,>,1,1,>,,IC50,nM,,50000.0,CHEMBL203,Homo sapiens,Epidermal growth factor receptor,9606,,,IC50,uM,UO_0000065,,50.0
,,125689,[],CHEMBL621149,Inhibition of EGF-dependent autophosphorylation of EGF-R in human A431 cells,F,,,BAO_0000190,BAO_0000219,cell-based format,COc1ccc(Nc2cc3c(cc2Nc2ccc(OC)cc2)C(=O)NC3=O)cc1,,,CHEMBL1127678,J Med Chem,1994,,,CHEMBL7352,,CHEMBL7352,,0,http://www.openphacts.org/units/Nanomolar,2990,>,1,1,>,,IC50,nM,,100000.0,CHEMBL203,Homo sapiens,Epidermal growth factor receptor,9606,,,IC50,uM,UO_0000065,,100.0
,,125800,[],CHEMBL679549,Inhibitory activity against recombinant tyrosine kinase EGF-R (EGF-R ICD),B,,,BAO_0000190,BAO_0000357,single protein format,CN(c1ccccc1)c1cc2c(cc1Nc1ccccc1)C(=O)NC2=O,,,CHEMBL1127678,J Med Chem,1994,"{'bei': '14.74', 'le': '0.27', 'lle': '0.98', 'sei': '8.24'}",,CHEMBL7775,,CHEMBL7775,5.06,0,http://www.openphacts.org/units/Nanomolar,3010,=,1,1,=,,IC50,nM,,8700.0,CHEMBL203,Homo sapiens,Epidermal growth factor receptor,9606,,,IC50,uM,UO_0000065,,8.7
,,125805,[],CHEMBL621149,Inhibition of EGF-dependent autophosphorylation of EGF-R in human A431 cells,F,,,BAO_0000190,BAO_0000219,cell-based format,CN(c1ccccc1)c1cc2c(cc1Nc1ccccc1)C(=O)NC2=O,,,CHEMBL1127678,J Med Chem,1994,,,CHEMBL7775,,CHEMBL7775,,0,http://www.openphacts.org/units/Nanomolar,3010,>,1,1,>,,IC50,nM,,100000.0,CHEMBL203,Homo sapiens,Epidermal growth factor receptor,9606,,,IC50,uM,UO_0000065,,100.0
,,125815,[],CHEMBL679549,Inhibitory activity against recombinant tyrosine kinase EGF-R (EGF-R ICD),B,,,BAO_0000190,BAO_0000357,single protein format,COC(=O)c1cc(Nc2ccccc2)c(Nc2ccccc2)cc1C(=O)OC,,,CHEMBL1127678,J Med Chem,1994,,,CHEMBL8222,,CHEMBL8222,,0,http://www.openphacts.org/units/Nanomolar,3009,>,1,1,>,,IC50,nM,,100000.0,CHEMBL203,Homo sapiens,Epidermal growth factor receptor,9606,,,IC50,uM,UO_0000065,,100.0
,,126489,[],CHEMBL680030,Tested for inhibition of PLC gamma-derived substrate in Epidermal growth factor receptor stimulated A431 cells,F,,,BAO_0000190,BAO_0000219,cell-based format,CN(C)c1cc2c(Nc3cccc(Br)c3)ncnc2cn1,Outside typical range,"Values for this activity type are unusually large/small, so may not be accurate",CHEMBL1130057,J Med Chem,1997,,,CHEMBL53711,,CHEMBL53711,,1,http://www.openphacts.org/units/Nanomolar,89165,=,1,1,=,,IC50,nM,,0.006,CHEMBL203,Homo sapiens,Epidermal growth factor receptor,9606,,,IC50,nM,UO_0000065,,0.006
,,126490,[],CHEMBL680031,Tested for inhibition of autophosphorylation in Epidermal growth factor receptor stimulated A431 cells,F,,,BAO_0000190,BAO_0000219,cell-based format,CN(C)c1cc2c(Nc3cccc(Br)c3)ncnc2cn1,,,CHEMBL1130057,J Med Chem,1997,,,CHEMBL53711,,CHEMBL53711,7.68,1,http://www.openphacts.org/units/Nanomolar,89165,=,1,1,=,,IC50,nM,,21.0,CHEMBL203,Homo sapiens,Epidermal growth factor receptor,9606,,,IC50,nM,UO_0000065,,21.0
,,127172,[],CHEMBL677391,Inhibition of tyrosine phosphorylation activity of the epidermal growth factor receptor (EGFR) tyrosine kinase from human A-431 carcinoma cell-shed membrane vesicles,B,,,BAO_0000190,BAO_0000019,assay format,Cc1ccc2c(c1)c(C(=O)Nc1ccccc1)c(SSc1c(C(=O)Nc3ccccc3)c3cc(C)ccc3n1C)n2C,,,CHEMBL1127560,J Med Chem,1994,,,CHEMBL60200,,CHEMBL60200,,0,http://www.openphacts.org/units/Nanomolar,109054,>,1,1,>,,IC50,nM,,100000.0,CHEMBL203,Homo sapiens,Epidermal growth factor receptor,9606,,,IC50,uM,UO_0000065,,100.0
,,127175,[],CHEMBL677391,Inhibition of tyrosine phosphorylation activity of the epidermal growth factor receptor (EGFR) tyrosine kinase from human A-431 carcinoma cell-shed membrane vesicles,B,,,BAO_0000190,BAO_0000019,assay format,CC(=O)Oc1ccc2c(c1)c(C(=O)Nc1ccccc1)c(SSc1c(C(=O)Nc3ccccc3)c3cc(OC(C)=O)ccc3n1C)n2C,,,CHEMBL1127560,J Med Chem,1994,"{'bei': '7.77', 'le': '0.15', 'lle': '-2.54', 'sei': '4.37'}",,CHEMBL61119,,CHEMBL61119,5.28,0,http://www.openphacts.org/units/Nanomolar,109053,=,1,1,=,,IC50,nM,,5300.0,CHEMBL203,Homo sapiens,Epidermal growth factor receptor,9606,,,IC50,uM,UO_0000065,,5.3
,,127318,[],CHEMBL677391,Inhibition of tyrosine phosphorylation activity of the epidermal growth factor receptor (EGFR) tyrosine kinase from human A-431 carcinoma cell-shed membrane vesicles,B,,,BAO_0000190,BAO_0000019,assay format,Cn1c(SSCc2ccccc2)c(C(=O)Nc2ccccc2)c2ccccc21,,,CHEMBL1127560,J Med Chem,1994,,,CHEMBL64231,,CHEMBL64231,,0,http://www.openphacts.org/units/Nanomolar,109060,>,1,1,>,,IC50,nM,,100000.0,CHEMBL203,Homo sapiens,Epidermal growth factor receptor,9606,,,IC50,uM,UO_0000065,,100.0
,,127421,[],CHEMBL673925,Inhibition of phosphorylation of a polyglutamic acid/tyrosine random copolymer by EGFR enzyme (from human A431 carcinoma cell vesicles),B,,,BAO_0000190,BAO_0000357,single protein format,O=S(=O)(CCO)c1cc2c(Nc3cccc(Br)c3)ncnc2cn1,,,CHEMBL1134843,J Med Chem,2001,"{'bei': '17.18', 'le': '0.40', 'lle': '4.73', 'sei': '6.69'}",,CHEMBL335440,,CHEMBL335440,7.03,0,http://www.openphacts.org/units/Nanomolar,265472,=,1,1,=,,IC50,nM,,93.5,CHEMBL203,Homo sapiens,Epidermal growth factor receptor,9606,,,IC50 app,nM,UO_0000065,,93.5
,,127736,[],CHEMBL680019,Inhibitory concentration was evaluated against epidermal growth factor receptor (EGFr) tyrosine kinase,B,,,BAO_0000190,BAO_0000357,single protein format,Cn1c(=O)c(-c2c(Cl)cccc2Cl)cc2cnc(Nc3ccc(CC(=O)O)cc3)nc21,,,CHEMBL1131066,J Med Chem,1998,"{'bei': '14.62', 'le': '0.29', 'lle': '1.99', 'sei': '6.86'}",,CHEMBL50647,,CHEMBL50647,6.66,0,http://www.openphacts.org/units/Nanomolar,210158,=,1,1,=,,IC50,nM,,220.0,CHEMBL203,Homo sapiens,Epidermal growth factor receptor,9606,,,IC50,uM,UO_0000065,,0.22
,,127740,[],CHEMBL680019,Inhibitory concentration was evaluated against epidermal growth factor receptor (EGFr) tyrosine kinase,B,,,BAO_0000190,BAO_0000357,single protein format,COc1ccccc1Nc1ncc2cc(-c3c(Cl)cccc3Cl)c(=O)n(C)c2n1,,,CHEMBL1131066,J Med Chem,1998,"{'bei': '16.80', 'le': '0.34', 'lle': '2.13', 'sei': '10.40'}",,CHEMBL320705,,CHEMBL320705,7.18,0,http://www.openphacts.org/units/Nanomolar,210191,=,1,1,=,,IC50,nM,,66.0,CHEMBL203,Homo sapiens,Epidermal growth factor receptor,9606,,,IC50,uM,UO_0000065,,0.066
,,127787,[],CHEMBL679947,"Inhibition of phosphorylation of phospholipase C gamma1 by Epidermal growth factor receptor, from human A431 carcinoma cell vesicles",F,,,BAO_0000190,BAO_0000019,assay format,Brc1cccc(Nc2ncnc3cnc(NCCCn4ccnc4)nc23)c1,,,CHEMBL1130057,J Med Chem,1997,,,CHEMBL51228,,CHEMBL51228,8.64,0,http://www.openphacts.org/units/Nanomolar,89152,=,1,1,=,,IC50,nM,,2.3,CHEMBL203,Homo sapiens,Epidermal growth factor receptor,9606,,,IC50,nM,UO_0000065,,2.3
,,128253,[],CHEMBL676147,Inhibition of EGF-dependent DNA synthesis in EGF-receptor expressing ER22 cells,F,,,BAO_0000190,BAO_0000219,cell-based format,COC(=O)c1cc(/N=C/c2ccc(O)cc2)ccc1O,,,CHEMBL1127084,J Med Chem,1993,,,CHEMBL130117,,CHEMBL130117,,0,http://www.openphacts.org/units/Nanomolar,252406,>,1,1,>,,IC50,nM,,10000.0,CHEMBL203,Homo sapiens,Epidermal growth factor receptor,9606,,,IC50,uM,UO_0000065,,10.0
,,128255,[],CHEMBL676146,Inhibition of EGF-dependent DNA synthesis in ER 22 cells incubated with [3H]TdR,F,,,BAO_0000190,BAO_0000219,cell-based format,COC(=O)c1cc(NCc2cc(O)ccc2O)ccc1OC,,,CHEMBL1127084,J Med Chem,1993,,,CHEMBL129930,,CHEMBL129930,5.02,0,http://www.openphacts.org/units/Nanomolar,252403,=,1,1,=,,IC50,nM,,9500.0,CHEMBL203,Homo sapiens,Epidermal growth factor receptor,9606,,,IC50,uM,UO_0000065,,9.5
,,128843,[],CHEMBL680019,Inhibitory concentration was evaluated against epidermal growth factor receptor (EGFr) tyrosine kinase,B,,,BAO_0000190,BAO_0000357,single protein format,Cn1c(=O)c(-c2c(Cl)cccc2Cl)cc2cnc(NCCCN3CCOCC3)nc21,,,CHEMBL1131066,J Med Chem,1998,,,CHEMBL48172,,CHEMBL48172,,0,http://www.openphacts.org/units/Nanomolar,210162,>,1,1,>,,IC50,nM,,5000.0,CHEMBL203,Homo sapiens,Epidermal growth factor receptor,9606,,,IC50,uM,UO_0000065,,5.0
,,128847,[],CHEMBL680019,Inhibitory concentration was evaluated against epidermal growth factor receptor (EGFr) tyrosine kinase,B,,,BAO_0000190,BAO_0000357,single protein format,Cn1c(=O)c(-c2c(Cl)cccc2Cl)cc2cnc(NCCCCCC(=O)O)nc21,,,CHEMBL1131066,J Med Chem,1998,"{'bei': '13.78', 'le': '0.28', 'lle': '1.64', 'sei': '6.18'}",,CHEMBL113863,,CHEMBL113863,6.00,0,http://www.openphacts.org/units/Nanomolar,210173,=,1,1,=,,IC50,nM,,1000.0,CHEMBL203,Homo sapiens,Epidermal growth factor receptor,9606,,,IC50,uM,UO_0000065,,1.0
,,129395,[],CHEMBL683041,Inhibition of Epidermal Growth Factor Receptor (EGFR) autophosphorylation,B,,,BAO_0000190,BAO_0000357,single protein format,C#Cc1cccc(Nc2ncnc3cc(OCCOC)c(OCCOC)cc23)c1,,,CHEMBL1135208,Bioorg Med Chem Lett,2002,"{'bei': '14.84', 'le': '0.27', 'lle': '2.43', 'sei': '7.81'}",,CHEMBL553,ERLOTINIB,CHEMBL553,5.84,0,http://www.openphacts.org/units/Nanomolar,182228,=,1,1,=,,IC50,nM,,1450.0,CHEMBL203,Homo sapiens,Epidermal growth factor receptor,9606,,,IC50,uM,UO_0000065,,1.45
,,129504,[],CHEMBL677391,Inhibition of tyrosine phosphorylation activity of the epidermal growth factor receptor (EGFR) tyrosine kinase from human A-431 carcinoma cell-shed membrane vesicles,B,,,BAO_0000190,BAO_0000019,assay format,CN1C(=S)C(C(=O)Nc2ccccc2)c2cccnc21,,,CHEMBL1127560,J Med Chem,1994,,,CHEMBL62699,,CHEMBL62699,,0,http://www.openphacts.org/units/Nanomolar,109043,>,1,1,>,,IC50,nM,,100000.0,CHEMBL203,Homo sapiens,Epidermal growth factor receptor,9606,,,IC50,uM,UO_0000065,,100.0
,,129764,[],CHEMBL673925,Inhibition of phosphorylation of a polyglutamic acid/tyrosine random copolymer by EGFR enzyme (from human A431 carcinoma cell vesicles),B,,,BAO_0000190,BAO_0000357,single protein format,C=C(C)C(=O)Nc1ccc2ncnc(Nc3cccc(Br)c3)c2c1,,,CHEMBL1134843,J Med Chem,2001,"{'bei': '23.28', 'le': '0.51', 'lle': '4.27', 'sei': '13.33'}",,CHEMBL92086,,CHEMBL92086,8.92,0,http://www.openphacts.org/units/Nanomolar,265490,=,1,1,=,,IC50,nM,,1.2,CHEMBL203,Homo sapiens,Epidermal growth factor receptor,9606,,,IC50 app,nM,UO_0000065,,1.2
,,129765,[],CHEMBL677216,Inhibition of autophosphorylation of EGFR in A431 cells,B,,,BAO_0000190,BAO_0000219,cell-based format,C=C(C)C(=O)Nc1ccc2ncnc(Nc3cccc(Br)c3)c2c1,,,CHEMBL1134843,J Med Chem,2001,"{'bei': '20.34', 'le': '0.44', 'lle': '3.15', 'sei': '11.65'}",,CHEMBL92086,,CHEMBL92086,7.80,0,http://www.openphacts.org/units/Nanomolar,265490,=,1,1,=,,IC50,nM,,16.0,CHEMBL203,Homo sapiens,Epidermal growth factor receptor,9606,,,IC50,nM,UO_0000065,,16.0
,,130156,[],CHEMBL680019,Inhibitory concentration was evaluated against epidermal growth factor receptor (EGFr) tyrosine kinase,B,,,BAO_0000190,BAO_0000357,single protein format,Cn1c(=O)c(-c2c(Cl)cccc2Cl)cc2cnc(Nc3cccc(C(=O)O)c3)nc21,,,CHEMBL1131066,J Med Chem,1998,"{'bei': '15.23', 'le': '0.31', 'lle': '1.98', 'sei': '6.92'}",,CHEMBL109631,,CHEMBL109631,6.72,0,http://www.openphacts.org/units/Nanomolar,210148,=,1,1,=,,IC50,nM,,190.0,CHEMBL203,Homo sapiens,Epidermal growth factor receptor,9606,,,IC50,uM,UO_0000065,,0.19
,,130236,[],CHEMBL680030,Tested for inhibition of PLC gamma-derived substrate in Epidermal growth factor receptor stimulated A431 cells,F,,,BAO_0000190,BAO_0000219,cell-based format,CN(C)c1ccc2ncnc(Nc3cccc(Br)c3)c2c1,,,CHEMBL1130057,J Med Chem,1997,,,CHEMBL52015,,CHEMBL52015,7.08,1,http://www.openphacts.org/units/Nanomolar,89159,=,1,1,=,,IC50,nM,,84.0,CHEMBL203,Homo sapiens,Epidermal growth factor receptor,9606,,,IC50,nM,UO_0000065,,84.0
,,130237,[],CHEMBL680030,Tested for inhibition of PLC gamma-derived substrate in Epidermal growth factor receptor stimulated A431 cells,F,,,BAO_0000190,BAO_0000219,cell-based format,CN(C)c1ccc2ncnc(Nc3cccc(Br)c3)c2n1,,,CHEMBL1130057,J Med Chem,1997,,,CHEMBL53796,,CHEMBL53796,8.02,1,http://www.openphacts.org/units/Nanomolar,89156,=,1,1,=,,IC50,nM,,9.6,CHEMBL203,Homo sapiens,Epidermal growth factor receptor,9606,,,IC50,nM,UO_0000065,,9.6
,,130238,[],CHEMBL680031,Tested for inhibition of autophosphorylation in Epidermal growth factor receptor stimulated A431 cells,F,,,BAO_0000190,BAO_0000219,cell-based format,CN(C)c1ccc2ncnc(Nc3cccc(Br)c3)c2n1,,,CHEMBL1130057,J Med Chem,1997,,,CHEMBL53796,,CHEMBL53796,7.50,1,http://www.openphacts.org/units/Nanomolar,89156,=,1,1,=,,IC50,nM,,32.0,CHEMBL203,Homo sapiens,Epidermal growth factor receptor,9606,,,IC50,nM,UO_0000065,,32.0
,,130239,[],CHEMBL680030,Tested for inhibition of PLC gamma-derived substrate in Epidermal growth factor receptor stimulated A431 cells,F,,,BAO_0000190,BAO_0000219,cell-based format,Nc1cc2c(Nc3cccc(Br)c3)ncnc2cn1,,,CHEMBL1130057,J Med Chem,1997,,,CHEMBL51853,,CHEMBL51853,9.89,1,http://www.openphacts.org/units/Nanomolar,89167,=,1,1,=,,IC50,nM,,0.13,CHEMBL203,Homo sapiens,Epidermal growth factor receptor,9606,,,IC50,nM,UO_0000065,,0.13
,,130240,[],CHEMBL680031,Tested for inhibition of autophosphorylation in Epidermal growth factor receptor stimulated A431 cells,F,,,BAO_0000190,BAO_0000219,cell-based format,Nc1cc2c(Nc3cccc(Br)c3)ncnc2cn1,,,CHEMBL1130057,J Med Chem,1997,,,CHEMBL51853,,CHEMBL51853,7.80,1,http://www.openphacts.org/units/Nanomolar,89167,=,1,1,=,,IC50,nM,,16.0,CHEMBL203,Homo sapiens,Epidermal growth factor receptor,9606,,,IC50,nM,UO_0000065,,16.0
,,130896,[],CHEMBL677391,Inhibition of tyrosine phosphorylation activity of the epidermal growth factor receptor (EGFR) tyrosine kinase from human A-431 carcinoma cell-shed membrane vesicles,B,,,BAO_0000190,BAO_0000019,assay format,COc1cccc2c1c(C(=O)Nc1ccccc1)c(SSc1c(C(=O)Nc3ccccc3)c3c(OC)cccc3n1C)n2C,,,CHEMBL1127560,J Med Chem,1994,,,CHEMBL294205,,CHEMBL294205,,0,http://www.openphacts.org/units/Nanomolar,109058,>,1,1,>,,IC50,nM,,100000.0,CHEMBL203,Homo sapiens,Epidermal growth factor receptor,9606,,,IC50,uM,UO_0000065,,100.0
,,130899,[],CHEMBL677391,Inhibition of tyrosine phosphorylation activity of the epidermal growth factor receptor (EGFR) tyrosine kinase from human A-431 carcinoma cell-shed membrane vesicles,B,,,BAO_0000190,BAO_0000019,assay format,Cn1c(SSc2c(C(=O)Nc3ccccc3)c3ccc(O)cc3n2C)c(C(=O)Nc2ccccc2)c2ccc(O)cc21,,,CHEMBL1127560,J Med Chem,1994,"{'bei': '7.33', 'le': '0.14', 'lle': '-3.03', 'sei': '4.01'}",,CHEMBL293913,,CHEMBL293913,4.36,0,http://www.openphacts.org/units/Nanomolar,109034,=,1,1,=,,IC50,nM,,44000.0,CHEMBL203,Homo sapiens,Epidermal growth factor receptor,9606,,,IC50,uM,UO_0000065,,44.0
,,130926,[],CHEMBL676146,Inhibition of EGF-dependent DNA synthesis in ER 22 cells incubated with [3H]TdR,F,,,BAO_0000190,BAO_0000219,cell-based format,COC(=O)c1ccc(NCc2cc(O)ccc2O)cc1O,,,CHEMBL1127084,J Med Chem,1993,,,CHEMBL133283,,CHEMBL133283,5.00,0,http://www.openphacts.org/units/Nanomolar,252390,=,1,1,=,,IC50,nM,,10000.0,CHEMBL203,Homo sapiens,Epidermal growth factor receptor,9606,,,IC50,uM,UO_0000065,,10.0
,,130930,[],CHEMBL679549,Inhibitory activity against recombinant tyrosine kinase EGF-R (EGF-R ICD),B,,,BAO_0000190,BAO_0000357,single protein format,Cc1ccc(Nc2cc3c(cc2Nc2ccc(C)cc2)C(=O)NC3=O)cc1,,,CHEMBL1127678,J Med Chem,1994,"{'bei': '15.67', 'le': '0.28', 'lle': '0.93', 'sei': '7.98'}",,CHEMBL7914,,CHEMBL7914,5.60,0,http://www.openphacts.org/units/Nanomolar,2994,=,1,1,=,,IC50,nM,,2500.0,CHEMBL203,Homo sapiens,Epidermal growth factor receptor,9606,,,IC50,uM,UO_0000065,,2.5
,,130935,[],CHEMBL621149,Inhibition of EGF-dependent autophosphorylation of EGF-R in human A431 cells,F,,,BAO_0000190,BAO_0000219,cell-based format,Cc1ccc(Nc2cc3c(cc2Nc2ccc(C)cc2)C(=O)NC3=O)cc1,,,CHEMBL1127678,J Med Chem,1994,,,CHEMBL7914,,CHEMBL7914,5.35,0,http://www.openphacts.org/units/Nanomolar,2994,=,1,1,=,,IC50,nM,,4500.0,CHEMBL203,Homo sapiens,Epidermal growth factor receptor,9606,,,IC50,uM,UO_0000065,,4.5
,,130938,[],CHEMBL679549,Inhibitory activity against recombinant tyrosine kinase EGF-R (EGF-R ICD),B,,,BAO_0000190,BAO_0000357,single protein format,O=C1NC(=O)c2cc(Nc3ccc(-c4ccccc4)cc3)c(Nc3ccc(-c4ccccc4)cc3)cc21,,,CHEMBL1127678,J Med Chem,1994,,,CHEMBL7929,,CHEMBL7929,,0,http://www.openphacts.org/units/Nanomolar,3003,>,1,1,>,,IC50,nM,,50000.0,CHEMBL203,Homo sapiens,Epidermal growth factor receptor,9606,,,IC50,uM,UO_0000065,,50.0
,,130941,[],CHEMBL621149,Inhibition of EGF-dependent autophosphorylation of EGF-R in human A431 cells,F,,,BAO_0000190,BAO_0000219,cell-based format,O=C1NC(=O)c2cc(Nc3ccc(-c4ccccc4)cc3)c(Nc3ccc(-c4ccccc4)cc3)cc21,,,CHEMBL1127678,J Med Chem,1994,,,CHEMBL7929,,CHEMBL7929,,0,http://www.openphacts.org/units/Nanomolar,3003,>,1,1,>,,IC50,nM,,100000.0,CHEMBL203,Homo sapiens,Epidermal growth factor receptor,9606,,,IC50,uM,UO_0000065,,100.0
,,131068,[],CHEMBL673925,Inhibition of phosphorylation of a polyglutamic acid/tyrosine random copolymer by EGFR enzyme (from human A431 carcinoma cell vesicles),B,,,BAO_0000190,BAO_0000357,single protein format,CN(C)CCCNC(=O)/C=C/C(=O)Nc1cc2c(Nc3cccc(Br)c3)ncnc2cn1,,,CHEMBL1134843,J Med Chem,2001,"{'bei': '17.98', 'le': '0.38', 'lle': '5.87', 'sei': '7.99'}",,CHEMBL334801,,CHEMBL334801,8.96,0,http://www.openphacts.org/units/Nanomolar,265480,=,1,1,=,,IC50,nM,,1.1,CHEMBL203,Homo sapiens,Epidermal growth factor receptor,9606,,,IC50 app,nM,UO_0000065,,1.1
,,131069,[],CHEMBL677216,Inhibition of autophosphorylation of EGFR in A431 cells,B,,,BAO_0000190,BAO_0000219,cell-based format,CN(C)CCCNC(=O)/C=C/C(=O)Nc1cc2c(Nc3cccc(Br)c3)ncnc2cn1,,,CHEMBL1134843,J Med Chem,2001,"{'bei': '14.54', 'le': '0.31', 'lle': '4.15', 'sei': '6.46'}",,CHEMBL334801,,CHEMBL334801,7.24,0,http://www.openphacts.org/units/Nanomolar,265480,=,1,1,=,,IC50,nM,,57.0,CHEMBL203,Homo sapiens,Epidermal growth factor receptor,9606,,,IC50,nM,UO_0000065,,57.0
,,131071,[],CHEMBL679948,Inhibition of EGF-stimulated autophosphorylation of EGFR in A431 cells,B,,,BAO_0000190,BAO_0000219,cell-based format,CN(C)CCCNC(=O)/C=C/C(=O)Nc1cc2c(Nc3cccc(Br)c3)ncnc2cn1,,,CHEMBL1134843,J Med Chem,2001,"{'bei': '14.54', 'le': '0.31', 'lle': '4.15', 'sei': '6.46'}",,CHEMBL334801,,CHEMBL334801,7.24,0,http://www.openphacts.org/units/Nanomolar,265480,=,1,1,=,,IC50,nM,,57.0,CHEMBL203,Homo sapiens,Epidermal growth factor receptor,9606,,,IC50,nM,UO_0000065,,57.0
,,131441,[],CHEMBL680019,Inhibitory concentration was evaluated against epidermal growth factor receptor (EGFr) tyrosine kinase,B,,,BAO_0000190,BAO_0000357,single protein format,Cn1c(=O)c(-c2c(Cl)cccc2Cl)cc2cnc(NCCO)nc21,,,CHEMBL1131066,J Med Chem,1998,,,CHEMBL111618,,CHEMBL111618,,0,http://www.openphacts.org/units/Nanomolar,210166,>,1,1,>,,IC50,nM,,5000.0,CHEMBL203,Homo sapiens,Epidermal growth factor receptor,9606,,,IC50,uM,UO_0000065,,5.0
,,131445,[],CHEMBL680019,Inhibitory concentration was evaluated against epidermal growth factor receptor (EGFr) tyrosine kinase,B,,,BAO_0000190,BAO_0000357,single protein format,Cn1c(=O)c(-c2c(Cl)cccc2Cl)cc2cnc(Nc3cccnc3)nc21,,,CHEMBL1131066,J Med Chem,1998,"{'bei': '15.80', 'le': '0.32', 'lle': '1.85', 'sei': '8.66'}",,CHEMBL325589,,CHEMBL325589,6.29,0,http://www.openphacts.org/units/Nanomolar,210170,=,1,1,=,,IC50,nM,,510.0,CHEMBL203,Homo sapiens,Epidermal growth factor receptor,9606,,,IC50,uM,UO_0000065,,0.51
,,132037,[],CHEMBL683041,Inhibition of Epidermal Growth Factor Receptor (EGFR) autophosphorylation,B,,,BAO_0000190,BAO_0000357,single protein format,COc1cc2ncc(C#N)c(Nc3ccc(F)c(Cl)c3)c2cc1OCCCN1CCOCC1,,,CHEMBL1135208,Bioorg Med Chem Lett,2002,"{'bei': '12.70', 'le': '0.25', 'lle': '1.23', 'sei': '7.51'}",,CHEMBL99024,,CHEMBL99024,5.98,0,http://www.openphacts.org/units/Nanomolar,182224,=,1,1,=,,IC50,nM,,1040.0,CHEMBL203,Homo sapiens,Epidermal growth factor receptor,9606,,,IC50,uM,UO_0000065,,1.04
,,132094,[],CHEMBL677391,Inhibition of tyrosine phosphorylation activity of the epidermal growth factor receptor (EGFR) tyrosine kinase from human A-431 carcinoma cell-shed membrane vesicles,B,,,BAO_0000190,BAO_0000019,assay format,CC(=O)Oc1cccc2c1c(C(=O)Nc1ccccc1)c(SSc1c(C(=O)Nc3ccccc3)c3c(OC(C)=O)cccc3n1C)n2C,,,CHEMBL1127560,J Med Chem,1994,"{'bei': '6.92', 'le': '0.13', 'lle': '-3.12', 'sei': '3.89'}",,CHEMBL59812,,CHEMBL59812,4.70,0,http://www.openphacts.org/units/Nanomolar,109056,=,1,1,=,,IC50,nM,,20000.0,CHEMBL203,Homo sapiens,Epidermal growth factor receptor,9606,,,IC50,uM,UO_0000065,,20.0
,,132136,[],CHEMBL676146,Inhibition of EGF-dependent DNA synthesis in ER 22 cells incubated with [3H]TdR,F,,,BAO_0000190,BAO_0000219,cell-based format,COC(=O)c1cc(NCc2ccc(O)cc2)ccc1O,,,CHEMBL1127084,J Med Chem,1993,,,CHEMBL130337,,CHEMBL130337,,0,http://www.openphacts.org/units/Nanomolar,252391,>,1,1,>,,IC50,nM,,10000.0,CHEMBL203,Homo sapiens,Epidermal growth factor receptor,9606,,,IC50,uM,UO_0000065,,10.0
,,132358,[],CHEMBL673925,Inhibition of phosphorylation of a polyglutamic acid/tyrosine random copolymer by EGFR enzyme (from human A431 carcinoma cell vesicles),B,,,BAO_0000190,BAO_0000357,single protein format,O=C(/C=C/c1ccccc1)Nc1cc2c(Nc3cccc(Br)c3)ncnc2cn1,,,CHEMBL1134843,J Med Chem,2001,"{'bei': '18.02', 'le': '0.38', 'lle': '2.86', 'sei': '10.08'}",,CHEMBL434828,,CHEMBL434828,8.04,0,http://www.openphacts.org/units/Nanomolar,265465,=,1,1,=,,IC50,nM,,9.1,CHEMBL203,Homo sapiens,Epidermal growth factor receptor,9606,,,IC50 app,nM,UO_0000065,,9.1
,,132359,[],CHEMBL677216,Inhibition of autophosphorylation of EGFR in A431 cells,B,,,BAO_0000190,BAO_0000219,cell-based format,O=C(/C=C/c1ccccc1)Nc1cc2c(Nc3cccc(Br)c3)ncnc2cn1,,,CHEMBL1134843,J Med Chem,2001,"{'bei': '15.94', 'le': '0.34', 'lle': '1.93', 'sei': '8.91'}",,CHEMBL434828,,CHEMBL434828,7.11,0,http://www.openphacts.org/units/Nanomolar,265465,=,1,1,=,,IC50,nM,,77.0,CHEMBL203,Homo sapiens,Epidermal growth factor receptor,9606,,,IC50,nM,UO_0000065,,77.0
,,132779,[],CHEMBL680019,Inhibitory concentration was evaluated against epidermal growth factor receptor (EGFr) tyrosine kinase,B,,,BAO_0000190,BAO_0000357,single protein format,Cn1c(=O)c(-c2c(Cl)cccc2Cl)cc2cnc(N)nc21,,,CHEMBL1131066,J Med Chem,1998,"{'bei': '16.35', 'le': '0.34', 'lle': '2.37', 'sei': '7.12'}",,CHEMBL49596,,CHEMBL49596,5.25,1,http://www.openphacts.org/units/Nanomolar,210157,=,1,1,=,,IC50,nM,,5600.0,CHEMBL203,Homo sapiens,Epidermal growth factor receptor,9606,,,IC50,uM,UO_0000065,,5.6
,,132844,[],CHEMBL680030,Tested for inhibition of PLC gamma-derived substrate in Epidermal growth factor receptor stimulated A431 cells,F,,,BAO_0000190,BAO_0000219,cell-based format,COc1ccc2ncnc(Nc3cccc(Br)c3)c2n1,,,CHEMBL1130057,J Med Chem,1997,,,CHEMBL50519,,CHEMBL50519,8.37,1,http://www.openphacts.org/units/Nanomolar,89155,=,1,1,=,,IC50,nM,,4.3,CHEMBL203,Homo sapiens,Epidermal growth factor receptor,9606,,,IC50,nM,UO_0000065,,4.3
,,133312,[],CHEMBL677391,Inhibition of tyrosine phosphorylation activity of the epidermal growth factor receptor (EGFR) tyrosine kinase from human A-431 carcinoma cell-shed membrane vesicles,B,,,BAO_0000190,BAO_0000019,assay format,Cn1c(SSc2c(C(=O)Nc3ccccc3)c3cc(F)ccc3n2C)c(C(=O)Nc2ccccc2)c2cc(F)ccc21,,,CHEMBL1127560,J Med Chem,1994,,,CHEMBL63455,,CHEMBL63455,,0,http://www.openphacts.org/units/Nanomolar,109029,>,1,1,>,,IC50,nM,,100000.0,CHEMBL203,Homo sapiens,Epidermal growth factor receptor,9606,,,IC50,uM,UO_0000065,,100.0
,,133314,[],CHEMBL677391,Inhibition of tyrosine phosphorylation activity of the epidermal growth factor receptor (EGFR) tyrosine kinase from human A-431 carcinoma cell-shed membrane vesicles,B,,,BAO_0000190,BAO_0000019,assay format,Cn1c(SSc2c(C(=O)Nc3ccccc3)c3cc(O)ccc3n2C)c(C(=O)Nc2ccccc2)c2cc(O)ccc21,,,CHEMBL1127560,J Med Chem,1994,"{'bei': '7.39', 'le': '0.14', 'lle': '-3.00', 'sei': '4.05'}",,CHEMBL293250,,CHEMBL293250,4.39,0,http://www.openphacts.org/units/Nanomolar,109032,=,1,1,=,,IC50,nM,,40500.0,CHEMBL203,Homo sapiens,Epidermal growth factor receptor,9606,,,IC50,uM,UO_0000065,,40.5
,,133316,[],CHEMBL677391,Inhibition of tyrosine phosphorylation activity of the epidermal growth factor receptor (EGFR) tyrosine kinase from human A-431 carcinoma cell-shed membrane vesicles,B,,,BAO_0000190,BAO_0000019,assay format,Cn1c(SSc2c(C(=O)Nc3ccccc3)c3cccnc3n2C)c(C(=O)Nc2ccccc2)c2cccnc21,,,CHEMBL1127560,J Med Chem,1994,"{'bei': '8.24', 'le': '0.16', 'lle': '-2.11', 'sei': '4.96'}",,CHEMBL62701,,CHEMBL62701,4.65,0,http://www.openphacts.org/units/Nanomolar,109046,=,1,1,=,,IC50,nM,,22300.0,CHEMBL203,Homo sapiens,Epidermal growth factor receptor,9606,,,IC50,uM,UO_0000065,,22.3
,,133541,[],CHEMBL673925,Inhibition of phosphorylation of a polyglutamic acid/tyrosine random copolymer by EGFR enzyme (from human A431 carcinoma cell vesicles),B,,,BAO_0000190,BAO_0000357,single protein format,C=CC(=O)Nc1cc2c(Nc3cccc(Br)c3)ncnc2cn1,,,CHEMBL1134843,J Med Chem,2001,"{'bei': '24.42', 'le': '0.54', 'lle': '5.38', 'sei': '11.33'}",,CHEMBL51659,,CHEMBL51659,9.04,1,http://www.openphacts.org/units/Nanomolar,265459,=,1,1,=,,IC50,nM,,0.91,CHEMBL203,Homo sapiens,Epidermal growth factor receptor,9606,,,IC50 app,nM,UO_0000065,,0.91
,,133542,[],CHEMBL677216,Inhibition of autophosphorylation of EGFR in A431 cells,B,,,BAO_0000190,BAO_0000219,cell-based format,C=CC(=O)Nc1cc2c(Nc3cccc(Br)c3)ncnc2cn1,,,CHEMBL1134843,J Med Chem,2001,"{'bei': '22.87', 'le': '0.50', 'lle': '4.81', 'sei': '10.61'}",,CHEMBL51659,,CHEMBL51659,8.47,1,http://www.openphacts.org/units/Nanomolar,265459,=,1,1,=,,IC50,nM,,3.4,CHEMBL203,Homo sapiens,Epidermal growth factor receptor,9606,,,IC50,nM,UO_0000065,,3.4
,,133544,[],CHEMBL673925,Inhibition of phosphorylation of a polyglutamic acid/tyrosine random copolymer by EGFR enzyme (from human A431 carcinoma cell vesicles),B,,,BAO_0000190,BAO_0000357,single protein format,O=C(/C=C/C(F)(F)F)Nc1ccc2ncnc(Nc3cccc(Br)c3)c2c1,,,CHEMBL1134843,J Med Chem,2001,"{'bei': '20.03', 'le': '0.44', 'lle': '3.57', 'sei': '13.09'}",,CHEMBL135142,,CHEMBL135142,8.76,0,http://www.openphacts.org/units/Nanomolar,265468,=,1,1,=,,IC50,nM,,1.75,CHEMBL203,Homo sapiens,Epidermal growth factor receptor,9606,,,IC50 app,nM,UO_0000065,,1.75
,,133545,[],CHEMBL677216,Inhibition of autophosphorylation of EGFR in A431 cells,B,,,BAO_0000190,BAO_0000219,cell-based format,O=C(/C=C/C(F)(F)F)Nc1ccc2ncnc(Nc3cccc(Br)c3)c2c1,,,CHEMBL1134843,J Med Chem,2001,"{'bei': '17.05', 'le': '0.38', 'lle': '2.27', 'sei': '11.14'}",,CHEMBL135142,,CHEMBL135142,7.46,0,http://www.openphacts.org/units/Nanomolar,265468,=,1,1,=,,IC50,nM,,35.0,CHEMBL203,Homo sapiens,Epidermal growth factor receptor,9606,,,IC50,nM,UO_0000065,,35.0
,,133547,[],CHEMBL673925,Inhibition of phosphorylation of a polyglutamic acid/tyrosine random copolymer by EGFR enzyme (from human A431 carcinoma cell vesicles),B,,,BAO_0000190,BAO_0000357,single protein format,C=C=CC(=O)Nc1ccc2ncnc(Nc3cccc(Br)c3)c2c1,,,CHEMBL1134843,J Med Chem,2001,"{'bei': '23.07', 'le': '0.50', 'lle': '4.38', 'sei': '13.15'}",,CHEMBL343722,,CHEMBL343722,8.80,0,http://www.openphacts.org/units/Nanomolar,265466,=,1,1,=,,IC50,nM,,1.6,CHEMBL203,Homo sapiens,Epidermal growth factor receptor,9606,,,IC50 app,nM,UO_0000065,,1.6
,,133548,[],CHEMBL677216,Inhibition of autophosphorylation of EGFR in A431 cells,B,,,BAO_0000190,BAO_0000219,cell-based format,C=C=CC(=O)Nc1ccc2ncnc(Nc3cccc(Br)c3)c2c1,,,CHEMBL1134843,J Med Chem,2001,"{'bei': '18.15', 'le': '0.39', 'lle': '2.50', 'sei': '10.34'}",,CHEMBL343722,,CHEMBL343722,6.92,0,http://www.openphacts.org/units/Nanomolar,265466,=,1,1,=,,IC50,nM,,120.0,CHEMBL203,Homo sapiens,Epidermal growth factor receptor,9606,,,IC50,nM,UO_0000065,,120.0
,,133984,[],CHEMBL680019,Inhibitory concentration was evaluated against epidermal growth factor receptor (EGFr) tyrosine kinase,B,,,BAO_0000190,BAO_0000357,single protein format,CCn1c(=O)c(-c2c(Cl)cccc2Cl)cc2cnc(Nc3ccncc3)nc21,,,CHEMBL1131066,J Med Chem,1998,"{'bei': '15.30', 'le': '0.31', 'lle': '1.39', 'sei': '8.68'}",,CHEMBL448154,,CHEMBL448154,6.31,0,http://www.openphacts.org/units/Nanomolar,210195,=,1,1,=,,IC50,nM,,490.0,CHEMBL203,Homo sapiens,Epidermal growth factor receptor,9606,,,IC50,uM,UO_0000065,,0.49
,,134564,[],CHEMBL677391,Inhibition of tyrosine phosphorylation activity of the epidermal growth factor receptor (EGFR) tyrosine kinase from human A-431 carcinoma cell-shed membrane vesicles,B,,,BAO_0000190,BAO_0000019,assay format,Cn1c(SSc2c(C(=O)Nc3ccccc3)c3ccc(Cl)cc3n2C)c(C(=O)Nc2ccccc2)c2ccc(Cl)cc21,,,CHEMBL1127560,J Med Chem,1994,,,CHEMBL303127,,CHEMBL303127,,0,http://www.openphacts.org/units/Nanomolar,109038,>,1,1,>,,IC50,nM,,100000.0,CHEMBL203,Homo sapiens,Epidermal growth factor receptor,9606,,,IC50,uM,UO_0000065,,100.0
,,135131,[],CHEMBL680019,Inhibitory concentration was evaluated against epidermal growth factor receptor (EGFr) tyrosine kinase,B,,,BAO_0000190,BAO_0000357,single protein format,CCN(CC)CCCNc1ncc2cc(-c3c(Cl)cccc3Cl)c(=O)n(C)c2n1,,,CHEMBL1131066,J Med Chem,1998,"{'bei': '13.48', 'le': '0.28', 'lle': '1.40', 'sei': '9.28'}",,CHEMBL50470,,CHEMBL50470,5.85,1,http://www.openphacts.org/units/Nanomolar,210163,=,1,1,=,,IC50,nM,,1400.0,CHEMBL203,Homo sapiens,Epidermal growth factor receptor,9606,,,IC50,uM,UO_0000065,,1.4
,,135135,[],CHEMBL680019,Inhibitory concentration was evaluated against epidermal growth factor receptor (EGFr) tyrosine kinase,B,,,BAO_0000190,BAO_0000357,single protein format,CN1CCN(CCCCNc2ncc3cc(-c4c(Cl)cccc4Cl)c(=O)n(C)c3n2)CC1,,,CHEMBL1131066,J Med Chem,1998,"{'bei': '14.05', 'le': '0.29', 'lle': '2.94', 'sei': '10.07'}",,CHEMBL104244,,CHEMBL104244,6.68,0,http://www.openphacts.org/units/Nanomolar,210160,=,1,1,=,,IC50,nM,,210.0,CHEMBL203,Homo sapiens,Epidermal growth factor receptor,9606,,,IC50,uM,UO_0000065,,0.21
,,135211,[],CHEMBL679947,"Inhibition of phosphorylation of phospholipase C gamma1 by Epidermal growth factor receptor, from human A431 carcinoma cell vesicles",F,,,BAO_0000190,BAO_0000019,assay format,CN(C)c1ncc2ncnc(Nc3cccc(Br)c3)c2n1,,,CHEMBL1130057,J Med Chem,1997,,,CHEMBL53777,,CHEMBL53777,9.02,0,http://www.openphacts.org/units/Nanomolar,89144,=,1,1,=,,IC50,nM,,0.95,CHEMBL203,Homo sapiens,Epidermal growth factor receptor,9606,,,IC50,nM,UO_0000065,,0.95
,,135212,[],CHEMBL680026,Tested for ability to inhibit autophosphorylation of the Epidermal growth factor receptor in human epidermoid carcinoma cells,F,,,BAO_0000190,BAO_0000019,assay format,CN(C)c1ncc2ncnc(Nc3cccc(Br)c3)c2n1,,,CHEMBL1130057,J Med Chem,1997,,,CHEMBL53777,,CHEMBL53777,7.66,0,http://www.openphacts.org/units/Nanomolar,89144,=,1,1,=,,IC50,nM,,22.0,CHEMBL203,Homo sapiens,Epidermal growth factor receptor,9606,,,IC50,nM,UO_0000065,,22.0
,,135765,[],CHEMBL677391,Inhibition of tyrosine phosphorylation activity of the epidermal growth factor receptor (EGFR) tyrosine kinase from human A-431 carcinoma cell-shed membrane vesicles,B,,,BAO_0000190,BAO_0000019,assay format,Cn1c(SSc2c(C(=O)Nc3ccccc3)c3cc(Cl)ccc3n2C)c(C(=O)Nc2ccccc2)c2cc(Cl)ccc21,,,CHEMBL1127560,J Med Chem,1994,"{'bei': '8.50', 'le': '0.17', 'lle': '-3.91', 'sei': '7.89'}",,CHEMBL293889,,CHEMBL293889,5.37,0,http://www.openphacts.org/units/Nanomolar,109055,=,1,1,=,,IC50,nM,,4300.0,CHEMBL203,Homo sapiens,Epidermal growth factor receptor,9606,,,IC50,uM,UO_0000065,,4.3
,,135767,[],CHEMBL677391,Inhibition of tyrosine phosphorylation activity of the epidermal growth factor receptor (EGFR) tyrosine kinase from human A-431 carcinoma cell-shed membrane vesicles,B,,,BAO_0000190,BAO_0000019,assay format,Cn1c(SSc2c(C(=O)Nc3ccccc3)c3cc(C(F)(F)F)ccc3n2C)c(C(=O)Nc2ccccc2)c2cc(C(F)(F)F)ccc21,,,CHEMBL1127560,J Med Chem,1994,,,CHEMBL61278,,CHEMBL61278,,0,http://www.openphacts.org/units/Nanomolar,109041,>,1,1,>,,IC50,nM,,100000.0,CHEMBL203,Homo sapiens,Epidermal growth factor receptor,9606,,,IC50,uM,UO_0000065,,100.0
,,135801,[],CHEMBL679549,Inhibitory activity against recombinant tyrosine kinase EGF-R (EGF-R ICD),B,,,BAO_0000190,BAO_0000357,single protein format,N#Cc1ccc(Nc2cc3c(cc2Nc2ccc(C#N)cc2)C(=O)NC3=O)cc1,,,CHEMBL1127678,J Med Chem,1994,,,CHEMBL267869,,CHEMBL267869,,0,http://www.openphacts.org/units/Nanomolar,2995,>,1,1,>,,IC50,nM,,100000.0,CHEMBL203,Homo sapiens,Epidermal growth factor receptor,9606,,,IC50,uM,UO_0000065,,100.0
,,136079,[],CHEMBL673925,Inhibition of phosphorylation of a polyglutamic acid/tyrosine random copolymer by EGFR enzyme (from human A431 carcinoma cell vesicles),B,,,BAO_0000190,BAO_0000357,single protein format,CN(C)CCCOC(=O)/C=C/C(=O)Nc1ccc2ncnc(Nc3cccc(Br)c3)c2c1,,,CHEMBL1134843,J Med Chem,2001,"{'bei': '17.30', 'le': '0.37', 'lle': '4.49', 'sei': '8.94'}",,CHEMBL140561,,CHEMBL140561,8.62,0,http://www.openphacts.org/units/Nanomolar,265482,=,1,1,=,,IC50,nM,,2.4,CHEMBL203,Homo sapiens,Epidermal growth factor receptor,9606,,,IC50 app,nM,UO_0000065,,2.4
,,136080,[],CHEMBL677216,Inhibition of autophosphorylation of EGFR in A431 cells,B,,,BAO_0000190,BAO_0000219,cell-based format,CN(C)CCCOC(=O)/C=C/C(=O)Nc1ccc2ncnc(Nc3cccc(Br)c3)c2c1,,,CHEMBL1134843,J Med Chem,2001,"{'bei': '13.98', 'le': '0.30', 'lle': '2.84', 'sei': '7.22'}",,CHEMBL140561,,CHEMBL140561,6.97,0,http://www.openphacts.org/units/Nanomolar,265482,=,1,1,=,,IC50,nM,,108.0,CHEMBL203,Homo sapiens,Epidermal growth factor receptor,9606,,,IC50,nM,UO_0000065,,108.0
,,136082,[],CHEMBL679948,Inhibition of EGF-stimulated autophosphorylation of EGFR in A431 cells,B,,,BAO_0000190,BAO_0000219,cell-based format,CN(C)CCCOC(=O)/C=C/C(=O)Nc1ccc2ncnc(Nc3cccc(Br)c3)c2c1,,,CHEMBL1134843,J Med Chem,2001,"{'bei': '13.98', 'le': '0.30', 'lle': '2.84', 'sei': '7.22'}",,CHEMBL140561,,CHEMBL140561,6.97,0,http://www.openphacts.org/units/Nanomolar,265482,=,1,1,=,,IC50,nM,,108.0,CHEMBL203,Homo sapiens,Epidermal growth factor receptor,9606,,,IC50,nM,UO_0000065,,108.0
,,136084,[],CHEMBL673925,Inhibition of phosphorylation of a polyglutamic acid/tyrosine random copolymer by EGFR enzyme (from human A431 carcinoma cell vesicles),B,,,BAO_0000190,BAO_0000357,single protein format,C=C[S+]([O-])c1cc2c(Nc3cccc(Br)c3)ncnc2cn1,,,CHEMBL1134843,J Med Chem,2001,"{'bei': '22.22', 'le': '0.52', 'lle': '4.56', 'sei': '11.30'}",,CHEMBL345077,,CHEMBL345077,8.34,0,http://www.openphacts.org/units/Nanomolar,265470,=,1,1,=,,IC50,nM,,4.6,CHEMBL203,Homo sapiens,Epidermal growth factor receptor,9606,,,IC50 app,nM,UO_0000065,,4.6
,,136085,[],CHEMBL677216,Inhibition of autophosphorylation of EGFR in A431 cells,B,,,BAO_0000190,BAO_0000219,cell-based format,C=C[S+]([O-])c1cc2c(Nc3cccc(Br)c3)ncnc2cn1,,,CHEMBL1134843,J Med Chem,2001,"{'bei': '17.24', 'le': '0.40', 'lle': '2.69', 'sei': '8.77'}",,CHEMBL345077,,CHEMBL345077,6.47,0,http://www.openphacts.org/units/Nanomolar,265470,=,1,1,=,,IC50,nM,,340.0,CHEMBL203,Homo sapiens,Epidermal growth factor receptor,9606,,,IC50,nM,UO_0000065,,340.0
,,136425,[],CHEMBL680019,Inhibitory concentration was evaluated against epidermal growth factor receptor (EGFr) tyrosine kinase,B,,,BAO_0000190,BAO_0000357,single protein format,CNc1ncc2cc(-c3c(Cl)cccc3Cl)c(=O)n(C)c2n1,,,CHEMBL1131066,J Med Chem,1998,"{'bei': '15.29', 'le': '0.32', 'lle': '1.78', 'sei': '8.57'}",,CHEMBL107472,,CHEMBL107472,5.12,0,http://www.openphacts.org/units/Nanomolar,210153,=,1,1,=,,IC50,nM,,7500.0,CHEMBL203,Homo sapiens,Epidermal growth factor receptor,9606,,,IC50,uM,UO_0000065,,7.5
,,136429,[],CHEMBL680019,Inhibitory concentration was evaluated against epidermal growth factor receptor (EGFr) tyrosine kinase,B,,,BAO_0000190,BAO_0000357,single protein format,Cn1c(=O)c(-c2c(Cl)cccc2Cl)cc2cnc(NCc3ccccn3)nc21,,,CHEMBL1131066,J Med Chem,1998,,,CHEMBL326041,,CHEMBL326041,,0,http://www.openphacts.org/units/Nanomolar,210176,>,1,1,>,,IC50,nM,,5000.0,CHEMBL203,Homo sapiens,Epidermal growth factor receptor,9606,,,IC50,uM,UO_0000065,,5.0
,,136433,[],CHEMBL680019,Inhibitory concentration was evaluated against epidermal growth factor receptor (EGFr) tyrosine kinase,B,,,BAO_0000190,BAO_0000357,single protein format,Cn1c(=O)c(-c2c(Cl)cccc2Cl)cc2cnc(Nc3ccc(Cl)cc3)nc21,,,CHEMBL1131066,J Med Chem,1998,,,CHEMBL111247,,CHEMBL111247,,0,http://www.openphacts.org/units/Nanomolar,210194,>,1,1,>,,IC50,nM,,5000.0,CHEMBL203,Homo sapiens,Epidermal growth factor receptor,9606,,,IC50,uM,UO_0000065,,5.0
,,137102,[],CHEMBL673925,Inhibition of phosphorylation of a polyglutamic acid/tyrosine random copolymer by EGFR enzyme (from human A431 carcinoma cell vesicles),B,,,BAO_0000190,BAO_0000357,single protein format,C=C/C=C/C(=O)Nc1cc2c(Nc3cccc(Br)c3)ncnc2cn1,,,CHEMBL1134843,J Med Chem,2001,"{'bei': '22.61', 'le': '0.49', 'lle': '4.75', 'sei': '11.23'}",,CHEMBL139044,,CHEMBL139044,8.96,0,http://www.openphacts.org/units/Nanomolar,265467,=,1,1,=,,IC50,nM,,1.1,CHEMBL203,Homo sapiens,Epidermal growth factor receptor,9606,,,IC50 app,nM,UO_0000065,,1.1
,,137103,[],CHEMBL677216,Inhibition of autophosphorylation of EGFR in A431 cells,B,,,BAO_0000190,BAO_0000219,cell-based format,C=C/C=C/C(=O)Nc1cc2c(Nc3cccc(Br)c3)ncnc2cn1,,,CHEMBL1134843,J Med Chem,2001,"{'bei': '19.10', 'le': '0.41', 'lle': '3.36', 'sei': '9.48'}",,CHEMBL139044,,CHEMBL139044,7.57,0,http://www.openphacts.org/units/Nanomolar,265467,=,1,1,=,,IC50,nM,,27.0,CHEMBL203,Homo sapiens,Epidermal growth factor receptor,9606,,,IC50,nM,UO_0000065,,27.0
,,137105,[],CHEMBL673925,Inhibition of phosphorylation of a polyglutamic acid/tyrosine random copolymer by EGFR enzyme (from human A431 carcinoma cell vesicles),B,,,BAO_0000190,BAO_0000357,single protein format,C=CS(=O)(=O)Nc1cc2c(Nc3cccc(Br)c3)ncnc2cn1,,,CHEMBL1134843,J Med Chem,2001,"{'bei': '22.45', 'le': '0.52', 'lle': '5.70', 'sei': '9.41'}",,CHEMBL139095,,CHEMBL139095,9.12,0,http://www.openphacts.org/units/Nanomolar,265474,=,1,1,=,,IC50,nM,,0.76,CHEMBL203,Homo sapiens,Epidermal growth factor receptor,9606,,,IC50 app,nM,UO_0000065,,0.76
,,137106,[],CHEMBL677216,Inhibition of autophosphorylation of EGFR in A431 cells,B,,,BAO_0000190,BAO_0000219,cell-based format,C=CS(=O)(=O)Nc1cc2c(Nc3cccc(Br)c3)ncnc2cn1,,,CHEMBL1134843,J Med Chem,2001,"{'bei': '21.22', 'le': '0.49', 'lle': '5.20', 'sei': '8.90'}",,CHEMBL139095,,CHEMBL139095,8.62,0,http://www.openphacts.org/units/Nanomolar,265474,=,1,1,=,,IC50,nM,,2.4,CHEMBL203,Homo sapiens,Epidermal growth factor receptor,9606,,,IC50,nM,UO_0000065,,2.4
,Not Determined,137440,[],CHEMBL680020,Inhibition of epidermal growth factor receptor (EGFr) tyrosine kinase activity,B,,,BAO_0000190,BAO_0000357,single protein format,CC[N+](C)(CC)CCOc1ccc(Nc2ncc3cc(-c4c(Cl)cccc4Cl)c(=O)n(C)c3n2)cc1.[I-],,,CHEMBL1131066,J Med Chem,1998,,,CHEMBL324543,,CHEMBL1183923,,0,http://www.openphacts.org/units/Nanomolar,210144,,1,0,,,IC50,nM,,,CHEMBL203,Homo sapiens,Epidermal growth factor receptor,9606,,,IC50,uM,UO_0000065,,
,,137444,[],CHEMBL680019,Inhibitory concentration was evaluated against epidermal growth factor receptor (EGFr) tyrosine kinase,B,,,BAO_0000190,BAO_0000357,single protein format,Cn1c(=O)c(-c2c(Cl)cccc2Cl)cc2cnc(Nc3ccc(CCCC(=O)O)cc3)nc21,,,CHEMBL1131066,J Med Chem,1998,"{'bei': '14.68', 'le': '0.29', 'lle': '1.65', 'sei': '7.31'}",,CHEMBL113070,,CHEMBL113070,7.10,0,http://www.openphacts.org/units/Nanomolar,210149,=,1,1,=,,IC50,nM,,80.0,CHEMBL203,Homo sapiens,Epidermal growth factor receptor,9606,,,IC50,uM,UO_0000065,,0.08
,Not Determined,137448,[],CHEMBL680020,Inhibition of epidermal growth factor receptor (EGFr) tyrosine kinase activity,B,,,BAO_0000190,BAO_0000357,single protein format,Cn1c(=O)c(-c2c(Cl)cccc2Cl)cc2cnc(O)nc21,,,CHEMBL1131066,J Med Chem,1998,,,CHEMBL109725,,CHEMBL109725,,0,http://www.openphacts.org/units/Nanomolar,210154,,1,0,,,IC50,nM,,,CHEMBL203,Homo sapiens,Epidermal growth factor receptor,9606,,,IC50,uM,UO_0000065,,
,,137455,[],CHEMBL680019,Inhibitory concentration was evaluated against epidermal growth factor receptor (EGFr) tyrosine kinase,B,,,BAO_0000190,BAO_0000357,single protein format,Cn1c(=O)c(-c2c(Cl)cccc2Cl)cc2cnc(Nc3ccncc3)nc21,,,CHEMBL1131066,J Med Chem,1998,"{'bei': '15.17', 'le': '0.31', 'lle': '1.60', 'sei': '8.31'}",,CHEMBL104779,,CHEMBL104779,6.04,0,http://www.openphacts.org/units/Nanomolar,210168,=,1,1,=,,IC50,nM,,910.0,CHEMBL203,Homo sapiens,Epidermal growth factor receptor,9606,,,IC50,uM,UO_0000065,,0.91
,,138225,[],CHEMBL677391,Inhibition of tyrosine phosphorylation activity of the epidermal growth factor receptor (EGFR) tyrosine kinase from human A-431 carcinoma cell-shed membrane vesicles,B,,,BAO_0000190,BAO_0000019,assay format,Cn1c(SSc2ccccc2)c(C(=O)Nc2ccccc2)c2ccccc21,,,CHEMBL1127560,J Med Chem,1994,,,CHEMBL64781,,CHEMBL64781,,0,http://www.openphacts.org/units/Nanomolar,109051,>,1,1,>,,IC50,nM,,100000.0,CHEMBL203,Homo sapiens,Epidermal growth factor receptor,9606,,,IC50,uM,UO_0000065,,100.0
,,138233,[],CHEMBL676146,Inhibition of EGF-dependent DNA synthesis in ER 22 cells incubated with [3H]TdR,F,,,BAO_0000190,BAO_0000219,cell-based format,O=C(O)c1cc(NCc2cc(O)ccc2O)ccc1O,,,CHEMBL1127084,J Med Chem,1993,,,CHEMBL319620,LAVENDUSTIN C,CHEMBL319620,4.04,0,http://www.openphacts.org/units/Nanomolar,252400,=,1,1,=,,IC50,nM,,92000.0,CHEMBL203,Homo sapiens,Epidermal growth factor receptor,9606,,,IC50,uM,UO_0000065,,92.0
,,138375,[],CHEMBL679549,Inhibitory activity against recombinant tyrosine kinase EGF-R (EGF-R ICD),B,,,BAO_0000190,BAO_0000357,single protein format,O=C1NC(=O)c2cc3c(cc21)N(c1ccccc1)CCN3c1ccccc1,,,CHEMBL1127678,J Med Chem,1994,,,CHEMBL266255,,CHEMBL266255,,0,http://www.openphacts.org/units/Nanomolar,3004,>,1,1,>,,IC50,nM,,100000.0,CHEMBL203,Homo sapiens,Epidermal growth factor receptor,9606,,,IC50,uM,UO_0000065,,100.0
,,138492,[],CHEMBL673925,Inhibition of phosphorylation of a polyglutamic acid/tyrosine random copolymer by EGFR enzyme (from human A431 carcinoma cell vesicles),B,,,BAO_0000190,BAO_0000357,single protein format,O=C(O)/C=C/C(=O)Nc1ccc2ncnc(Nc3cccc(Br)c3)c2c1,,,CHEMBL1134843,J Med Chem,2001,"{'bei': '22.82', 'le': '0.50', 'lle': '5.71', 'sei': '9.05'}",,CHEMBL134371,,CHEMBL134371,9.43,0,http://www.openphacts.org/units/Nanomolar,265463,=,1,1,=,,IC50,nM,,0.37,CHEMBL203,Homo sapiens,Epidermal growth factor receptor,9606,,,IC50 app,nM,UO_0000065,,0.37
,,138493,[],CHEMBL677216,Inhibition of autophosphorylation of EGFR in A431 cells,B,,,BAO_0000190,BAO_0000219,cell-based format,O=C(O)/C=C/C(=O)Nc1ccc2ncnc(Nc3cccc(Br)c3)c2c1,,,CHEMBL1134843,J Med Chem,2001,,,CHEMBL134371,,CHEMBL134371,,0,http://www.openphacts.org/units/Nanomolar,265463,>,1,1,>,,IC50,nM,,500.0,CHEMBL203,Homo sapiens,Epidermal growth factor receptor,9606,,,IC50,nM,UO_0000065,,500.0
,,138953,[],CHEMBL680019,Inhibitory concentration was evaluated against epidermal growth factor receptor (EGFr) tyrosine kinase,B,,,BAO_0000190,BAO_0000357,single protein format,Cn1c(=O)c(-c2c(Cl)cccc2Cl)cc2cnc(Nc3ccccc3)nc21,,,CHEMBL1131066,J Med Chem,1998,"{'bei': '16.58', 'le': '0.33', 'lle': '1.54', 'sei': '11.01'}",,CHEMBL301612,,CHEMBL301612,6.58,0,http://www.openphacts.org/units/Nanomolar,210172,=,1,1,=,,IC50,nM,,260.0,CHEMBL203,Homo sapiens,Epidermal growth factor receptor,9606,,,IC50,uM,UO_0000065,,0.26
,,139013,[],CHEMBL680030,Tested for inhibition of PLC gamma-derived substrate in Epidermal growth factor receptor stimulated A431 cells,F,,,BAO_0000190,BAO_0000219,cell-based format,Nc1ccc2ncnc(Nc3cccc(Br)c3)c2c1,,,CHEMBL1130057,J Med Chem,1997,,,CHEMBL52765,,CHEMBL52765,9.11,1,http://www.openphacts.org/units/Nanomolar,89161,=,1,1,=,,IC50,nM,,0.78,CHEMBL203,Homo sapiens,Epidermal growth factor receptor,9606,,,IC50,nM,UO_0000065,,0.78
,,139014,[],CHEMBL680030,Tested for inhibition of PLC gamma-derived substrate in Epidermal growth factor receptor stimulated A431 cells,F,,,BAO_0000190,BAO_0000219,cell-based format,CNc1ccc2ncnc(Nc3cccc(Br)c3)c2c1,,,CHEMBL1130057,J Med Chem,1997,,,CHEMBL50344,,CHEMBL50344,7.96,0,http://www.openphacts.org/units/Nanomolar,89160,=,1,1,=,,IC50,nM,,11.0,CHEMBL203,Homo sapiens,Epidermal growth factor receptor,9606,,,IC50,nM,UO_0000065,,11.0
,,139390,[],CHEMBL677391,Inhibition of tyrosine phosphorylation activity of the epidermal growth factor receptor (EGFR) tyrosine kinase from human A-431 carcinoma cell-shed membrane vesicles,B,,,BAO_0000190,BAO_0000019,assay format,Cn1c(SSc2c(C(=O)Nc3ccccc3)c3cc(Br)ccc3n2C)c(C(=O)Nc2ccccc2)c2cc(Br)ccc21,,,CHEMBL1127560,J Med Chem,1994,"{'bei': '6.86', 'le': '0.16', 'lle': '-4.56', 'sei': '7.26'}",,CHEMBL293251,,CHEMBL293251,4.94,0,http://www.openphacts.org/units/Nanomolar,109030,=,1,1,=,,IC50,nM,,11400.0,CHEMBL203,Homo sapiens,Epidermal growth factor receptor,9606,,,IC50,uM,UO_0000065,,11.4
,,139392,[],CHEMBL677391,Inhibition of tyrosine phosphorylation activity of the epidermal growth factor receptor (EGFR) tyrosine kinase from human A-431 carcinoma cell-shed membrane vesicles,B,,,BAO_0000190,BAO_0000019,assay format,COc1ccc2c(c1)c(C(=O)Nc1ccccc1)c(SSc1c(C(=O)Nc3ccccc3)c3cc(OC)ccc3n1C)n2C,,,CHEMBL1127560,J Med Chem,1994,,,CHEMBL294341,,CHEMBL294341,,0,http://www.openphacts.org/units/Nanomolar,109031,>,1,1,>,,IC50,nM,,100000.0,CHEMBL203,Homo sapiens,Epidermal growth factor receptor,9606,,,IC50,uM,UO_0000065,,100.0
,,139395,[],CHEMBL677391,Inhibition of tyrosine phosphorylation activity of the epidermal growth factor receptor (EGFR) tyrosine kinase from human A-431 carcinoma cell-shed membrane vesicles,B,,,BAO_0000190,BAO_0000019,assay format,COc1ccc2c(C(=O)Nc3ccccc3)c(SSc3c(C(=O)Nc4ccccc4)c4ccc(OC)cc4n3C)n(C)c2c1,,,CHEMBL1127560,J Med Chem,1994,"{'bei': '8.74', 'le': '0.17', 'lle': '-2.55', 'sei': '6.29'}",,CHEMBL60472,,CHEMBL60472,5.44,0,http://www.openphacts.org/units/Nanomolar,109036,=,1,1,=,,IC50,nM,,3600.0,CHEMBL203,Homo sapiens,Epidermal growth factor receptor,9606,,,IC50,uM,UO_0000065,,3.6
,,139439,[],CHEMBL676146,Inhibition of EGF-dependent DNA synthesis in ER 22 cells incubated with [3H]TdR,F,,,BAO_0000190,BAO_0000219,cell-based format,O=C(O)c1cc(NCc2ccccc2O)ccc1O,,,CHEMBL1127084,J Med Chem,1993,,,CHEMBL131407,,CHEMBL131407,,0,http://www.openphacts.org/units/Nanomolar,252394,>,1,1,>,,IC50,nM,,20000.0,CHEMBL203,Homo sapiens,Epidermal growth factor receptor,9606,,,IC50,uM,UO_0000065,,20.0
,,139593,[],CHEMBL673925,Inhibition of phosphorylation of a polyglutamic acid/tyrosine random copolymer by EGFR enzyme (from human A431 carcinoma cell vesicles),B,,,BAO_0000190,BAO_0000357,single protein format,O=C(/C=C/C(=O)Nc1cc2c(Nc3cccc(Br)c3)ncnc2cn1)NCCCn1ccnc1,,,CHEMBL1134843,J Med Chem,2001,"{'bei': '17.74', 'le': '0.37', 'lle': '5.82', 'sei': '7.30'}",,CHEMBL342828,,CHEMBL342828,9.25,0,http://www.openphacts.org/units/Nanomolar,265477,=,1,1,=,,IC50,nM,,0.56,CHEMBL203,Homo sapiens,Epidermal growth factor receptor,9606,,,IC50 app,nM,UO_0000065,,0.56
,,139594,[],CHEMBL677216,Inhibition of autophosphorylation of EGFR in A431 cells,B,,,BAO_0000190,BAO_0000219,cell-based format,O=C(/C=C/C(=O)Nc1cc2c(Nc3cccc(Br)c3)ncnc2cn1)NCCCn1ccnc1,,,CHEMBL1134843,J Med Chem,2001,"{'bei': '15.06', 'le': '0.32', 'lle': '4.42', 'sei': '6.20'}",,CHEMBL342828,,CHEMBL342828,7.85,0,http://www.openphacts.org/units/Nanomolar,265477,=,1,1,=,,IC50,nM,,14.0,CHEMBL203,Homo sapiens,Epidermal growth factor receptor,9606,,,IC50,nM,UO_0000065,,14.0
,,139596,[],CHEMBL677213,Inhibition of EGF-stimulated autophosphorylation of EGFR in A431 cells,B,,,BAO_0000190,BAO_0000219,cell-based format,O=C(/C=C/C(=O)Nc1cc2c(Nc3cccc(Br)c3)ncnc2cn1)NCCCn1ccnc1,,,CHEMBL1134843,J Med Chem,2001,"{'bei': '15.06', 'le': '0.32', 'lle': '4.42', 'sei': '6.20'}",,CHEMBL342828,,CHEMBL342828,7.85,0,http://www.openphacts.org/units/Nanomolar,265477,=,1,1,=,,IC50,nM,,14.0,CHEMBL203,Homo sapiens,Epidermal growth factor receptor,9606,,,IC50,nM,UO_0000065,,14.0
,,139961,[],CHEMBL680019,Inhibitory concentration was evaluated against epidermal growth factor receptor (EGFr) tyrosine kinase,B,,,BAO_0000190,BAO_0000357,single protein format,CN1CCN(CCCNc2ncc3cc(-c4c(Cl)cccc4Cl)c(=O)n(C)c3n2)CC1,,,CHEMBL1131066,J Med Chem,1998,"{'bei': '10.97', 'le': '0.22', 'lle': '1.71', 'sei': '7.63'}",,CHEMBL299194,,CHEMBL299194,5.06,1,http://www.openphacts.org/units/Nanomolar,210161,=,1,1,=,,IC50,nM,,8700.0,CHEMBL203,Homo sapiens,Epidermal growth factor receptor,9606,,,IC50,uM,UO_0000065,,8.7
,,139965,[],CHEMBL680019,Inhibitory concentration was evaluated against epidermal growth factor receptor (EGFr) tyrosine kinase,B,,,BAO_0000190,BAO_0000357,single protein format,Cn1c(=O)c(-c2c(Cl)cccc2Cl)cc2cnc(NCCc3ccccn3)nc21,,,CHEMBL1131066,J Med Chem,1998,,,CHEMBL323699,,CHEMBL323699,,0,http://www.openphacts.org/units/Nanomolar,210174,>,1,1,>,,IC50,nM,,5000.0,CHEMBL203,Homo sapiens,Epidermal growth factor receptor,9606,,,IC50,uM,UO_0000065,,5.0
,,140014,[],CHEMBL679947,"Inhibition of phosphorylation of phospholipase C gamma1 by Epidermal growth factor receptor, from human A431 carcinoma cell vesicles",F,,,BAO_0000190,BAO_0000019,assay format,CN(C)CCNc1ncc2ncnc(Nc3cccc(Br)c3)c2n1,,,CHEMBL1130057,J Med Chem,1997,,,CHEMBL54067,,CHEMBL54067,7.46,0,http://www.openphacts.org/units/Nanomolar,89145,=,1,1,=,,IC50,nM,,35.0,CHEMBL203,Homo sapiens,Epidermal growth factor receptor,9606,,,IC50,nM,UO_0000065,,35.0
,,140478,[],CHEMBL677391,Inhibition of tyrosine phosphorylation activity of the epidermal growth factor receptor (EGFR) tyrosine kinase from human A-431 carcinoma cell-shed membrane vesicles,B,,,BAO_0000190,BAO_0000019,assay format,CC(=O)Oc1cccc2c(C(=O)Nc3ccccc3)c(SSc3c(C(=O)Nc4ccccc4)c4cccc(OC(C)=O)c4n3C)n(C)c12,,,CHEMBL1127560,J Med Chem,1994,"{'bei': '7.37', 'le': '0.14', 'lle': '-2.82', 'sei': '4.15'}",,CHEMBL291359,,CHEMBL291359,5.00,0,http://www.openphacts.org/units/Nanomolar,109048,=,1,1,=,,IC50,nM,,9900.0,CHEMBL203,Homo sapiens,Epidermal growth factor receptor,9606,,,IC50,uM,UO_0000065,,9.9
,,140517,[],CHEMBL676146,Inhibition of EGF-dependent DNA synthesis in ER 22 cells incubated with [3H]TdR,F,,,BAO_0000190,BAO_0000219,cell-based format,COC(=O)c1cc(/N=C/c2ccccc2O)ccc1O,,,CHEMBL1127084,J Med Chem,1993,,,CHEMBL335074,,CHEMBL335074,,0,http://www.openphacts.org/units/Nanomolar,252407,>,1,1,>,,IC50,nM,,10000.0,CHEMBL203,Homo sapiens,Epidermal growth factor receptor,9606,,,IC50,uM,UO_0000065,,10.0
,,141071,[],CHEMBL680019,Inhibitory concentration was evaluated against epidermal growth factor receptor (EGFr) tyrosine kinase,B,,,BAO_0000190,BAO_0000357,single protein format,CCNc1ncc2cc(-c3c(Cl)cccc3Cl)c(=O)n(C)c2n1,,,CHEMBL1131066,J Med Chem,1998,"{'bei': '15.31', 'le': '0.32', 'lle': '1.62', 'sei': '8.94'}",,CHEMBL109296,,CHEMBL109296,5.35,0,http://www.openphacts.org/units/Nanomolar,210152,=,1,1,=,,IC50,nM,,4500.0,CHEMBL203,Homo sapiens,Epidermal growth factor receptor,9606,,,IC50,uM,UO_0000065,,4.5
,,141079,[],CHEMBL680019,Inhibitory concentration was evaluated against epidermal growth factor receptor (EGFr) tyrosine kinase,B,,,BAO_0000190,BAO_0000357,single protein format,Cc1ccc(Nc2ncc3cc(-c4c(Cl)cccc4Cl)c(=O)n(C)c3n2)cc1,,,CHEMBL1131066,J Med Chem,1998,"{'bei': '15.36', 'le': '0.31', 'lle': '0.97', 'sei': '10.56'}",,CHEMBL111339,,CHEMBL111339,6.32,0,http://www.openphacts.org/units/Nanomolar,210192,=,1,1,=,,IC50,nM,,480.0,CHEMBL203,Homo sapiens,Epidermal growth factor receptor,9606,,,IC50,uM,UO_0000065,,0.48
,,141112,[],CHEMBL680030,Tested for inhibition of PLC gamma-derived substrate in Epidermal growth factor receptor stimulated A431 cells,F,,,BAO_0000190,BAO_0000219,cell-based format,COc1ccc2ncnc(Nc3cccc(Br)c3)c2c1,,,CHEMBL1130057,J Med Chem,1997,,,CHEMBL52197,,CHEMBL52197,7.52,1,http://www.openphacts.org/units/Nanomolar,89146,=,1,1,=,,IC50,nM,,30.0,CHEMBL203,Homo sapiens,Epidermal growth factor receptor,9606,,,IC50,nM,UO_0000065,,30.0
,,142383,[],CHEMBL680019,Inhibitory concentration was evaluated against epidermal growth factor receptor (EGFr) tyrosine kinase,B,,,BAO_0000190,BAO_0000357,single protein format,CCOC(=O)c1ccc(Nc2ncc3cc(-c4c(Cl)cccc4Cl)c(=O)n(C)c3n2)cc1,,,CHEMBL1131066,J Med Chem,1998,,,CHEMBL109525,,CHEMBL109525,,0,http://www.openphacts.org/units/Nanomolar,210182,>,1,1,>,,IC50,nM,,50000.0,CHEMBL203,Homo sapiens,Epidermal growth factor receptor,9606,,,IC50,uM,UO_0000065,,50.0
,,142994,[],CHEMBL679549,Inhibitory activity against recombinant tyrosine kinase EGF-R (EGF-R ICD),B,,,BAO_0000190,BAO_0000357,single protein format,O=C1NC(=O)c2cc(Nc3ccc(F)cc3)c(Nc3ccc(F)cc3)cc21,,,CHEMBL1127678,J Med Chem,1994,"{'bei': '16.85', 'le': '0.31', 'lle': '1.81', 'sei': '8.76'}",,CHEMBL7939,CGP-53353,CHEMBL7939,6.16,0,http://www.openphacts.org/units/Nanomolar,2989,=,1,1,=,,IC50,nM,,700.0,CHEMBL203,Homo sapiens,Epidermal growth factor receptor,9606,,,IC50,uM,UO_0000065,,0.7
,,142999,[],CHEMBL621149,Inhibition of EGF-dependent autophosphorylation of EGF-R in human A431 cells,F,,,BAO_0000190,BAO_0000219,cell-based format,O=C1NC(=O)c2cc(Nc3ccc(F)cc3)c(Nc3ccc(F)cc3)cc21,,,CHEMBL1127678,J Med Chem,1994,,,CHEMBL7939,CGP-53353,CHEMBL7939,5.66,0,http://www.openphacts.org/units/Nanomolar,2989,=,1,1,=,,IC50,nM,,2200.0,CHEMBL203,Homo sapiens,Epidermal growth factor receptor,9606,,,IC50,uM,UO_0000065,,2.2
,,143002,[],CHEMBL679549,Inhibitory activity against recombinant tyrosine kinase EGF-R (EGF-R ICD),B,,,BAO_0000190,BAO_0000357,single protein format,O=C1NC(=O)c2cc(Nc3ccc(I)cc3)c(Nc3ccc(I)cc3)cc21,,,CHEMBL1127678,J Med Chem,1994,,,CHEMBL8163,,CHEMBL8163,,0,http://www.openphacts.org/units/Nanomolar,2991,>,1,1,>,,IC50,nM,,50000.0,CHEMBL203,Homo sapiens,Epidermal growth factor receptor,9606,,,IC50,uM,UO_0000065,,50.0
,,143005,[],CHEMBL679549,Inhibitory activity against recombinant tyrosine kinase EGF-R (EGF-R ICD),B,,,BAO_0000190,BAO_0000357,single protein format,COc1ccc(Nc2cc3c(cc2Nc2ccccc2)C(=O)NC3=O)cc1,,,CHEMBL1127678,J Med Chem,1994,"{'bei': '15.86', 'le': '0.29', 'lle': '1.63', 'sei': '7.17'}",,CHEMBL8095,,CHEMBL8095,5.70,0,http://www.openphacts.org/units/Nanomolar,3002,=,1,1,=,,IC50,nM,,2000.0,CHEMBL203,Homo sapiens,Epidermal growth factor receptor,9606,,,IC50,uM,UO_0000065,,2.0
,,143010,[],CHEMBL621149,Inhibition of EGF-dependent autophosphorylation of EGF-R in human A431 cells,F,,,BAO_0000190,BAO_0000219,cell-based format,COc1ccc(Nc2cc3c(cc2Nc2ccccc2)C(=O)NC3=O)cc1,,,CHEMBL1127678,J Med Chem,1994,,,CHEMBL8095,,CHEMBL8095,4.75,0,http://www.openphacts.org/units/Nanomolar,3002,=,1,1,=,,IC50,nM,,18000.0,CHEMBL203,Homo sapiens,Epidermal growth factor receptor,9606,,,IC50,uM,UO_0000065,,18.0
,,143066,[],CHEMBL679549,Inhibitory activity against recombinant tyrosine kinase EGF-R (EGF-R ICD),B,,,BAO_0000190,BAO_0000357,single protein format,CC(=O)N(c1ccccc1)c1cc2c(cc1Nc1ccccc1)C(=O)NC2=O,,,CHEMBL1127678,J Med Chem,1994,,,CHEMBL268441,,CHEMBL268441,,0,http://www.openphacts.org/units/Nanomolar,3007,>,1,1,>,,IC50,nM,,50000.0,CHEMBL203,Homo sapiens,Epidermal growth factor receptor,9606,,,IC50,uM,UO_0000065,,50.0
,,143069,[],CHEMBL621149,Inhibition of EGF-dependent autophosphorylation of EGF-R in human A431 cells,F,,,BAO_0000190,BAO_0000219,cell-based format,CC(=O)N(c1ccccc1)c1cc2c(cc1Nc1ccccc1)C(=O)NC2=O,,,CHEMBL1127678,J Med Chem,1994,,,CHEMBL268441,,CHEMBL268441,,0,http://www.openphacts.org/units/Nanomolar,3007,>,1,1,>,,IC50,nM,,50000.0,CHEMBL203,Homo sapiens,Epidermal growth factor receptor,9606,,,IC50,uM,UO_0000065,,50.0
,,143211,[],CHEMBL673925,Inhibition of phosphorylation of a polyglutamic acid/tyrosine random copolymer by EGFR enzyme (from human A431 carcinoma cell vesicles),B,,,BAO_0000190,BAO_0000357,single protein format,CN(C)CCCNC(=O)/C=C/C(=O)Nc1ccc2ncnc(Nc3cccc(Br)c3)c2c1,,,CHEMBL1134843,J Med Chem,2001,"{'bei': '18.81', 'le': '0.40', 'lle': '5.66', 'sei': '9.43'}",,CHEMBL345109,,CHEMBL345109,9.36,0,http://www.openphacts.org/units/Nanomolar,265481,=,1,1,=,,IC50,nM,,0.44,CHEMBL203,Homo sapiens,Epidermal growth factor receptor,9606,,,IC50 app,nM,UO_0000065,,0.44
,,143212,[],CHEMBL677216,Inhibition of autophosphorylation of EGFR in A431 cells,B,,,BAO_0000190,BAO_0000219,cell-based format,CN(C)CCCNC(=O)/C=C/C(=O)Nc1ccc2ncnc(Nc3cccc(Br)c3)c2c1,,,CHEMBL1134843,J Med Chem,2001,"{'bei': '14.53', 'le': '0.31', 'lle': '3.53', 'sei': '7.28'}",,CHEMBL345109,,CHEMBL345109,7.23,0,http://www.openphacts.org/units/Nanomolar,265481,=,1,1,=,,IC50,nM,,59.0,CHEMBL203,Homo sapiens,Epidermal growth factor receptor,9606,,,IC50,nM,UO_0000065,,59.0
,,143214,[],CHEMBL679948,Inhibition of EGF-stimulated autophosphorylation of EGFR in A431 cells,B,,,BAO_0000190,BAO_0000219,cell-based format,CN(C)CCCNC(=O)/C=C/C(=O)Nc1ccc2ncnc(Nc3cccc(Br)c3)c2c1,,,CHEMBL1134843,J Med Chem,2001,"{'bei': '14.53', 'le': '0.31', 'lle': '3.53', 'sei': '7.28'}",,CHEMBL345109,,CHEMBL345109,7.23,0,http://www.openphacts.org/units/Nanomolar,265481,=,1,1,=,,IC50,nM,,59.0,CHEMBL203,Homo sapiens,Epidermal growth factor receptor,9606,,,IC50,nM,UO_0000065,,59.0
,Not Determined,143687,[],CHEMBL680020,Inhibition of epidermal growth factor receptor (EGFr) tyrosine kinase activity,B,,,BAO_0000190,BAO_0000357,single protein format,CN(C)CCCOc1ccc(Nc2ncc3cc(-c4c(Cl)cccc4Cl)c(=O)n(C)c3n2)cc1,,,CHEMBL1131066,J Med Chem,1998,,,CHEMBL110905,,CHEMBL110905,,0,http://www.openphacts.org/units/Nanomolar,210177,,1,0,,,IC50,nM,,,CHEMBL203,Homo sapiens,Epidermal growth factor receptor,9606,,,IC50,uM,UO_0000065,,
,,144108,[],CHEMBL683041,Inhibition of Epidermal Growth Factor Receptor (EGFR) autophosphorylation,B,,,BAO_0000190,BAO_0000357,single protein format,CCOc1cc2ncc(C#N)c(Nc3ccc(F)c(Cl)c3)c2cc1NC(=O)/C=C/CN(C)C,,,CHEMBL1135208,Bioorg Med Chem Lett,2002,"{'bei': '15.13', 'le': '0.29', 'lle': '1.98', 'sei': '7.84'}",,CHEMBL607707,PELITINIB,CHEMBL607707,7.08,0,http://www.openphacts.org/units/Nanomolar,182227,=,1,1,=,,IC50,nM,,83.0,CHEMBL203,Homo sapiens,Epidermal growth factor receptor,9606,,,IC50,uM,UO_0000065,,0.083
,,144215,[],CHEMBL677391,Inhibition of tyrosine phosphorylation activity of the epidermal growth factor receptor (EGFR) tyrosine kinase from human A-431 carcinoma cell-shed membrane vesicles,B,,,BAO_0000190,BAO_0000019,assay format,Cn1c(SSc2c(C(=O)Nc3ccccc3)c3c(Cl)cccc3n2C)c(C(=O)Nc2ccccc2)c2c(Cl)cccc21,,,CHEMBL1127560,J Med Chem,1994,"{'bei': '6.33', 'le': '0.13', 'lle': '-5.28', 'sei': '5.88'}",,CHEMBL293986,,CHEMBL293986,4.00,0,http://www.openphacts.org/units/Nanomolar,109057,=,1,1,=,,IC50,nM,,100000.0,CHEMBL203,Homo sapiens,Epidermal growth factor receptor,9606,,,IC50,uM,UO_0000065,,100.0
,,144234,[],CHEMBL679549,Inhibitory activity against recombinant tyrosine kinase EGF-R (EGF-R ICD),B,,,BAO_0000190,BAO_0000357,single protein format,CCN(CC)c1ccc(Nc2cc3c(cc2Nc2ccc(N(CC)CC)cc2)C(=O)NC3=O)cc1,,,CHEMBL1127678,J Med Chem,1994,"{'bei': '9.12', 'le': '0.17', 'lle': '-1.45', 'sei': '5.61'}",,CHEMBL8223,,CHEMBL8223,4.30,0,http://www.openphacts.org/units/Nanomolar,2992,=,1,1,=,,IC50,nM,,50000.0,CHEMBL203,Homo sapiens,Epidermal growth factor receptor,9606,,,IC50,uM,UO_0000065,,50.0
,,144239,[],CHEMBL679549,Inhibitory activity against recombinant tyrosine kinase EGF-R (EGF-R ICD),B,,,BAO_0000190,BAO_0000357,single protein format,CN1C(=O)c2cc(Nc3ccccc3)c(Nc3ccccc3)cc2C1=O,,,CHEMBL1127678,J Med Chem,1994,,,CHEMBL8036,,CHEMBL8036,,0,http://www.openphacts.org/units/Nanomolar,3000,>,1,1,>,,IC50,nM,,50000.0,CHEMBL203,Homo sapiens,Epidermal growth factor receptor,9606,,,IC50,uM,UO_0000065,,50.0
,,144242,[],CHEMBL621149,Inhibition of EGF-dependent autophosphorylation of EGF-R in human A431 cells,F,,,BAO_0000190,BAO_0000219,cell-based format,CN1C(=O)c2cc(Nc3ccccc3)c(Nc3ccccc3)cc2C1=O,,,CHEMBL1127678,J Med Chem,1994,,,CHEMBL8036,,CHEMBL8036,,0,http://www.openphacts.org/units/Nanomolar,3000,>,1,1,>,,IC50,nM,,50000.0,CHEMBL203,Homo sapiens,Epidermal growth factor receptor,9606,,,IC50,uM,UO_0000065,,50.0
,,144667,[],CHEMBL680019,Inhibitory concentration was evaluated against epidermal growth factor receptor (EGFr) tyrosine kinase,B,,,BAO_0000190,BAO_0000357,single protein format,CCCCNc1ncc2cc(-c3c(Cl)cccc3Cl)c(=O)n(C)c2n1,,,CHEMBL1131066,J Med Chem,1998,"{'bei': '14.20', 'le': '0.29', 'lle': '0.85', 'sei': '8.96'}",,CHEMBL332269,,CHEMBL332269,5.36,0,http://www.openphacts.org/units/Nanomolar,210150,=,1,1,=,,IC50,nM,,4400.0,CHEMBL203,Homo sapiens,Epidermal growth factor receptor,9606,,,IC50,uM,UO_0000065,,4.4
,,144687,[],CHEMBL680030,Tested for inhibition of PLC gamma-derived substrate in Epidermal growth factor receptor stimulated A431 cells,F,,,BAO_0000190,BAO_0000219,cell-based format,Nc1ccc2ncnc(Nc3cccc(Br)c3)c2n1,,,CHEMBL1130057,J Med Chem,1997,,,CHEMBL300217,,CHEMBL300217,8.12,1,http://www.openphacts.org/units/Nanomolar,89158,=,1,1,=,,IC50,nM,,7.6,CHEMBL203,Homo sapiens,Epidermal growth factor receptor,9606,,,IC50,nM,UO_0000065,,7.6
,,144688,[],CHEMBL680031,Tested for inhibition of autophosphorylation in Epidermal growth factor receptor stimulated A431 cells,F,,,BAO_0000190,BAO_0000219,cell-based format,Nc1ccc2ncnc(Nc3cccc(Br)c3)c2n1,,,CHEMBL1130057,J Med Chem,1997,,,CHEMBL300217,,CHEMBL300217,7.28,1,http://www.openphacts.org/units/Nanomolar,89158,=,1,1,=,,IC50,nM,,53.0,CHEMBL203,Homo sapiens,Epidermal growth factor receptor,9606,,,IC50,nM,UO_0000065,,53.0
,,144689,[],CHEMBL680030,Tested for inhibition of PLC gamma-derived substrate in Epidermal growth factor receptor stimulated A431 cells,F,,,BAO_0000190,BAO_0000219,cell-based format,CNc1cc2c(Nc3cccc(Br)c3)ncnc2cn1,Outside typical range,"Values for this activity type are unusually large/small, so may not be accurate",CHEMBL1130057,J Med Chem,1997,,,CHEMBL53753,,CHEMBL53753,,1,http://www.openphacts.org/units/Nanomolar,89166,=,1,1,=,,IC50,nM,,0.008,CHEMBL203,Homo sapiens,Epidermal growth factor receptor,9606,,,IC50,nM,UO_0000065,,0.008
,,144690,[],CHEMBL680031,Tested for inhibition of autophosphorylation in Epidermal growth factor receptor stimulated A431 cells,F,,,BAO_0000190,BAO_0000219,cell-based format,CNc1cc2c(Nc3cccc(Br)c3)ncnc2cn1,,,CHEMBL1130057,J Med Chem,1997,,,CHEMBL53753,,CHEMBL53753,7.82,1,http://www.openphacts.org/units/Nanomolar,89166,=,1,1,=,,IC50,nM,,15.0,CHEMBL203,Homo sapiens,Epidermal growth factor receptor,9606,,,IC50,nM,UO_0000065,,15.0
,,161214,[],CHEMBL677888,Inhibition of Epidermal growth factor receptor (Her1/ErbB1),B,,,BAO_0000190,BAO_0000357,single protein format,CC(C)(C)c1cnc(CSc2cnc(NC(=O)Cc3ccc(CNC(CO)CO)cc3)s2)o1,,,CHEMBL1135763,J Med Chem,2002,,,CHEMBL300936,,CHEMBL300936,,0,http://www.openphacts.org/units/Nanomolar,243873,>,1,1,>,,IC50,nM,,25000.0,CHEMBL203,Homo sapiens,Epidermal growth factor receptor,9606,,,IC50,nM,UO_0000065,,25000.0
,,182065,[],CHEMBL677888,Inhibition of Epidermal growth factor receptor (Her1/ErbB1),B,,,BAO_0000190,BAO_0000357,single protein format,CN1CC[C@H](c2c(O)cc(O)c3c(=O)cc(-c4ccccc4Cl)oc23)[C@H](O)C1,,,CHEMBL1135763,J Med Chem,2002,"{'bei': '12.74', 'le': '0.25', 'lle': '1.82', 'sei': '5.44'}",,CHEMBL428690,ALVOCIDIB,CHEMBL428690,5.12,0,http://www.openphacts.org/units/Nanomolar,243847,=,1,1,=,,IC50,nM,,7600.0,CHEMBL203,Homo sapiens,Epidermal growth factor receptor,9606,,,IC50,nM,UO_0000065,,7600.0
,,183887,[],CHEMBL674106,Inhibitory activity against epidermal growth factor receptor,B,,,BAO_0000190,BAO_0000357,single protein format,Oc1ccc2ncnc(Nc3ccc(OCc4ccccc4)cc3)c2c1,,,CHEMBL1146682,Bioorg Med Chem Lett,2004,"{'bei': '20.41', 'le': '0.37', 'lle': '2.35', 'sei': '10.42'}",,CHEMBL14932,,CHEMBL14932,7.01,0,http://www.openphacts.org/units/Nanomolar,15404,=,1,1,=,,IC50,nM,,98.0,CHEMBL203,Homo sapiens,Epidermal growth factor receptor,9606,,,IC50,nM,UO_0000065,,98.0
,,184317,[],CHEMBL814059,Cytotoxic effect on EGF-receptor overexpressing HN5 squamous carcinoma cells,F,,,BAO_0000190,BAO_0000219,cell-based format,Oc1cc(O)c2nc(-c3ccc(O)c(O)c3)sc2c1,Outside typical range,"Values for this activity type are unusually large/small, so may not be accurate",CHEMBL1127530,J Med Chem,1994,,,CHEMBL48085,,CHEMBL48085,,0,http://www.openphacts.org/units/Nanomolar,76271,=,1,1,=,,IC50,nM,,130000.0,CHEMBL203,Homo sapiens,Epidermal growth factor receptor,9606,,,IC50,uM,UO_0000065,,130.0
,,185100,[],CHEMBL677389,Inhibition of the phosphorylation of a random polyglutamic acid/tyrosine copolymer by human epidermal growth factor receptor(EGFR) prepared from human A431 carcinoma cells,B,,,BAO_0000190,BAO_0000219,cell-based format,Brc1cccc(Nc2ncnc3cc4c(cnn4CCN4CCOCC4)cc23)c1,,,CHEMBL1130030,J Med Chem,1997,"{'bei': '18.60', 'le': '0.40', 'lle': '4.61', 'sei': '12.38'}",,CHEMBL38199,,CHEMBL38199,8.43,0,http://www.openphacts.org/units/Nanomolar,60189,=,1,1,=,,IC50,nM,,3.7,CHEMBL203,Homo sapiens,Epidermal growth factor receptor,9606,,,IC50,nM,UO_0000065,,3.7
,,185101,[],CHEMBL676156,Inhibition of autophosphorylation of epidermal growth factor receptor prepared from human A431 carcinoma cells.,B,,,BAO_0000190,BAO_0000219,cell-based format,Brc1cccc(Nc2ncnc3cc4c(cnn4CCN4CCOCC4)cc23)c1,,,CHEMBL1130030,J Med Chem,1997,"{'bei': '14.82', 'le': '0.32', 'lle': '2.90', 'sei': '9.86'}",,CHEMBL38199,,CHEMBL38199,6.72,0,http://www.openphacts.org/units/Nanomolar,60189,=,1,1,=,,IC50,nM,,192.0,CHEMBL203,Homo sapiens,Epidermal growth factor receptor,9606,,,IC50,nM,UO_0000065,,192.0
,,186628,[],CHEMBL674106,Inhibitory activity against epidermal growth factor receptor,B,,,BAO_0000190,BAO_0000357,single protein format,C#Cc1cccc(Nc2ncnc3cc(OCCOC)c(OCCOC)cc23)c1,,,CHEMBL1146682,Bioorg Med Chem Lett,2004,"{'bei': '22.88', 'le': '0.42', 'lle': '5.59', 'sei': '12.04'}",,CHEMBL553,ERLOTINIB,CHEMBL553,9.00,1,http://www.openphacts.org/units/Nanomolar,15410,=,1,1,=,,IC50,nM,,1.0,CHEMBL203,Homo sapiens,Epidermal growth factor receptor,9606,,,IC50,uM,UO_0000065,,0.001
,,186630,[],CHEMBL674106,Inhibitory activity against epidermal growth factor receptor,B,,,BAO_0000190,BAO_0000357,single protein format,COc1cc2ncnc(Nc3ccc(F)c(Cl)c3)c2cc1OCCCN1CCOCC1,,,CHEMBL1146682,Bioorg Med Chem Lett,2004,"{'bei': '20.14', 'le': '0.40', 'lle': '4.72', 'sei': '13.09'}",,CHEMBL939,GEFITINIB,CHEMBL939,9.00,0,http://www.openphacts.org/units/Nanomolar,15409,=,1,1,=,,IC50,nM,,1.0,CHEMBL203,Homo sapiens,Epidermal growth factor receptor,9606,,,IC50,uM,UO_0000065,,0.001
,,187807,[],CHEMBL677389,Inhibition of the phosphorylation of a random polyglutamic acid/tyrosine copolymer by human epidermal growth factor receptor(EGFR) prepared from human A431 carcinoma cells,B,,,BAO_0000190,BAO_0000219,cell-based format,COc1cc2ncnc(Nc3cccc(Br)c3)c2cc1OC,,,CHEMBL1130030,J Med Chem,1997,"{'bei': '29.43', 'le': '0.66', 'lle': '6.45', 'sei': '18.84'}",,CHEMBL29197,,CHEMBL29197,10.60,1,http://www.openphacts.org/units/Nanomolar,60203,=,1,1,=,,IC50,nM,,0.025,CHEMBL203,Homo sapiens,Epidermal growth factor receptor,9606,,,IC50,nM,UO_0000065,,0.025
,,189000,[],CHEMBL677389,Inhibition of the phosphorylation of a random polyglutamic acid/tyrosine copolymer by human epidermal growth factor receptor(EGFR) prepared from human A431 carcinoma cells,B,,,BAO_0000190,BAO_0000219,cell-based format,CN(C)Cc1c[nH]c2cc3ncnc(Nc4cccc(Br)c4)c3cc12,,,CHEMBL1130030,J Med Chem,1997,"{'bei': '21.66', 'le': '0.47', 'lle': '3.91', 'sei': '15.10'}",,CHEMBL287007,,CHEMBL287007,8.59,0,http://www.openphacts.org/units/Nanomolar,60191,=,1,1,=,,IC50,nM,,2.6,CHEMBL203,Homo sapiens,Epidermal growth factor receptor,9606,,,IC50,nM,UO_0000065,,2.6
,,189001,[],CHEMBL676156,Inhibition of autophosphorylation of epidermal growth factor receptor prepared from human A431 carcinoma cells.,B,,,BAO_0000190,BAO_0000219,cell-based format,CN(C)Cc1c[nH]c2cc3ncnc(Nc4cccc(Br)c4)c3cc12,,,CHEMBL1130030,J Med Chem,1997,"{'bei': '20.22', 'le': '0.44', 'lle': '3.33', 'sei': '14.10'}",,CHEMBL287007,,CHEMBL287007,8.01,0,http://www.openphacts.org/units/Nanomolar,60191,=,1,1,=,,IC50,nM,,9.7,CHEMBL203,Homo sapiens,Epidermal growth factor receptor,9606,,,IC50,nM,UO_0000065,,9.7
,,189002,[],CHEMBL677389,Inhibition of the phosphorylation of a random polyglutamic acid/tyrosine copolymer by human epidermal growth factor receptor(EGFR) prepared from human A431 carcinoma cells,B,,,BAO_0000190,BAO_0000219,cell-based format,Brc1cccc(Nc2ccnc3ccccc23)c1,,,CHEMBL1130030,J Med Chem,1997,"{'bei': '17.58', 'le': '0.40', 'lle': '0.52', 'sei': '21.11'}",,CHEMBL37346,,CHEMBL37346,5.26,1,http://www.openphacts.org/units/Nanomolar,60205,=,1,1,=,,IC50,nM,,5500.0,CHEMBL203,Homo sapiens,Epidermal growth factor receptor,9606,,,IC50,nM,UO_0000065,,5500.0
,,189003,[],CHEMBL677389,Inhibition of the phosphorylation of a random polyglutamic acid/tyrosine copolymer by human epidermal growth factor receptor(EGFR) prepared from human A431 carcinoma cells,B,,,BAO_0000190,BAO_0000219,cell-based format,Brc1cccc(Nc2nccc3ccccc23)c1,,,CHEMBL1130030,J Med Chem,1997,,,CHEMBL39563,,CHEMBL39563,,1,http://www.openphacts.org/units/Nanomolar,60200,>,1,1,>,,IC50,nM,,100000.0,CHEMBL203,Homo sapiens,Epidermal growth factor receptor,9606,,,IC50,nM,UO_0000065,,100000.0
,,189082,[],CHEMBL674106,Inhibitory activity against epidermal growth factor receptor,B,,,BAO_0000190,BAO_0000357,single protein format,CS(=O)(=O)CCNCCCCOc1ccc2ncnc(Nc3ccc(OCc4ccccc4)cc3)c2c1,,,CHEMBL1146682,Bioorg Med Chem Lett,2004,"{'bei': '13.70', 'le': '0.26', 'lle': '2.38', 'sei': '6.96'}",,CHEMBL15346,,CHEMBL15346,7.13,0,http://www.openphacts.org/units/Nanomolar,15418,=,1,1,=,,IC50,nM,,74.0,CHEMBL203,Homo sapiens,Epidermal growth factor receptor,9606,,,IC50,nM,UO_0000065,,74.0
,,189084,[],CHEMBL674106,Inhibitory activity against epidermal growth factor receptor,B,,,BAO_0000190,BAO_0000357,single protein format,COc1ccc2ncnc(Nc3ccc(OCc4ccccc4)cc3)c2c1,,,CHEMBL1146682,Bioorg Med Chem Lett,2004,"{'bei': '20.05', 'le': '0.36', 'lle': '2.21', 'sei': '12.74'}",,CHEMBL15202,,CHEMBL15202,7.17,0,http://www.openphacts.org/units/Nanomolar,15405,=,1,1,=,,IC50,nM,,68.0,CHEMBL203,Homo sapiens,Epidermal growth factor receptor,9606,,,IC50,nM,UO_0000065,,68.0
,,190221,[],CHEMBL674106,Inhibitory activity against epidermal growth factor receptor,B,,,BAO_0000190,BAO_0000357,single protein format,CS(=O)(=O)CCNCc1ccc(-c2ccc3ncnc(Nc4ccc(OCc5cccc(F)c5)c(Cl)c4)c3c2)o1,,,CHEMBL1146682,Bioorg Med Chem Lett,2004,"{'bei': '13.77', 'le': '0.27', 'lle': '1.86', 'sei': '7.52'}",,CHEMBL554,LAPATINIB,CHEMBL554,8.00,0,http://www.openphacts.org/units/Nanomolar,15408,=,1,1,=,,IC50,nM,,10.0,CHEMBL203,Homo sapiens,Epidermal growth factor receptor,9606,,,IC50,uM,UO_0000065,,0.01
,,191433,[],CHEMBL677389,Inhibition of the phosphorylation of a random polyglutamic acid/tyrosine copolymer by human epidermal growth factor receptor(EGFR) prepared from human A431 carcinoma cells,B,,,BAO_0000190,BAO_0000219,cell-based format,O=C(O)Cn1ncc2cc3c(Nc4cccc(Br)c4)ncnc3cc21,,,CHEMBL1130030,J Med Chem,1997,"{'bei': '18.27', 'le': '0.40', 'lle': '3.71', 'sei': '7.83'}",,CHEMBL36819,,CHEMBL36819,7.28,0,http://www.openphacts.org/units/Nanomolar,60211,=,1,1,=,,IC50,nM,,53.0,CHEMBL203,Homo sapiens,Epidermal growth factor receptor,9606,,,IC50,nM,UO_0000065,,53.0
,,191434,[],CHEMBL676156,Inhibition of autophosphorylation of epidermal growth factor receptor prepared from human A431 carcinoma cells.,B,,,BAO_0000190,BAO_0000219,cell-based format,O=C(O)Cn1ncc2cc3c(Nc4cccc(Br)c4)ncnc3cc21,,,CHEMBL1130030,J Med Chem,1997,"{'bei': '14.87', 'le': '0.32', 'lle': '2.35', 'sei': '6.37'}",,CHEMBL36819,,CHEMBL36819,5.92,0,http://www.openphacts.org/units/Nanomolar,60211,=,1,1,=,,IC50,nM,,1196.0,CHEMBL203,Homo sapiens,Epidermal growth factor receptor,9606,,,IC50,nM,UO_0000065,,1196.0
,,191435,[],CHEMBL677389,Inhibition of the phosphorylation of a random polyglutamic acid/tyrosine copolymer by human epidermal growth factor receptor(EGFR) prepared from human A431 carcinoma cells,B,,,BAO_0000190,BAO_0000219,cell-based format,Brc1cccc(Nc2ncnc3cc4c(ccn4CCN4CCOCC4)cc23)c1,,,CHEMBL1130030,J Med Chem,1997,"{'bei': '18.64', 'le': '0.40', 'lle': '4.01', 'sei': '15.27'}",,CHEMBL40130,,CHEMBL40130,8.43,0,http://www.openphacts.org/units/Nanomolar,60195,=,1,1,=,,IC50,nM,,3.7,CHEMBL203,Homo sapiens,Epidermal growth factor receptor,9606,,,IC50,nM,UO_0000065,,3.7
,,191436,[],CHEMBL676156,Inhibition of autophosphorylation of epidermal growth factor receptor prepared from human A431 carcinoma cells.,B,,,BAO_0000190,BAO_0000219,cell-based format,Brc1cccc(Nc2ncnc3cc4c(ccn4CCN4CCOCC4)cc23)c1,,,CHEMBL1130030,J Med Chem,1997,"{'bei': '17.23', 'le': '0.37', 'lle': '3.38', 'sei': '14.12'}",,CHEMBL40130,,CHEMBL40130,7.80,0,http://www.openphacts.org/units/Nanomolar,60195,=,1,1,=,,IC50,nM,,16.0,CHEMBL203,Homo sapiens,Epidermal growth factor receptor,9606,,,IC50,nM,UO_0000065,,16.0
,,191437,[],CHEMBL677389,Inhibition of the phosphorylation of a random polyglutamic acid/tyrosine copolymer by human epidermal growth factor receptor(EGFR) prepared from human A431 carcinoma cells,B,,,BAO_0000190,BAO_0000219,cell-based format,CCOc1cc2ncnc(Nc3cccc(Br)c3)c2cc1OCC,Outside typical range,"Values for this activity type are unusually large/small, so may not be accurate",CHEMBL1130030,J Med Chem,1997,,,CHEMBL35820,,CHEMBL35820,,1,http://www.openphacts.org/units/Nanomolar,60204,=,1,1,=,,IC50,nM,,0.006,CHEMBL203,Homo sapiens,Epidermal growth factor receptor,9606,,,IC50,nM,UO_0000065,,0.006
,,191495,[],CHEMBL674106,Inhibitory activity against epidermal growth factor receptor,B,,,BAO_0000190,BAO_0000357,single protein format,O=C(NCCCCOc1ccc2ncnc(Nc3ccc(OCc4ccccc4)cc3)c2c1)C(F)(F)F,,,CHEMBL1146682,Bioorg Med Chem Lett,2004,"{'bei': '13.97', 'le': '0.26', 'lle': '1.34', 'sei': '8.35'}",,CHEMBL14627,,CHEMBL14627,7.13,0,http://www.openphacts.org/units/Nanomolar,15407,=,1,1,=,,IC50,nM,,74.0,CHEMBL203,Homo sapiens,Epidermal growth factor receptor,9606,,,IC50,nM,UO_0000065,,74.0
,,192570,[],CHEMBL677389,Inhibition of the phosphorylation of a random polyglutamic acid/tyrosine copolymer by human epidermal growth factor receptor(EGFR) prepared from human A431 carcinoma cells,B,,,BAO_0000190,BAO_0000219,cell-based format,Brc1cccc(Nc2ncnc3ccccc23)c1,,,CHEMBL1130030,J Med Chem,1997,"{'bei': '25.22', 'le': '0.57', 'lle': '3.43', 'sei': '20.02'}",,CHEMBL290096,,CHEMBL290096,7.57,1,http://www.openphacts.org/units/Nanomolar,60206,=,1,1,=,,IC50,nM,,27.0,CHEMBL203,Homo sapiens,Epidermal growth factor receptor,9606,,,IC50,nM,UO_0000065,,27.0
,,192571,[],CHEMBL677389,Inhibition of the phosphorylation of a random polyglutamic acid/tyrosine copolymer by human epidermal growth factor receptor(EGFR) prepared from human A431 carcinoma cells,B,,,BAO_0000190,BAO_0000219,cell-based format,COc1cccc2c(Nc3cccc(Br)c3)ncnc12,,,CHEMBL1130030,J Med Chem,1997,,,CHEMBL289787,,CHEMBL289787,,0,http://www.openphacts.org/units/Nanomolar,60201,>,1,1,>,,IC50,nM,,10000.0,CHEMBL203,Homo sapiens,Epidermal growth factor receptor,9606,,,IC50,nM,UO_0000065,,10000.0
,,193127,[],CHEMBL814059,Cytotoxic effect on EGF-receptor overexpressing HN5 squamous carcinoma cells,F,,,BAO_0000190,BAO_0000219,cell-based format,Oc1ccc(-c2nc3c(O)cc(O)cc3s2)cc1,Outside typical range,"Values for this activity type are unusually large/small, so may not be accurate",CHEMBL1127530,J Med Chem,1994,,,CHEMBL45564,,CHEMBL45564,,0,http://www.openphacts.org/units/Nanomolar,76261,=,1,1,=,,IC50,nM,,300000.0,CHEMBL203,Homo sapiens,Epidermal growth factor receptor,9606,,,IC50,uM,UO_0000065,,300.0
,,196098,[],CHEMBL677389,Inhibition of the phosphorylation of a random polyglutamic acid/tyrosine copolymer by human epidermal growth factor receptor(EGFR) prepared from human A431 carcinoma cells,B,,,BAO_0000190,BAO_0000219,cell-based format,Cc1nc(Nc2cccc(Br)c2)c2ccccc2n1,,,CHEMBL1130030,J Med Chem,1997,,,CHEMBL37099,,CHEMBL37099,,0,http://www.openphacts.org/units/Nanomolar,60202,>,1,1,>,,IC50,nM,,10000.0,CHEMBL203,Homo sapiens,Epidermal growth factor receptor,9606,,,IC50,nM,UO_0000065,,10000.0
,,198300,[],CHEMBL674106,Inhibitory activity against epidermal growth factor receptor,B,,,BAO_0000190,BAO_0000357,single protein format,CS(=O)(=O)CCNCCCCOc1ccc2ncnc(Nc3ccc(F)c(Cl)c3)c2c1,,,CHEMBL1146682,Bioorg Med Chem Lett,2004,"{'bei': '16.49', 'le': '0.34', 'lle': '3.74', 'sei': '8.26'}",,CHEMBL460731,,CHEMBL460731,7.70,0,http://www.openphacts.org/units/Nanomolar,15414,=,1,1,=,,IC50,nM,,20.0,CHEMBL203,Homo sapiens,Epidermal growth factor receptor,9606,,,IC50,nM,UO_0000065,,20.0
,,198302,[],CHEMBL690547,Inhibition of EGFR overexpressing HN5 (head/neck carcinoma) cell line proliferation,F,,,BAO_0000190,BAO_0000219,cell-based format,CS(=O)(=O)CCNCCCCOc1ccc2ncnc(Nc3ccc(F)c(Cl)c3)c2c1,,,CHEMBL1146682,Bioorg Med Chem Lett,2004,,,CHEMBL460731,,CHEMBL460731,7.15,0,http://www.openphacts.org/units/Nanomolar,15414,=,1,1,=,,IC50,nM,,71.0,CHEMBL203,Homo sapiens,Epidermal growth factor receptor,9606,,,IC50,uM,UO_0000065,,0.071
,,198799,[],CHEMBL676234,Cytotoxic effect on EGF-receptor overexpressing HN5 squamous carcinoma cells,F,,,BAO_0000190,BAO_0000219,cell-based format,O=c1c(O)c(-c2ccc(O)c(O)c2)oc2cc(O)cc(O)c12,Outside typical range,"Values for this activity type are unusually large/small, so may not be accurate",CHEMBL1127530,J Med Chem,1994,,,CHEMBL50,QUERCETIN,CHEMBL50,,0,http://www.openphacts.org/units/Nanomolar,76260,=,1,1,=,,IC50,nM,,190000.0,CHEMBL203,Homo sapiens,Epidermal growth factor receptor,9606,,,IC50,uM,UO_0000065,,190.0
,,199602,[],CHEMBL677389,Inhibition of the phosphorylation of a random polyglutamic acid/tyrosine copolymer by human epidermal growth factor receptor(EGFR) prepared from human A431 carcinoma cells,B,,,BAO_0000190,BAO_0000219,cell-based format,OCC(O)Cn1ncc2cc3c(Nc4cccc(Br)c4)ncnc3cc21,,,CHEMBL1130030,J Med Chem,1997,"{'bei': '19.12', 'le': '0.42', 'lle': '5.08', 'sei': '8.24'}",,CHEMBL37543,,CHEMBL37543,7.92,0,http://www.openphacts.org/units/Nanomolar,60215,=,1,1,=,,IC50,nM,,12.0,CHEMBL203,Homo sapiens,Epidermal growth factor receptor,9606,,,IC50,nM,UO_0000065,,12.0
,,199603,[],CHEMBL676156,Inhibition of autophosphorylation of epidermal growth factor receptor prepared from human A431 carcinoma cells.,B,,,BAO_0000190,BAO_0000219,cell-based format,OCC(O)Cn1ncc2cc3c(Nc4cccc(Br)c4)ncnc3cc21,,,CHEMBL1130030,J Med Chem,1997,"{'bei': '15.68', 'le': '0.34', 'lle': '3.66', 'sei': '6.76'}",,CHEMBL37543,,CHEMBL37543,6.50,0,http://www.openphacts.org/units/Nanomolar,60215,=,1,1,=,,IC50,nM,,318.0,CHEMBL203,Homo sapiens,Epidermal growth factor receptor,9606,,,IC50,nM,UO_0000065,,318.0
,,199604,[],CHEMBL677389,Inhibition of the phosphorylation of a random polyglutamic acid/tyrosine copolymer by human epidermal growth factor receptor(EGFR) prepared from human A431 carcinoma cells,B,,,BAO_0000190,BAO_0000219,cell-based format,CN(C)CCCn1ccc2cc3c(Nc4cccc(Br)c4)ncnc3cc21,,,CHEMBL1130030,J Med Chem,1997,"{'bei': '18.09', 'le': '0.39', 'lle': '2.64', 'sei': '16.70'}",,CHEMBL287289,,CHEMBL287289,7.68,0,http://www.openphacts.org/units/Nanomolar,60196,=,1,1,=,,IC50,nM,,21.0,CHEMBL203,Homo sapiens,Epidermal growth factor receptor,9606,,,IC50,nM,UO_0000065,,21.0
,,199605,[],CHEMBL676156,Inhibition of autophosphorylation of epidermal growth factor receptor prepared from human A431 carcinoma cells.,B,,,BAO_0000190,BAO_0000219,cell-based format,CN(C)CCCn1ccc2cc3c(Nc4cccc(Br)c4)ncnc3cc21,,,CHEMBL1130030,J Med Chem,1997,"{'bei': '15.64', 'le': '0.34', 'lle': '1.60', 'sei': '14.44'}",,CHEMBL287289,,CHEMBL287289,6.64,0,http://www.openphacts.org/units/Nanomolar,60196,=,1,1,=,,IC50,nM,,230.0,CHEMBL203,Homo sapiens,Epidermal growth factor receptor,9606,,,IC50,nM,UO_0000065,,230.0
,,199646,[],CHEMBL674106,Inhibitory activity against epidermal growth factor receptor,B,,,BAO_0000190,BAO_0000357,single protein format,CS(=O)(=O)CCNCCCCOc1ccc2ncnc(Nc3ccc(OCc4cccc(F)c4)c(Cl)c3)c2c1,,,CHEMBL1146682,Bioorg Med Chem Lett,2004,"{'bei': '13.21', 'le': '0.27', 'lle': '2.03', 'sei': '7.39'}",,CHEMBL514436,,CHEMBL514436,7.57,0,http://www.openphacts.org/units/Nanomolar,15412,=,1,1,=,,IC50,nM,,27.0,CHEMBL203,Homo sapiens,Epidermal growth factor receptor,9606,,,IC50,nM,UO_0000065,,27.0
,,200768,[],CHEMBL677389,Inhibition of the phosphorylation of a random polyglutamic acid/tyrosine copolymer by human epidermal growth factor receptor(EGFR) prepared from human A431 carcinoma cells,B,,,BAO_0000190,BAO_0000219,cell-based format,Cn1ncc2cc3c(Nc4cccc(Br)c4)ncnc3cc21,,,CHEMBL1130030,J Med Chem,1997,"{'bei': '26.63', 'le': '0.59', 'lle': '5.41', 'sei': '16.95'}",,CHEMBL39320,,CHEMBL39320,9.43,0,http://www.openphacts.org/units/Nanomolar,60214,=,1,1,=,,IC50,nM,,0.37,CHEMBL203,Homo sapiens,Epidermal growth factor receptor,9606,,,IC50,nM,UO_0000065,,0.37
,,200769,[],CHEMBL676156,Inhibition of autophosphorylation of epidermal growth factor receptor prepared from human A431 carcinoma cells.,B,,,BAO_0000190,BAO_0000219,cell-based format,Cn1ncc2cc3c(Nc4cccc(Br)c4)ncnc3cc21,,,CHEMBL1130030,J Med Chem,1997,"{'bei': '22.26', 'le': '0.49', 'lle': '3.87', 'sei': '14.18'}",,CHEMBL39320,,CHEMBL39320,7.89,0,http://www.openphacts.org/units/Nanomolar,60214,=,1,1,=,,IC50,nM,,13.0,CHEMBL203,Homo sapiens,Epidermal growth factor receptor,9606,,,IC50,nM,UO_0000065,,13.0
,,200770,[],CHEMBL677389,Inhibition of the phosphorylation of a random polyglutamic acid/tyrosine copolymer by human epidermal growth factor receptor(EGFR) prepared from human A431 carcinoma cells,B,,,BAO_0000190,BAO_0000219,cell-based format,O=C(O)Cn1ccc2cc3c(Nc4cccc(Br)c4)ncnc3cc21,,,CHEMBL1130030,J Med Chem,1997,"{'bei': '20.88', 'le': '0.45', 'lle': '4.11', 'sei': '10.36'}",,CHEMBL289162,,CHEMBL289162,8.29,0,http://www.openphacts.org/units/Nanomolar,60193,=,1,1,=,,IC50,nM,,5.1,CHEMBL203,Homo sapiens,Epidermal growth factor receptor,9606,,,IC50,nM,UO_0000065,,5.1
,,200771,[],CHEMBL676156,Inhibition of autophosphorylation of epidermal growth factor receptor prepared from human A431 carcinoma cells.,B,,,BAO_0000190,BAO_0000219,cell-based format,O=C(O)Cn1ccc2cc3c(Nc4cccc(Br)c4)ncnc3cc21,,,CHEMBL1130030,J Med Chem,1997,"{'bei': '14.47', 'le': '0.31', 'lle': '1.57', 'sei': '7.18'}",,CHEMBL289162,,CHEMBL289162,5.75,0,http://www.openphacts.org/units/Nanomolar,60193,=,1,1,=,,IC50,nM,,1780.0,CHEMBL203,Homo sapiens,Epidermal growth factor receptor,9606,,,IC50,nM,UO_0000065,,1780.0
,,200875,[],CHEMBL674106,Inhibitory activity against epidermal growth factor receptor,B,,,BAO_0000190,BAO_0000357,single protein format,CS(=O)(=O)CCNCCCOc1ccc2ncnc(Nc3ccc(OCc4ccccc4)cc3)c2c1,,,CHEMBL1146682,Bioorg Med Chem Lett,2004,"{'bei': '13.78', 'le': '0.26', 'lle': '2.62', 'sei': '6.82'}",,CHEMBL14952,,CHEMBL14952,6.98,0,http://www.openphacts.org/units/Nanomolar,15406,=,1,1,=,,IC50,nM,,104.0,CHEMBL203,Homo sapiens,Epidermal growth factor receptor,9606,,,IC50,nM,UO_0000065,,104.0
,,202120,[],CHEMBL677389,Inhibition of the phosphorylation of a random polyglutamic acid/tyrosine copolymer by human epidermal growth factor receptor(EGFR) prepared from human A431 carcinoma cells,B,,,BAO_0000190,BAO_0000219,cell-based format,CN(C)CCn1ccc2cc3c(Nc4cccc(Br)c4)ncnc3cc21,,,CHEMBL1130030,J Med Chem,1997,"{'bei': '18.00', 'le': '0.39', 'lle': '2.74', 'sei': '16.07'}",,CHEMBL37373,,CHEMBL37373,7.39,0,http://www.openphacts.org/units/Nanomolar,60197,=,1,1,=,,IC50,nM,,41.0,CHEMBL203,Homo sapiens,Epidermal growth factor receptor,9606,,,IC50,nM,UO_0000065,,41.0
,,202121,[],CHEMBL676156,Inhibition of autophosphorylation of epidermal growth factor receptor prepared from human A431 carcinoma cells.,B,,,BAO_0000190,BAO_0000219,cell-based format,CN(C)CCn1ccc2cc3c(Nc4cccc(Br)c4)ncnc3cc21,,,CHEMBL1130030,J Med Chem,1997,"{'bei': '16.67', 'le': '0.36', 'lle': '2.19', 'sei': '14.87'}",,CHEMBL37373,,CHEMBL37373,6.84,0,http://www.openphacts.org/units/Nanomolar,60197,=,1,1,=,,IC50,nM,,145.0,CHEMBL203,Homo sapiens,Epidermal growth factor receptor,9606,,,IC50,nM,UO_0000065,,145.0
,,202122,[],CHEMBL677389,Inhibition of the phosphorylation of a random polyglutamic acid/tyrosine copolymer by human epidermal growth factor receptor(EGFR) prepared from human A431 carcinoma cells,B,,,BAO_0000190,BAO_0000219,cell-based format,COC(=O)CN(C)Cc1c[nH]c2cc3ncnc(Nc4cccc(Br)c4)c3cc12,,,CHEMBL1130030,J Med Chem,1997,"{'bei': '18.64', 'le': '0.40', 'lle': '4.25', 'sei': '10.19'}",,CHEMBL39715,,CHEMBL39715,8.47,0,http://www.openphacts.org/units/Nanomolar,60208,=,1,1,=,,IC50,nM,,3.4,CHEMBL203,Homo sapiens,Epidermal growth factor receptor,9606,,,IC50,nM,UO_0000065,,3.4
,,202123,[],CHEMBL676156,Inhibition of autophosphorylation of epidermal growth factor receptor prepared from human A431 carcinoma cells.,B,,,BAO_0000190,BAO_0000219,cell-based format,COC(=O)CN(C)Cc1c[nH]c2cc3ncnc(Nc4cccc(Br)c4)c3cc12,,,CHEMBL1130030,J Med Chem,1997,"{'bei': '17.65', 'le': '0.38', 'lle': '3.80', 'sei': '9.64'}",,CHEMBL39715,,CHEMBL39715,8.02,0,http://www.openphacts.org/units/Nanomolar,60208,=,1,1,=,,IC50,nM,,9.6,CHEMBL203,Homo sapiens,Epidermal growth factor receptor,9606,,,IC50,nM,UO_0000065,,9.6
,,202124,[],CHEMBL677389,Inhibition of the phosphorylation of a random polyglutamic acid/tyrosine copolymer by human epidermal growth factor receptor(EGFR) prepared from human A431 carcinoma cells,B,,,BAO_0000190,BAO_0000219,cell-based format,CN(CC(=O)O)Cc1c[nH]c2cc3ncnc(Nc4cccc(Br)c4)c3cc12,,,CHEMBL1130030,J Med Chem,1997,"{'bei': '20.76', 'le': '0.45', 'lle': '5.01', 'sei': '9.71'}",,CHEMBL289213,,CHEMBL289213,9.14,0,http://www.openphacts.org/units/Nanomolar,60207,=,1,1,=,,IC50,nM,,0.72,CHEMBL203,Homo sapiens,Epidermal growth factor receptor,9606,,,IC50,nM,UO_0000065,,0.72
,,202125,[],CHEMBL676156,Inhibition of autophosphorylation of epidermal growth factor receptor prepared from human A431 carcinoma cells.,B,,,BAO_0000190,BAO_0000219,cell-based format,CN(CC(=O)O)Cc1c[nH]c2cc3ncnc(Nc4cccc(Br)c4)c3cc12,,,CHEMBL1130030,J Med Chem,1997,"{'bei': '14.16', 'le': '0.30', 'lle': '2.10', 'sei': '6.62'}",,CHEMBL289213,,CHEMBL289213,6.23,0,http://www.openphacts.org/units/Nanomolar,60207,=,1,1,=,,IC50,nM,,584.0,CHEMBL203,Homo sapiens,Epidermal growth factor receptor,9606,,,IC50,nM,UO_0000065,,584.0
,,203323,[],CHEMBL674106,Inhibitory activity against epidermal growth factor receptor,B,,,BAO_0000190,BAO_0000357,single protein format,CS(=O)(=O)CCN(CCCCOc1ccc2ncnc(Nc3ccc(OCc4ccccc4)cc3)c2c1)C(=O)C(F)(F)F,,,CHEMBL1146682,Bioorg Med Chem Lett,2004,"{'bei': '10.67', 'le': '0.21', 'lle': '1.03', 'sei': '5.94'}",,CHEMBL273789,,CHEMBL273789,6.58,0,http://www.openphacts.org/units/Nanomolar,15419,=,1,1,=,,IC50,nM,,263.0,CHEMBL203,Homo sapiens,Epidermal growth factor receptor,9606,,,IC50,nM,UO_0000065,,263.0
,,203325,[],CHEMBL674106,Inhibitory activity against epidermal growth factor receptor,B,,,BAO_0000190,BAO_0000357,single protein format,C#Cc1cccc(Nc2ncnc3ccc(OCCCCNCCS(C)(=O)=O)cc23)c1,,,CHEMBL1146682,Bioorg Med Chem Lett,2004,"{'bei': '18.15', 'le': '0.35', 'lle': '4.81', 'sei': '8.54'}",,CHEMBL517907,GW680191X,CHEMBL517907,7.96,0,http://www.openphacts.org/units/Nanomolar,15415,=,1,1,=,,IC50,nM,,11.0,CHEMBL203,Homo sapiens,Epidermal growth factor receptor,9606,,,IC50,nM,UO_0000065,,11.0
,,203327,[],CHEMBL690547,Inhibition of EGFR overexpressing HN5 (head/neck carcinoma) cell line proliferation,F,,,BAO_0000190,BAO_0000219,cell-based format,C#Cc1cccc(Nc2ncnc3ccc(OCCCCNCCS(C)(=O)=O)cc23)c1,,,CHEMBL1146682,Bioorg Med Chem Lett,2004,,,CHEMBL517907,GW680191X,CHEMBL517907,7.35,0,http://www.openphacts.org/units/Nanomolar,15415,=,1,1,=,,IC50,nM,,45.0,CHEMBL203,Homo sapiens,Epidermal growth factor receptor,9606,,,IC50,uM,UO_0000065,,0.045
,,203329,[],CHEMBL674106,Inhibitory activity against epidermal growth factor receptor,B,,,BAO_0000190,BAO_0000357,single protein format,CS(=O)(=O)CCNCCCCOc1ccc2ncnc(Nc3ccc(S(=O)(=O)c4ccccc4)cc3)c2c1,,,CHEMBL1146682,Bioorg Med Chem Lett,2004,"{'bei': '12.68', 'le': '0.25', 'lle': '3.03', 'sei': '5.52'}",,CHEMBL460732,,CHEMBL460732,7.03,0,http://www.openphacts.org/units/Nanomolar,15413,=,1,1,=,,IC50,nM,,93.0,CHEMBL203,Homo sapiens,Epidermal growth factor receptor,9606,,,IC50,nM,UO_0000065,,93.0
,,204578,[],CHEMBL674106,Inhibitory activity against epidermal growth factor receptor,B,,,BAO_0000190,BAO_0000357,single protein format,C=CCOc1ccc2ncnc(Nc3ccc(OCc4ccccc4)cc3)c2c1,,,CHEMBL1146682,Bioorg Med Chem Lett,2004,"{'bei': '18.52', 'le': '0.33', 'lle': '1.58', 'sei': '12.62'}",,CHEMBL540701,,CHEMBL540701,7.10,0,http://www.openphacts.org/units/Nanomolar,15417,=,1,1,=,,IC50,nM,,79.0,CHEMBL203,Homo sapiens,Epidermal growth factor receptor,9606,,,IC50,nM,UO_0000065,,79.0
,,205655,[],CHEMBL677389,Inhibition of the phosphorylation of a random polyglutamic acid/tyrosine copolymer by human epidermal growth factor receptor(EGFR) prepared from human A431 carcinoma cells,B,,,BAO_0000190,BAO_0000219,cell-based format,CN(C)CCn1ncc2cc3c(Nc4cccc(Br)c4)ncnc3cc21,,,CHEMBL1130030,J Med Chem,1997,"{'bei': '17.99', 'le': '0.39', 'lle': '3.35', 'sei': '12.57'}",,CHEMBL287832,,CHEMBL287832,7.40,0,http://www.openphacts.org/units/Nanomolar,60212,=,1,1,=,,IC50,nM,,40.0,CHEMBL203,Homo sapiens,Epidermal growth factor receptor,9606,,,IC50,nM,UO_0000065,,40.0
,,205656,[],CHEMBL676156,Inhibition of autophosphorylation of epidermal growth factor receptor prepared from human A431 carcinoma cells.,B,,,BAO_0000190,BAO_0000219,cell-based format,CN(C)CCn1ncc2cc3c(Nc4cccc(Br)c4)ncnc3cc21,,,CHEMBL1130030,J Med Chem,1997,"{'bei': '16.00', 'le': '0.35', 'lle': '2.53', 'sei': '11.18'}",,CHEMBL287832,,CHEMBL287832,6.58,0,http://www.openphacts.org/units/Nanomolar,60212,=,1,1,=,,IC50,nM,,262.0,CHEMBL203,Homo sapiens,Epidermal growth factor receptor,9606,,,IC50,nM,UO_0000065,,262.0
,,208007,[],CHEMBL677389,Inhibition of the phosphorylation of a random polyglutamic acid/tyrosine copolymer by human epidermal growth factor receptor(EGFR) prepared from human A431 carcinoma cells,B,,,BAO_0000190,BAO_0000219,cell-based format,Brc1cccc(Nc2ncnc3cc4[nH]ncc4cc23)c1,,,CHEMBL1130030,J Med Chem,1997,"{'bei': '27.50', 'le': '0.61', 'lle': '5.35', 'sei': '14.07'}",,CHEMBL39337,,CHEMBL39337,9.36,1,http://www.openphacts.org/units/Nanomolar,60213,=,1,1,=,,IC50,nM,,0.44,CHEMBL203,Homo sapiens,Epidermal growth factor receptor,9606,,,IC50,nM,UO_0000065,,0.44
,,208008,[],CHEMBL676156,Inhibition of autophosphorylation of epidermal growth factor receptor prepared from human A431 carcinoma cells.,B,,,BAO_0000190,BAO_0000219,cell-based format,Brc1cccc(Nc2ncnc3cc4[nH]ncc4cc23)c1,,,CHEMBL1130030,J Med Chem,1997,"{'bei': '22.63', 'le': '0.50', 'lle': '3.69', 'sei': '11.58'}",,CHEMBL39337,,CHEMBL39337,7.70,0,http://www.openphacts.org/units/Nanomolar,60213,=,1,1,=,,IC50,nM,,20.0,CHEMBL203,Homo sapiens,Epidermal growth factor receptor,9606,,,IC50,nM,UO_0000065,,20.0
,,208009,[],CHEMBL676158,Inhibition of Epidermal growth factor receptor from human A431 carcinoma cell membranes,B,,,BAO_0000190,BAO_0000019,assay format,Brc1cccc(Nc2ncnc3cc4[nH]ncc4cc23)c1,,,CHEMBL1130030,J Med Chem,1997,"{'bei': '27.50', 'le': '0.61', 'lle': '5.35', 'sei': '14.07'}",,CHEMBL39337,,CHEMBL39337,9.36,1,http://www.openphacts.org/units/Nanomolar,60213,=,1,1,=,,IC50,nM,,0.44,CHEMBL203,Homo sapiens,Epidermal growth factor receptor,9606,,,IC50,nM,UO_0000065,,0.44
,,208010,[],CHEMBL677389,Inhibition of the phosphorylation of a random polyglutamic acid/tyrosine copolymer by human epidermal growth factor receptor(EGFR) prepared from human A431 carcinoma cells,B,,,BAO_0000190,BAO_0000219,cell-based format,Brc1cccc(Nc2ncnc3cc4[nH]ccc4cc23)c1,,,CHEMBL1130030,J Med Chem,1997,"{'bei': '27.58', 'le': '0.61', 'lle': '4.74', 'sei': '17.46'}",,CHEMBL40734,,CHEMBL40734,9.36,1,http://www.openphacts.org/units/Nanomolar,60190,=,1,1,=,,IC50,nM,,0.44,CHEMBL203,Homo sapiens,Epidermal growth factor receptor,9606,,,IC50,nM,UO_0000065,,0.44
,,208011,[],CHEMBL676156,Inhibition of autophosphorylation of epidermal growth factor receptor prepared from human A431 carcinoma cells.,B,,,BAO_0000190,BAO_0000219,cell-based format,Brc1cccc(Nc2ncnc3cc4[nH]ccc4cc23)c1,,,CHEMBL1130030,J Med Chem,1997,"{'bei': '22.58', 'le': '0.50', 'lle': '3.04', 'sei': '14.29'}",,CHEMBL40734,,CHEMBL40734,7.66,0,http://www.openphacts.org/units/Nanomolar,60190,=,1,1,=,,IC50,nM,,22.0,CHEMBL203,Homo sapiens,Epidermal growth factor receptor,9606,,,IC50,nM,UO_0000065,,22.0
,,208012,[],CHEMBL676158,Inhibition of Epidermal growth factor receptor from human A431 carcinoma cell membranes,B,,,BAO_0000190,BAO_0000019,assay format,Brc1cccc(Nc2ncnc3cc4[nH]ccc4cc23)c1,,,CHEMBL1130030,J Med Chem,1997,"{'bei': '27.58', 'le': '0.61', 'lle': '4.74', 'sei': '17.46'}",,CHEMBL40734,,CHEMBL40734,9.36,1,http://www.openphacts.org/units/Nanomolar,60190,=,1,1,=,,IC50,nM,,0.44,CHEMBL203,Homo sapiens,Epidermal growth factor receptor,9606,,,IC50,nM,UO_0000065,,0.44
,,209193,[],CHEMBL677389,Inhibition of the phosphorylation of a random polyglutamic acid/tyrosine copolymer by human epidermal growth factor receptor(EGFR) prepared from human A431 carcinoma cells,B,,,BAO_0000190,BAO_0000219,cell-based format,CN(C)CCN(C)Cc1c[nH]c2cc3ncnc(Nc4cccc(Br)c4)c3cc12,,,CHEMBL1130030,J Med Chem,1997,"{'bei': '17.92', 'le': '0.38', 'lle': '3.51', 'sei': '13.52'}",,CHEMBL39811,,CHEMBL39811,8.12,0,http://www.openphacts.org/units/Nanomolar,60209,=,1,1,=,,IC50,nM,,7.5,CHEMBL203,Homo sapiens,Epidermal growth factor receptor,9606,,,IC50,nM,UO_0000065,,7.5
,,209194,[],CHEMBL676156,Inhibition of autophosphorylation of epidermal growth factor receptor prepared from human A431 carcinoma cells.,B,,,BAO_0000190,BAO_0000219,cell-based format,CN(C)CCN(C)Cc1c[nH]c2cc3ncnc(Nc4cccc(Br)c4)c3cc12,,,CHEMBL1130030,J Med Chem,1997,"{'bei': '15.64', 'le': '0.33', 'lle': '2.48', 'sei': '11.80'}",,CHEMBL39811,,CHEMBL39811,7.09,0,http://www.openphacts.org/units/Nanomolar,60209,=,1,1,=,,IC50,nM,,81.0,CHEMBL203,Homo sapiens,Epidermal growth factor receptor,9606,,,IC50,nM,UO_0000065,,81.0
,,210398,[],CHEMBL677389,Inhibition of the phosphorylation of a random polyglutamic acid/tyrosine copolymer by human epidermal growth factor receptor(EGFR) prepared from human A431 carcinoma cells,B,,,BAO_0000190,BAO_0000219,cell-based format,Cn1ccc2cc3c(Nc4cccc(Br)c4)ncnc3cc21,,,CHEMBL1130030,J Med Chem,1997,"{'bei': '25.75', 'le': '0.56', 'lle': '4.47', 'sei': '21.28'}",,CHEMBL36727,,CHEMBL36727,9.10,0,http://www.openphacts.org/units/Nanomolar,60199,=,1,1,=,,IC50,nM,,0.8,CHEMBL203,Homo sapiens,Epidermal growth factor receptor,9606,,,IC50,nM,UO_0000065,,0.8
,,210399,[],CHEMBL676156,Inhibition of autophosphorylation of epidermal growth factor receptor prepared from human A431 carcinoma cells.,B,,,BAO_0000190,BAO_0000219,cell-based format,Cn1ccc2cc3c(Nc4cccc(Br)c4)ncnc3cc21,,,CHEMBL1130030,J Med Chem,1997,"{'bei': '21.68', 'le': '0.48', 'lle': '3.03', 'sei': '17.92'}",,CHEMBL36727,,CHEMBL36727,7.66,0,http://www.openphacts.org/units/Nanomolar,60199,=,1,1,=,,IC50,nM,,22.0,CHEMBL203,Homo sapiens,Epidermal growth factor receptor,9606,,,IC50,nM,UO_0000065,,22.0
,,210400,[],CHEMBL677389,Inhibition of the phosphorylation of a random polyglutamic acid/tyrosine copolymer by human epidermal growth factor receptor(EGFR) prepared from human A431 carcinoma cells,B,,,BAO_0000190,BAO_0000219,cell-based format,Brc1cccc(Nc2ncnc3cc4c(cnn4CCCN4CCOCC4)cc23)c1,,,CHEMBL1130030,J Med Chem,1997,"{'bei': '17.24', 'le': '0.37', 'lle': '3.85', 'sei': '11.83'}",,CHEMBL39355,,CHEMBL39355,8.06,0,http://www.openphacts.org/units/Nanomolar,60194,=,1,1,=,,IC50,nM,,8.8,CHEMBL203,Homo sapiens,Epidermal growth factor receptor,9606,,,IC50,nM,UO_0000065,,8.8
,,210401,[],CHEMBL676156,Inhibition of autophosphorylation of epidermal growth factor receptor prepared from human A431 carcinoma cells.,B,,,BAO_0000190,BAO_0000219,cell-based format,Brc1cccc(Nc2ncnc3cc4c(cnn4CCCN4CCOCC4)cc23)c1,,,CHEMBL1130030,J Med Chem,1997,"{'bei': '15.22', 'le': '0.32', 'lle': '2.90', 'sei': '10.45'}",,CHEMBL39355,,CHEMBL39355,7.11,0,http://www.openphacts.org/units/Nanomolar,60194,=,1,1,=,,IC50,nM,,77.0,CHEMBL203,Homo sapiens,Epidermal growth factor receptor,9606,,,IC50,nM,UO_0000065,,77.0
,,210448,[],CHEMBL674106,Inhibitory activity against epidermal growth factor receptor,B,,,BAO_0000190,BAO_0000357,single protein format,CS(=O)(=O)CCNCCCCOc1ccc2ncnc(Nc3ccc4c(cnn4Cc4cccc(F)c4)c3)c2c1,,,CHEMBL1146682,Bioorg Med Chem Lett,2004,"{'bei': '13.54', 'le': '0.26', 'lle': '2.92', 'sei': '6.86'}",,CHEMBL493428,,CHEMBL493428,7.62,0,http://www.openphacts.org/units/Nanomolar,15411,=,1,1,=,,IC50,nM,,24.0,CHEMBL203,Homo sapiens,Epidermal growth factor receptor,9606,,,IC50,nM,UO_0000065,,24.0
,,210450,[],CHEMBL690547,Inhibition of EGFR overexpressing HN5 (head/neck carcinoma) cell line proliferation,F,,,BAO_0000190,BAO_0000219,cell-based format,CS(=O)(=O)CCNCCCCOc1ccc2ncnc(Nc3ccc4c(cnn4Cc4cccc(F)c4)c3)c2c1,,,CHEMBL1146682,Bioorg Med Chem Lett,2004,,,CHEMBL493428,,CHEMBL493428,6.20,0,http://www.openphacts.org/units/Nanomolar,15411,=,1,1,=,,IC50,nM,,630.0,CHEMBL203,Homo sapiens,Epidermal growth factor receptor,9606,,,IC50,uM,UO_0000065,,0.63
,,213204,[],CHEMBL814059,Cytotoxic effect on EGF-receptor overexpressing HN5 squamous carcinoma cells,F,,,BAO_0000190,BAO_0000219,cell-based format,Oc1ccc(-c2nc3ccc(O)cc3s2)cc1,Outside typical range,"Values for this activity type are unusually large/small, so may not be accurate",CHEMBL1127530,J Med Chem,1994,,,CHEMBL44227,,CHEMBL44227,,0,http://www.openphacts.org/units/Nanomolar,76267,=,1,1,=,,IC50,nM,,130000.0,CHEMBL203,Homo sapiens,Epidermal growth factor receptor,9606,,,IC50,uM,UO_0000065,,130.0
,,214991,[],CHEMBL677389,Inhibition of the phosphorylation of a random polyglutamic acid/tyrosine copolymer by human epidermal growth factor receptor(EGFR) prepared from human A431 carcinoma cells,B,,,BAO_0000190,BAO_0000219,cell-based format,c1ccc(Nc2ncnc3ccccc23)cc1,,,CHEMBL1130030,J Med Chem,1997,"{'bei': '29.20', 'le': '0.52', 'lle': '3.09', 'sei': '17.09'}",,CHEMBL289959,,CHEMBL289959,6.46,1,http://www.openphacts.org/units/Nanomolar,60188,=,1,1,=,,IC50,nM,,346.0,CHEMBL203,Homo sapiens,Epidermal growth factor receptor,9606,,,IC50,nM,UO_0000065,,346.0
,,215556,[],CHEMBL814060,Cytotoxic effect on EGF-receptor overexpressing HN5 squamous carcinoma cells,F,,,BAO_0000190,BAO_0000219,cell-based format,Oc1ccc(/N=N/c2ccc(O)cc2O)cc1,,,CHEMBL1127530,J Med Chem,1994,,,CHEMBL47966,,CHEMBL47966,4.24,0,http://www.openphacts.org/units/Nanomolar,76265,=,1,1,=,,IC50,nM,,58000.0,CHEMBL203,Homo sapiens,Epidermal growth factor receptor,9606,,,IC50,uM,UO_0000065,,58.0
,,216291,[],CHEMBL674106,Inhibitory activity against epidermal growth factor receptor,B,,,BAO_0000190,BAO_0000357,single protein format,CN(CCCOc1ccc2ncnc(Nc3ccc(OCc4ccccc4)cc3)c2c1)CCS(C)(=O)=O,,,CHEMBL1146682,Bioorg Med Chem Lett,2004,"{'bei': '11.68', 'le': '0.22', 'lle': '1.38', 'sei': '6.49'}",,CHEMBL14874,,CHEMBL14874,6.08,0,http://www.openphacts.org/units/Nanomolar,15416,=,1,1,=,,IC50,nM,,830.0,CHEMBL203,Homo sapiens,Epidermal growth factor receptor,9606,,,IC50,nM,UO_0000065,,830.0
,,218693,[],CHEMBL677389,Inhibition of the phosphorylation of a random polyglutamic acid/tyrosine copolymer by human epidermal growth factor receptor(EGFR) prepared from human A431 carcinoma cells,B,,,BAO_0000190,BAO_0000219,cell-based format,OCC(O)Cn1ccc2cc3c(Nc4cccc(Br)c4)ncnc3cc21,,,CHEMBL1130030,J Med Chem,1997,"{'bei': '21.28', 'le': '0.46', 'lle': '5.36', 'sei': '10.57'}",,CHEMBL416611,,CHEMBL416611,8.80,0,http://www.openphacts.org/units/Nanomolar,60198,=,1,1,=,,IC50,nM,,1.6,CHEMBL203,Homo sapiens,Epidermal growth factor receptor,9606,,,IC50,nM,UO_0000065,,1.6
,,218694,[],CHEMBL676156,Inhibition of autophosphorylation of epidermal growth factor receptor prepared from human A431 carcinoma cells.,B,,,BAO_0000190,BAO_0000219,cell-based format,OCC(O)Cn1ccc2cc3c(Nc4cccc(Br)c4)ncnc3cc21,,,CHEMBL1130030,J Med Chem,1997,"{'bei': '17.69', 'le': '0.38', 'lle': '3.87', 'sei': '8.79'}",,CHEMBL416611,,CHEMBL416611,7.31,0,http://www.openphacts.org/units/Nanomolar,60198,=,1,1,=,,IC50,nM,,49.0,CHEMBL203,Homo sapiens,Epidermal growth factor receptor,9606,,,IC50,nM,UO_0000065,,49.0
,,219940,[],CHEMBL677389,Inhibition of the phosphorylation of a random polyglutamic acid/tyrosine copolymer by human epidermal growth factor receptor(EGFR) prepared from human A431 carcinoma cells,B,,,BAO_0000190,BAO_0000219,cell-based format,Brc1cccc(Nc2ncnc3cc4[nH]cc(CN5CCOCC5)c4cc23)c1,,,CHEMBL1130030,J Med Chem,1997,"{'bei': '18.98', 'le': '0.41', 'lle': '3.87', 'sei': '12.59'}",,CHEMBL36967,,CHEMBL36967,8.32,0,http://www.openphacts.org/units/Nanomolar,60210,=,1,1,=,,IC50,nM,,4.8,CHEMBL203,Homo sapiens,Epidermal growth factor receptor,9606,,,IC50,nM,UO_0000065,,4.8
,,219941,[],CHEMBL676156,Inhibition of autophosphorylation of epidermal growth factor receptor prepared from human A431 carcinoma cells.,B,,,BAO_0000190,BAO_0000219,cell-based format,Brc1cccc(Nc2ncnc3cc4[nH]cc(CN5CCOCC5)c4cc23)c1,,,CHEMBL1130030,J Med Chem,1997,"{'bei': '18.29', 'le': '0.39', 'lle': '3.57', 'sei': '12.14'}",,CHEMBL36967,,CHEMBL36967,8.02,0,http://www.openphacts.org/units/Nanomolar,60210,=,1,1,=,,IC50,nM,,9.6,CHEMBL203,Homo sapiens,Epidermal growth factor receptor,9606,,,IC50,nM,UO_0000065,,9.6
,,220991,[],CHEMBL677389,Inhibition of the phosphorylation of a random polyglutamic acid/tyrosine copolymer by human epidermal growth factor receptor(EGFR) prepared from human A431 carcinoma cells,B,,,BAO_0000190,BAO_0000219,cell-based format,OCCN(CCO)Cc1c[nH]c2cc3ncnc(Nc4cccc(Br)c4)c3cc12,,,CHEMBL1130030,J Med Chem,1997,"{'bei': '18.53', 'le': '0.40', 'lle': '5.06', 'sei': '8.69'}",,CHEMBL36164,,CHEMBL36164,8.46,0,http://www.openphacts.org/units/Nanomolar,60192,=,1,1,=,,IC50,nM,,3.5,CHEMBL203,Homo sapiens,Epidermal growth factor receptor,9606,,,IC50,nM,UO_0000065,,3.5
,,220992,[],CHEMBL676156,Inhibition of autophosphorylation of epidermal growth factor receptor prepared from human A431 carcinoma cells.,B,,,BAO_0000190,BAO_0000219,cell-based format,OCCN(CCO)Cc1c[nH]c2cc3ncnc(Nc4cccc(Br)c4)c3cc12,,,CHEMBL1130030,J Med Chem,1997,"{'bei': '15.05', 'le': '0.32', 'lle': '3.47', 'sei': '7.06'}",,CHEMBL36164,,CHEMBL36164,6.87,0,http://www.openphacts.org/units/Nanomolar,60192,=,1,1,=,,IC50,nM,,135.0,CHEMBL203,Homo sapiens,Epidermal growth factor receptor,9606,,,IC50,nM,UO_0000065,,135.0
,,224609,[],CHEMBL873605,Inhibition of Epidermal growth factor receptor,B,,,BAO_0000190,BAO_0000357,single protein format,CN1CC[C@H](c2c(O)cc(O)c3c(=O)cc(-c4ccccc4Cl)oc23)[C@H](O)C1,,,CHEMBL1133502,J Med Chem,2000,"{'bei': '11.59', 'le': '0.23', 'lle': '1.36', 'sei': '4.95'}",,CHEMBL428690,ALVOCIDIB,CHEMBL428690,4.66,0,http://www.openphacts.org/units/Nanomolar,254265,=,1,1,=,,IC50,nM,,22000.0,CHEMBL203,Homo sapiens,Epidermal growth factor receptor,9606,,,IC50,uM,UO_0000065,,22.0
,,224620,[],CHEMBL873605,Inhibition of Epidermal growth factor receptor,B,,,BAO_0000190,BAO_0000357,single protein format,CN1CC[C@H](c2c(O)cc(O)c3c(=O)cc(Oc4ccccc4Cl)oc23)[C@H](O)C1,,,CHEMBL1133502,J Med Chem,2000,,,CHEMBL133498,,CHEMBL133498,,0,http://www.openphacts.org/units/Nanomolar,254273,>,1,1,>,,IC50,nM,,50000.0,CHEMBL203,Homo sapiens,Epidermal growth factor receptor,9606,,,IC50,uM,UO_0000065,,50.0
,,229600,[],CHEMBL873605,Inhibition of Epidermal growth factor receptor,B,,,BAO_0000190,BAO_0000357,single protein format,CN1CC[C@H](c2c(O)cc(O)c3c(=O)cc(Sc4ccccc4Cl)oc23)[C@H](O)C1,,,CHEMBL1133502,J Med Chem,2000,,,CHEMBL334881,,CHEMBL334881,,0,http://www.openphacts.org/units/Nanomolar,254276,>,1,1,>,,IC50,nM,,50000.0,CHEMBL203,Homo sapiens,Epidermal growth factor receptor,9606,,,IC50,uM,UO_0000065,,50.0
,,244114,[],CHEMBL873605,Inhibition of Epidermal growth factor receptor,B,,,BAO_0000190,BAO_0000357,single protein format,COC(=O)[C@@]1(Cc2ccc(O)c(CC=C(C)C)c2)OC(=O)C(O)=C1c1ccc(O)cc1,Outside typical range,"Values for this activity type are unusually large/small, so may not be accurate",CHEMBL1133502,J Med Chem,2000,,,CHEMBL1242973,BUTYROLACTONE I,CHEMBL1242973,,0,http://www.openphacts.org/units/Nanomolar,254267,=,1,1,=,,IC50,nM,,590000.0,CHEMBL203,Homo sapiens,Epidermal growth factor receptor,9606,,,IC50,uM,UO_0000065,,590.0
,,257864,[],CHEMBL873605,Inhibition of Epidermal growth factor receptor,B,,,BAO_0000190,BAO_0000357,single protein format,Cn1cnc2c(NCc3ccccc3)nc(NCCO)nc21,Outside typical range,"Values for this activity type are unusually large/small, so may not be accurate",CHEMBL1133502,J Med Chem,2000,,,CHEMBL280074,OLOMOUCINE,CHEMBL280074,,0,http://www.openphacts.org/units/Nanomolar,254268,=,1,1,=,,IC50,nM,,440000.0,CHEMBL203,Homo sapiens,Epidermal growth factor receptor,9606,,,IC50,uM,UO_0000065,,440.0
,,265169,[],CHEMBL677890,Inhibitory activity against protein tyrosine kinase of Epidermal growth factor receptor was determined,B,,,BAO_0000190,BAO_0000357,single protein format,CO[C@H]1[C@@H](N(C)C(=O)c2ccccc2)C[C@@H]2O[C@@]1(C)n1c3ccccc3c3c4c(c5c6ccccc6n2c5c31)C(=O)NC4,,,CHEMBL1127758,Bioorg Med Chem Lett,1994,"{'bei': '10.03', 'le': '0.18', 'lle': '-0.19', 'sei': '7.36'}",,CHEMBL338448,,CHEMBL338448,5.72,0,http://www.openphacts.org/units/Nanomolar,249318,=,1,1,=,,IC50,nM,,1900.0,CHEMBL203,Homo sapiens,Epidermal growth factor receptor,9606,,,IC50,uM,UO_0000065,,1.9
,,266495,[],CHEMBL677890,Inhibitory activity against protein tyrosine kinase of Epidermal growth factor receptor was determined,B,,,BAO_0000190,BAO_0000357,single protein format,CO[C@H]1[C@@H](N(C)C(=O)c2ccc(Cl)cc2)C[C@@H]2O[C@@]1(C)n1c3ccccc3c3c4c(c5c6ccccc6n2c5c31)C(=O)NC4,,,CHEMBL1127758,Bioorg Med Chem Lett,1994,"{'bei': '8.52', 'le': '0.16', 'lle': '-1.41', 'sei': '6.63'}",,CHEMBL131715,,CHEMBL131715,5.16,0,http://www.openphacts.org/units/Nanomolar,249312,=,1,1,=,,IC50,nM,,7000.0,CHEMBL203,Homo sapiens,Epidermal growth factor receptor,9606,,,IC50,uM,UO_0000065,,7.0
,,266500,[],CHEMBL677890,Inhibitory activity against protein tyrosine kinase of Epidermal growth factor receptor was determined,B,,,BAO_0000190,BAO_0000357,single protein format,CO[C@H]1[C@@H](N(C)C(=O)c2ccc(C(=O)O)cc2)C[C@@H]2O[C@@]1(C)n1c3ccccc3c3c4c(c5c6ccccc6n2c5c31)C(=O)NC4,,,CHEMBL1127758,Bioorg Med Chem Lett,1994,"{'bei': '11.32', 'le': '0.21', 'lle': '1.35', 'sei': '6.05'}",,CHEMBL435809,,CHEMBL435809,6.96,0,http://www.openphacts.org/units/Nanomolar,249292,=,1,1,=,,IC50,nM,,110.0,CHEMBL203,Homo sapiens,Epidermal growth factor receptor,9606,,,IC50,uM,UO_0000065,,0.11
,,271226,[],CHEMBL675521,Inhibition of Epidermal growth factor receptor (EGFr) tyrosine kinase,B,,,BAO_0000190,BAO_0000357,single protein format,Cc1cccc(C)c1-c1cc2cnc(N)nc2nc1NC(=O)NC(C)(C)C,,,CHEMBL1130094,J Med Chem,1997,"{'bei': '17.05', 'le': '0.31', 'lle': '2.40', 'sei': '5.87'}",,CHEMBL57323,,CHEMBL57323,6.21,0,http://www.openphacts.org/units/Nanomolar,133216,=,1,1,=,,IC50,nM,,610.0,CHEMBL203,Homo sapiens,Epidermal growth factor receptor,9606,,,IC50,uM,UO_0000065,,0.61
,,271231,[],CHEMBL675521,Inhibition of Epidermal growth factor receptor (EGFr) tyrosine kinase,B,,,BAO_0000190,BAO_0000357,single protein format,CN1CCN(CCCNc2ncc3cc(-c4c(Cl)cccc4Cl)c(NC(=O)NC(C)(C)C)nc3n2)CC1,,,CHEMBL1130094,J Med Chem,1997,"{'bei': '12.51', 'le': '0.25', 'lle': '1.85', 'sei': '6.94'}",,CHEMBL57347,,CHEMBL57347,6.82,0,http://www.openphacts.org/units/Nanomolar,133217,=,1,1,=,,IC50,nM,,150.0,CHEMBL203,Homo sapiens,Epidermal growth factor receptor,9606,,,IC50,uM,UO_0000065,,0.15
,,271238,[],CHEMBL675521,Inhibition of Epidermal growth factor receptor (EGFr) tyrosine kinase,B,,,BAO_0000190,BAO_0000357,single protein format,Cc1cc(C)c(C)c(-c2cc3cnc(NCCCN4CCN(C)CC4)nc3nc2NC(=O)NC(C)(C)C)c1C,,,CHEMBL1130094,J Med Chem,1997,"{'bei': '9.68', 'le': '0.18', 'lle': '0.26', 'sei': '5.24'}",,CHEMBL75188,,CHEMBL75188,5.16,0,http://www.openphacts.org/units/Nanomolar,133218,=,1,1,=,,IC50,nM,,7000.0,CHEMBL203,Homo sapiens,Epidermal growth factor receptor,9606,,,IC50,uM,UO_0000065,,7.0
,,271592,[],CHEMBL677890,Inhibitory activity against protein tyrosine kinase of Epidermal growth factor receptor was determined,B,,,BAO_0000190,BAO_0000357,single protein format,CO[C@H]1[C@@H](N(C)S(C)(=O)=O)C[C@@H]2O[C@@]1(C)n1c3ccccc3c3c4c(c5c6ccccc6n2c5c31)C(=O)NC4,,,CHEMBL1127758,Bioorg Med Chem Lett,1994,"{'bei': '10.94', 'le': '0.21', 'lle': '1.93', 'sei': '6.29'}",,CHEMBL131020,,CHEMBL131020,5.96,0,http://www.openphacts.org/units/Nanomolar,249306,=,1,1,=,,IC50,nM,,1100.0,CHEMBL203,Homo sapiens,Epidermal growth factor receptor,9606,,,IC50,uM,UO_0000065,,1.1
,,271596,[],CHEMBL677890,Inhibitory activity against protein tyrosine kinase of Epidermal growth factor receptor was determined,B,,,BAO_0000190,BAO_0000357,single protein format,CO[C@H]1[C@@H](N(C)C(=O)c2ccccc2Cl)C[C@@H]2O[C@@]1(C)n1c3ccccc3c3c4c(c5c6ccccc6n2c5c31)C(=O)NC4,,,CHEMBL1127758,Bioorg Med Chem Lett,1994,"{'bei': '8.81', 'le': '0.17', 'lle': '-1.23', 'sei': '6.85'}",,CHEMBL131590,,CHEMBL131590,5.33,0,http://www.openphacts.org/units/Nanomolar,249314,=,1,1,=,,IC50,nM,,4700.0,CHEMBL203,Homo sapiens,Epidermal growth factor receptor,9606,,,IC50,uM,UO_0000065,,4.7
,,272862,[],CHEMBL680015,Inhibition of EGFR,B,,,BAO_0000190,BAO_0000357,single protein format,CS(=O)(=O)CCNc1nc(-c2ccc3ncnc(Nc4ccc(OCc5ccccc5)c(Cl)c4)c3c2)cs1,,,CHEMBL1136583,Bioorg Med Chem Lett,2003,"{'bei': '14.30', 'le': '0.29', 'lle': '1.91', 'sei': '7.63'}",,CHEMBL160846,,CHEMBL160846,8.10,0,http://www.openphacts.org/units/Nanomolar,309600,=,1,1,=,,IC50,nM,,8.0,CHEMBL203,Homo sapiens,Epidermal growth factor receptor,9606,,,IC50,uM,UO_0000065,,0.008
,,272864,[],CHEMBL879468,Inhibition of EGFR overexpressing HN5 (Head and neck) tumor cell proliferation,F,,,BAO_0000190,BAO_0000019,assay format,CS(=O)(=O)CCNc1nc(-c2ccc3ncnc(Nc4ccc(OCc5ccccc5)c(Cl)c4)c3c2)cs1,,,CHEMBL1136583,Bioorg Med Chem Lett,2003,,,CHEMBL160846,,CHEMBL160846,6.64,0,http://www.openphacts.org/units/Nanomolar,309600,=,1,1,=,,IC50,nM,,230.0,CHEMBL203,Homo sapiens,Epidermal growth factor receptor,9606,,,IC50,uM,UO_0000065,,0.23
,,273532,[],CHEMBL675520,Inhibition of Epidermal growth factor receptor autophosphorylation in A431 cell membranes,B,,,BAO_0000190,BAO_0000219,cell-based format,O=P(O)(O)C(O)c1ccc2ccccc2c1,Outside typical range,"Values for this activity type are unusually large/small, so may not be accurate",CHEMBL1125830,J Med Chem,1991,,,CHEMBL26001,,CHEMBL26001,,0,http://www.openphacts.org/units/Nanomolar,64861,=,1,1,=,,IC50,nM,,250000.0,CHEMBL203,Homo sapiens,Epidermal growth factor receptor,9606,,,IC50,uM,UO_0000065,,250.0
,,274013,[],CHEMBL677890,Inhibitory activity against protein tyrosine kinase of Epidermal growth factor receptor was determined,B,,,BAO_0000190,BAO_0000357,single protein format,COC(=O)CN(C)[C@H]1C[C@@H]2O[C@](C)([C@H]1OC)n1c3ccccc3c3c4c(c5c6ccccc6n2c5c31)C(=O)NC4,,,CHEMBL1127758,Bioorg Med Chem Lett,1994,"{'bei': '10.93', 'le': '0.20', 'lle': '1.65', 'sei': '6.77'}",,CHEMBL444337,,CHEMBL444337,5.89,0,http://www.openphacts.org/units/Nanomolar,249286,=,1,1,=,,IC50,nM,,1300.0,CHEMBL203,Homo sapiens,Epidermal growth factor receptor,9606,,,IC50,uM,UO_0000065,,1.3
,,274082,[],CHEMBL680015,Inhibition of EGFR,B,,,BAO_0000190,BAO_0000357,single protein format,CS(=O)(=O)CCNc1nc(-c2ccc3ncnc(Nc4ccc(OCc5ccccc5)cc4)c3c2)cs1,,,CHEMBL1136583,Bioorg Med Chem Lett,2003,"{'bei': '13.33', 'le': '0.26', 'lle': '1.56', 'sei': '6.68'}",,CHEMBL422347,,CHEMBL422347,7.09,0,http://www.openphacts.org/units/Nanomolar,309598,=,1,1,=,,IC50,nM,,82.0,CHEMBL203,Homo sapiens,Epidermal growth factor receptor,9606,,,IC50,uM,UO_0000065,,0.082
,,274084,[],CHEMBL879468,Inhibition of EGFR overexpressing HN5 (Head and neck) tumor cell proliferation,F,,,BAO_0000190,BAO_0000019,assay format,CS(=O)(=O)CCNc1nc(-c2ccc3ncnc(Nc4ccc(OCc5ccccc5)cc4)c3c2)cs1,,,CHEMBL1136583,Bioorg Med Chem Lett,2003,,,CHEMBL422347,,CHEMBL422347,5.80,0,http://www.openphacts.org/units/Nanomolar,309598,=,1,1,=,,IC50,nM,,1600.0,CHEMBL203,Homo sapiens,Epidermal growth factor receptor,9606,,,IC50,uM,UO_0000065,,1.6
,,274423,[],CHEMBL688553,Inhibition of EGF-dependent proliferation of human and guinea pig keratinocytes; range 7-15 uM,F,,,BAO_0000190,BAO_0000019,assay format,N#C/C(=C\c1ccc(O)c(O)c1)C(N)=S,,,CHEMBL1134331,J Med Chem,2001,,,CHEMBL77030,TYRPHOSTIN 47,CHEMBL77030,5.16,0,http://www.openphacts.org/units/Nanomolar,187284,=,1,1,=,,IC50,nM,,7000.0,CHEMBL203,Homo sapiens,Epidermal growth factor receptor,9606,,,IC50,uM,UO_0000065,,7.0
,,275168,[],CHEMBL677890,Inhibitory activity against protein tyrosine kinase of Epidermal growth factor receptor was determined,B,,,BAO_0000190,BAO_0000357,single protein format,CO[C@H]1[C@@H](N(C)CCC#N)C[C@@H]2O[C@@]1(C)n1c3ccccc3c3c4c(c5c6ccccc6n2c5c31)C(=O)NC4,,,CHEMBL1127758,Bioorg Med Chem Lett,1994,"{'bei': '11.47', 'le': '0.21', 'lle': '0.98', 'sei': '7.06'}",,CHEMBL131426,,CHEMBL131426,5.96,0,http://www.openphacts.org/units/Nanomolar,249287,=,1,1,=,,IC50,nM,,1100.0,CHEMBL203,Homo sapiens,Epidermal growth factor receptor,9606,,,IC50,uM,UO_0000065,,1.1
,,275243,[],CHEMBL680015,Inhibition of EGFR,B,,,BAO_0000190,BAO_0000357,single protein format,CS(=O)(=O)CCNc1nc(-c2ccc3ncnc(Nc4ccc5c(cnn5Cc5ccccc5)c4)c3c2)cs1,,,CHEMBL1136583,Bioorg Med Chem Lett,2003,"{'bei': '12.86', 'le': '0.25', 'lle': '1.80', 'sei': '6.23'}",,CHEMBL160303,,CHEMBL160303,7.15,0,http://www.openphacts.org/units/Nanomolar,309602,=,1,1,=,,IC50,nM,,71.0,CHEMBL203,Homo sapiens,Epidermal growth factor receptor,9606,,,IC50,uM,UO_0000065,,0.071
,,275245,[],CHEMBL879468,Inhibition of EGFR overexpressing HN5 (Head and neck) tumor cell proliferation,F,,,BAO_0000190,BAO_0000019,assay format,CS(=O)(=O)CCNc1nc(-c2ccc3ncnc(Nc4ccc5c(cnn5Cc5ccccc5)c4)c3c2)cs1,,,CHEMBL1136583,Bioorg Med Chem Lett,2003,,,CHEMBL160303,,CHEMBL160303,6.96,0,http://www.openphacts.org/units/Nanomolar,309602,=,1,1,=,,IC50,nM,,110.0,CHEMBL203,Homo sapiens,Epidermal growth factor receptor,9606,,,IC50,uM,UO_0000065,,0.11
,,276578,[],CHEMBL677890,Inhibitory activity against protein tyrosine kinase of Epidermal growth factor receptor was determined,B,,,BAO_0000190,BAO_0000357,single protein format,CO[C@H]1[C@@H](N(C)C(=O)CN)C[C@@H]2O[C@@]1(C)n1c3ccccc3c3c4c(c5c6ccccc6n2c5c31)C(=O)NC4,,,CHEMBL1127758,Bioorg Med Chem Lett,1994,"{'bei': '12.72', 'le': '0.23', 'lle': '3.11', 'sei': '6.42'}",,CHEMBL338935,,CHEMBL338935,6.66,0,http://www.openphacts.org/units/Nanomolar,249303,=,1,1,=,,IC50,nM,,220.0,CHEMBL203,Homo sapiens,Epidermal growth factor receptor,9606,,,IC50,uM,UO_0000065,,0.22
,,276643,[],CHEMBL680015,Inhibition of EGFR,B,,,BAO_0000190,BAO_0000357,single protein format,CS(=O)(=O)CCNc1nc(-c2ccc3ncnc(Nc4ccc(OCc5cccc(C(F)(F)F)c5)cc4)c3c2)cs1,,,CHEMBL1136583,Bioorg Med Chem Lett,2003,"{'bei': '10.45', 'le': '0.21', 'lle': '-0.28', 'sei': '5.91'}",,CHEMBL269620,,CHEMBL269620,6.27,0,http://www.openphacts.org/units/Nanomolar,309599,=,1,1,=,,IC50,nM,,540.0,CHEMBL203,Homo sapiens,Epidermal growth factor receptor,9606,,,IC50,uM,UO_0000065,,0.54
,,276645,[],CHEMBL879468,Inhibition of EGFR overexpressing HN5 (Head and neck) tumor cell proliferation,F,,,BAO_0000190,BAO_0000019,assay format,CS(=O)(=O)CCNc1nc(-c2ccc3ncnc(Nc4ccc(OCc5cccc(C(F)(F)F)c5)cc4)c3c2)cs1,,,CHEMBL1136583,Bioorg Med Chem Lett,2003,,,CHEMBL269620,,CHEMBL269620,4.75,0,http://www.openphacts.org/units/Nanomolar,309599,=,1,1,=,,IC50,nM,,18000.0,CHEMBL203,Homo sapiens,Epidermal growth factor receptor,9606,,,IC50,uM,UO_0000065,,18.0
,,277772,[],CHEMBL677890,Inhibitory activity against protein tyrosine kinase of Epidermal growth factor receptor was determined,B,,,BAO_0000190,BAO_0000357,single protein format,CO[C@H]1[C@@H](N(C)C(=O)c2cccnc2)C[C@@H]2O[C@@]1(C)n1c3ccccc3c3c4c(c5c6ccccc6n2c5c31)C(=O)NC4,,,CHEMBL1127758,Bioorg Med Chem Lett,1994,"{'bei': '8.90', 'le': '0.16', 'lle': '-0.21', 'sei': '5.61'}",,CHEMBL335012,,CHEMBL335012,5.09,0,http://www.openphacts.org/units/Nanomolar,249316,=,1,1,=,,IC50,nM,,8180.0,CHEMBL203,Homo sapiens,Epidermal growth factor receptor,9606,,,IC50,uM,UO_0000065,,8.18
,,278588,[],CHEMBL675380,Inhibition of epidermal growth factor receptor (EGFr) tyrosine kinase,B,,,BAO_0000190,BAO_0000357,single protein format,CC(C)(C)NC(=O)Nc1nc2nc(N)ncc2cc1-c1ccccc1,,,CHEMBL1130094,J Med Chem,1997,"{'bei': '15.63', 'le': '0.29', 'lle': '2.07', 'sei': '4.97'}",,CHEMBL76599,,CHEMBL76599,5.26,0,http://www.openphacts.org/units/Nanomolar,133210,=,1,1,=,,IC50,nM,,5530.0,CHEMBL203,Homo sapiens,Epidermal growth factor receptor,9606,,,IC50,uM,UO_0000065,,5.53
,,278593,[],CHEMBL675521,Inhibition of Epidermal growth factor receptor (EGFr) tyrosine kinase,B,,,BAO_0000190,BAO_0000357,single protein format,CCN(CC)CCCNc1ncc2cc(-c3c(Cl)cccc3Cl)c(NC(=O)NC(C)(C)C)nc2n1,,,CHEMBL1130094,J Med Chem,1997,"{'bei': '10.04', 'le': '0.20', 'lle': '-0.85', 'sei': '5.48'}",,CHEMBL299026,,CHEMBL299026,5.21,0,http://www.openphacts.org/units/Nanomolar,133213,=,1,1,=,,IC50,nM,,6200.0,CHEMBL203,Homo sapiens,Epidermal growth factor receptor,9606,,,IC50,uM,UO_0000065,,6.2
,,280104,[],CHEMBL677890,Inhibitory activity against protein tyrosine kinase of Epidermal growth factor receptor was determined,B,,,BAO_0000190,BAO_0000357,single protein format,CO[C@H]1[C@@H](N(C)CC(=O)O)C[C@@H]2O[C@@]1(C)n1c3ccccc3c3c4c(c5c6ccccc6n2c5c31)C(=O)NC4,,,CHEMBL1127758,Bioorg Med Chem Lett,1994,"{'bei': '14.31', 'le': '0.26', 'lle': '3.36', 'sei': '7.67'}",,CHEMBL132348,,CHEMBL132348,7.51,0,http://www.openphacts.org/units/Nanomolar,249320,=,1,1,=,,IC50,nM,,31.0,CHEMBL203,Homo sapiens,Epidermal growth factor receptor,9606,,,IC50,uM,UO_0000065,,0.031
,,280108,[],CHEMBL677890,Inhibitory activity against protein tyrosine kinase of Epidermal growth factor receptor was determined,B,,,BAO_0000190,BAO_0000357,single protein format,COc1ccc(C(=O)N(C)[C@H]2C[C@@H]3O[C@](C)([C@H]2OC)n2c4ccccc4c4c5c(c6c7ccccc7n3c6c42)C(=O)NC5)cc1,,,CHEMBL1127758,Bioorg Med Chem Lett,1994,"{'bei': '9.06', 'le': '0.17', 'lle': '-0.48', 'sei': '6.26'}",,CHEMBL132169,,CHEMBL132169,5.44,0,http://www.openphacts.org/units/Nanomolar,249294,=,1,1,=,,IC50,nM,,3600.0,CHEMBL203,Homo sapiens,Epidermal growth factor receptor,9606,,,IC50,uM,UO_0000065,,3.6
,,281325,[],CHEMBL677890,Inhibitory activity against protein tyrosine kinase of Epidermal growth factor receptor was determined,B,,,BAO_0000190,BAO_0000357,single protein format,CO[C@H]1[C@@H]([N+](C)(C)C)C[C@@H]2O[C@@]1(C)n1c3ccccc3c3c4c(c5c6ccccc6n2c5c31)C(=O)NC4,,,CHEMBL1127758,Bioorg Med Chem Lett,1994,"{'bei': '15.58', 'le': '0.29', 'lle': '2.88', 'sei': '13.45'}",,CHEMBL335648,,CHEMBL335648,7.72,0,http://www.openphacts.org/units/Nanomolar,249324,=,1,1,=,,IC50,nM,,19.0,CHEMBL203,Homo sapiens,Epidermal growth factor receptor,9606,,,IC50,uM,UO_0000065,,0.019
,,283234,[],CHEMBL675521,Inhibition of Epidermal growth factor receptor (EGFr) tyrosine kinase,B,,,BAO_0000190,BAO_0000357,single protein format,COc1cc(OC)cc(-c2cc3cnc(N)nc3nc2NC(=O)NC(C)(C)C)c1,,,CHEMBL1130094,J Med Chem,1997,,,CHEMBL299763,,CHEMBL299763,,0,http://www.openphacts.org/units/Nanomolar,133215,>,1,1,>,,IC50,nM,,50000.0,CHEMBL203,Homo sapiens,Epidermal growth factor receptor,9606,,,IC50,uM,UO_0000065,,50.0
,,283629,[],CHEMBL680015,Inhibition of EGFR,B,,,BAO_0000190,BAO_0000357,single protein format,CS(=O)(=O)CCNc1nc(-c2ccc3ncnc(Nc4ccc(OCc5cccc(F)c5)c(Cl)c4)c3c2)cs1,,,CHEMBL1136583,Bioorg Med Chem Lett,2003,"{'bei': '13.70', 'le': '0.28', 'lle': '1.68', 'sei': '7.54'}",,CHEMBL155761,,CHEMBL155761,8.00,0,http://www.openphacts.org/units/Nanomolar,309601,=,1,1,=,,IC50,nM,,10.0,CHEMBL203,Homo sapiens,Epidermal growth factor receptor,9606,,,IC50,uM,UO_0000065,,0.01
,,283631,[],CHEMBL879468,Inhibition of EGFR overexpressing HN5 (Head and neck) tumor cell proliferation,F,,,BAO_0000190,BAO_0000019,assay format,CS(=O)(=O)CCNc1nc(-c2ccc3ncnc(Nc4ccc(OCc5cccc(F)c5)c(Cl)c4)c3c2)cs1,,,CHEMBL1136583,Bioorg Med Chem Lett,2003,,,CHEMBL155761,,CHEMBL155761,7.10,0,http://www.openphacts.org/units/Nanomolar,309601,=,1,1,=,,IC50,nM,,80.0,CHEMBL203,Homo sapiens,Epidermal growth factor receptor,9606,,,IC50,uM,UO_0000065,,0.08
,,284487,[],CHEMBL675521,Inhibition of Epidermal growth factor receptor (EGFr) tyrosine kinase,B,,,BAO_0000190,BAO_0000357,single protein format,CCN(CC)CCCCNc1ncc2cc(-c3c(Cl)cccc3Cl)c(NC(=O)NC(C)(C)C)nc2n1,,,CHEMBL1130094,J Med Chem,1997,"{'bei': '12.43', 'le': '0.25', 'lle': '0.17', 'sei': '6.96'}",,CHEMBL45827,,CHEMBL45827,6.62,0,http://www.openphacts.org/units/Nanomolar,133220,=,1,1,=,,IC50,nM,,240.0,CHEMBL203,Homo sapiens,Epidermal growth factor receptor,9606,,,IC50,uM,UO_0000065,,0.24
,,284859,[],CHEMBL677890,Inhibitory activity against protein tyrosine kinase of Epidermal growth factor receptor was determined,B,,,BAO_0000190,BAO_0000357,single protein format,CCCCC(O)CN(C)[C@H]1C[C@@H]2O[C@](C)([C@H]1OC)n1c3ccccc3c3c4c(c5c6ccccc6n2c5c31)C(=O)NC4,,,CHEMBL1127758,Bioorg Med Chem Lett,1994,"{'bei': '10.39', 'le': '0.19', 'lle': '0.27', 'sei': '7.28'}",,CHEMBL335718,,CHEMBL335718,5.89,0,http://www.openphacts.org/units/Nanomolar,249310,=,1,1,=,,IC50,nM,,1300.0,CHEMBL203,Homo sapiens,Epidermal growth factor receptor,9606,,,IC50,uM,UO_0000065,,1.3
,,284863,[],CHEMBL677890,Inhibitory activity against protein tyrosine kinase of Epidermal growth factor receptor was determined,B,,,BAO_0000190,BAO_0000357,single protein format,CO[C@H]1[C@@H](N(C)C(C)=O)C[C@@H]2O[C@@]1(C)n1c3ccccc3c3c4c(c5c6ccccc6n2c5c31)C(=O)NC4,,,CHEMBL1127758,Bioorg Med Chem Lett,1994,"{'bei': '10.98', 'le': '0.20', 'lle': '0.98', 'sei': '7.19'}",,CHEMBL130163,,CHEMBL130163,5.58,0,http://www.openphacts.org/units/Nanomolar,249309,=,1,1,=,,IC50,nM,,2600.0,CHEMBL203,Homo sapiens,Epidermal growth factor receptor,9606,,,IC50,uM,UO_0000065,,2.6
,,284868,[],CHEMBL677890,Inhibitory activity against protein tyrosine kinase of Epidermal growth factor receptor was determined,B,,,BAO_0000190,BAO_0000357,single protein format,CO[C@H]1[C@@H](N(C)C(=O)C(F)(F)F)C[C@@H]2O[C@@]1(C)n1c3ccccc3c3c4c(c5c6ccccc6n2c5c31)C(=O)NC4,,,CHEMBL1127758,Bioorg Med Chem Lett,1994,"{'bei': '9.23', 'le': '0.17', 'lle': '0.03', 'sei': '6.68'}",,CHEMBL335932,,CHEMBL335932,5.19,0,http://www.openphacts.org/units/Nanomolar,249305,=,1,1,=,,IC50,nM,,6400.0,CHEMBL203,Homo sapiens,Epidermal growth factor receptor,9606,,,IC50,uM,UO_0000065,,6.4
,,284872,[],CHEMBL677890,Inhibitory activity against protein tyrosine kinase of Epidermal growth factor receptor was determined,B,,,BAO_0000190,BAO_0000357,single protein format,COC(=O)c1ccc(C(=O)N(C)[C@H]2C[C@@H]3O[C@](C)([C@H]2OC)n2c4ccccc4c4c5c(c6c7ccccc7n3c6c42)C(=O)NC5)cc1,,,CHEMBL1127758,Bioorg Med Chem Lett,1994,"{'bei': '8.16', 'le': '0.15', 'lle': '-0.56', 'sei': '4.93'}",,CHEMBL336192,,CHEMBL336192,5.13,0,http://www.openphacts.org/units/Nanomolar,249293,=,1,1,=,,IC50,nM,,7400.0,CHEMBL203,Homo sapiens,Epidermal growth factor receptor,9606,,,IC50,uM,UO_0000065,,7.4
,,284919,[],CHEMBL680015,Inhibition of EGFR,B,,,BAO_0000190,BAO_0000357,single protein format,CS(=O)(=O)CCNc1nc(-c2ccc3ncnc(Nc4ccc(F)c(Cl)c4)c3c2)cs1,,,CHEMBL1136583,Bioorg Med Chem Lett,2003,"{'bei': '15.60', 'le': '0.33', 'lle': '2.71', 'sei': '7.70'}",,CHEMBL157084,,CHEMBL157084,7.46,0,http://www.openphacts.org/units/Nanomolar,309597,=,1,1,=,,IC50,nM,,35.0,CHEMBL203,Homo sapiens,Epidermal growth factor receptor,9606,,,IC50,uM,UO_0000065,,0.035
,,284921,[],CHEMBL879468,Inhibition of EGFR overexpressing HN5 (Head and neck) tumor cell proliferation,F,,,BAO_0000190,BAO_0000019,assay format,CS(=O)(=O)CCNc1nc(-c2ccc3ncnc(Nc4ccc(F)c(Cl)c4)c3c2)cs1,,,CHEMBL1136583,Bioorg Med Chem Lett,2003,,,CHEMBL157084,,CHEMBL157084,6.24,0,http://www.openphacts.org/units/Nanomolar,309597,=,1,1,=,,IC50,nM,,570.0,CHEMBL203,Homo sapiens,Epidermal growth factor receptor,9606,,,IC50,uM,UO_0000065,,0.57
,,285883,[],CHEMBL677890,Inhibitory activity against protein tyrosine kinase of Epidermal growth factor receptor was determined,B,,,BAO_0000190,BAO_0000357,single protein format,CN[C@@H]1C[C@H]2O[C@@](C)([C@@H]1OC)n1c3ccccc3c3c4c(c5c6ccccc6n2c5c31)C(=O)NC4,,,CHEMBL1127758,Bioorg Med Chem Lett,1994,"{'bei': '15.00', 'le': '0.27', 'lle': '2.65', 'sei': '10.08'}",,CHEMBL388978,STAUROSPORINE,CHEMBL388978,7.00,0,http://www.openphacts.org/units/Nanomolar,249284,=,1,1,=,,IC50,nM,,100.0,CHEMBL203,Homo sapiens,Epidermal growth factor receptor,9606,,,IC50,uM,UO_0000065,,0.1
,,285888,[],CHEMBL677890,Inhibitory activity against protein tyrosine kinase of Epidermal growth factor receptor was determined,B,,,BAO_0000190,BAO_0000357,single protein format,CCN(C)[C@H]1C[C@@H]2O[C@](C)([C@H]1OC)n1c3ccccc3c3c4c(c5c6ccccc6n2c5c31)C(=O)NC4,,,CHEMBL1127758,Bioorg Med Chem Lett,1994,"{'bei': '13.10', 'le': '0.24', 'lle': '1.39', 'sei': '10.68'}",,CHEMBL129946,,CHEMBL129946,6.48,0,http://www.openphacts.org/units/Nanomolar,249323,=,1,1,=,,IC50,nM,,330.0,CHEMBL203,Homo sapiens,Epidermal growth factor receptor,9606,,,IC50,uM,UO_0000065,,0.33
,,285893,[],CHEMBL677890,Inhibitory activity against protein tyrosine kinase of Epidermal growth factor receptor was determined,B,,,BAO_0000190,BAO_0000357,single protein format,CO[C@H]1[C@@H](N(C)C(=O)CCC(=O)O)C[C@@H]2O[C@@]1(C)n1c3ccccc3c3c4c(c5c6ccccc6n2c5c31)C(=O)NC4,,,CHEMBL1127758,Bioorg Med Chem Lett,1994,"{'bei': '11.99', 'le': '0.22', 'lle': '2.34', 'sei': '5.91'}",,CHEMBL337027,,CHEMBL337027,6.80,0,http://www.openphacts.org/units/Nanomolar,249296,=,1,1,=,,IC50,nM,,160.0,CHEMBL203,Homo sapiens,Epidermal growth factor receptor,9606,,,IC50,uM,UO_0000065,,0.16
,,285899,[],CHEMBL677890,Inhibitory activity against protein tyrosine kinase of Epidermal growth factor receptor was determined,B,,,BAO_0000190,BAO_0000357,single protein format,CO[C@H]1[C@@H](N(C)C(=O)OC(C)(C)C)C[C@@H]2O[C@@]1(C)n1c3ccccc3c3c4c(c5c6ccccc6n2c5c31)C(=O)NC4,,,CHEMBL1127758,Bioorg Med Chem Lett,1994,"{'bei': '8.59', 'le': '0.16', 'lle': '-1.13', 'sei': '5.60'}",,CHEMBL338449,,CHEMBL338449,4.87,0,http://www.openphacts.org/units/Nanomolar,249319,=,1,1,=,,IC50,nM,,13500.0,CHEMBL203,Homo sapiens,Epidermal growth factor receptor,9606,,,IC50,uM,UO_0000065,,13.5
,,287115,[],CHEMBL677890,Inhibitory activity against protein tyrosine kinase of Epidermal growth factor receptor was determined,B,,,BAO_0000190,BAO_0000357,single protein format,COC(=O)N(C)[C@H]1C[C@@H]2O[C@](C)([C@H]1OC)n1c3ccccc3c3c4c(c5c6ccccc6n2c5c31)C(=O)NC4,,,CHEMBL1127758,Bioorg Med Chem Lett,1994,"{'bei': '10.71', 'le': '0.20', 'lle': '0.79', 'sei': '6.46'}",,CHEMBL130049,,CHEMBL130049,5.62,0,http://www.openphacts.org/units/Nanomolar,249308,=,1,1,=,,IC50,nM,,2400.0,CHEMBL203,Homo sapiens,Epidermal growth factor receptor,9606,,,IC50,uM,UO_0000065,,2.4
,,288014,[],CHEMBL675521,Inhibition of Epidermal growth factor receptor (EGFr) tyrosine kinase,B,,,BAO_0000190,BAO_0000357,single protein format,Cc1cc(C)c(C)c(-c2cc3cnc(N)nc3nc2NC(=O)NC(C)(C)C)c1C,,,CHEMBL1130094,J Med Chem,1997,"{'bei': '13.18', 'le': '0.24', 'lle': '0.75', 'sei': '4.89'}",,CHEMBL56236,,CHEMBL56236,5.17,0,http://www.openphacts.org/units/Nanomolar,133212,=,1,1,=,,IC50,nM,,6680.0,CHEMBL203,Homo sapiens,Epidermal growth factor receptor,9606,,,IC50,uM,UO_0000065,,6.68
,,288447,[],CHEMBL677890,Inhibitory activity against protein tyrosine kinase of Epidermal growth factor receptor was determined,B,,,BAO_0000190,BAO_0000357,single protein format,CO[C@H]1[C@@H](N(C)C(=O)CNC(=O)OC(C)(C)C)C[C@@H]2O[C@@]1(C)n1c3ccccc3c3c4c(c5c6ccccc6n2c5c31)C(=O)NC4,,,CHEMBL1127758,Bioorg Med Chem Lett,1994,"{'bei': '8.75', 'le': '0.16', 'lle': '0.34', 'sei': '4.70'}",,CHEMBL335931,,CHEMBL335931,5.46,0,http://www.openphacts.org/units/Nanomolar,249304,=,1,1,=,,IC50,nM,,3500.0,CHEMBL203,Homo sapiens,Epidermal growth factor receptor,9606,,,IC50,uM,UO_0000065,,3.5
,,288453,[],CHEMBL677890,Inhibitory activity against protein tyrosine kinase of Epidermal growth factor receptor was determined,B,,,BAO_0000190,BAO_0000357,single protein format,CO[C@H]1[C@@H](N(C)C(=O)c2cc([N+](=O)[O-])cc([N+](=O)[O-])c2)C[C@@H]2O[C@@]1(C)n1c3ccccc3c3c4c(c5c6ccccc6n2c5c31)C(=O)NC4,,,CHEMBL1127758,Bioorg Med Chem Lett,1994,,,CHEMBL132170,,CHEMBL132170,,0,http://www.openphacts.org/units/Nanomolar,249295,>,1,1,>,,IC50,nM,,70000.0,CHEMBL203,Homo sapiens,Epidermal growth factor receptor,9606,,,IC50,uM,UO_0000065,,70.0
,,288457,[],CHEMBL677890,Inhibitory activity against protein tyrosine kinase of Epidermal growth factor receptor was determined,B,,,BAO_0000190,BAO_0000357,single protein format,CN[C@H]1C[C@@H]2O[C@](C)([C@H]1OC)n1c3ccccc3c3c4c(c5c6ccccc6n2c5c31)C(=O)NC4=O,,,CHEMBL1127758,Bioorg Med Chem Lett,1994,"{'bei': '13.94', 'le': '0.25', 'lle': '2.71', 'sei': '7.74'}",,CHEMBL337026,,CHEMBL337026,6.70,0,http://www.openphacts.org/units/Nanomolar,249288,=,1,1,=,,IC50,nM,,200.0,CHEMBL203,Homo sapiens,Epidermal growth factor receptor,9606,,,IC50,uM,UO_0000065,,0.2
,,289639,[],CHEMBL677890,Inhibitory activity against protein tyrosine kinase of Epidermal growth factor receptor was determined,B,,,BAO_0000190,BAO_0000357,single protein format,CC[N+](C)(C)[C@H]1C[C@@H]2O[C@](C)([C@H]1OC)n1c3ccccc3c3c4c(c5c6ccccc6n2c5c31)C(=O)NC4,,,CHEMBL1127758,Bioorg Med Chem Lett,1994,"{'bei': '14.45', 'le': '0.26', 'lle': '2.14', 'sei': '12.83'}",,CHEMBL340611,,CHEMBL340611,7.37,0,http://www.openphacts.org/units/Nanomolar,249322,=,1,1,=,,IC50,nM,,43.0,CHEMBL203,Homo sapiens,Epidermal growth factor receptor,9606,,,IC50,uM,UO_0000065,,0.043
,,291229,[],CHEMBL688553,Inhibition of EGF-dependent proliferation of human and guinea pig keratinocytes; range 7-15 uM,F,,,BAO_0000190,BAO_0000019,assay format,N#C/C(=C\c1ccc(O)c(O)c1)C(=O)NCc1ccccc1,,,CHEMBL1134331,J Med Chem,2001,,,CHEMBL56543,,CHEMBL56543,5.16,0,http://www.openphacts.org/units/Nanomolar,187292,=,1,1,=,,IC50,nM,,7000.0,CHEMBL203,Homo sapiens,Epidermal growth factor receptor,9606,,,IC50,uM,UO_0000065,,7.0
,,293355,[],CHEMBL677890,Inhibitory activity against protein tyrosine kinase of Epidermal growth factor receptor was determined,B,,,BAO_0000190,BAO_0000357,single protein format,COC(=O)CN1Cc2c(c3c4ccccc4n4c3c3c2c2ccccc2n3[C@]2(C)O[C@H]4C[C@H](N(C)C(=O)c3ccccc3)[C@@H]2OC)C1=O,,,CHEMBL1127758,Bioorg Med Chem Lett,1994,,,CHEMBL131456,,CHEMBL131456,,0,http://www.openphacts.org/units/Nanomolar,249290,>,1,1,>,,IC50,nM,,100000.0,CHEMBL203,Homo sapiens,Epidermal growth factor receptor,9606,,,IC50,uM,UO_0000065,,100.0
,,294648,[],CHEMBL677890,Inhibitory activity against protein tyrosine kinase of Epidermal growth factor receptor was determined,B,,,BAO_0000190,BAO_0000357,single protein format,CO[C@H]1[C@@H](N(C)C(=O)c2cccc(Cl)c2)C[C@@H]2O[C@@]1(C)n1c3ccccc3c3c4c(c5c6ccccc6n2c5c31)C(=O)NC4,,,CHEMBL1127758,Bioorg Med Chem Lett,1994,"{'bei': '8.82', 'le': '0.17', 'lle': '-1.22', 'sei': '6.87'}",,CHEMBL338944,,CHEMBL338944,5.34,0,http://www.openphacts.org/units/Nanomolar,249313,=,1,1,=,,IC50,nM,,4600.0,CHEMBL203,Homo sapiens,Epidermal growth factor receptor,9606,,,IC50,uM,UO_0000065,,4.6
,,295509,[],CHEMBL675521,Inhibition of Epidermal growth factor receptor (EGFr) tyrosine kinase,B,,,BAO_0000190,BAO_0000357,single protein format,CC(C)(C)NC(=O)Nc1nc2nc(N)ncc2cc1-c1c(Cl)cccc1Cl,,,CHEMBL1130094,J Med Chem,1997,"{'bei': '15.66', 'le': '0.32', 'lle': '1.85', 'sei': '6.00'}",,CHEMBL57366,,CHEMBL57366,6.35,0,http://www.openphacts.org/units/Nanomolar,133211,=,1,1,=,,IC50,nM,,450.0,CHEMBL203,Homo sapiens,Epidermal growth factor receptor,9606,,,IC50,uM,UO_0000065,,0.45
,,295884,[],CHEMBL677890,Inhibitory activity against protein tyrosine kinase of Epidermal growth factor receptor was determined,B,,,BAO_0000190,BAO_0000357,single protein format,CO[C@H]1[C@@H](N(C)C(=O)c2cnccn2)C[C@@H]2O[C@@]1(C)n1c3ccccc3c3c4c(c5c6ccccc6n2c5c31)C(=O)NC4,,,CHEMBL1127758,Bioorg Med Chem Lett,1994,"{'bei': '8.88', 'le': '0.16', 'lle': '0.39', 'sei': '4.91'}",,CHEMBL337297,,CHEMBL337297,5.09,0,http://www.openphacts.org/units/Nanomolar,249315,=,1,1,=,,IC50,nM,,8180.0,CHEMBL203,Homo sapiens,Epidermal growth factor receptor,9606,,,IC50,uM,UO_0000065,,8.18
,,295888,[],CHEMBL677890,Inhibitory activity against protein tyrosine kinase of Epidermal growth factor receptor was determined,B,,,BAO_0000190,BAO_0000357,single protein format,CN[C@H]1C[C@@H]2O[C@](C)([C@H]1OC)n1c3ccccc3c3c4c(c5c6ccccc6n2c5c31)C(=O)N[C@@H]4O,,,CHEMBL1127758,Bioorg Med Chem Lett,1994,"{'bei': '16.10', 'le': '0.29', 'lle': '3.93', 'sei': '8.66'}",,CHEMBL338049,,CHEMBL338049,7.77,0,http://www.openphacts.org/units/Nanomolar,249302,=,1,1,=,,IC50,nM,,17.0,CHEMBL203,Homo sapiens,Epidermal growth factor receptor,9606,,,IC50,uM,UO_0000065,,0.017
,,296902,[],CHEMBL675521,Inhibition of Epidermal growth factor receptor (EGFr) tyrosine kinase,B,,,BAO_0000190,BAO_0000357,single protein format,CCNC(=O)Nc1nc2nc(N)ncc2cc1-c1c(Cl)cccc1Cl,,,CHEMBL1130094,J Med Chem,1997,"{'bei': '15.55', 'le': '0.32', 'lle': '2.15', 'sei': '5.54'}",,CHEMBL432738,,CHEMBL432738,5.87,0,http://www.openphacts.org/units/Nanomolar,133214,=,1,1,=,,IC50,nM,,1360.0,CHEMBL203,Homo sapiens,Epidermal growth factor receptor,9606,,,IC50,uM,UO_0000065,,1.36
,,297281,[],CHEMBL677890,Inhibitory activity against protein tyrosine kinase of Epidermal growth factor receptor was determined,B,,,BAO_0000190,BAO_0000357,single protein format,CO[C@H]1[C@@H](N(C)Cc2ccccc2)C[C@@H]2O[C@@]1(C)n1c3ccccc3c3c4c(c5c6ccccc6n2c5c31)C(=O)NC4,,,CHEMBL1127758,Bioorg Med Chem Lett,1994,"{'bei': '10.85', 'le': '0.20', 'lle': '-0.23', 'sei': '9.96'}",,CHEMBL131193,,CHEMBL131193,6.04,0,http://www.openphacts.org/units/Nanomolar,249285,=,1,1,=,,IC50,nM,,910.0,CHEMBL203,Homo sapiens,Epidermal growth factor receptor,9606,,,IC50,uM,UO_0000065,,0.91
,,299857,[],CHEMBL677890,Inhibitory activity against protein tyrosine kinase of Epidermal growth factor receptor was determined,B,,,BAO_0000190,BAO_0000357,single protein format,CNC(=S)N(C)[C@H]1C[C@@H]2O[C@](C)([C@H]1OC)n1c3ccccc3c3c4c(c5c6ccccc6n2c5c31)C(=O)NC4,,,CHEMBL1127758,Bioorg Med Chem Lett,1994,"{'bei': '9.09', 'le': '0.17', 'lle': '0.33', 'sei': '6.75'}",,CHEMBL337035,,CHEMBL337035,4.90,0,http://www.openphacts.org/units/Nanomolar,249307,=,1,1,=,,IC50,nM,,12500.0,CHEMBL203,Homo sapiens,Epidermal growth factor receptor,9606,,,IC50,uM,UO_0000065,,12.5
,,299862,[],CHEMBL677890,Inhibitory activity against protein tyrosine kinase of Epidermal growth factor receptor was determined,B,,,BAO_0000190,BAO_0000357,single protein format,CO[C@H]1[C@@H](N(C)C(=O)c2ccccc2)C[C@@H]2O[C@@]1(C)n1c3ccccc3c3c4c(c5c6ccccc6n2c5c31)C(=O)N(Cc1ccccc1)C4,,,CHEMBL1127758,Bioorg Med Chem Lett,1994,,,CHEMBL415233,,CHEMBL415233,,0,http://www.openphacts.org/units/Nanomolar,249291,>,1,1,>,,IC50,nM,,100000.0,CHEMBL203,Homo sapiens,Epidermal growth factor receptor,9606,,,IC50,uM,UO_0000065,,100.0
,,301082,[],CHEMBL677890,Inhibitory activity against protein tyrosine kinase of Epidermal growth factor receptor was determined,B,,,BAO_0000190,BAO_0000357,single protein format,CN[C@H]1C[C@@H]2O[C@](C)([C@H]1OC)n1c3ccccc3c3c4c(c5c6ccccc6n2c5c31)[C@H](O)NC4=O,,,CHEMBL1127758,Bioorg Med Chem Lett,1994,"{'bei': '13.65', 'le': '0.25', 'lle': '2.75', 'sei': '7.34'}",,CHEMBL338155,,CHEMBL338155,6.58,0,http://www.openphacts.org/units/Nanomolar,249300,=,1,1,=,,IC50,nM,,260.0,CHEMBL203,Homo sapiens,Epidermal growth factor receptor,9606,,,IC50,uM,UO_0000065,,0.26
,,301871,[],CHEMBL675521,Inhibition of Epidermal growth factor receptor (EGFr) tyrosine kinase,B,,,BAO_0000190,BAO_0000357,single protein format,CCNC(=O)Nc1nc2nc(NCCCCN(CC)CC)ncc2cc1-c1c(Cl)cccc1Cl,,,CHEMBL1130094,J Med Chem,1997,"{'bei': '11.69', 'le': '0.24', 'lle': '0.23', 'sei': '6.21'}",,CHEMBL301483,,CHEMBL301483,5.90,0,http://www.openphacts.org/units/Nanomolar,133219,=,1,1,=,,IC50,nM,,1260.0,CHEMBL203,Homo sapiens,Epidermal growth factor receptor,9606,,,IC50,uM,UO_0000065,,1.26
,,302246,[],CHEMBL677890,Inhibitory activity against protein tyrosine kinase of Epidermal growth factor receptor was determined,B,,,BAO_0000190,BAO_0000357,single protein format,CO[C@H]1[C@@H](N(C)C(=O)c2cccc([N+](=O)[O-])c2)C[C@@H]2O[C@@]1(C)n1c3ccccc3c3c4c(c5c6ccccc6n2c5c31)C(=O)NC4,,,CHEMBL1127758,Bioorg Med Chem Lett,1994,"{'bei': '8.64', 'le': '0.16', 'lle': '-0.50', 'sei': '4.40'}",,CHEMBL130208,,CHEMBL130208,5.32,0,http://www.openphacts.org/units/Nanomolar,249311,=,1,1,=,,IC50,nM,,4800.0,CHEMBL203,Homo sapiens,Epidermal growth factor receptor,9606,,,IC50,uM,UO_0000065,,4.8
,,304928,[],CHEMBL679946,Concentration required to inhibit phosphorylation of isolated human epidermal growth factor tyrosine kinase receptor by 50%,B,,,BAO_0000190,BAO_0000357,single protein format,COc1cc2cc(-c3cccnc3)cnc2cc1OC,,,CHEMBL1127568,J Med Chem,1994,,,CHEMBL304668,,CHEMBL304668,,0,http://www.openphacts.org/units/Nanomolar,117751,>,1,1,>,,IC50,nM,,25000.0,CHEMBL203,Homo sapiens,Epidermal growth factor receptor,9606,,,IC50,uM,UO_0000065,,25.0
,,305236,[],CHEMBL676067,Inhibitory activity against epidermal growth factor receptor (EGFR),B,,,BAO_0000190,BAO_0000357,single protein format,Cc1cc(C)c(C(=O)/C(C#N)=C/c2ccc(O)c(O)c2)c(C)c1,,,CHEMBL1136802,J Med Chem,2003,"{'bei': '15.36', 'le': '0.28', 'lle': '0.91', 'sei': '5.80'}",,CHEMBL55993,,CHEMBL55993,4.72,0,http://www.openphacts.org/units/Nanomolar,275687,=,1,1,=,,IC50,nM,,19054.61,CHEMBL203,Homo sapiens,Epidermal growth factor receptor,9606,,,pIC50,,UO_0000065,,4.72
,,306240,[],CHEMBL679946,Concentration required to inhibit phosphorylation of isolated human epidermal growth factor tyrosine kinase receptor by 50%,B,,,BAO_0000190,BAO_0000357,single protein format,COc1ccc(-c2cnc3cc(OC)c(OC)cc3c2)cc1C,,,CHEMBL1127568,J Med Chem,1994,,,CHEMBL66925,,CHEMBL66925,,0,http://www.openphacts.org/units/Nanomolar,117773,>,1,1,>,,IC50,nM,,20000.0,CHEMBL203,Homo sapiens,Epidermal growth factor receptor,9606,,,IC50,uM,UO_0000065,,20.0
,,306529,[],CHEMBL676067,Inhibitory activity against epidermal growth factor receptor (EGFR),B,,,BAO_0000190,BAO_0000357,single protein format,Cc1cccc(C)c1NC(=O)/C(C#N)=C/c1ccc(O)c(O)c1,,,CHEMBL1136802,J Med Chem,2003,"{'bei': '16.18', 'le': '0.30', 'lle': '1.73', 'sei': '5.35'}",,CHEMBL55360,,CHEMBL55360,4.99,1,http://www.openphacts.org/units/Nanomolar,275688,=,1,1,=,,IC50,nM,,10232.93,CHEMBL203,Homo sapiens,Epidermal growth factor receptor,9606,,,pIC50,,UO_0000065,,4.99
,,306531,[],CHEMBL676067,Inhibitory activity against epidermal growth factor receptor (EGFR),B,,,BAO_0000190,BAO_0000357,single protein format,N#C/C(=C\c1ccc(O)c(O)c1)C(=O)Nc1ccccc1,,,CHEMBL1136802,J Med Chem,2003,"{'bei': '21.05', 'le': '0.38', 'lle': '3.26', 'sei': '6.32'}",,CHEMBL56731,,CHEMBL56731,5.90,1,http://www.openphacts.org/units/Nanomolar,275696,=,1,1,=,,IC50,nM,,1258.93,CHEMBL203,Homo sapiens,Epidermal growth factor receptor,9606,,,pIC50,,UO_0000065,,5.9
,,306533,[],CHEMBL676067,Inhibitory activity against epidermal growth factor receptor (EGFR),B,,,BAO_0000190,BAO_0000357,single protein format,COc1cc(/C=C(\C#N)C(N)=O)cc(CSc2ccc(C)cc2)c1O,,,CHEMBL1136802,J Med Chem,2003,"{'bei': '16.25', 'le': '0.31', 'lle': '2.37', 'sei': '5.98'}",,CHEMBL333454,,CHEMBL333454,5.76,1,http://www.openphacts.org/units/Nanomolar,275700,=,1,1,=,,IC50,nM,,1737.8,CHEMBL203,Homo sapiens,Epidermal growth factor receptor,9606,,,pIC50,,UO_0000065,,5.76
,,306535,[],CHEMBL676067,Inhibitory activity against epidermal growth factor receptor (EGFR),B,,,BAO_0000190,BAO_0000357,single protein format,COc1cc(C=C(C#N)C#N)cc(CSc2ccccc2)c1O,,,CHEMBL1136802,J Med Chem,2003,"{'bei': '16.04', 'le': '0.31', 'lle': '1.05', 'sei': '6.71'}",,CHEMBL122522,,CHEMBL122522,5.17,1,http://www.openphacts.org/units/Nanomolar,275723,=,1,1,=,,IC50,nM,,6760.83,CHEMBL203,Homo sapiens,Epidermal growth factor receptor,9606,,,pIC50,,UO_0000065,,5.17
,,306537,[],CHEMBL676067,Inhibitory activity against epidermal growth factor receptor (EGFR),B,,,BAO_0000190,BAO_0000357,single protein format,N#C/C(=C\c1ccc(O)c(O)c1)C(=O)Nc1ccccc1Cl,,,CHEMBL1136802,J Med Chem,2003,"{'bei': '18.05', 'le': '0.35', 'lle': '2.38', 'sei': '6.08'}",,CHEMBL56219,,CHEMBL56219,5.68,1,http://www.openphacts.org/units/Nanomolar,275719,=,1,1,=,,IC50,nM,,2089.3,CHEMBL203,Homo sapiens,Epidermal growth factor receptor,9606,,,pIC50,,UO_0000065,,5.68
,,306539,[],CHEMBL676067,Inhibitory activity against epidermal growth factor receptor (EGFR),B,,,BAO_0000190,BAO_0000357,single protein format,COc1cc(/C=C(\C#N)C(N)=O)cc(CSc2nc3ccccc3o2)c1O,,,CHEMBL1136802,J Med Chem,2003,"{'bei': '13.84', 'le': '0.27', 'lle': '2.05', 'sei': '4.31'}",,CHEMBL118205,,CHEMBL118205,5.28,1,http://www.openphacts.org/units/Nanomolar,275716,=,1,1,=,,IC50,nM,,5248.07,CHEMBL203,Homo sapiens,Epidermal growth factor receptor,9606,,,pIC50,,UO_0000065,,5.28
,,307859,[],CHEMBL677388,Inhibition of epidermal growth factor receptor kinase activity at a concentration of 2 uM of ATP,B,,,BAO_0000190,BAO_0000357,single protein format,COc1cc2c(Nc3ccc(Cl)cc3F)ncnc2cc1OCC1CCNCC1.Cl,,,CHEMBL1135889,J Med Chem,2002,"{'bei': '15.65', 'le': '0.31', 'lle': '1.97', 'sei': '9.55'}",,CHEMBL2448064,,CHEMBL26456,6.52,0,http://www.openphacts.org/units/Nanomolar,35681,=,1,1,=,,IC50,nM,,300.0,CHEMBL203,Homo sapiens,Epidermal growth factor receptor,9606,,,IC50,uM,UO_0000065,,0.3
,,307861,[],CHEMBL691873,Inhibition of human endothelial cell growth stimulate by endothelial growth factor,F,,,BAO_0000190,BAO_0000219,cell-based format,COc1cc2c(Nc3ccc(Cl)cc3F)ncnc2cc1OCC1CCNCC1.Cl,,,CHEMBL1135889,J Med Chem,2002,,,CHEMBL2448064,,CHEMBL26456,7.00,0,http://www.openphacts.org/units/Nanomolar,35681,=,1,1,=,,IC50,nM,,100.0,CHEMBL203,Homo sapiens,Epidermal growth factor receptor,9606,,,IC50,uM,UO_0000065,,0.1
,,308969,[],CHEMBL679946,Concentration required to inhibit phosphorylation of isolated human epidermal growth factor tyrosine kinase receptor by 50%,B,,,BAO_0000190,BAO_0000357,single protein format,COc1cc2cc(O)cnc2cc1OC,,,CHEMBL1127568,J Med Chem,1994,,,CHEMBL308879,,CHEMBL308879,,0,http://www.openphacts.org/units/Nanomolar,117755,>,1,1,>,,IC50,nM,,20000.0,CHEMBL203,Homo sapiens,Epidermal growth factor receptor,9606,,,IC50,uM,UO_0000065,,20.0
,,308971,[],CHEMBL679946,Concentration required to inhibit phosphorylation of isolated human epidermal growth factor tyrosine kinase receptor by 50%,B,,,BAO_0000190,BAO_0000357,single protein format,COc1cc2cc(-c3ccc4ccccc4c3)cnc2cc1OC,,,CHEMBL1127568,J Med Chem,1994,,,CHEMBL417740,,CHEMBL417740,,0,http://www.openphacts.org/units/Nanomolar,117785,>,1,1,>,,IC50,nM,,20000.0,CHEMBL203,Homo sapiens,Epidermal growth factor receptor,9606,,,IC50,uM,UO_0000065,,20.0
,,308973,[],CHEMBL679946,Concentration required to inhibit phosphorylation of isolated human epidermal growth factor tyrosine kinase receptor by 50%,B,,,BAO_0000190,BAO_0000357,single protein format,COc1ccc(-c2cnc3cc(OC)c(OC)cc3c2)cc1,,,CHEMBL1127568,J Med Chem,1994,,,CHEMBL70130,,CHEMBL70130,,0,http://www.openphacts.org/units/Nanomolar,117783,>,1,1,>,,IC50,nM,,20000.0,CHEMBL203,Homo sapiens,Epidermal growth factor receptor,9606,,,IC50,uM,UO_0000065,,20.0
,,308976,[],CHEMBL679946,Concentration required to inhibit phosphorylation of isolated human epidermal growth factor tyrosine kinase receptor by 50%,B,,,BAO_0000190,BAO_0000357,single protein format,COc1cc2cc(-c3cc(OC)c(OC)c(OC)c3)cnc2cc1OC,,,CHEMBL1127568,J Med Chem,1994,,,CHEMBL66107,,CHEMBL66107,,0,http://www.openphacts.org/units/Nanomolar,117778,>,1,1,>,,IC50,nM,,20000.0,CHEMBL203,Homo sapiens,Epidermal growth factor receptor,9606,,,IC50,uM,UO_0000065,,20.0
,,309317,[],CHEMBL677388,Inhibition of epidermal growth factor receptor kinase activity at a concentration of 2 uM of ATP,B,,,BAO_0000190,BAO_0000357,single protein format,COc1cc2c(Nc3ccc(Cl)cc3F)ncnc2cc1OCCN(C)c1ccncc1,,,CHEMBL1135889,J Med Chem,2002,"{'bei': '14.37', 'le': '0.28', 'lle': '1.44', 'sei': '9.01'}",,CHEMBL25579,,CHEMBL25579,6.52,0,http://www.openphacts.org/units/Nanomolar,35668,=,1,1,=,,IC50,nM,,300.0,CHEMBL203,Homo sapiens,Epidermal growth factor receptor,9606,,,IC50,uM,UO_0000065,,0.3
,,309319,[],CHEMBL691873,Inhibition of human endothelial cell growth stimulate by endothelial growth factor,F,,,BAO_0000190,BAO_0000219,cell-based format,COc1cc2c(Nc3ccc(Cl)cc3F)ncnc2cc1OCCN(C)c1ccncc1,,,CHEMBL1135889,J Med Chem,2002,,,CHEMBL25579,,CHEMBL25579,6.70,0,http://www.openphacts.org/units/Nanomolar,35668,=,1,1,=,,IC50,nM,,200.0,CHEMBL203,Homo sapiens,Epidermal growth factor receptor,9606,,,IC50,uM,UO_0000065,,0.2
,,309326,[],CHEMBL677388,Inhibition of epidermal growth factor receptor kinase activity at a concentration of 2 uM of ATP,B,,,BAO_0000190,BAO_0000357,single protein format,COc1cc2c(Nc3ccc(C#N)cc3F)ncnc2cc1OC/C=C/CN1CCCC1,,,CHEMBL1135889,J Med Chem,2002,"{'bei': '14.06', 'le': '0.26', 'lle': '1.68', 'sei': '7.32'}",,CHEMBL24026,,CHEMBL24026,6.10,0,http://www.openphacts.org/units/Nanomolar,35661,=,1,1,=,,IC50,nM,,800.0,CHEMBL203,Homo sapiens,Epidermal growth factor receptor,9606,,,IC50,uM,UO_0000065,,0.8
,,309328,[],CHEMBL691873,Inhibition of human endothelial cell growth stimulate by endothelial growth factor,F,,,BAO_0000190,BAO_0000219,cell-based format,COc1cc2c(Nc3ccc(C#N)cc3F)ncnc2cc1OC/C=C/CN1CCCC1,,,CHEMBL1135889,J Med Chem,2002,,,CHEMBL24026,,CHEMBL24026,5.85,0,http://www.openphacts.org/units/Nanomolar,35661,=,1,1,=,,IC50,nM,,1400.0,CHEMBL203,Homo sapiens,Epidermal growth factor receptor,9606,,,IC50,uM,UO_0000065,,1.4
,,310205,[],CHEMBL679946,Concentration required to inhibit phosphorylation of isolated human epidermal growth factor tyrosine kinase receptor by 50%,B,,,BAO_0000190,BAO_0000357,single protein format,COc1cc2cccnc2cc1OC,,,CHEMBL1127568,J Med Chem,1994,,,CHEMBL66705,,CHEMBL66705,,0,http://www.openphacts.org/units/Nanomolar,117764,>,1,1,>,,IC50,nM,,20000.0,CHEMBL203,Homo sapiens,Epidermal growth factor receptor,9606,,,IC50,uM,UO_0000065,,20.0
,,310537,[],CHEMBL676067,Inhibitory activity against epidermal growth factor receptor (EGFR),B,,,BAO_0000190,BAO_0000357,single protein format,COc1cc(/C=C(\C#N)C(N)=O)cc(CSc2ccccc2)c1O,,,CHEMBL1136802,J Med Chem,2003,"{'bei': '18.80', 'le': '0.36', 'lle': '3.31', 'sei': '6.64'}",,CHEMBL116595,,CHEMBL116595,6.40,1,http://www.openphacts.org/units/Nanomolar,275724,=,1,1,=,,IC50,nM,,398.11,CHEMBL203,Homo sapiens,Epidermal growth factor receptor,9606,,,pIC50,,UO_0000065,,6.4
,,310539,[],CHEMBL676067,Inhibitory activity against epidermal growth factor receptor (EGFR),B,,,BAO_0000190,BAO_0000357,single protein format,COc1cc(/C=C(\C#N)C(N)=O)cc(CSC2=NCCS2)c1O,,,CHEMBL1136802,J Med Chem,2003,"{'bei': '14.48', 'le': '0.30', 'lle': '2.93', 'sei': '4.66'}",,CHEMBL324030,,CHEMBL324030,5.06,1,http://www.openphacts.org/units/Nanomolar,275715,=,1,1,=,,IC50,nM,,8709.64,CHEMBL203,Homo sapiens,Epidermal growth factor receptor,9606,,,pIC50,,UO_0000065,,5.06
,,311545,[],CHEMBL679946,Concentration required to inhibit phosphorylation of isolated human epidermal growth factor tyrosine kinase receptor by 50%,B,,,BAO_0000190,BAO_0000357,single protein format,Fc1ccc2cc(-c3ccsc3)cnc2c1,,,CHEMBL1127568,J Med Chem,1994,,,CHEMBL307093,,CHEMBL307093,,0,http://www.openphacts.org/units/Nanomolar,117738,>,1,1,>,,IC50,nM,,20000.0,CHEMBL203,Homo sapiens,Epidermal growth factor receptor,9606,,,IC50,uM,UO_0000065,,20.0
,,311905,[],CHEMBL676067,Inhibitory activity against epidermal growth factor receptor (EGFR),B,,,BAO_0000190,BAO_0000357,single protein format,N#C/C(=C\c1ccc(O)c(O)c1)C(=O)NC1CCCCC1,,,CHEMBL1136802,J Med Chem,2003,"{'bei': '18.27', 'le': '0.34', 'lle': '2.78', 'sei': '5.60'}",,CHEMBL417941,,CHEMBL417941,5.23,1,http://www.openphacts.org/units/Nanomolar,275694,=,1,1,=,,IC50,nM,,5888.44,CHEMBL203,Homo sapiens,Epidermal growth factor receptor,9606,,,pIC50,,UO_0000065,,5.23
,,311907,[],CHEMBL676067,Inhibitory activity against epidermal growth factor receptor (EGFR),B,,,BAO_0000190,BAO_0000357,single protein format,COc1cc(/C=C(\C#N)C(N)=O)cc(CSCc2ccccc2Cl)c1O,,,CHEMBL1136802,J Med Chem,2003,"{'bei': '15.43', 'le': '0.32', 'lle': '2.12', 'sei': '6.23'}",,CHEMBL326100,,CHEMBL326100,6.00,1,http://www.openphacts.org/units/Nanomolar,275702,=,1,1,=,,IC50,nM,,1000.0,CHEMBL203,Homo sapiens,Epidermal growth factor receptor,9606,,,pIC50,,UO_0000065,,6.0
,,312890,[],CHEMBL679946,Concentration required to inhibit phosphorylation of isolated human epidermal growth factor tyrosine kinase receptor by 50%,B,,,BAO_0000190,BAO_0000357,single protein format,COc1cc2cc(-c3cccs3)cnc2cc1OC,,,CHEMBL1127568,J Med Chem,1994,,,CHEMBL304336,,CHEMBL304336,,0,http://www.openphacts.org/units/Nanomolar,117729,>,1,1,>,,IC50,nM,,20000.0,CHEMBL203,Homo sapiens,Epidermal growth factor receptor,9606,,,IC50,uM,UO_0000065,,20.0
,,312892,[],CHEMBL679946,Concentration required to inhibit phosphorylation of isolated human epidermal growth factor tyrosine kinase receptor by 50%,B,,,BAO_0000190,BAO_0000357,single protein format,COc1ccc2cc(-c3ccsc3)cnc2c1,,,CHEMBL1127568,J Med Chem,1994,,,CHEMBL68185,,CHEMBL68185,,0,http://www.openphacts.org/units/Nanomolar,117732,>,1,1,>,,IC50,nM,,20000.0,CHEMBL203,Homo sapiens,Epidermal growth factor receptor,9606,,,IC50,uM,UO_0000065,,20.0
,,313231,[],CHEMBL676067,Inhibitory activity against epidermal growth factor receptor (EGFR),B,,,BAO_0000190,BAO_0000357,single protein format,N#C/C(=C\c1ccc(O)c(O)c1)C(=O)N1CCc2ccccc21,,,CHEMBL1136802,J Med Chem,2003,"{'bei': '16.06', 'le': '0.29', 'lle': '2.33', 'sei': '5.82'}",,CHEMBL56542,,CHEMBL56542,4.92,1,http://www.openphacts.org/units/Nanomolar,275729,=,1,1,=,,IC50,nM,,12022.64,CHEMBL203,Homo sapiens,Epidermal growth factor receptor,9606,,,pIC50,,UO_0000065,,4.92
,,313233,[],CHEMBL676067,Inhibitory activity against epidermal growth factor receptor (EGFR),B,,,BAO_0000190,BAO_0000357,single protein format,N#C/C(=C\c1ccc(O)c(O)c1)C(=O)NCCc1ccccc1,,,CHEMBL1136802,J Med Chem,2003,"{'bei': '20.14', 'le': '0.37', 'lle': '3.85', 'sei': '6.65'}",,CHEMBL293749,,CHEMBL293749,6.21,0,http://www.openphacts.org/units/Nanomolar,275691,=,1,1,=,,IC50,nM,,616.6,CHEMBL203,Homo sapiens,Epidermal growth factor receptor,9606,,,pIC50,,UO_0000065,,6.21
,,313235,[],CHEMBL676067,Inhibitory activity against epidermal growth factor receptor (EGFR),B,,,BAO_0000190,BAO_0000357,single protein format,COc1cc(/C=C(\C#N)C(N)=O)cc(CSc2cccc3ccccc23)c1O,,,CHEMBL1136802,J Med Chem,2003,"{'bei': '14.78', 'le': '0.28', 'lle': '1.53', 'sei': '5.99'}",,CHEMBL143212,,CHEMBL143212,5.77,0,http://www.openphacts.org/units/Nanomolar,275698,=,1,1,=,,IC50,nM,,1698.24,CHEMBL203,Homo sapiens,Epidermal growth factor receptor,9606,,,pIC50,,UO_0000065,,5.77
,,313559,[],CHEMBL677206,Inhibition of epidermal growth factor receptor (EGFr),B,,,BAO_0000190,BAO_0000357,single protein format,CNC(=O)c1c([Se][Se]c2[nH]c3ccccc3c2C(=O)NC)[nH]c2ccccc12,,,CHEMBL1129933,J Med Chem,1997,"{'bei': '9.69', 'le': None, 'lle': None, 'sei': None}",,CHEMBL135861,,CHEMBL135861,4.89,0,http://www.openphacts.org/units/Nanomolar,259287,=,1,1,=,,IC50,nM,,13000.0,CHEMBL203,Homo sapiens,Epidermal growth factor receptor,9606,,,IC50,uM,UO_0000065,,13.0
,,314215,[],CHEMBL679946,Concentration required to inhibit phosphorylation of isolated human epidermal growth factor tyrosine kinase receptor by 50%,B,,,BAO_0000190,BAO_0000357,single protein format,COc1ccc(-c2cnc3cc(OC)c(OC)cc3c2)cc1OC,,,CHEMBL1127568,J Med Chem,1994,,,CHEMBL66100,,CHEMBL66100,,0,http://www.openphacts.org/units/Nanomolar,117743,>,1,1,>,,IC50,nM,,20000.0,CHEMBL203,Homo sapiens,Epidermal growth factor receptor,9606,,,IC50,uM,UO_0000065,,20.0
,,314304,[],CHEMBL679946,Concentration required to inhibit phosphorylation of isolated human epidermal growth factor tyrosine kinase receptor by 50%,B,,,BAO_0000190,BAO_0000357,single protein format,COc1cc2cc(-c3ccc(O)cc3)cnc2cc1OC,,,CHEMBL1127568,J Med Chem,1994,,,CHEMBL303704,,CHEMBL303704,,0,http://www.openphacts.org/units/Nanomolar,117761,>,1,1,>,,IC50,nM,,20000.0,CHEMBL203,Homo sapiens,Epidermal growth factor receptor,9606,,,IC50,uM,UO_0000065,,20.0
,,314306,[],CHEMBL679946,Concentration required to inhibit phosphorylation of isolated human epidermal growth factor tyrosine kinase receptor by 50%,B,,,BAO_0000190,BAO_0000357,single protein format,COc1ccc(CCc2cnc3cc(OC)c(OC)cc3c2)cc1,,,CHEMBL1127568,J Med Chem,1994,,,CHEMBL66787,,CHEMBL66787,,0,http://www.openphacts.org/units/Nanomolar,117760,>,1,1,>,,IC50,nM,,20000.0,CHEMBL203,Homo sapiens,Epidermal growth factor receptor,9606,,,IC50,uM,UO_0000065,,20.0
,,314556,[],CHEMBL676067,Inhibitory activity against epidermal growth factor receptor (EGFR),B,,,BAO_0000190,BAO_0000357,single protein format,N#C/C(=C\c1ccc(O)c(O)c1)C(=O)NCCCCc1ccccc1,,,CHEMBL1136802,J Med Chem,2003,"{'bei': '15.76', 'le': '0.29', 'lle': '2.16', 'sei': '5.68'}",,CHEMBL440298,,CHEMBL440298,5.30,1,http://www.openphacts.org/units/Nanomolar,275689,=,1,1,=,,IC50,nM,,5011.87,CHEMBL203,Homo sapiens,Epidermal growth factor receptor,9606,,,pIC50,,UO_0000065,,5.3
,,314572,[],CHEMBL677388,Inhibition of epidermal growth factor receptor kinase activity at a concentration of 2 uM of ATP,B,,,BAO_0000190,BAO_0000357,single protein format,COc1cc2c(Nc3ccc(C)cc3F)ncnc2cc1OCC1CCNCC1,,,CHEMBL1135889,J Med Chem,2002,"{'bei': '15.89', 'le': '0.30', 'lle': '2.09', 'sei': '9.23'}",,CHEMBL428534,,CHEMBL428534,6.30,0,http://www.openphacts.org/units/Nanomolar,35679,=,1,1,=,,IC50,nM,,500.0,CHEMBL203,Homo sapiens,Epidermal growth factor receptor,9606,,,IC50,uM,UO_0000065,,0.5
,,314574,[],CHEMBL691873,Inhibition of human endothelial cell growth stimulate by endothelial growth factor,F,,,BAO_0000190,BAO_0000219,cell-based format,COc1cc2c(Nc3ccc(C)cc3F)ncnc2cc1OCC1CCNCC1,,,CHEMBL1135889,J Med Chem,2002,,,CHEMBL428534,,CHEMBL428534,6.35,0,http://www.openphacts.org/units/Nanomolar,35679,=,1,1,=,,IC50,nM,,450.0,CHEMBL203,Homo sapiens,Epidermal growth factor receptor,9606,,,IC50,uM,UO_0000065,,0.45
,,315720,[],CHEMBL676067,Inhibitory activity against epidermal growth factor receptor (EGFR),B,,,BAO_0000190,BAO_0000357,single protein format,COc1cc(/C=C(\C#N)C(N)=O)cc(CSCc2ccccc2)c1O,,,CHEMBL1136802,J Med Chem,2003,"{'bei': '17.07', 'le': '0.33', 'lle': '2.82', 'sei': '6.28'}",,CHEMBL326318,,CHEMBL326318,6.05,1,http://www.openphacts.org/units/Nanomolar,275703,=,1,1,=,,IC50,nM,,891.25,CHEMBL203,Homo sapiens,Epidermal growth factor receptor,9606,,,pIC50,,UO_0000065,,6.05
,,315722,[],CHEMBL676067,Inhibitory activity against epidermal growth factor receptor (EGFR),B,,,BAO_0000190,BAO_0000357,single protein format,COc1cc(/C=C(\C#N)C(N)=O)cc(SCCCC(=O)O)c1O,,,CHEMBL1136802,J Med Chem,2003,"{'bei': '12.84', 'le': '0.26', 'lle': '2.57', 'sei': '3.23'}",,CHEMBL1161234,,CHEMBL1161234,4.32,0,http://www.openphacts.org/units/Nanomolar,275712,=,1,1,=,,IC50,nM,,47863.01,CHEMBL203,Homo sapiens,Epidermal growth factor receptor,9606,,,pIC50,,UO_0000065,,4.32
,,316547,[],CHEMBL679946,Concentration required to inhibit phosphorylation of isolated human epidermal growth factor tyrosine kinase receptor by 50%,B,,,BAO_0000190,BAO_0000357,single protein format,c1cc(-c2cnc3cc4c(cc3c2)OCO4)cs1,,,CHEMBL1127568,J Med Chem,1994,,,CHEMBL69378,,CHEMBL69378,,0,http://www.openphacts.org/units/Nanomolar,117741,>,1,1,>,,IC50,nM,,20000.0,CHEMBL203,Homo sapiens,Epidermal growth factor receptor,9606,,,IC50,uM,UO_0000065,,20.0
,,316633,[],CHEMBL679946,Concentration required to inhibit phosphorylation of isolated human epidermal growth factor tyrosine kinase receptor by 50%,B,,,BAO_0000190,BAO_0000357,single protein format,COc1cc2cc(-c3sccc3Cl)cnc2cc1OC,,,CHEMBL1127568,J Med Chem,1994,,,CHEMBL306234,,CHEMBL306234,,0,http://www.openphacts.org/units/Nanomolar,117780,>,1,1,>,,IC50,nM,,20000.0,CHEMBL203,Homo sapiens,Epidermal growth factor receptor,9606,,,IC50,uM,UO_0000065,,20.0
,,316940,[],CHEMBL677388,Inhibition of epidermal growth factor receptor kinase activity at a concentration of 2 uM of ATP,B,,,BAO_0000190,BAO_0000357,single protein format,COc1cc2c(Nc3ccc(Br)cc3F)ncnc2cc1OCCn1ccnn1,,,CHEMBL1135889,J Med Chem,2002,"{'bei': '13.93', 'le': '0.30', 'lle': '2.45', 'sei': '7.36'}",,CHEMBL281872,ZD-4190 FREE BASE,CHEMBL281872,6.40,0,http://www.openphacts.org/units/Nanomolar,35685,=,1,1,=,,IC50,nM,,400.0,CHEMBL203,Homo sapiens,Epidermal growth factor receptor,9606,,,IC50,uM,UO_0000065,,0.4
,,316942,[],CHEMBL691873,Inhibition of human endothelial cell growth stimulate by endothelial growth factor,F,,,BAO_0000190,BAO_0000219,cell-based format,COc1cc2c(Nc3ccc(Br)cc3F)ncnc2cc1OCCn1ccnn1,,,CHEMBL1135889,J Med Chem,2002,,,CHEMBL281872,ZD-4190 FREE BASE,CHEMBL281872,7.30,0,http://www.openphacts.org/units/Nanomolar,35685,=,1,1,=,,IC50,nM,,50.0,CHEMBL203,Homo sapiens,Epidermal growth factor receptor,9606,,,IC50,uM,UO_0000065,,0.05
,,316968,[],CHEMBL677388,Inhibition of epidermal growth factor receptor kinase activity at a concentration of 2 uM of ATP,B,,,BAO_0000190,BAO_0000357,single protein format,COc1cc2c(Nc3ccc(C)cc3F)ncnc2cc1OCC1CCN(C)CC1,,,CHEMBL1135889,J Med Chem,2002,"{'bei': '14.62', 'le': '0.27', 'lle': '1.45', 'sei': '10.08'}",,CHEMBL281990,,CHEMBL281990,6.00,0,http://www.openphacts.org/units/Nanomolar,35656,=,1,1,=,,IC50,nM,,1000.0,CHEMBL203,Homo sapiens,Epidermal growth factor receptor,9606,,,IC50,uM,UO_0000065,,1.0
,,316970,[],CHEMBL691873,Inhibition of human endothelial cell growth stimulate by endothelial growth factor,F,,,BAO_0000190,BAO_0000219,cell-based format,COc1cc2c(Nc3ccc(C)cc3F)ncnc2cc1OCC1CCN(C)CC1,,,CHEMBL1135889,J Med Chem,2002,,,CHEMBL281990,,CHEMBL281990,6.40,0,http://www.openphacts.org/units/Nanomolar,35656,=,1,1,=,,IC50,nM,,400.0,CHEMBL203,Homo sapiens,Epidermal growth factor receptor,9606,,,IC50,uM,UO_0000065,,0.4
,,316975,[],CHEMBL677388,Inhibition of epidermal growth factor receptor kinase activity at a concentration of 2 uM of ATP,B,,,BAO_0000190,BAO_0000357,single protein format,COc1cc2c(Nc3c(F)cc(Cl)cc3F)ncnc2cc1OCC1CCN(C)CC1,,,CHEMBL1135889,J Med Chem,2002,"{'bei': '14.14', 'le': '0.28', 'lle': '1.32', 'sei': '10.67'}",,CHEMBL422758,,CHEMBL422758,6.35,0,http://www.openphacts.org/units/Nanomolar,35682,=,1,1,=,,IC50,nM,,450.0,CHEMBL203,Homo sapiens,Epidermal growth factor receptor,9606,,,IC50,uM,UO_0000065,,0.45
,,316977,[],CHEMBL691873,Inhibition of human endothelial cell growth stimulate by endothelial growth factor,F,,,BAO_0000190,BAO_0000219,cell-based format,COc1cc2c(Nc3c(F)cc(Cl)cc3F)ncnc2cc1OCC1CCN(C)CC1,,,CHEMBL1135889,J Med Chem,2002,,,CHEMBL422758,,CHEMBL422758,6.52,0,http://www.openphacts.org/units/Nanomolar,35682,=,1,1,=,,IC50,nM,,300.0,CHEMBL203,Homo sapiens,Epidermal growth factor receptor,9606,,,IC50,uM,UO_0000065,,0.3
,,316982,[],CHEMBL677388,Inhibition of epidermal growth factor receptor kinase activity at a concentration of 2 uM of ATP,B,,,BAO_0000190,BAO_0000357,single protein format,COc1cc2c(Nc3c(F)cc(Cl)cc3F)ncnc2cc1OCC1CCNCC1,,,CHEMBL1135889,J Med Chem,2002,"{'bei': '14.49', 'le': '0.29', 'lle': '1.61', 'sei': '9.23'}",,CHEMBL25450,,CHEMBL25450,6.30,0,http://www.openphacts.org/units/Nanomolar,35678,=,1,1,=,,IC50,nM,,500.0,CHEMBL203,Homo sapiens,Epidermal growth factor receptor,9606,,,IC50,uM,UO_0000065,,0.5
,,316984,[],CHEMBL691873,Inhibition of human endothelial cell growth stimulate by endothelial growth factor,F,,,BAO_0000190,BAO_0000219,cell-based format,COc1cc2c(Nc3c(F)cc(Cl)cc3F)ncnc2cc1OCC1CCNCC1,,,CHEMBL1135889,J Med Chem,2002,,,CHEMBL25450,,CHEMBL25450,6.22,0,http://www.openphacts.org/units/Nanomolar,35678,=,1,1,=,,IC50,nM,,600.0,CHEMBL203,Homo sapiens,Epidermal growth factor receptor,9606,,,IC50,uM,UO_0000065,,0.6
,,316989,[],CHEMBL677388,Inhibition of epidermal growth factor receptor kinase activity at a concentration of 2 uM of ATP,B,,,BAO_0000190,BAO_0000357,single protein format,COc1cc2c(Nc3ccc(Cl)cc3F)ncnc2cc1OC[C@@H]1CCCN(C)C1,,,CHEMBL1135889,J Med Chem,2002,"{'bei': '16.24', 'le': '0.32', 'lle': '2.10', 'sei': '11.76'}",,CHEMBL1907763,,CHEMBL1907763,7.00,0,http://www.openphacts.org/units/Nanomolar,35675,=,1,1,=,,IC50,nM,,100.0,CHEMBL203,Homo sapiens,Epidermal growth factor receptor,9606,,,IC50,uM,UO_0000065,,0.1
,,316991,[],CHEMBL691873,Inhibition of human endothelial cell growth stimulate by endothelial growth factor,F,,,BAO_0000190,BAO_0000219,cell-based format,COc1cc2c(Nc3ccc(Cl)cc3F)ncnc2cc1OC[C@@H]1CCCN(C)C1,,,CHEMBL1135889,J Med Chem,2002,,,CHEMBL1907763,,CHEMBL1907763,6.82,0,http://www.openphacts.org/units/Nanomolar,35675,=,1,1,=,,IC50,nM,,150.0,CHEMBL203,Homo sapiens,Epidermal growth factor receptor,9606,,,IC50,uM,UO_0000065,,0.15
,,316996,[],CHEMBL677388,Inhibition of epidermal growth factor receptor kinase activity at a concentration of 2 uM of ATP,B,,,BAO_0000190,BAO_0000357,single protein format,COc1cc2c(Nc3ccc(Cl)cc3F)ncnc2cc1OCCCN1CCOCC1,,,CHEMBL1135889,J Med Chem,2002,"{'bei': '15.66', 'le': '0.31', 'lle': '2.72', 'sei': '10.18'}",,CHEMBL24137,,CHEMBL24137,7.00,0,http://www.openphacts.org/units/Nanomolar,35662,=,1,1,=,,IC50,nM,,100.0,CHEMBL203,Homo sapiens,Epidermal growth factor receptor,9606,,,IC50,uM,UO_0000065,,0.1
,,316998,[],CHEMBL691873,Inhibition of human endothelial cell growth stimulate by endothelial growth factor,F,,,BAO_0000190,BAO_0000219,cell-based format,COc1cc2c(Nc3ccc(Cl)cc3F)ncnc2cc1OCCCN1CCOCC1,,,CHEMBL1135889,J Med Chem,2002,,,CHEMBL24137,,CHEMBL24137,6.70,0,http://www.openphacts.org/units/Nanomolar,35662,=,1,1,=,,IC50,nM,,200.0,CHEMBL203,Homo sapiens,Epidermal growth factor receptor,9606,,,IC50,uM,UO_0000065,,0.2
,,317294,[],CHEMBL677206,Inhibition of epidermal growth factor receptor (EGFr),B,,,BAO_0000190,BAO_0000357,single protein format,CCN(CC)CCNC(=O)c1c([Se][Se]c2c(C(=O)NCCN(CC)CC)c3ccccc3n2C)n(C)c2ccccc12,,,CHEMBL1129933,J Med Chem,1997,"{'bei': '7.58', 'le': None, 'lle': None, 'sei': None}",,CHEMBL263666,,CHEMBL263666,5.33,0,http://www.openphacts.org/units/Nanomolar,259288,=,1,1,=,,IC50,nM,,4700.0,CHEMBL203,Homo sapiens,Epidermal growth factor receptor,9606,,,IC50,uM,UO_0000065,,4.7
,,317854,[],CHEMBL679946,Concentration required to inhibit phosphorylation of isolated human epidermal growth factor tyrosine kinase receptor by 50%,B,,,BAO_0000190,BAO_0000357,single protein format,COc1cc2cc(-c3ccc(C)cc3)cnc2cc1OC,,,CHEMBL1127568,J Med Chem,1994,,,CHEMBL67219,,CHEMBL67219,,0,http://www.openphacts.org/units/Nanomolar,117742,>,1,1,>,,IC50,nM,,20000.0,CHEMBL203,Homo sapiens,Epidermal growth factor receptor,9606,,,IC50,uM,UO_0000065,,20.0
,,317919,[],CHEMBL679946,Concentration required to inhibit phosphorylation of isolated human epidermal growth factor tyrosine kinase receptor by 50%,B,,,BAO_0000190,BAO_0000357,single protein format,COc1cc2cc(-c3ccc(OC)c([N+](=O)[O-])c3)cnc2cc1OC,,,CHEMBL1127568,J Med Chem,1994,,,CHEMBL67170,,CHEMBL67170,,0,http://www.openphacts.org/units/Nanomolar,117777,>,1,1,>,,IC50,nM,,20000.0,CHEMBL203,Homo sapiens,Epidermal growth factor receptor,9606,,,IC50,uM,UO_0000065,,20.0
,,318289,[],CHEMBL676067,Inhibitory activity against epidermal growth factor receptor (EGFR),B,,,BAO_0000190,BAO_0000357,single protein format,Cc1cc(C=C(C#N)C#N)cc(O)c1O,,,CHEMBL1136802,J Med Chem,2003,"{'bei': '21.03', 'le': '0.38', 'lle': '2.37', 'sei': '4.78'}",,CHEMBL116423,,CHEMBL116423,4.21,1,http://www.openphacts.org/units/Nanomolar,275706,=,1,1,=,,IC50,nM,,61659.5,CHEMBL203,Homo sapiens,Epidermal growth factor receptor,9606,,,pIC50,,UO_0000065,,4.21
,,318309,[],CHEMBL677388,Inhibition of epidermal growth factor receptor kinase activity at a concentration of 2 uM of ATP,B,,,BAO_0000190,BAO_0000357,single protein format,COc1cc2/c(=N/c3ccc(Br)cc3F)nc[nH]c2cc1OCC1CCN(C)CC1,,,CHEMBL1135889,J Med Chem,2002,"{'bei': '14.09', 'le': '0.30', 'lle': '2.27', 'sei': '10.68'}",,CHEMBL24828,VANDETANIB,CHEMBL24828,6.70,0,http://www.openphacts.org/units/Nanomolar,35680,=,1,1,=,,IC50,nM,,200.0,CHEMBL203,Homo sapiens,Epidermal growth factor receptor,9606,,,IC50,uM,UO_0000065,,0.2
,,318311,[],CHEMBL691873,Inhibition of human endothelial cell growth stimulate by endothelial growth factor,F,,,BAO_0000190,BAO_0000219,cell-based format,COc1cc2/c(=N/c3ccc(Br)cc3F)nc[nH]c2cc1OCC1CCN(C)CC1,,,CHEMBL1135889,J Med Chem,2002,,,CHEMBL24828,VANDETANIB,CHEMBL24828,7.00,0,http://www.openphacts.org/units/Nanomolar,35680,=,1,1,=,,IC50,nM,,100.0,CHEMBL203,Homo sapiens,Epidermal growth factor receptor,9606,,,IC50,uM,UO_0000065,,0.1
,,319023,[],CHEMBL679946,Concentration required to inhibit phosphorylation of isolated human epidermal growth factor tyrosine kinase receptor by 50%,B,,,BAO_0000190,BAO_0000357,single protein format,COc1cc2cc(-c3ccc(OCc4ccccc4)cc3)cnc2cc1OC,,,CHEMBL1127568,J Med Chem,1994,,,CHEMBL308210,,CHEMBL308210,,0,http://www.openphacts.org/units/Nanomolar,117745,>,1,1,>,,IC50,nM,,20000.0,CHEMBL203,Homo sapiens,Epidermal growth factor receptor,9606,,,IC50,uM,UO_0000065,,20.0
,,319107,[],CHEMBL679946,Concentration required to inhibit phosphorylation of isolated human epidermal growth factor tyrosine kinase receptor by 50%,B,,,BAO_0000190,BAO_0000357,single protein format,COc1ccc2cc(-c3c[nH]c4ccccc34)cnc2c1OC,,,CHEMBL1127568,J Med Chem,1994,,,CHEMBL430605,,CHEMBL430605,,0,http://www.openphacts.org/units/Nanomolar,117789,>,1,1,>,,IC50,nM,,20000.0,CHEMBL203,Homo sapiens,Epidermal growth factor receptor,9606,,,IC50,uM,UO_0000065,,20.0
,,319109,[],CHEMBL679946,Concentration required to inhibit phosphorylation of isolated human epidermal growth factor tyrosine kinase receptor by 50%,B,,,BAO_0000190,BAO_0000357,single protein format,COc1cccc(-c2cnc3cc(OC)c(OC)cc3c2)c1,,,CHEMBL1127568,J Med Chem,1994,,,CHEMBL308466,,CHEMBL308466,,0,http://www.openphacts.org/units/Nanomolar,117779,>,1,1,>,,IC50,nM,,20000.0,CHEMBL203,Homo sapiens,Epidermal growth factor receptor,9606,,,IC50,uM,UO_0000065,,20.0
,,319111,[],CHEMBL679946,Concentration required to inhibit phosphorylation of isolated human epidermal growth factor tyrosine kinase receptor by 50%,B,,,BAO_0000190,BAO_0000357,single protein format,COc1cc2cc(C#Cc3ccccc3)cnc2cc1OC,,,CHEMBL1127568,J Med Chem,1994,,,CHEMBL67059,,CHEMBL67059,,0,http://www.openphacts.org/units/Nanomolar,117769,>,1,1,>,,IC50,nM,,20000.0,CHEMBL203,Homo sapiens,Epidermal growth factor receptor,9606,,,IC50,uM,UO_0000065,,20.0
,,319113,[],CHEMBL679946,Concentration required to inhibit phosphorylation of isolated human epidermal growth factor tyrosine kinase receptor by 50%,B,,,BAO_0000190,BAO_0000357,single protein format,COc1cc2cc(C3CCCC3)cnc2cc1OC,,,CHEMBL1127568,J Med Chem,1994,,,CHEMBL66785,,CHEMBL66785,,0,http://www.openphacts.org/units/Nanomolar,117758,>,1,1,>,,IC50,nM,,20000.0,CHEMBL203,Homo sapiens,Epidermal growth factor receptor,9606,,,IC50,uM,UO_0000065,,20.0
,,320353,[],CHEMBL679946,Concentration required to inhibit phosphorylation of isolated human epidermal growth factor tyrosine kinase receptor by 50%,B,,,BAO_0000190,BAO_0000357,single protein format,COc1ccc2ncc(-c3ccsc3)cc2c1,,,CHEMBL1127568,J Med Chem,1994,,,CHEMBL303184,,CHEMBL303184,,0,http://www.openphacts.org/units/Nanomolar,117787,>,1,1,>,,IC50,nM,,20000.0,CHEMBL203,Homo sapiens,Epidermal growth factor receptor,9606,,,IC50,uM,UO_0000065,,20.0
,,320355,[],CHEMBL679946,Concentration required to inhibit phosphorylation of isolated human epidermal growth factor tyrosine kinase receptor by 50%,B,,,BAO_0000190,BAO_0000357,single protein format,COc1cc2cc(N)cnc2cc1OC,,,CHEMBL1127568,J Med Chem,1994,,,CHEMBL303037,,CHEMBL303037,,0,http://www.openphacts.org/units/Nanomolar,117786,>,1,1,>,,IC50,nM,,20000.0,CHEMBL203,Homo sapiens,Epidermal growth factor receptor,9606,,,IC50,uM,UO_0000065,,20.0
,,320639,[],CHEMBL676067,Inhibitory activity against epidermal growth factor receptor (EGFR),B,,,BAO_0000190,BAO_0000357,single protein format,CCOC(=O)C(Cc1ccccc1)NC(=O)/C(C#N)=C/c1ccc(O)c(O)c1,,,CHEMBL1136802,J Med Chem,2003,"{'bei': '11.33', 'le': '0.21', 'lle': '2.01', 'sei': '3.60'}",,CHEMBL56319,,CHEMBL56319,4.31,1,http://www.openphacts.org/units/Nanomolar,275690,=,1,1,=,,IC50,nM,,48977.88,CHEMBL203,Homo sapiens,Epidermal growth factor receptor,9606,,,pIC50,,UO_0000065,,4.31
,,320641,[],CHEMBL676067,Inhibitory activity against epidermal growth factor receptor (EGFR),B,,,BAO_0000190,BAO_0000357,single protein format,N#C/C(=C\c1ccc(O)c(O)c1)C(=O)NCCCc1ccccc1,,,CHEMBL1136802,J Med Chem,2003,"{'bei': '19.08', 'le': '0.35', 'lle': '3.40', 'sei': '6.59'}",,CHEMBL53898,,CHEMBL53898,6.15,1,http://www.openphacts.org/units/Nanomolar,275720,=,1,1,=,,IC50,nM,,707.95,CHEMBL203,Homo sapiens,Epidermal growth factor receptor,9606,,,pIC50,,UO_0000065,,6.15
,,321615,[],CHEMBL679946,Concentration required to inhibit phosphorylation of isolated human epidermal growth factor tyrosine kinase receptor by 50%,B,,,BAO_0000190,BAO_0000357,single protein format,COc1cc2cc(CCC3CCCCC3)cnc2cc1OC,,,CHEMBL1127568,J Med Chem,1994,,,CHEMBL66786,,CHEMBL66786,,0,http://www.openphacts.org/units/Nanomolar,117759,>,1,1,>,,IC50,nM,,20000.0,CHEMBL203,Homo sapiens,Epidermal growth factor receptor,9606,,,IC50,uM,UO_0000065,,20.0
,,321859,[],CHEMBL676067,Inhibitory activity against epidermal growth factor receptor (EGFR),B,,,BAO_0000190,BAO_0000357,single protein format,N#C/C(=C\c1ccc(O)c(O)c1)C(=O)c1ccc(O)c(O)c1,,,CHEMBL1136802,J Med Chem,2003,"{'bei': '17.83', 'le': '0.33', 'lle': '3.00', 'sei': '4.35'}",,CHEMBL56393,,CHEMBL56393,5.30,1,http://www.openphacts.org/units/Nanomolar,275686,=,1,1,=,,IC50,nM,,5011.87,CHEMBL203,Homo sapiens,Epidermal growth factor receptor,9606,,,pIC50,,UO_0000065,,5.3
,,321861,[],CHEMBL676067,Inhibitory activity against epidermal growth factor receptor (EGFR),B,,,BAO_0000190,BAO_0000357,single protein format,COc1cc(C=C(C#N)C#N)cc(SCC(=O)O)c1O,,,CHEMBL1136802,J Med Chem,2003,"{'bei': '14.71', 'le': '0.29', 'lle': '2.26', 'sei': '3.73'}",,CHEMBL1161236,,CHEMBL1161236,4.27,0,http://www.openphacts.org/units/Nanomolar,275714,=,1,1,=,,IC50,nM,,53703.18,CHEMBL203,Homo sapiens,Epidermal growth factor receptor,9606,,,pIC50,,UO_0000065,,4.27
,,321863,[],CHEMBL676067,Inhibitory activity against epidermal growth factor receptor (EGFR),B,,,BAO_0000190,BAO_0000357,single protein format,N#C/C(=C\c1ccc(O)c(O)c1)C(=O)NCc1ccc(O)cc1,,,CHEMBL1136802,J Med Chem,2003,"{'bei': '17.79', 'le': '0.33', 'lle': '3.49', 'sei': '4.86'}",,CHEMBL143805,,CHEMBL143805,5.52,0,http://www.openphacts.org/units/Nanomolar,275707,=,1,1,=,,IC50,nM,,3019.95,CHEMBL203,Homo sapiens,Epidermal growth factor receptor,9606,,,pIC50,,UO_0000065,,5.52
,,321871,[],CHEMBL677388,Inhibition of epidermal growth factor receptor kinase activity at a concentration of 2 uM of ATP,B,,,BAO_0000190,BAO_0000357,single protein format,COc1cc2c(Nc3ccc(Cl)cc3F)ncnc2cc1OC/C=C/CN1CCCC1.Cl,,,CHEMBL1135889,J Med Chem,2002,"{'bei': '15.91', 'le': '0.31', 'lle': '1.84', 'sei': '11.84'}",,CHEMBL1744349,,CHEMBL28148,7.05,0,http://www.openphacts.org/units/Nanomolar,35670,=,1,1,=,,IC50,nM,,90.0,CHEMBL203,Homo sapiens,Epidermal growth factor receptor,9606,,,IC50,uM,UO_0000065,,0.09
,,321873,[],CHEMBL691873,Inhibition of human endothelial cell growth stimulate by endothelial growth factor,F,,,BAO_0000190,BAO_0000219,cell-based format,COc1cc2c(Nc3ccc(Cl)cc3F)ncnc2cc1OC/C=C/CN1CCCC1.Cl,,,CHEMBL1135889,J Med Chem,2002,,,CHEMBL1744349,,CHEMBL28148,7.10,0,http://www.openphacts.org/units/Nanomolar,35670,=,1,1,=,,IC50,nM,,80.0,CHEMBL203,Homo sapiens,Epidermal growth factor receptor,9606,,,IC50,uM,UO_0000065,,0.08
,,321879,[],CHEMBL677388,Inhibition of epidermal growth factor receptor kinase activity at a concentration of 2 uM of ATP,B,,,BAO_0000190,BAO_0000357,single protein format,COc1cc2c(Nc3ccc(Br)cc3F)ncnc2cc1OCCC1CCN(C)CC1,,,CHEMBL1135889,J Med Chem,2002,"{'bei': '13.69', 'le': '0.30', 'lle': '1.31', 'sei': '11.26'}",,CHEMBL24979,,CHEMBL24979,6.70,0,http://www.openphacts.org/units/Nanomolar,35667,=,1,1,=,,IC50,nM,,200.0,CHEMBL203,Homo sapiens,Epidermal growth factor receptor,9606,,,IC50,uM,UO_0000065,,0.2
,,321881,[],CHEMBL691873,Inhibition of human endothelial cell growth stimulate by endothelial growth factor,F,,,BAO_0000190,BAO_0000219,cell-based format,COc1cc2c(Nc3ccc(Br)cc3F)ncnc2cc1OCCC1CCN(C)CC1,,,CHEMBL1135889,J Med Chem,2002,,,CHEMBL24979,,CHEMBL24979,6.82,0,http://www.openphacts.org/units/Nanomolar,35667,=,1,1,=,,IC50,nM,,150.0,CHEMBL203,Homo sapiens,Epidermal growth factor receptor,9606,,,IC50,uM,UO_0000065,,0.15
,,321888,[],CHEMBL677388,Inhibition of epidermal growth factor receptor kinase activity at a concentration of 2 uM of ATP,B,,,BAO_0000190,BAO_0000357,single protein format,COc1cc2c(Nc3ccc(Cl)cc3F)ncnc2cc1OCC1CCN(C)CC1.Cl,,,CHEMBL1135889,J Med Chem,2002,"{'bei': '15.14', 'le': '0.30', 'lle': '1.62', 'sei': '10.96'}",,CHEMBL2448065,,CHEMBL26572,6.52,0,http://www.openphacts.org/units/Nanomolar,35659,=,1,1,=,,IC50,nM,,300.0,CHEMBL203,Homo sapiens,Epidermal growth factor receptor,9606,,,IC50,uM,UO_0000065,,0.3
,,321890,[],CHEMBL691873,Inhibition of human endothelial cell growth stimulate by endothelial growth factor,F,,,BAO_0000190,BAO_0000219,cell-based format,COc1cc2c(Nc3ccc(Cl)cc3F)ncnc2cc1OCC1CCN(C)CC1.Cl,,,CHEMBL1135889,J Med Chem,2002,,,CHEMBL2448065,,CHEMBL26572,7.00,0,http://www.openphacts.org/units/Nanomolar,35659,=,1,1,=,,IC50,nM,,100.0,CHEMBL203,Homo sapiens,Epidermal growth factor receptor,9606,,,IC50,uM,UO_0000065,,0.1
,,322844,[],CHEMBL679946,Concentration required to inhibit phosphorylation of isolated human epidermal growth factor tyrosine kinase receptor by 50%,B,,,BAO_0000190,BAO_0000357,single protein format,COc1ccc(-c2cnc3cc(OC)c(OC)cc3c2)s1,,,CHEMBL1127568,J Med Chem,1994,,,CHEMBL302745,,CHEMBL302745,,0,http://www.openphacts.org/units/Nanomolar,117747,>,1,1,>,,IC50,nM,,20000.0,CHEMBL203,Homo sapiens,Epidermal growth factor receptor,9606,,,IC50,uM,UO_0000065,,20.0
,,322967,[],CHEMBL679946,Concentration required to inhibit phosphorylation of isolated human epidermal growth factor tyrosine kinase receptor by 50%,B,,,BAO_0000190,BAO_0000357,single protein format,COc1cc2cc(/C=C/c3ccccc3)cnc2cc1OC,,,CHEMBL1127568,J Med Chem,1994,,,CHEMBL70149,,CHEMBL70149,,0,http://www.openphacts.org/units/Nanomolar,117782,>,1,1,>,,IC50,nM,,20000.0,CHEMBL203,Homo sapiens,Epidermal growth factor receptor,9606,,,IC50,uM,UO_0000065,,20.0
,,322969,[],CHEMBL679946,Concentration required to inhibit phosphorylation of isolated human epidermal growth factor tyrosine kinase receptor by 50%,B,,,BAO_0000190,BAO_0000357,single protein format,Oc1cc2cc(-c3cccnc3)cnc2cc1O,,,CHEMBL1127568,J Med Chem,1994,"{'bei': '26.45', 'le': '0.48', 'lle': '3.59', 'sei': '9.51'}",,CHEMBL63356,,CHEMBL63356,6.30,0,http://www.openphacts.org/units/Nanomolar,117767,=,1,1,=,,IC50,nM,,500.0,CHEMBL203,Homo sapiens,Epidermal growth factor receptor,9606,,,IC50,uM,UO_0000065,,0.5
,,322971,[],CHEMBL679946,Concentration required to inhibit phosphorylation of isolated human epidermal growth factor tyrosine kinase receptor by 50%,B,,,BAO_0000190,BAO_0000357,single protein format,COc1cc2cc(NCc3ccccc3)cnc2cc1OC,,,CHEMBL1127568,J Med Chem,1994,,,CHEMBL65850,,CHEMBL65850,,0,http://www.openphacts.org/units/Nanomolar,117766,>,1,1,>,,IC50,nM,,20000.0,CHEMBL203,Homo sapiens,Epidermal growth factor receptor,9606,,,IC50,uM,UO_0000065,,20.0
,,323335,[],CHEMBL676067,Inhibitory activity against epidermal growth factor receptor (EGFR),B,,,BAO_0000190,BAO_0000357,single protein format,N#C/C(=C\c1ccc(O)c(O)c1)C(N)=O,,,CHEMBL1136802,J Med Chem,2003,"{'bei': '26.20', 'le': '0.49', 'lle': '4.86', 'sei': '4.98'}",,CHEMBL296407,,CHEMBL296407,5.35,1,http://www.openphacts.org/units/Nanomolar,275705,=,1,1,=,,IC50,nM,,4466.84,CHEMBL203,Homo sapiens,Epidermal growth factor receptor,9606,,,pIC50,,UO_0000065,,5.35
,,323343,[],CHEMBL677388,Inhibition of epidermal growth factor receptor kinase activity at a concentration of 2 uM of ATP,B,,,BAO_0000190,BAO_0000357,single protein format,COc1cc2c(Nc3ccc(Br)cc3F)ncnc2cc1OC[C@@H]1CCCN(C)C1,,,CHEMBL1135889,J Med Chem,2002,"{'bei': '14.09', 'le': '0.30', 'lle': '1.70', 'sei': '11.26'}",,CHEMBL1907764,,CHEMBL1907764,6.70,0,http://www.openphacts.org/units/Nanomolar,35665,=,1,1,=,,IC50,nM,,200.0,CHEMBL203,Homo sapiens,Epidermal growth factor receptor,9606,,,IC50,uM,UO_0000065,,0.2
,,323345,[],CHEMBL691873,Inhibition of human endothelial cell growth stimulate by endothelial growth factor,F,,,BAO_0000190,BAO_0000219,cell-based format,COc1cc2c(Nc3ccc(Br)cc3F)ncnc2cc1OC[C@@H]1CCCN(C)C1,,,CHEMBL1135889,J Med Chem,2002,,,CHEMBL1907764,,CHEMBL1907764,6.82,0,http://www.openphacts.org/units/Nanomolar,35665,=,1,1,=,,IC50,nM,,150.0,CHEMBL203,Homo sapiens,Epidermal growth factor receptor,9606,,,IC50,uM,UO_0000065,,0.15
,,324101,[],CHEMBL679946,Concentration required to inhibit phosphorylation of isolated human epidermal growth factor tyrosine kinase receptor by 50%,B,,,BAO_0000190,BAO_0000357,single protein format,COc1cc(OC)c2cc(-c3ccsc3)cnc2c1,,,CHEMBL1127568,J Med Chem,1994,,,CHEMBL66071,,CHEMBL66071,,0,http://www.openphacts.org/units/Nanomolar,117740,>,1,1,>,,IC50,nM,,20000.0,CHEMBL203,Homo sapiens,Epidermal growth factor receptor,9606,,,IC50,uM,UO_0000065,,20.0
,,324104,[],CHEMBL679946,Concentration required to inhibit phosphorylation of isolated human epidermal growth factor tyrosine kinase receptor by 50%,B,,,BAO_0000190,BAO_0000357,single protein format,COc1ccc(-c2cnc3cc(OC)c(OC)cc3c2)c(OC)c1,,,CHEMBL1127568,J Med Chem,1994,,,CHEMBL67991,,CHEMBL67991,,0,http://www.openphacts.org/units/Nanomolar,117746,>,1,1,>,,IC50,nM,,20000.0,CHEMBL203,Homo sapiens,Epidermal growth factor receptor,9606,,,IC50,uM,UO_0000065,,20.0
,,324153,[],CHEMBL679946,Concentration required to inhibit phosphorylation of isolated human epidermal growth factor tyrosine kinase receptor by 50%,B,,,BAO_0000190,BAO_0000357,single protein format,COc1ccc2cc(-c3cccnc3)cnc2c1OC,,,CHEMBL1127568,J Med Chem,1994,,,CHEMBL303391,,CHEMBL303391,,0,http://www.openphacts.org/units/Nanomolar,117790,>,1,1,>,,IC50,nM,,25000.0,CHEMBL203,Homo sapiens,Epidermal growth factor receptor,9606,,,IC50,uM,UO_0000065,,25.0
,,324409,[],CHEMBL676067,Inhibitory activity against epidermal growth factor receptor (EGFR),B,,,BAO_0000190,BAO_0000357,single protein format,COc1cc(C=C(C#N)C#N)cc(CSc2ccccc2C(=O)O)c1O,,,CHEMBL1136802,J Med Chem,2003,"{'bei': '13.92', 'le': '0.27', 'lle': '1.28', 'sei': '4.46'}",,CHEMBL118321,,CHEMBL118321,5.10,1,http://www.openphacts.org/units/Nanomolar,275699,=,1,1,=,,IC50,nM,,7943.28,CHEMBL203,Homo sapiens,Epidermal growth factor receptor,9606,,,pIC50,,UO_0000065,,5.1
,,324411,[],CHEMBL676067,Inhibitory activity against epidermal growth factor receptor (EGFR),B,,,BAO_0000190,BAO_0000357,single protein format,COc1cc(/C=C(\C#N)C(N)=O)cc(CSc2ccccc2NC(C)=O)c1O,,,CHEMBL1136802,J Med Chem,2003,"{'bei': '11.72', 'le': '0.23', 'lle': '1.62', 'sei': '3.71'}",,CHEMBL115895,,CHEMBL115895,4.66,1,http://www.openphacts.org/units/Nanomolar,275717,=,1,1,=,,IC50,nM,,21877.62,CHEMBL203,Homo sapiens,Epidermal growth factor receptor,9606,,,pIC50,,UO_0000065,,4.66
,,324429,[],CHEMBL677388,Inhibition of epidermal growth factor receptor kinase activity at a concentration of 2 uM of ATP,B,,,BAO_0000190,BAO_0000357,single protein format,COc1cc2c(Nc3ccc(Cl)cc3F)ncnc2cc1OCCN1CCN(C)CC1,,,CHEMBL1135889,J Med Chem,2002,"{'bei': '15.02', 'le': '0.30', 'lle': '2.90', 'sei': '10.68'}",,CHEMBL283088,,CHEMBL283088,6.70,0,http://www.openphacts.org/units/Nanomolar,35673,=,1,1,=,,IC50,nM,,200.0,CHEMBL203,Homo sapiens,Epidermal growth factor receptor,9606,,,IC50,uM,UO_0000065,,0.2
,,324431,[],CHEMBL691873,Inhibition of human endothelial cell growth stimulate by endothelial growth factor,F,,,BAO_0000190,BAO_0000219,cell-based format,COc1cc2c(Nc3ccc(Cl)cc3F)ncnc2cc1OCCN1CCN(C)CC1,,,CHEMBL1135889,J Med Chem,2002,,,CHEMBL283088,,CHEMBL283088,6.70,0,http://www.openphacts.org/units/Nanomolar,35673,=,1,1,=,,IC50,nM,,200.0,CHEMBL203,Homo sapiens,Epidermal growth factor receptor,9606,,,IC50,uM,UO_0000065,,0.2
,,324436,[],CHEMBL677388,Inhibition of epidermal growth factor receptor kinase activity at a concentration of 2 uM of ATP,B,,,BAO_0000190,BAO_0000357,single protein format,COc1cc2c(Nc3ccc(Cl)cc3F)ncnc2cc1OCCCN1CCCC1.Cl,,,CHEMBL1135889,J Med Chem,2002,"{'bei': '16.24', 'le': '0.32', 'lle': '1.96', 'sei': '11.76'}",,CHEMBL2448067,,CHEMBL24133,7.00,0,http://www.openphacts.org/units/Nanomolar,35671,=,1,1,=,,IC50,nM,,100.0,CHEMBL203,Homo sapiens,Epidermal growth factor receptor,9606,,,IC50,uM,UO_0000065,,0.1
,,324438,[],CHEMBL691873,Inhibition of human endothelial cell growth stimulate by endothelial growth factor,F,,,BAO_0000190,BAO_0000219,cell-based format,COc1cc2c(Nc3ccc(Cl)cc3F)ncnc2cc1OCCCN1CCCC1.Cl,,,CHEMBL1135889,J Med Chem,2002,,,CHEMBL2448067,,CHEMBL24133,7.00,0,http://www.openphacts.org/units/Nanomolar,35671,=,1,1,=,,IC50,nM,,100.0,CHEMBL203,Homo sapiens,Epidermal growth factor receptor,9606,,,IC50,uM,UO_0000065,,0.1
,,325565,[],CHEMBL676067,Inhibitory activity against epidermal growth factor receptor (EGFR),B,,,BAO_0000190,BAO_0000357,single protein format,N#C/C(=C\c1ccc(O)c(O)c1)C(=O)c1ccc([N+](=O)[O-])cc1,,,CHEMBL1136802,J Med Chem,2003,"{'bei': '15.99', 'le': '0.29', 'lle': '2.16', 'sei': '3.99'}",,CHEMBL56879,,CHEMBL56879,4.96,1,http://www.openphacts.org/units/Nanomolar,275697,=,1,1,=,,IC50,nM,,10964.78,CHEMBL203,Homo sapiens,Epidermal growth factor receptor,9606,,,pIC50,,UO_0000065,,4.96
,,325567,[],CHEMBL676067,Inhibitory activity against epidermal growth factor receptor (EGFR),B,,,BAO_0000190,BAO_0000357,single protein format,COc1cc(/C=C(\C#N)C(N)=O)cc(CSc2nc3ccccc3[nH]2)c1O,,,CHEMBL1136802,J Med Chem,2003,"{'bei': '12.72', 'le': '0.24', 'lle': '1.88', 'sei': '3.87'}",,CHEMBL331026,,CHEMBL331026,4.84,1,http://www.openphacts.org/units/Nanomolar,275725,=,1,1,=,,IC50,nM,,14454.4,CHEMBL203,Homo sapiens,Epidermal growth factor receptor,9606,,,pIC50,,UO_0000065,,4.84
,,325575,[],CHEMBL677388,Inhibition of epidermal growth factor receptor kinase activity at a concentration of 2 uM of ATP,B,,,BAO_0000190,BAO_0000357,single protein format,COc1cc2c(Nc3ccc(Br)cc3F)ncnc2cc1OCCCN1CCN(C)CC1.Cl,,,CHEMBL1135889,J Med Chem,2002,"{'bei': '13.88', 'le': '0.30', 'lle': '2.70', 'sei': '11.16'}",,CHEMBL1202477,,CHEMBL279072,7.00,0,http://www.openphacts.org/units/Nanomolar,35674,=,1,1,=,,IC50,nM,,100.0,CHEMBL203,Homo sapiens,Epidermal growth factor receptor,9606,,,IC50,uM,UO_0000065,,0.1
,,325577,[],CHEMBL691873,Inhibition of human endothelial cell growth stimulate by endothelial growth factor,F,,,BAO_0000190,BAO_0000219,cell-based format,COc1cc2c(Nc3ccc(Br)cc3F)ncnc2cc1OCCCN1CCN(C)CC1.Cl,,,CHEMBL1135889,J Med Chem,2002,,,CHEMBL1202477,,CHEMBL279072,7.05,0,http://www.openphacts.org/units/Nanomolar,35674,=,1,1,=,,IC50,nM,,90.0,CHEMBL203,Homo sapiens,Epidermal growth factor receptor,9606,,,IC50,uM,UO_0000065,,0.09
,,326805,[],CHEMBL677388,Inhibition of epidermal growth factor receptor kinase activity at a concentration of 2 uM of ATP,B,,,BAO_0000190,BAO_0000357,single protein format,COc1cc2c(Nc3c(F)cc(Br)cc3F)ncnc2cc1OCC1CCN(C)CC1,,,CHEMBL1135889,J Med Chem,2002,"{'bei': '13.22', 'le': '0.29', 'lle': '1.38', 'sei': '10.96'}",,CHEMBL416191,,CHEMBL416191,6.52,0,http://www.openphacts.org/units/Nanomolar,35658,=,1,1,=,,IC50,nM,,300.0,CHEMBL203,Homo sapiens,Epidermal growth factor receptor,9606,,,IC50,uM,UO_0000065,,0.3
,,326807,[],CHEMBL691873,Inhibition of human endothelial cell growth stimulate by endothelial growth factor,F,,,BAO_0000190,BAO_0000219,cell-based format,COc1cc2c(Nc3c(F)cc(Br)cc3F)ncnc2cc1OCC1CCN(C)CC1,,,CHEMBL1135889,J Med Chem,2002,,,CHEMBL416191,,CHEMBL416191,6.40,0,http://www.openphacts.org/units/Nanomolar,35658,=,1,1,=,,IC50,nM,,400.0,CHEMBL203,Homo sapiens,Epidermal growth factor receptor,9606,,,IC50,uM,UO_0000065,,0.4
,,327899,[],CHEMBL679946,Concentration required to inhibit phosphorylation of isolated human epidermal growth factor tyrosine kinase receptor by 50%,B,,,BAO_0000190,BAO_0000357,single protein format,COc1cc2cc(C3=CCCC3)cnc2cc1OC,,,CHEMBL1127568,J Med Chem,1994,,,CHEMBL66618,,CHEMBL66618,,0,http://www.openphacts.org/units/Nanomolar,117770,>,1,1,>,,IC50,nM,,20000.0,CHEMBL203,Homo sapiens,Epidermal growth factor receptor,9606,,,IC50,uM,UO_0000065,,20.0
,,327901,[],CHEMBL679946,Concentration required to inhibit phosphorylation of isolated human epidermal growth factor tyrosine kinase receptor by 50%,B,,,BAO_0000190,BAO_0000357,single protein format,COc1ccc(/C=C(\C#N)c2cccnc2)cc1OC,,,CHEMBL1127568,J Med Chem,1994,"{'bei': '23.11', 'le': '0.42', 'lle': '2.99', 'sei': '11.16'}",,CHEMBL67027,,CHEMBL67027,6.16,0,http://www.openphacts.org/units/Nanomolar,117757,=,1,1,=,,IC50,nM,,700.0,CHEMBL203,Homo sapiens,Epidermal growth factor receptor,9606,,,IC50,uM,UO_0000065,,0.7
,,328238,[],CHEMBL676067,Inhibitory activity against epidermal growth factor receptor (EGFR),B,,,BAO_0000190,BAO_0000357,single protein format,CC(C)(C)Oc1cc(/C=C(\C#N)C(=N)S)cc(C(C)(C)C)c1O,Outside typical range,"Values for this activity type are unusually large/small, so may not be accurate",CHEMBL1136802,J Med Chem,2003,,,CHEMBL140213,,CHEMBL140213,,0,http://www.openphacts.org/units/Nanomolar,275709,=,1,1,=,,IC50,nM,,501187.23,CHEMBL203,Homo sapiens,Epidermal growth factor receptor,9606,,,pIC50,,UO_0000065,,3.3
,,328342,[],CHEMBL677388,Inhibition of epidermal growth factor receptor kinase activity at a concentration of 2 uM of ATP,B,,,BAO_0000190,BAO_0000357,single protein format,COc1cc2c(Nc3ccc(Br)cc3F)ncnc2cc1OCC1CCN(C)CC1.Cl,,,CHEMBL1135889,J Med Chem,2002,"{'bei': '13.26', 'le': '0.29', 'lle': '1.87', 'sei': '10.04'}",,CHEMBL533849,,CHEMBL24828,6.30,0,http://www.openphacts.org/units/Nanomolar,35684,=,1,1,=,,IC50,nM,,500.0,CHEMBL203,Homo sapiens,Epidermal growth factor receptor,9606,,,IC50,uM,UO_0000065,,0.5
,,328344,[],CHEMBL691873,Inhibition of human endothelial cell growth stimulate by endothelial growth factor,F,,,BAO_0000190,BAO_0000219,cell-based format,COc1cc2c(Nc3ccc(Br)cc3F)ncnc2cc1OCC1CCN(C)CC1.Cl,,,CHEMBL1135889,J Med Chem,2002,,,CHEMBL533849,,CHEMBL24828,6.77,0,http://www.openphacts.org/units/Nanomolar,35684,=,1,1,=,,IC50,nM,,170.0,CHEMBL203,Homo sapiens,Epidermal growth factor receptor,9606,,,IC50,uM,UO_0000065,,0.17
,,328373,[],CHEMBL677388,Inhibition of epidermal growth factor receptor kinase activity at a concentration of 2 uM of ATP,B,,,BAO_0000190,BAO_0000357,single protein format,COc1cc2c(Nc3ccc(Br)cc3F)ncnc2cc1OC[C@H]1CCCN(C)C1,,,CHEMBL1135889,J Med Chem,2002,"{'bei': '14.73', 'le': '0.32', 'lle': '2.00', 'sei': '11.76'}",,CHEMBL1907944,,CHEMBL1907944,7.00,0,http://www.openphacts.org/units/Nanomolar,35664,=,1,1,=,,IC50,nM,,100.0,CHEMBL203,Homo sapiens,Epidermal growth factor receptor,9606,,,IC50,uM,UO_0000065,,0.1
,,328375,[],CHEMBL691873,Inhibition of human endothelial cell growth stimulate by endothelial growth factor,F,,,BAO_0000190,BAO_0000219,cell-based format,COc1cc2c(Nc3ccc(Br)cc3F)ncnc2cc1OC[C@H]1CCCN(C)C1,,,CHEMBL1135889,J Med Chem,2002,,,CHEMBL1907944,,CHEMBL1907944,6.82,0,http://www.openphacts.org/units/Nanomolar,35664,=,1,1,=,,IC50,nM,,150.0,CHEMBL203,Homo sapiens,Epidermal growth factor receptor,9606,,,IC50,uM,UO_0000065,,0.15
,,328640,[],CHEMBL677206,Inhibition of epidermal growth factor receptor (EGFr),B,,,BAO_0000190,BAO_0000357,single protein format,N[C@H](Cc1c([Se][Se]c2[nH]c3ccccc3c2C[C@H](N)C(=O)NCc2ccccc2)[nH]c2ccccc12)C(=O)NCc1ccccc1,,,CHEMBL1129933,J Med Chem,1997,"{'bei': '8.14', 'le': None, 'lle': None, 'sei': None}",,CHEMBL336409,,CHEMBL336409,6.05,0,http://www.openphacts.org/units/Nanomolar,259293,=,1,1,=,,IC50,nM,,900.0,CHEMBL203,Homo sapiens,Epidermal growth factor receptor,9606,,,IC50,uM,UO_0000065,,0.9
,,328646,[],CHEMBL677383,Inhibition of epidermal growth factor receptor (EGFr) autophosphorylation,F,,,BAO_0000190,BAO_0000019,assay format,N[C@H](Cc1c([Se][Se]c2[nH]c3ccccc3c2C[C@H](N)C(=O)NCc2ccccc2)[nH]c2ccccc12)C(=O)NCc1ccccc1,,,CHEMBL1129933,J Med Chem,1997,,,CHEMBL336409,,CHEMBL336409,5.38,0,http://www.openphacts.org/units/Nanomolar,259293,=,1,1,=,,IC50,nM,,4200.0,CHEMBL203,Homo sapiens,Epidermal growth factor receptor,9606,,,IC50,uM,UO_0000065,,4.2
,,329281,[],CHEMBL679946,Concentration required to inhibit phosphorylation of isolated human epidermal growth factor tyrosine kinase receptor by 50%,B,,,BAO_0000190,BAO_0000357,single protein format,Cc1ccc(C)c2ncc(-c3ccsc3)cc12,,,CHEMBL1127568,J Med Chem,1994,,,CHEMBL303872,,CHEMBL303872,,0,http://www.openphacts.org/units/Nanomolar,117749,>,1,1,>,,IC50,nM,,20000.0,CHEMBL203,Homo sapiens,Epidermal growth factor receptor,9606,,,IC50,uM,UO_0000065,,20.0
,,329283,[],CHEMBL679946,Concentration required to inhibit phosphorylation of isolated human epidermal growth factor tyrosine kinase receptor by 50%,B,,,BAO_0000190,BAO_0000357,single protein format,COc1cc2cc(-c3cccc(F)c3)cnc2cc1OC,,,CHEMBL1127568,J Med Chem,1994,,,CHEMBL302491,,CHEMBL302491,,0,http://www.openphacts.org/units/Nanomolar,117735,>,1,1,>,,IC50,nM,,20000.0,CHEMBL203,Homo sapiens,Epidermal growth factor receptor,9606,,,IC50,uM,UO_0000065,,20.0
,,329341,[],CHEMBL679946,Concentration required to inhibit phosphorylation of isolated human epidermal growth factor tyrosine kinase receptor by 50%,B,,,BAO_0000190,BAO_0000357,single protein format,Cc1cc(C)c2cc(-c3ccsc3)cnc2c1,,,CHEMBL1127568,J Med Chem,1994,,,CHEMBL304333,,CHEMBL304333,,0,http://www.openphacts.org/units/Nanomolar,117774,>,1,1,>,,IC50,nM,,20000.0,CHEMBL203,Homo sapiens,Epidermal growth factor receptor,9606,,,IC50,uM,UO_0000065,,20.0
,,329343,[],CHEMBL679946,Concentration required to inhibit phosphorylation of isolated human epidermal growth factor tyrosine kinase receptor by 50%,B,,,BAO_0000190,BAO_0000357,single protein format,COc1cc2cc(-c3cc(F)c(OC)c(F)c3)cnc2cc1OC,,,CHEMBL1127568,J Med Chem,1994,,,CHEMBL66924,,CHEMBL66924,,0,http://www.openphacts.org/units/Nanomolar,117772,>,1,1,>,,IC50,nM,,20000.0,CHEMBL203,Homo sapiens,Epidermal growth factor receptor,9606,,,IC50,uM,UO_0000065,,20.0
,,329898,[],CHEMBL677206,Inhibition of epidermal growth factor receptor (EGFr),B,,,BAO_0000190,BAO_0000357,single protein format,CNC(=O)c1c(SSc2c(C(=O)NC)c3ccccc3n2C)n(C)c2ccccc12,,,CHEMBL1129933,J Med Chem,1997,"{'bei': '11.77', 'le': '0.23', 'lle': '0.97', 'sei': '7.58'}",,CHEMBL342929,,CHEMBL342929,5.16,0,http://www.openphacts.org/units/Nanomolar,259284,=,1,1,=,,IC50,nM,,6900.0,CHEMBL203,Homo sapiens,Epidermal growth factor receptor,9606,,,IC50,uM,UO_0000065,,6.9
,,329906,[],CHEMBL677206,Inhibition of epidermal growth factor receptor (EGFr),B,,,BAO_0000190,BAO_0000357,single protein format,CCN(CC)CCNC(=O)c1c([Se][Se]c2[nH]c3ccccc3c2C(=O)NCCN(CC)CC)[nH]c2ccccc12,,,CHEMBL1129933,J Med Chem,1997,"{'bei': '7.91', 'le': None, 'lle': None, 'sei': None}",,CHEMBL135577,,CHEMBL135577,5.34,0,http://www.openphacts.org/units/Nanomolar,259291,=,1,1,=,,IC50,nM,,4600.0,CHEMBL203,Homo sapiens,Epidermal growth factor receptor,9606,,,IC50,uM,UO_0000065,,4.6
,,330466,[],CHEMBL679946,Concentration required to inhibit phosphorylation of isolated human epidermal growth factor tyrosine kinase receptor by 50%,B,,,BAO_0000190,BAO_0000357,single protein format,COc1cc2cc(-c3ccccc3OC)cnc2cc1OC,,,CHEMBL1127568,J Med Chem,1994,,,CHEMBL419248,,CHEMBL419248,,0,http://www.openphacts.org/units/Nanomolar,117734,>,1,1,>,,IC50,nM,,20000.0,CHEMBL203,Homo sapiens,Epidermal growth factor receptor,9606,,,IC50,uM,UO_0000065,,20.0
,,330534,[],CHEMBL679946,Concentration required to inhibit phosphorylation of isolated human epidermal growth factor tyrosine kinase receptor by 50%,B,,,BAO_0000190,BAO_0000357,single protein format,COc1cc2cc(OCc3ccccc3)cnc2cc1OC,,,CHEMBL1127568,J Med Chem,1994,,,CHEMBL66932,,CHEMBL66932,,0,http://www.openphacts.org/units/Nanomolar,117765,>,1,1,>,,IC50,nM,,20000.0,CHEMBL203,Homo sapiens,Epidermal growth factor receptor,9606,,,IC50,uM,UO_0000065,,20.0
,,330793,[],CHEMBL676067,Inhibitory activity against epidermal growth factor receptor (EGFR),B,,,BAO_0000190,BAO_0000357,single protein format,COc1cc(/C=C(\C#N)C(N)=O)cc(CSc2nc3cc(Cl)ccc3s2)c1O,,,CHEMBL1136802,J Med Chem,2003,"{'bei': '9.45', 'le': '0.20', 'lle': '-0.27', 'sei': '3.74'}",,CHEMBL115519,,CHEMBL115519,4.08,0,http://www.openphacts.org/units/Nanomolar,275727,=,1,1,=,,IC50,nM,,83176.38,CHEMBL203,Homo sapiens,Epidermal growth factor receptor,9606,,,pIC50,,UO_0000065,,4.08
,,330795,[],CHEMBL676067,Inhibitory activity against epidermal growth factor receptor (EGFR),B,,,BAO_0000190,BAO_0000357,single protein format,COc1cc(/C=C(\C#N)C(N)=O)cc(CSc2ccccn2)c1O,,,CHEMBL1136802,J Med Chem,2003,"{'bei': '16.02', 'le': '0.31', 'lle': '2.99', 'sei': '5.01'}",,CHEMBL119156,,CHEMBL119156,5.47,1,http://www.openphacts.org/units/Nanomolar,275722,=,1,1,=,,IC50,nM,,3388.44,CHEMBL203,Homo sapiens,Epidermal growth factor receptor,9606,,,pIC50,,UO_0000065,,5.47
,,330797,[],CHEMBL676067,Inhibitory activity against epidermal growth factor receptor (EGFR),B,,,BAO_0000190,BAO_0000357,single protein format,COc1cc(/C=C(\C#N)C(N)=O)cc(CSc2ccccc2C(=O)O)c1O,,,CHEMBL1136802,J Med Chem,2003,"{'bei': '16.00', 'le': '0.31', 'lle': '3.37', 'sei': '4.60'}",,CHEMBL119987,,CHEMBL119987,6.15,1,http://www.openphacts.org/units/Nanomolar,275721,=,1,1,=,,IC50,nM,,707.95,CHEMBL203,Homo sapiens,Epidermal growth factor receptor,9606,,,pIC50,,UO_0000065,,6.15
,,330799,[],CHEMBL676067,Inhibitory activity against epidermal growth factor receptor (EGFR),B,,,BAO_0000190,BAO_0000357,single protein format,Cc1ccc(C(=O)/C(C#N)=C/c2ccc(O)c(O)c2)cc1,,,CHEMBL1136802,J Med Chem,2003,"{'bei': '17.26', 'le': '0.31', 'lle': '1.62', 'sei': '5.93'}",,CHEMBL54471,,CHEMBL54471,4.82,1,http://www.openphacts.org/units/Nanomolar,275718,=,1,1,=,,IC50,nM,,15135.61,CHEMBL203,Homo sapiens,Epidermal growth factor receptor,9606,,,pIC50,,UO_0000065,,4.82
,,330836,[],CHEMBL677388,Inhibition of epidermal growth factor receptor kinase activity at a concentration of 2 uM of ATP,B,,,BAO_0000190,BAO_0000357,single protein format,COc1cc2c(Nc3ccc(Cl)cc3F)ncnc2cc1OCCCN1CCN(C)CC1.Cl,,,CHEMBL1135889,J Med Chem,2002,"{'bei': '15.49', 'le': '0.30', 'lle': '2.93', 'sei': '11.35'}",,CHEMBL1744347,,CHEMBL431696,7.12,0,http://www.openphacts.org/units/Nanomolar,35663,=,1,1,=,,IC50,nM,,75.0,CHEMBL203,Homo sapiens,Epidermal growth factor receptor,9606,,,IC50,uM,UO_0000065,,0.075
,,330838,[],CHEMBL691873,Inhibition of human endothelial cell growth stimulate by endothelial growth factor,F,,,BAO_0000190,BAO_0000219,cell-based format,COc1cc2c(Nc3ccc(Cl)cc3F)ncnc2cc1OCCCN1CCN(C)CC1.Cl,,,CHEMBL1135889,J Med Chem,2002,,,CHEMBL1744347,,CHEMBL431696,7.00,0,http://www.openphacts.org/units/Nanomolar,35663,=,1,1,=,,IC50,nM,,100.0,CHEMBL203,Homo sapiens,Epidermal growth factor receptor,9606,,,IC50,uM,UO_0000065,,0.1
,,331168,[],CHEMBL677206,Inhibition of epidermal growth factor receptor (EGFr),B,,,BAO_0000190,BAO_0000357,single protein format,Cn1c([Se][Se]c2c(C(=O)O)c3ccccc3n2C)c(C(=O)O)c2ccccc21,,,CHEMBL1129933,J Med Chem,1997,"{'bei': '10.78', 'le': None, 'lle': None, 'sei': None}",,CHEMBL334915,,CHEMBL334915,5.46,0,http://www.openphacts.org/units/Nanomolar,259286,=,1,1,=,,IC50,nM,,3500.0,CHEMBL203,Homo sapiens,Epidermal growth factor receptor,9606,,,IC50,uM,UO_0000065,,3.5
,,331829,[],CHEMBL679946,Concentration required to inhibit phosphorylation of isolated human epidermal growth factor tyrosine kinase receptor by 50%,B,,,BAO_0000190,BAO_0000357,single protein format,COc1cc2cc(-c3ccccc3)cnc2cc1OC,,,CHEMBL1127568,J Med Chem,1994,,,CHEMBL66063,,CHEMBL66063,,0,http://www.openphacts.org/units/Nanomolar,117788,>,1,1,>,,IC50,nM,,20000.0,CHEMBL203,Homo sapiens,Epidermal growth factor receptor,9606,,,IC50,uM,UO_0000065,,20.0
,,331831,[],CHEMBL679946,Concentration required to inhibit phosphorylation of isolated human epidermal growth factor tyrosine kinase receptor by 50%,B,,,BAO_0000190,BAO_0000357,single protein format,COc1cc2cc(-c3ccc(Cl)s3)cnc2cc1OC,,,CHEMBL1127568,J Med Chem,1994,,,CHEMBL69820,,CHEMBL69820,,0,http://www.openphacts.org/units/Nanomolar,117781,>,1,1,>,,IC50,nM,,20000.0,CHEMBL203,Homo sapiens,Epidermal growth factor receptor,9606,,,IC50,uM,UO_0000065,,20.0
,,332153,[],CHEMBL676067,Inhibitory activity against epidermal growth factor receptor (EGFR),B,,,BAO_0000190,BAO_0000357,single protein format,CC(NC(=O)/C(C#N)=C/c1ccc(O)c(O)c1)c1ccccc1,,,CHEMBL1136802,J Med Chem,2003,"{'bei': '18.16', 'le': '0.33', 'lle': '2.72', 'sei': '6.00'}",,CHEMBL55979,,CHEMBL55979,5.60,1,http://www.openphacts.org/units/Nanomolar,275692,=,1,1,=,,IC50,nM,,2511.89,CHEMBL203,Homo sapiens,Epidermal growth factor receptor,9606,,,pIC50,,UO_0000065,,5.6
,,332171,[],CHEMBL677388,Inhibition of epidermal growth factor receptor kinase activity at a concentration of 2 uM of ATP,B,,,BAO_0000190,BAO_0000357,single protein format,COc1cc2c(Nc3ccc(Cl)cc3F)ncnc2cc1OCCN1CCOCC1,,,CHEMBL1135889,J Med Chem,2002,"{'bei': '14.78', 'le': '0.29', 'lle': '2.51', 'sei': '9.31'}",,CHEMBL25610,,CHEMBL25610,6.40,0,http://www.openphacts.org/units/Nanomolar,35672,=,1,1,=,,IC50,nM,,400.0,CHEMBL203,Homo sapiens,Epidermal growth factor receptor,9606,,,IC50,uM,UO_0000065,,0.4
,,332173,[],CHEMBL691873,Inhibition of human endothelial cell growth stimulate by endothelial growth factor,F,,,BAO_0000190,BAO_0000219,cell-based format,COc1cc2c(Nc3ccc(Cl)cc3F)ncnc2cc1OCCN1CCOCC1,,,CHEMBL1135889,J Med Chem,2002,,,CHEMBL25610,,CHEMBL25610,6.52,0,http://www.openphacts.org/units/Nanomolar,35672,=,1,1,=,,IC50,nM,,300.0,CHEMBL203,Homo sapiens,Epidermal growth factor receptor,9606,,,IC50,uM,UO_0000065,,0.3
,,332492,[],CHEMBL677206,Inhibition of epidermal growth factor receptor (EGFr),B,,,BAO_0000190,BAO_0000357,single protein format,CNC(=O)c1c([Se][Se]c2c(C(=O)NC)c3ccccc3n2C)n(C)c2ccccc12,,,CHEMBL1129933,J Med Chem,1997,"{'bei': '9.80', 'le': None, 'lle': None, 'sei': None}",,CHEMBL137422,,CHEMBL137422,5.21,0,http://www.openphacts.org/units/Nanomolar,259289,=,1,1,=,,IC50,nM,,6100.0,CHEMBL203,Homo sapiens,Epidermal growth factor receptor,9606,,,IC50,uM,UO_0000065,,6.1
,,333312,[],CHEMBL679946,Concentration required to inhibit phosphorylation of isolated human epidermal growth factor tyrosine kinase receptor by 50%,B,,,BAO_0000190,BAO_0000357,single protein format,COc1cc2cc(-c3ccsc3)cnc2cc1OC,,,CHEMBL1127568,J Med Chem,1994,,,CHEMBL66643,,CHEMBL66643,,0,http://www.openphacts.org/units/Nanomolar,117752,>,1,1,>,,IC50,nM,,20000.0,CHEMBL203,Homo sapiens,Epidermal growth factor receptor,9606,,,IC50,uM,UO_0000065,,20.0
,,333315,[],CHEMBL679946,Concentration required to inhibit phosphorylation of isolated human epidermal growth factor tyrosine kinase receptor by 50%,B,,,BAO_0000190,BAO_0000357,single protein format,COc1cc2cc(-c3ccc(O)nc3)cnc2cc1OC,,,CHEMBL1127568,J Med Chem,1994,,,CHEMBL66981,,CHEMBL66981,,0,http://www.openphacts.org/units/Nanomolar,117762,>,1,1,>,,IC50,nM,,20000.0,CHEMBL203,Homo sapiens,Epidermal growth factor receptor,9606,,,IC50,uM,UO_0000065,,20.0
,,333587,[],CHEMBL676067,Inhibitory activity against epidermal growth factor receptor (EGFR),B,,,BAO_0000190,BAO_0000357,single protein format,Cc1cc(C)c(NC(=O)/C(C#N)=C/c2ccc(O)c(O)c2)c(C)c1,,,CHEMBL1136802,J Med Chem,2003,"{'bei': '14.64', 'le': '0.27', 'lle': '1.15', 'sei': '5.06'}",,CHEMBL141238,,CHEMBL141238,4.72,0,http://www.openphacts.org/units/Nanomolar,275708,=,1,1,=,,IC50,nM,,19054.61,CHEMBL203,Homo sapiens,Epidermal growth factor receptor,9606,,,pIC50,,UO_0000065,,4.72
,,333903,[],CHEMBL677206,Inhibition of epidermal growth factor receptor (EGFr),B,,,BAO_0000190,BAO_0000357,single protein format,NC(Cc1c(SSc2[nH]c3ccccc3c2CC(N)C(=O)NCc2ccccc2)[nH]c2ccccc12)C(=O)NCc1ccccc1,,,CHEMBL1129933,J Med Chem,1997,"{'bei': '7.91', 'le': '0.15', 'lle': '-0.69', 'sei': '3.62'}",,CHEMBL336174,,CHEMBL336174,5.13,1,http://www.openphacts.org/units/Nanomolar,259285,=,1,1,=,,IC50,nM,,7400.0,CHEMBL203,Homo sapiens,Epidermal growth factor receptor,9606,,,IC50,uM,UO_0000065,,7.4
,,333913,[],CHEMBL677383,Inhibition of epidermal growth factor receptor (EGFr) autophosphorylation,F,,,BAO_0000190,BAO_0000019,assay format,NC(Cc1c(SSc2[nH]c3ccccc3c2CC(N)C(=O)NCc2ccccc2)[nH]c2ccccc12)C(=O)NCc1ccccc1,,,CHEMBL1129933,J Med Chem,1997,,,CHEMBL336174,,CHEMBL336174,,0,http://www.openphacts.org/units/Nanomolar,259285,>,1,1,>,,IC50,nM,,100000.0,CHEMBL203,Homo sapiens,Epidermal growth factor receptor,9606,,,IC50,uM,UO_0000065,,100.0
,,334584,[],CHEMBL679946,Concentration required to inhibit phosphorylation of isolated human epidermal growth factor tyrosine kinase receptor by 50%,B,,,BAO_0000190,BAO_0000357,single protein format,COc1cc2cc(-c3ccc(F)c(F)c3)cnc2cc1OC,,,CHEMBL1127568,J Med Chem,1994,,,CHEMBL67424,,CHEMBL67424,,0,http://www.openphacts.org/units/Nanomolar,117750,>,1,1,>,,IC50,nM,,20000.0,CHEMBL203,Homo sapiens,Epidermal growth factor receptor,9606,,,IC50,uM,UO_0000065,,20.0
,,334586,[],CHEMBL679946,Concentration required to inhibit phosphorylation of isolated human epidermal growth factor tyrosine kinase receptor by 50%,B,,,BAO_0000190,BAO_0000357,single protein format,COc1cc2cc(-c3ccc(F)cc3)cnc2cc1OC,,,CHEMBL1127568,J Med Chem,1994,,,CHEMBL68401,,CHEMBL68401,,0,http://www.openphacts.org/units/Nanomolar,117736,>,1,1,>,,IC50,nM,,20000.0,CHEMBL203,Homo sapiens,Epidermal growth factor receptor,9606,,,IC50,uM,UO_0000065,,20.0
,,334917,[],CHEMBL677388,Inhibition of epidermal growth factor receptor kinase activity at a concentration of 2 uM of ATP,B,,,BAO_0000190,BAO_0000357,single protein format,COc1cc2c(Nc3ccc(Br)cc3F)ncnc2cc1OCCC1CCNCC1,,,CHEMBL1135889,J Med Chem,2002,"{'bei': '14.09', 'le': '0.30', 'lle': '1.65', 'sei': '9.81'}",,CHEMBL26641,,CHEMBL26641,6.70,0,http://www.openphacts.org/units/Nanomolar,35666,=,1,1,=,,IC50,nM,,200.0,CHEMBL203,Homo sapiens,Epidermal growth factor receptor,9606,,,IC50,uM,UO_0000065,,0.2
,,334919,[],CHEMBL691873,Inhibition of human endothelial cell growth stimulate by endothelial growth factor,F,,,BAO_0000190,BAO_0000219,cell-based format,COc1cc2c(Nc3ccc(Br)cc3F)ncnc2cc1OCCC1CCNCC1,,,CHEMBL1135889,J Med Chem,2002,,,CHEMBL26641,,CHEMBL26641,7.10,0,http://www.openphacts.org/units/Nanomolar,35666,=,1,1,=,,IC50,nM,,80.0,CHEMBL203,Homo sapiens,Epidermal growth factor receptor,9606,,,IC50,uM,UO_0000065,,0.08
,,335194,[],CHEMBL677206,Inhibition of epidermal growth factor receptor (EGFr),B,,,BAO_0000190,BAO_0000357,single protein format,CCN(CC)CCn1c([Se][Se]c2c(C(=O)NC)c3ccccc3n2CCN(CC)CC)c(C(=O)NC)c2ccccc21,,,CHEMBL1129933,J Med Chem,1997,"{'bei': '7.35', 'le': None, 'lle': None, 'sei': None}",,CHEMBL334439,,CHEMBL334439,5.16,0,http://www.openphacts.org/units/Nanomolar,259296,=,1,1,=,,IC50,nM,,6900.0,CHEMBL203,Homo sapiens,Epidermal growth factor receptor,9606,,,IC50,uM,UO_0000065,,6.9
,,335757,[],CHEMBL679946,Concentration required to inhibit phosphorylation of isolated human epidermal growth factor tyrosine kinase receptor by 50%,B,,,BAO_0000190,BAO_0000357,single protein format,COc1ccc(-c2cnc3cc(OC)c(OC)cc3c2)cn1,,,CHEMBL1127568,J Med Chem,1994,,,CHEMBL66612,,CHEMBL66612,,0,http://www.openphacts.org/units/Nanomolar,117730,>,1,1,>,,IC50,nM,,20000.0,CHEMBL203,Homo sapiens,Epidermal growth factor receptor,9606,,,IC50,uM,UO_0000065,,20.0
,,335759,[],CHEMBL679946,Concentration required to inhibit phosphorylation of isolated human epidermal growth factor tyrosine kinase receptor by 50%,B,,,BAO_0000190,BAO_0000357,single protein format,COc1cc2cc(-c3ccc(N(C)C)cc3)cnc2cc1OC,,,CHEMBL1127568,J Med Chem,1994,,,CHEMBL66502,,CHEMBL66502,,0,http://www.openphacts.org/units/Nanomolar,117733,>,1,1,>,,IC50,nM,,20000.0,CHEMBL203,Homo sapiens,Epidermal growth factor receptor,9606,,,IC50,uM,UO_0000065,,20.0
,,335761,[],CHEMBL679946,Concentration required to inhibit phosphorylation of isolated human epidermal growth factor tyrosine kinase receptor by 50%,B,,,BAO_0000190,BAO_0000357,single protein format,COc1ccc(/C=C/c2cnc3cc(OC)c(OC)cc3c2)cc1,,,CHEMBL1127568,J Med Chem,1994,"{'bei': '14.62', 'le': '0.27', 'lle': '0.27', 'sei': '11.58'}",,CHEMBL66101,,CHEMBL66101,4.70,0,http://www.openphacts.org/units/Nanomolar,117744,=,1,1,=,,IC50,nM,,20000.0,CHEMBL203,Homo sapiens,Epidermal growth factor receptor,9606,,,IC50,uM,UO_0000065,,20.0
,,335845,[],CHEMBL679946,Concentration required to inhibit phosphorylation of isolated human epidermal growth factor tyrosine kinase receptor by 50%,B,,,BAO_0000190,BAO_0000357,single protein format,COc1cc2cc(-c3ccc(-c4ccccc4)cc3)cnc2cc1OC,,,CHEMBL1127568,J Med Chem,1994,,,CHEMBL66329,,CHEMBL66329,,0,http://www.openphacts.org/units/Nanomolar,117756,>,1,1,>,,IC50,nM,,20000.0,CHEMBL203,Homo sapiens,Epidermal growth factor receptor,9606,,,IC50,uM,UO_0000065,,20.0
,,335847,[],CHEMBL679946,Concentration required to inhibit phosphorylation of isolated human epidermal growth factor tyrosine kinase receptor by 50%,B,,,BAO_0000190,BAO_0000357,single protein format,COc1cc2cc(-c3ccc(Cl)c(Cl)c3)cnc2cc1OC,,,CHEMBL1127568,J Med Chem,1994,,,CHEMBL67702,,CHEMBL67702,,0,http://www.openphacts.org/units/Nanomolar,117784,>,1,1,>,,IC50,nM,,20000.0,CHEMBL203,Homo sapiens,Epidermal growth factor receptor,9606,,,IC50,uM,UO_0000065,,20.0
,,335849,[],CHEMBL679946,Concentration required to inhibit phosphorylation of isolated human epidermal growth factor tyrosine kinase receptor by 50%,B,,,BAO_0000190,BAO_0000357,single protein format,c1ccc2ncc(-c3ccsc3)cc2c1,,,CHEMBL1127568,J Med Chem,1994,,,CHEMBL304310,,CHEMBL304310,,0,http://www.openphacts.org/units/Nanomolar,117775,>,1,1,>,,IC50,nM,,20000.0,CHEMBL203,Homo sapiens,Epidermal growth factor receptor,9606,,,IC50,uM,UO_0000065,,20.0
,,336075,[],CHEMBL676067,Inhibitory activity against epidermal growth factor receptor (EGFR),B,,,BAO_0000190,BAO_0000357,single protein format,N#C/C(=C\c1ccc(O)c(O)c1)C(=O)c1ccccc1Cl,,,CHEMBL1136802,J Med Chem,2003,"{'bei': '17.28', 'le': '0.34', 'lle': '1.64', 'sei': '6.37'}",,CHEMBL59145,,CHEMBL59145,5.18,1,http://www.openphacts.org/units/Nanomolar,275733,=,1,1,=,,IC50,nM,,6606.93,CHEMBL203,Homo sapiens,Epidermal growth factor receptor,9606,,,pIC50,,UO_0000065,,5.18
,,336077,[],CHEMBL676067,Inhibitory activity against epidermal growth factor receptor (EGFR),B,,,BAO_0000190,BAO_0000357,single protein format,COc1cc(/C=C(\C#N)C(N)=O)cc(CSc2nc3ccccc3s2)c1O,,,CHEMBL1136802,J Med Chem,2003,"{'bei': '11.87', 'le': '0.24', 'lle': '1.02', 'sei': '4.32'}",,CHEMBL118109,,CHEMBL118109,4.72,1,http://www.openphacts.org/units/Nanomolar,275728,=,1,1,=,,IC50,nM,,19054.61,CHEMBL203,Homo sapiens,Epidermal growth factor receptor,9606,,,pIC50,,UO_0000065,,4.72
,,336079,[],CHEMBL673947,Inhibition of epidermal growth factor receptor (EGFR),B,,,BAO_0000190,BAO_0000357,single protein format,CCOc1ccc2sc(SCc3cc(/C=C(\C#N)C(N)=O)cc(OC)c3O)nc2c1,Outside typical range,"Values for this activity type are unusually large/small, so may not be accurate",CHEMBL1136802,J Med Chem,2003,,,CHEMBL343875,,CHEMBL343875,,0,http://www.openphacts.org/units/Nanomolar,275726,=,1,1,=,,IC50,nM,,165958.69,CHEMBL203,Homo sapiens,Epidermal growth factor receptor,9606,,,pIC50,,UO_0000065,,3.78
,,336398,[],CHEMBL677206,Inhibition of epidermal growth factor receptor (EGFr),B,,,BAO_0000190,BAO_0000357,single protein format,Cn1c([Se][Se]c2c(C(=O)OC(C)(C)C)c3ccccc3n2C)c(C(=O)OC(C)(C)C)c2ccccc21,,,CHEMBL1129933,J Med Chem,1997,,,CHEMBL334973,,CHEMBL334973,,0,http://www.openphacts.org/units/Nanomolar,259290,>,1,1,>,,IC50,nM,,100000.0,CHEMBL203,Homo sapiens,Epidermal growth factor receptor,9606,,,IC50,uM,UO_0000065,,100.0
,,337074,[],CHEMBL679946,Concentration required to inhibit phosphorylation of isolated human epidermal growth factor tyrosine kinase receptor by 50%,B,,,BAO_0000190,BAO_0000357,single protein format,COc1cc2cc([N+](=O)[O-])cnc2cc1OC,,,CHEMBL1127568,J Med Chem,1994,,,CHEMBL66008,,CHEMBL66008,,0,http://www.openphacts.org/units/Nanomolar,117754,>,1,1,>,,IC50,nM,,20000.0,CHEMBL203,Homo sapiens,Epidermal growth factor receptor,9606,,,IC50,uM,UO_0000065,,20.0
,,337412,[],CHEMBL677388,Inhibition of epidermal growth factor receptor kinase activity at a concentration of 2 uM of ATP,B,,,BAO_0000190,BAO_0000357,single protein format,COc1cc2c(Nc3c(F)cc(Br)cc3F)ncnc2cc1OCC1CCNCC1,,,CHEMBL1135889,J Med Chem,2002,"{'bei': '13.24', 'le': '0.29', 'lle': '1.55', 'sei': '9.29'}",,CHEMBL279459,,CHEMBL279459,6.35,0,http://www.openphacts.org/units/Nanomolar,35677,=,1,1,=,,IC50,nM,,450.0,CHEMBL203,Homo sapiens,Epidermal growth factor receptor,9606,,,IC50,uM,UO_0000065,,0.45
,,337414,[],CHEMBL691873,Inhibition of human endothelial cell growth stimulate by endothelial growth factor,F,,,BAO_0000190,BAO_0000219,cell-based format,COc1cc2c(Nc3c(F)cc(Br)cc3F)ncnc2cc1OCC1CCNCC1,,,CHEMBL1135889,J Med Chem,2002,,,CHEMBL279459,,CHEMBL279459,6.40,0,http://www.openphacts.org/units/Nanomolar,35677,=,1,1,=,,IC50,nM,,400.0,CHEMBL203,Homo sapiens,Epidermal growth factor receptor,9606,,,IC50,uM,UO_0000065,,0.4
,,337665,[],CHEMBL677206,Inhibition of epidermal growth factor receptor (EGFr),B,,,BAO_0000190,BAO_0000357,single protein format,O=C(NCc1ccccc1)[C@H](Cc1c([Se]c2[nH]c3ccccc3c2C[C@@H](NC(=O)C(F)(F)F)C(=O)NCc2ccccc2)[nH]c2ccccc12)NC(=O)C(F)(F)F,,,CHEMBL1129933,J Med Chem,1997,,,CHEMBL135241,,CHEMBL135241,,0,http://www.openphacts.org/units/Nanomolar,259295,>,1,1,>,,IC50,nM,,50000.0,CHEMBL203,Homo sapiens,Epidermal growth factor receptor,9606,,,IC50,uM,UO_0000065,,50.0
,,338292,[],CHEMBL679946,Concentration required to inhibit phosphorylation of isolated human epidermal growth factor tyrosine kinase receptor by 50%,B,,,BAO_0000190,BAO_0000357,single protein format,C(=C/c1cnc2ccccc2c1)\c1ccccc1,,,CHEMBL1127568,J Med Chem,1994,,,CHEMBL65858,,CHEMBL65858,,0,http://www.openphacts.org/units/Nanomolar,117737,>,1,1,>,,IC50,nM,,20000.0,CHEMBL203,Homo sapiens,Epidermal growth factor receptor,9606,,,IC50,uM,UO_0000065,,20.0
,,338661,[],CHEMBL676067,Inhibitory activity against epidermal growth factor receptor (EGFR),B,,,BAO_0000190,BAO_0000357,single protein format,N#C/C(=C\c1ccc(O)c(O)c1)C(=O)c1cccs1,,,CHEMBL1136802,J Med Chem,2003,"{'bei': '16.62', 'le': '0.32', 'lle': '1.56', 'sei': '5.55'}",,CHEMBL55994,,CHEMBL55994,4.51,1,http://www.openphacts.org/units/Nanomolar,275730,=,1,1,=,,IC50,nM,,30902.95,CHEMBL203,Homo sapiens,Epidermal growth factor receptor,9606,,,pIC50,,UO_0000065,,4.51
,,338663,[],CHEMBL676067,Inhibitory activity against epidermal growth factor receptor (EGFR),B,,,BAO_0000190,BAO_0000357,single protein format,COc1cc(C=C(C#N)C#N)cc(CS(=O)(=O)c2ccc(C)cc2)c1O,,,CHEMBL1136802,J Med Chem,2003,"{'bei': '12.59', 'le': '0.24', 'lle': '1.53', 'sei': '4.17'}",,CHEMBL334032,,CHEMBL334032,4.64,1,http://www.openphacts.org/units/Nanomolar,275711,=,1,1,=,,IC50,nM,,22908.68,CHEMBL203,Homo sapiens,Epidermal growth factor receptor,9606,,,pIC50,,UO_0000065,,4.64
,,338669,[],CHEMBL677388,Inhibition of epidermal growth factor receptor kinase activity at a concentration of 2 uM of ATP,B,,,BAO_0000190,BAO_0000357,single protein format,COc1cc2c(Nc3cc(O)c(C)cc3F)ncnc2cc1OCC1CCN(C)CC1.Cl,,,CHEMBL1135889,J Med Chem,2002,"{'bei': '15.29', 'le': '0.29', 'lle': '2.26', 'sei': '8.18'}",,CHEMBL1202473,,CHEMBL24625,6.52,0,http://www.openphacts.org/units/Nanomolar,35657,=,1,1,=,,IC50,nM,,300.0,CHEMBL203,Homo sapiens,Epidermal growth factor receptor,9606,,,IC50,uM,UO_0000065,,0.3
,,338671,[],CHEMBL691873,Inhibition of human endothelial cell growth stimulate by endothelial growth factor,F,,,BAO_0000190,BAO_0000219,cell-based format,COc1cc2c(Nc3cc(O)c(C)cc3F)ncnc2cc1OCC1CCN(C)CC1.Cl,,,CHEMBL1135889,J Med Chem,2002,,,CHEMBL1202473,,CHEMBL24625,6.70,0,http://www.openphacts.org/units/Nanomolar,35657,=,1,1,=,,IC50,nM,,200.0,CHEMBL203,Homo sapiens,Epidermal growth factor receptor,9606,,,IC50,uM,UO_0000065,,0.2
,,338676,[],CHEMBL677388,Inhibition of epidermal growth factor receptor kinase activity at a concentration of 2 uM of ATP,B,,,BAO_0000190,BAO_0000357,single protein format,COc1cc2c(Nc3ccc(Cl)cc3F)ncnc2cc1OCCC1CCN(C)CC1,,,CHEMBL1135889,J Med Chem,2002,"{'bei': '14.66', 'le': '0.29', 'lle': '1.23', 'sei': '10.96'}",,CHEMBL25425,,CHEMBL25425,6.52,0,http://www.openphacts.org/units/Nanomolar,35676,=,1,1,=,,IC50,nM,,300.0,CHEMBL203,Homo sapiens,Epidermal growth factor receptor,9606,,,IC50,uM,UO_0000065,,0.3
,,338678,[],CHEMBL691873,Inhibition of human endothelial cell growth stimulate by endothelial growth factor,F,,,BAO_0000190,BAO_0000219,cell-based format,COc1cc2c(Nc3ccc(Cl)cc3F)ncnc2cc1OCCC1CCN(C)CC1,,,CHEMBL1135889,J Med Chem,2002,,,CHEMBL25425,,CHEMBL25425,6.70,0,http://www.openphacts.org/units/Nanomolar,35676,=,1,1,=,,IC50,nM,,200.0,CHEMBL203,Homo sapiens,Epidermal growth factor receptor,9606,,,IC50,uM,UO_0000065,,0.2
,,339747,[],CHEMBL679946,Concentration required to inhibit phosphorylation of isolated human epidermal growth factor tyrosine kinase receptor by 50%,B,,,BAO_0000190,BAO_0000357,single protein format,COc1ccc(-c2cnc3cc(OC)c(OC)cc3c2)cc1F,,,CHEMBL1127568,J Med Chem,1994,,,CHEMBL67436,,CHEMBL67436,,0,http://www.openphacts.org/units/Nanomolar,117771,>,1,1,>,,IC50,nM,,20000.0,CHEMBL203,Homo sapiens,Epidermal growth factor receptor,9606,,,IC50,uM,UO_0000065,,20.0
,,340143,[],CHEMBL676067,Inhibitory activity against epidermal growth factor receptor (EGFR),B,,,BAO_0000190,BAO_0000357,single protein format,N#C/C(=C\c1ccc(O)c(O)c1)C(=O)c1ccc(F)cc1,,,CHEMBL1136802,J Med Chem,2003,"{'bei': '18.68', 'le': '0.34', 'lle': '2.26', 'sei': '6.51'}",,CHEMBL55204,,CHEMBL55204,5.29,1,http://www.openphacts.org/units/Nanomolar,275731,=,1,1,=,,IC50,nM,,5128.61,CHEMBL203,Homo sapiens,Epidermal growth factor receptor,9606,,,pIC50,,UO_0000065,,5.29
,,340148,[],CHEMBL677388,Inhibition of epidermal growth factor receptor kinase activity at a concentration of 2 uM of ATP,B,,,BAO_0000190,BAO_0000357,single protein format,COCCOc1cc2ncnc(Nc3ccc(Cl)cc3F)c2cc1OC,,,CHEMBL1135889,J Med Chem,2002,"{'bei': '18.53', 'le': '0.37', 'lle': '2.80', 'sei': '10.69'}",,CHEMBL286160,,CHEMBL286160,7.00,0,http://www.openphacts.org/units/Nanomolar,35655,=,1,1,=,,IC50,nM,,100.0,CHEMBL203,Homo sapiens,Epidermal growth factor receptor,9606,,,IC50,uM,UO_0000065,,0.1
,,340150,[],CHEMBL691873,Inhibition of human endothelial cell growth stimulate by endothelial growth factor,F,,,BAO_0000190,BAO_0000219,cell-based format,COCCOc1cc2ncnc(Nc3ccc(Cl)cc3F)c2cc1OC,,,CHEMBL1135889,J Med Chem,2002,,,CHEMBL286160,,CHEMBL286160,7.00,0,http://www.openphacts.org/units/Nanomolar,35655,=,1,1,=,,IC50,nM,,100.0,CHEMBL203,Homo sapiens,Epidermal growth factor receptor,9606,,,IC50,uM,UO_0000065,,0.1
,,340163,[],CHEMBL677388,Inhibition of epidermal growth factor receptor kinase activity at a concentration of 2 uM of ATP,B,,,BAO_0000190,BAO_0000357,single protein format,COc1cc2c(Nc3cc(O)c(Cl)cc3F)ncnc2cc1OCC1CCN(C)CC1.Cl,,,CHEMBL1135889,J Med Chem,2002,"{'bei': '15.66', 'le': '0.31', 'lle': '2.40', 'sei': '8.78'}",,CHEMBL2448066,,CHEMBL24409,7.00,0,http://www.openphacts.org/units/Nanomolar,35683,=,1,1,=,,IC50,nM,,100.0,CHEMBL203,Homo sapiens,Epidermal growth factor receptor,9606,,,IC50,uM,UO_0000065,,0.1
,,340165,[],CHEMBL691873,Inhibition of human endothelial cell growth stimulate by endothelial growth factor,F,,,BAO_0000190,BAO_0000219,cell-based format,COc1cc2c(Nc3cc(O)c(Cl)cc3F)ncnc2cc1OCC1CCN(C)CC1.Cl,,,CHEMBL1135889,J Med Chem,2002,,,CHEMBL2448066,,CHEMBL24409,7.16,0,http://www.openphacts.org/units/Nanomolar,35683,=,1,1,=,,IC50,nM,,70.0,CHEMBL203,Homo sapiens,Epidermal growth factor receptor,9606,,,IC50,uM,UO_0000065,,0.07
,,340430,[],CHEMBL677206,Inhibition of epidermal growth factor receptor (EGFr),B,,,BAO_0000190,BAO_0000357,single protein format,N[C@H](Cc1c([Se][Se]c2[nH]c3ccccc3c2C[C@H](N)C(=O)NCc2ccccc2)[nH]c2ccccc12)C(=O)NCc1ccccc1,,,CHEMBL1129933,J Med Chem,1997,"{'bei': '7.93', 'le': None, 'lle': None, 'sei': None}",,CHEMBL336409,,CHEMBL336409,5.89,0,http://www.openphacts.org/units/Nanomolar,259292,=,1,1,=,,IC50,nM,,1300.0,CHEMBL203,Homo sapiens,Epidermal growth factor receptor,9606,,,IC50,uM,UO_0000065,,1.3
,,341113,[],CHEMBL679946,Concentration required to inhibit phosphorylation of isolated human epidermal growth factor tyrosine kinase receptor by 50%,B,,,BAO_0000190,BAO_0000357,single protein format,COc1cc2cc(-c3c[nH]c4ccccc34)cnc2cc1OC,,,CHEMBL1127568,J Med Chem,1994,,,CHEMBL302545,,CHEMBL302545,,0,http://www.openphacts.org/units/Nanomolar,117791,>,1,1,>,,IC50,nM,,20000.0,CHEMBL203,Homo sapiens,Epidermal growth factor receptor,9606,,,IC50,uM,UO_0000065,,20.0
,,341376,[],CHEMBL676067,Inhibitory activity against epidermal growth factor receptor (EGFR),B,,,BAO_0000190,BAO_0000357,single protein format,COc1ccc(NC(=O)/C(C#N)=C/c2ccc(O)c(O)c2)c(OC)c1,,,CHEMBL1136802,J Med Chem,2003,"{'bei': '13.52', 'le': '0.25', 'lle': '1.94', 'sei': '4.11'}",,CHEMBL57251,,CHEMBL57251,4.60,0,http://www.openphacts.org/units/Nanomolar,275695,=,1,1,=,,IC50,nM,,25118.86,CHEMBL203,Homo sapiens,Epidermal growth factor receptor,9606,,,pIC50,,UO_0000065,,4.6
,,341378,[],CHEMBL676067,Inhibitory activity against epidermal growth factor receptor (EGFR),B,,,BAO_0000190,BAO_0000357,single protein format,N#C/C(=C\c1ccc(O)c(O)c1)C(=O)NCc1ccccc1,,,CHEMBL1136802,J Med Chem,2003,"{'bei': '21.41', 'le': '0.39', 'lle': '3.98', 'sei': '6.75'}",,CHEMBL56543,,CHEMBL56543,6.30,0,http://www.openphacts.org/units/Nanomolar,275693,=,1,1,=,,IC50,nM,,501.19,CHEMBL203,Homo sapiens,Epidermal growth factor receptor,9606,,,pIC50,,UO_0000065,,6.3
,,342252,[],CHEMBL679946,Concentration required to inhibit phosphorylation of isolated human epidermal growth factor tyrosine kinase receptor by 50%,B,,,BAO_0000190,BAO_0000357,single protein format,c1ccc2ncc(-c3c[nH]c4ccccc34)cc2c1,,,CHEMBL1127568,J Med Chem,1994,,,CHEMBL309116,,CHEMBL309116,,0,http://www.openphacts.org/units/Nanomolar,117753,>,1,1,>,,IC50,nM,,20000.0,CHEMBL203,Homo sapiens,Epidermal growth factor receptor,9606,,,IC50,uM,UO_0000065,,20.0
,,342254,[],CHEMBL679946,Concentration required to inhibit phosphorylation of isolated human epidermal growth factor tyrosine kinase receptor by 50%,B,,,BAO_0000190,BAO_0000357,single protein format,COc1cc2cc(C#CC3CCCCC3)cnc2cc1OC,,,CHEMBL1127568,J Med Chem,1994,,,CHEMBL63575,,CHEMBL63575,,0,http://www.openphacts.org/units/Nanomolar,117768,>,1,1,>,,IC50,nM,,20000.0,CHEMBL203,Homo sapiens,Epidermal growth factor receptor,9606,,,IC50,uM,UO_0000065,,20.0
,,342459,[],CHEMBL676067,Inhibitory activity against epidermal growth factor receptor (EGFR),B,,,BAO_0000190,BAO_0000357,single protein format,N#C/C(=C\c1ccc(O)c(O)c1)C(=O)c1ccccc1,,,CHEMBL1136802,J Med Chem,2003,"{'bei': '18.28', 'le': '0.33', 'lle': '1.96', 'sei': '5.96'}",,CHEMBL56132,,CHEMBL56132,4.85,1,http://www.openphacts.org/units/Nanomolar,275732,=,1,1,=,,IC50,nM,,14125.38,CHEMBL203,Homo sapiens,Epidermal growth factor receptor,9606,,,pIC50,,UO_0000065,,4.85
,,342461,[],CHEMBL676067,Inhibitory activity against epidermal growth factor receptor (EGFR),B,,,BAO_0000190,BAO_0000357,single protein format,COc1cc(C=C(C#N)C#N)cc(C)c1O,,,CHEMBL1136802,J Med Chem,2003,"{'bei': '18.95', 'le': '0.35', 'lle': '1.92', 'sei': '5.27'}",,CHEMBL120564,,CHEMBL120564,4.06,1,http://www.openphacts.org/units/Nanomolar,275710,=,1,1,=,,IC50,nM,,87096.36,CHEMBL203,Homo sapiens,Epidermal growth factor receptor,9606,,,pIC50,,UO_0000065,,4.06
,,342469,[],CHEMBL677388,Inhibition of epidermal growth factor receptor kinase activity at a concentration of 2 uM of ATP,B,,,BAO_0000190,BAO_0000357,single protein format,COc1cc2c(Nc3ccc(Br)cc3F)ncnc2cc1OC/C=C/CN1CCCC1.Cl,,,CHEMBL1135889,J Med Chem,2002,"{'bei': '14.36', 'le': '0.31', 'lle': '1.69', 'sei': '11.76'}",,CHEMBL1202478,,CHEMBL25630,7.00,0,http://www.openphacts.org/units/Nanomolar,35669,=,1,1,=,,IC50,nM,,100.0,CHEMBL203,Homo sapiens,Epidermal growth factor receptor,9606,,,IC50,uM,UO_0000065,,0.1
,,342471,[],CHEMBL691873,Inhibition of human endothelial cell growth stimulate by endothelial growth factor,F,,,BAO_0000190,BAO_0000219,cell-based format,COc1cc2c(Nc3ccc(Br)cc3F)ncnc2cc1OC/C=C/CN1CCCC1.Cl,,,CHEMBL1135889,J Med Chem,2002,,,CHEMBL1202478,,CHEMBL25630,7.05,0,http://www.openphacts.org/units/Nanomolar,35669,=,1,1,=,,IC50,nM,,90.0,CHEMBL203,Homo sapiens,Epidermal growth factor receptor,9606,,,IC50,uM,UO_0000065,,0.09
,,343342,[],CHEMBL679946,Concentration required to inhibit phosphorylation of isolated human epidermal growth factor tyrosine kinase receptor by 50%,B,,,BAO_0000190,BAO_0000357,single protein format,Clc1cc2cc(-c3ccsc3)cnc2cc1Cl,,,CHEMBL1127568,J Med Chem,1994,,,CHEMBL66718,,CHEMBL66718,,0,http://www.openphacts.org/units/Nanomolar,117748,>,1,1,>,,IC50,nM,,20000.0,CHEMBL203,Homo sapiens,Epidermal growth factor receptor,9606,,,IC50,uM,UO_0000065,,20.0
,,343638,[],CHEMBL676067,Inhibitory activity against epidermal growth factor receptor (EGFR),B,,,BAO_0000190,BAO_0000357,single protein format,N#C/C(=C\c1cc(O)c(O)c(CSCc2ccccc2)c1)C(N)=O,,,CHEMBL1136802,J Med Chem,2003,"{'bei': '18.18', 'le': '0.35', 'lle': '3.27', 'sei': '5.77'}",,CHEMBL432428,,CHEMBL432428,6.19,1,http://www.openphacts.org/units/Nanomolar,275704,=,1,1,=,,IC50,nM,,645.65,CHEMBL203,Homo sapiens,Epidermal growth factor receptor,9606,,,pIC50,,UO_0000065,,6.19
,,343640,[],CHEMBL676067,Inhibitory activity against epidermal growth factor receptor (EGFR),B,,,BAO_0000190,BAO_0000357,single protein format,COc1cc(/C=C(/C#N)C(N)=O)cc(CSCc2ccc(Cl)cc2)c1O,,,CHEMBL1136802,J Med Chem,2003,"{'bei': '12.34', 'le': '0.25', 'lle': '0.92', 'sei': '4.98'}",,CHEMBL141175,,CHEMBL141175,4.80,0,http://www.openphacts.org/units/Nanomolar,275701,=,1,1,=,,IC50,nM,,15848.93,CHEMBL203,Homo sapiens,Epidermal growth factor receptor,9606,,,pIC50,,UO_0000065,,4.8
,,344684,[],CHEMBL679946,Concentration required to inhibit phosphorylation of isolated human epidermal growth factor tyrosine kinase receptor by 50%,B,,,BAO_0000190,BAO_0000357,single protein format,COc1cc2cc(-c3ccc([N+](=O)[O-])cc3)cnc2cc1OC,,,CHEMBL1127568,J Med Chem,1994,,,CHEMBL69585,,CHEMBL69585,,0,http://www.openphacts.org/units/Nanomolar,117728,>,1,1,>,,IC50,nM,,20000.0,CHEMBL203,Homo sapiens,Epidermal growth factor receptor,9606,,,IC50,uM,UO_0000065,,20.0
,,345343,[],CHEMBL677206,Inhibition of epidermal growth factor receptor (EGFr),B,,,BAO_0000190,BAO_0000357,single protein format,O=C(NCc1ccccc1)[C@H](Cc1c([Se][Se]c2[nH]c3ccccc3c2C[C@@H](NC(=O)C(F)(F)F)C(=O)NCc2ccccc2)[nH]c2ccccc12)NC(=O)C(F)(F)F,,,CHEMBL1129933,J Med Chem,1997,"{'bei': '5.52', 'le': None, 'lle': None, 'sei': None}",,CHEMBL336410,,CHEMBL336410,5.16,0,http://www.openphacts.org/units/Nanomolar,259294,=,1,1,=,,IC50,nM,,7000.0,CHEMBL203,Homo sapiens,Epidermal growth factor receptor,9606,,,IC50,uM,UO_0000065,,7.0
,,346047,[],CHEMBL674029,Inhibition of EGF-stimulated EGFR tyrosine kinase activity using plasma membrane vesicles shed from cultured human A431 carcinoma cells,F,,,BAO_0000190,BAO_0000219,cell-based format,COC(=O)CCCc1c(SSc2c(CCCC(=O)OC)c3ccccc3n2C)n(C)c2ccccc12,,,CHEMBL1127050,J Med Chem,1993,,,CHEMBL419280,,CHEMBL419280,,0,http://www.openphacts.org/units/Nanomolar,146857,>,1,1,>,,IC50,nM,,100000.0,CHEMBL203,Homo sapiens,Epidermal growth factor receptor,9606,,,IC50,uM,UO_0000065,,100.0
,,346388,[],CHEMBL680028,Inhibition of autophosphorylation of cytoplasmic domain of epidermal growth factor receptor,B,,,BAO_0000190,BAO_0000357,single protein format,COc1cc2ncc(C#N)c(Nc3ccc(F)c(Cl)c3)c2cc1NC(=O)/C=C/CN1CCOCC1,,,CHEMBL1145020,J Med Chem,2003,"{'bei': '9.81', 'le': '0.19', 'lle': '0.39', 'sei': '4.89'}",,CHEMBL113996,,CHEMBL113996,4.87,0,http://www.openphacts.org/units/Nanomolar,308370,=,1,1,=,,IC50,nM,,13570.0,CHEMBL203,Homo sapiens,Epidermal growth factor receptor,9606,,,IC50,uM,UO_0000065,,13.57
,,347377,[],CHEMBL674029,Inhibition of EGF-stimulated EGFR tyrosine kinase activity using plasma membrane vesicles shed from cultured human A431 carcinoma cells,F,,,BAO_0000190,BAO_0000219,cell-based format,COC(=O)CC1C(=S)N(C)c2ccccc21,,,CHEMBL1127050,J Med Chem,1993,,,CHEMBL80001,,CHEMBL80001,,0,http://www.openphacts.org/units/Nanomolar,146845,>,1,1,>,,IC50,nM,,100000.0,CHEMBL203,Homo sapiens,Epidermal growth factor receptor,9606,,,IC50,uM,UO_0000065,,100.0
,,347654,[],CHEMBL680028,Inhibition of autophosphorylation of cytoplasmic domain of epidermal growth factor receptor,B,,,BAO_0000190,BAO_0000357,single protein format,CCOc1cc2ncc(C#N)c(Nc3ccc(F)c(Cl)c3)c2cc1NC(=O)/C=C/CN(C)C,,,CHEMBL1145020,J Med Chem,2003,"{'bei': '15.17', 'le': '0.29', 'lle': '2.00', 'sei': '7.86'}",,CHEMBL607707,PELITINIB,CHEMBL607707,7.10,1,http://www.openphacts.org/units/Nanomolar,308351,=,1,1,=,,IC50,nM,,80.0,CHEMBL203,Homo sapiens,Epidermal growth factor receptor,9606,,,IC50,uM,UO_0000065,,0.08
,,347659,[],CHEMBL680028,Inhibition of autophosphorylation of cytoplasmic domain of epidermal growth factor receptor,B,,,BAO_0000190,BAO_0000357,single protein format,CCN(CC)C(C)/C=C/C(=O)Nc1cc2c(Nc3ccc(F)c(Cl)c3)c(C#N)cnc2cc1OC,,,CHEMBL1145020,J Med Chem,2003,"{'bei': '10.72', 'le': '0.21', 'lle': '-0.56', 'sei': '5.89'}",,CHEMBL325156,,CHEMBL325156,5.32,0,http://www.openphacts.org/units/Nanomolar,308367,=,1,1,=,,IC50,nM,,4840.0,CHEMBL203,Homo sapiens,Epidermal growth factor receptor,9606,,,IC50,uM,UO_0000065,,4.84
,,348082,[],CHEMBL677387,Inhibition of phosphorylation of polyglutamic acid/tyrosine random copolymer by epidermal growth factor receptor.,B,,,BAO_0000190,BAO_0000357,single protein format,Brc1cccc(Nc2ncnc3cc(NCCCCN4CCOCC4)ncc23)c1,,,CHEMBL1130246,J Med Chem,1997,"{'bei': '18.08', 'le': '0.39', 'lle': '4.21', 'sei': '10.99'}",,CHEMBL126384,,CHEMBL126384,8.27,0,http://www.openphacts.org/units/Nanomolar,243813,=,1,1,=,,IC50,nM,,5.4,CHEMBL203,Homo sapiens,Epidermal growth factor receptor,9606,,,IC50,nM,UO_0000065,,5.4
,,348083,[],CHEMBL677387,Inhibition of phosphorylation of polyglutamic acid/tyrosine random copolymer by epidermal growth factor receptor.,B,,,BAO_0000190,BAO_0000357,single protein format,Cc1cccc(Nc2ncnc3cc(NCCCN4CCOCC4)ncc23)c1,,,CHEMBL1130246,J Med Chem,1997,"{'bei': '21.22', 'le': '0.39', 'lle': '4.82', 'sei': '10.68'}",,CHEMBL129509,,CHEMBL129509,8.03,0,http://www.openphacts.org/units/Nanomolar,243820,=,1,1,=,,IC50,nM,,9.3,CHEMBL203,Homo sapiens,Epidermal growth factor receptor,9606,,,IC50,nM,UO_0000065,,9.3
,,348688,[],CHEMBL674029,Inhibition of EGF-stimulated EGFR tyrosine kinase activity using plasma membrane vesicles shed from cultured human A431 carcinoma cells,F,,,BAO_0000190,BAO_0000219,cell-based format,CN1C(=S)C(CCCC(=O)O)c2ccccc21,,,CHEMBL1127050,J Med Chem,1993,,,CHEMBL83390,,CHEMBL83390,,0,http://www.openphacts.org/units/Nanomolar,146869,>,1,1,>,,IC50,nM,,100000.0,CHEMBL203,Homo sapiens,Epidermal growth factor receptor,9606,,,IC50,uM,UO_0000065,,100.0
,,348689,[],CHEMBL674029,Inhibition of EGF-stimulated EGFR tyrosine kinase activity using plasma membrane vesicles shed from cultured human A431 carcinoma cells,F,,,BAO_0000190,BAO_0000219,cell-based format,COC(=O)CCCC1C(=S)N(C)c2ccccc21,,,CHEMBL1127050,J Med Chem,1993,,,CHEMBL84512,,CHEMBL84512,,0,http://www.openphacts.org/units/Nanomolar,146867,>,1,1,>,,IC50,nM,,100000.0,CHEMBL203,Homo sapiens,Epidermal growth factor receptor,9606,,,IC50,uM,UO_0000065,,100.0
,,350016,[],CHEMBL674029,Inhibition of EGF-stimulated EGFR tyrosine kinase activity using plasma membrane vesicles shed from cultured human A431 carcinoma cells,F,,,BAO_0000190,BAO_0000219,cell-based format,COC(=O)CCc1c(SSc2c(CCC(=O)OC)c3ccccc3n2C)n(C)c2ccccc12,,,CHEMBL1127050,J Med Chem,1993,,,CHEMBL314029,,CHEMBL314029,,0,http://www.openphacts.org/units/Nanomolar,146864,>,1,1,>,,IC50,nM,,100000.0,CHEMBL203,Homo sapiens,Epidermal growth factor receptor,9606,,,IC50,uM,UO_0000065,,100.0
,,350018,[],CHEMBL674029,Inhibition of EGF-stimulated EGFR tyrosine kinase activity using plasma membrane vesicles shed from cultured human A431 carcinoma cells,F,,,BAO_0000190,BAO_0000219,cell-based format,COC(=O)CCCc1c(SSc2[nH]c3ccccc3c2CCCC(=O)OC)[nH]c2ccccc12,,,CHEMBL1127050,J Med Chem,1993,,,CHEMBL420400,,CHEMBL420400,,0,http://www.openphacts.org/units/Nanomolar,146858,>,1,1,>,,IC50,nM,,100000.0,CHEMBL203,Homo sapiens,Epidermal growth factor receptor,9606,,,IC50,uM,UO_0000065,,100.0
,,351746,[],CHEMBL680028,Inhibition of autophosphorylation of cytoplasmic domain of epidermal growth factor receptor,B,,,BAO_0000190,BAO_0000357,single protein format,COCC#CC(=O)Nc1ccc2ncc(C#N)c(Nc3cccc(Br)c3)c2c1,,,CHEMBL1145020,J Med Chem,2003,"{'bei': '13.82', 'le': '0.29', 'lle': '1.82', 'sei': '6.91'}",,CHEMBL114593,,CHEMBL114593,6.02,0,http://www.openphacts.org/units/Nanomolar,308352,=,1,1,=,,IC50,nM,,960.0,CHEMBL203,Homo sapiens,Epidermal growth factor receptor,9606,,,IC50,uM,UO_0000065,,0.96
,,352154,[],CHEMBL677387,Inhibition of phosphorylation of polyglutamic acid/tyrosine random copolymer by epidermal growth factor receptor.,B,,,BAO_0000190,BAO_0000357,single protein format,CN(C)CCN(C)c1cc2ncnc(Nc3cccc(Br)c3)c2cn1,,,CHEMBL1130246,J Med Chem,1997,"{'bei': '18.43', 'le': '0.40', 'lle': '3.87', 'sei': '12.94'}",,CHEMBL126137,,CHEMBL126137,7.40,0,http://www.openphacts.org/units/Nanomolar,243828,=,1,1,=,,IC50,nM,,40.0,CHEMBL203,Homo sapiens,Epidermal growth factor receptor,9606,,,IC50,nM,UO_0000065,,40.0
,,352155,[],CHEMBL677387,Inhibition of phosphorylation of polyglutamic acid/tyrosine random copolymer by epidermal growth factor receptor.,B,,,BAO_0000190,BAO_0000357,single protein format,Brc1cccc(Nc2ncnc3cc(NCCN4CCOCC4)ncc23)c1,,,CHEMBL1130246,J Med Chem,1997,"{'bei': '19.79', 'le': '0.43', 'lle': '5.21', 'sei': '11.30'}",,CHEMBL128987,,CHEMBL128987,8.49,0,http://www.openphacts.org/units/Nanomolar,243815,=,1,1,=,,IC50,nM,,3.2,CHEMBL203,Homo sapiens,Epidermal growth factor receptor,9606,,,IC50,nM,UO_0000065,,3.2
,,352156,[],CHEMBL673451,Inhibition of epidermal growth factor receptor (EGFR) autophosphorylation in A431 cells,B,,,BAO_0000190,BAO_0000219,cell-based format,Brc1cccc(Nc2ncnc3cc(NCCN4CCOCC4)ncc23)c1,,,CHEMBL1130246,J Med Chem,1997,"{'bei': '17.34', 'le': '0.38', 'lle': '4.16', 'sei': '9.90'}",,CHEMBL128987,,CHEMBL128987,7.44,0,http://www.openphacts.org/units/Nanomolar,243815,=,1,1,=,,IC50,nM,,36.0,CHEMBL203,Homo sapiens,Epidermal growth factor receptor,9606,,,IC50,nM,UO_0000065,,36.0
,,352157,[],CHEMBL677387,Inhibition of phosphorylation of polyglutamic acid/tyrosine random copolymer by epidermal growth factor receptor.,B,,,BAO_0000190,BAO_0000357,single protein format,OCCN(CCO)CCNc1cc2ncnc(Nc3cccc(Br)c3)c2cn1,,,CHEMBL1130246,J Med Chem,1997,"{'bei': '17.96', 'le': '0.39', 'lle': '5.81', 'sei': '7.55'}",,CHEMBL435993,,CHEMBL435993,8.04,0,http://www.openphacts.org/units/Nanomolar,243810,=,1,1,=,,IC50,nM,,9.2,CHEMBL203,Homo sapiens,Epidermal growth factor receptor,9606,,,IC50,nM,UO_0000065,,9.2
,,352158,[],CHEMBL677386,Inhibition of epidermal growth factor receptor (EGFR) from human A431 carcinoma cells,B,,,BAO_0000190,BAO_0000219,cell-based format,Cc1cccc(Nc2ncnc3cc(NCCCn4ccnc4)ncc23)c1,,,CHEMBL1130246,J Med Chem,1997,"{'bei': '23.53', 'le': '0.43', 'lle': '4.68', 'sei': '10.50'}",,CHEMBL340898,,CHEMBL340898,8.46,0,http://www.openphacts.org/units/Nanomolar,243827,=,1,1,=,,IC50,nM,,3.5,CHEMBL203,Homo sapiens,Epidermal growth factor receptor,9606,,,IC50,nM,UO_0000065,,3.5
,,352160,[],CHEMBL677387,Inhibition of phosphorylation of polyglutamic acid/tyrosine random copolymer by epidermal growth factor receptor.,B,,,BAO_0000190,BAO_0000357,single protein format,Cc1cccc(Nc2ncnc3cc(NCCCCN(C)C)ncc23)c1,,,CHEMBL1130246,J Med Chem,1997,"{'bei': '23.59', 'le': '0.43', 'lle': '4.44', 'sei': '12.53'}",,CHEMBL338215,,CHEMBL338215,8.27,0,http://www.openphacts.org/units/Nanomolar,243821,=,1,1,=,,IC50,nM,,5.4,CHEMBL203,Homo sapiens,Epidermal growth factor receptor,9606,,,IC50,nM,UO_0000065,,5.4
,,352831,[],CHEMBL674029,Inhibition of EGF-stimulated EGFR tyrosine kinase activity using plasma membrane vesicles shed from cultured human A431 carcinoma cells,F,,,BAO_0000190,BAO_0000219,cell-based format,CN1C(=S)C(CCC(=O)O)c2ccccc21,,,CHEMBL1127050,J Med Chem,1993,,,CHEMBL309765,,CHEMBL309765,5.17,0,http://www.openphacts.org/units/Nanomolar,146846,=,1,1,=,,IC50,nM,,6700.0,CHEMBL203,Homo sapiens,Epidermal growth factor receptor,9606,,,IC50,uM,UO_0000065,,6.7
,,352832,[],CHEMBL674029,Inhibition of EGF-stimulated EGFR tyrosine kinase activity using plasma membrane vesicles shed from cultured human A431 carcinoma cells,F,,,BAO_0000190,BAO_0000219,cell-based format,COC(=O)CCC1C(S)=Nc2ccccc21,,,CHEMBL1127050,J Med Chem,1993,,,CHEMBL309716,,CHEMBL309716,,0,http://www.openphacts.org/units/Nanomolar,146872,>,1,1,>,,IC50,nM,,100000.0,CHEMBL203,Homo sapiens,Epidermal growth factor receptor,9606,,,IC50,uM,UO_0000065,,100.0
,,352834,[],CHEMBL674029,Inhibition of EGF-stimulated EGFR tyrosine kinase activity using plasma membrane vesicles shed from cultured human A431 carcinoma cells,F,,,BAO_0000190,BAO_0000219,cell-based format,COC(=O)Cc1c(Sc2c(CC(=O)OC)c3ccccc3n2C)n(C)c2ccccc12,,,CHEMBL1127050,J Med Chem,1993,,,CHEMBL311811,,CHEMBL311811,,0,http://www.openphacts.org/units/Nanomolar,146850,>,1,1,>,,IC50,nM,,100000.0,CHEMBL203,Homo sapiens,Epidermal growth factor receptor,9606,,,IC50,uM,UO_0000065,,100.0
,,353187,[],CHEMBL680028,Inhibition of autophosphorylation of cytoplasmic domain of epidermal growth factor receptor,B,,,BAO_0000190,BAO_0000357,single protein format,COc1cc(NC(=O)/C=C/CN(C)C)cc2c(Nc3cccc(Br)c3)c(C#N)cnc12,,,CHEMBL1145020,J Med Chem,2003,"{'bei': '11.53', 'le': '0.24', 'lle': '0.86', 'sei': '6.14'}",,CHEMBL116857,,CHEMBL116857,5.54,0,http://www.openphacts.org/units/Nanomolar,308384,=,1,1,=,,IC50,nM,,2880.0,CHEMBL203,Homo sapiens,Epidermal growth factor receptor,9606,,,IC50,uM,UO_0000065,,2.88
,,353631,[],CHEMBL677387,Inhibition of phosphorylation of polyglutamic acid/tyrosine random copolymer by epidermal growth factor receptor.,B,,,BAO_0000190,BAO_0000357,single protein format,CN1CCN(CCCNc2cc3ncnc(Nc4cccc(Br)c4)c3cn2)CC1,,,CHEMBL1130246,J Med Chem,1997,"{'bei': '18.21', 'le': '0.39', 'lle': '4.73', 'sei': '12.01'}",,CHEMBL340484,,CHEMBL340484,8.31,0,http://www.openphacts.org/units/Nanomolar,243811,=,1,1,=,,IC50,nM,,4.9,CHEMBL203,Homo sapiens,Epidermal growth factor receptor,9606,,,IC50,nM,UO_0000065,,4.9
,,353632,[],CHEMBL677387,Inhibition of phosphorylation of polyglutamic acid/tyrosine random copolymer by epidermal growth factor receptor.,B,,,BAO_0000190,BAO_0000357,single protein format,OCCN(CCO)CCCNc1cc2ncnc(Nc3cccc(Br)c3)c2cn1,,,CHEMBL1130246,J Med Chem,1997,"{'bei': '19.34', 'le': '0.42', 'lle': '6.30', 'sei': '8.38'}",,CHEMBL127058,,CHEMBL127058,8.92,0,http://www.openphacts.org/units/Nanomolar,243809,=,1,1,=,,IC50,nM,,1.2,CHEMBL203,Homo sapiens,Epidermal growth factor receptor,9606,,,IC50,nM,UO_0000065,,1.2
,,353633,[],CHEMBL677387,Inhibition of phosphorylation of polyglutamic acid/tyrosine random copolymer by epidermal growth factor receptor.,B,,,BAO_0000190,BAO_0000357,single protein format,O=S(=O)(O)CCNc1cc2ncnc(Nc3cccc(Br)c3)c2cn1,,,CHEMBL1130246,J Med Chem,1997,"{'bei': '20.87', 'le': '0.48', 'lle': '6.02', 'sei': '7.56'}",,CHEMBL128467,,CHEMBL128467,8.85,0,http://www.openphacts.org/units/Nanomolar,243823,=,1,1,=,,IC50,nM,,1.4,CHEMBL203,Homo sapiens,Epidermal growth factor receptor,9606,,,IC50,nM,UO_0000065,,1.4
,,353634,[],CHEMBL673451,Inhibition of epidermal growth factor receptor (EGFR) autophosphorylation in A431 cells,B,,,BAO_0000190,BAO_0000219,cell-based format,O=S(=O)(O)CCNc1cc2ncnc(Nc3cccc(Br)c3)c2cn1,,,CHEMBL1130246,J Med Chem,1997,,,CHEMBL128467,,CHEMBL128467,,0,http://www.openphacts.org/units/Nanomolar,243823,>,1,1,>,,IC50,nM,,1000.0,CHEMBL203,Homo sapiens,Epidermal growth factor receptor,9606,,,IC50,nM,UO_0000065,,1000.0
,,354789,[],CHEMBL680028,Inhibition of autophosphorylation of cytoplasmic domain of epidermal growth factor receptor,B,,,BAO_0000190,BAO_0000357,single protein format,COCC#CC(=O)Nc1cc2c(Nc3cccc(Br)c3)c(C#N)cnc2cc1OC,,,CHEMBL1145020,J Med Chem,2003,"{'bei': '13.11', 'le': '0.28', 'lle': '1.89', 'sei': '6.34'}",,CHEMBL326280,,CHEMBL326280,6.10,0,http://www.openphacts.org/units/Nanomolar,308357,=,1,1,=,,IC50,nM,,790.0,CHEMBL203,Homo sapiens,Epidermal growth factor receptor,9606,,,IC50,uM,UO_0000065,,0.79
,,354794,[],CHEMBL680028,Inhibition of autophosphorylation of cytoplasmic domain of epidermal growth factor receptor,B,,,BAO_0000190,BAO_0000357,single protein format,C=C(CN(C)C)C(=O)Nc1cc2c(Nc3ccc(F)c(Cl)c3)c(C#N)cnc2cc1OCC,,,CHEMBL1145020,J Med Chem,2003,"{'bei': '13.36', 'le': '0.26', 'lle': '1.15', 'sei': '6.92'}",,CHEMBL117326,,CHEMBL117326,6.25,0,http://www.openphacts.org/units/Nanomolar,308377,=,1,1,=,,IC50,nM,,560.0,CHEMBL203,Homo sapiens,Epidermal growth factor receptor,9606,,,IC50,uM,UO_0000065,,0.56
,,355097,[],CHEMBL677387,Inhibition of phosphorylation of polyglutamic acid/tyrosine random copolymer by epidermal growth factor receptor.,B,,,BAO_0000190,BAO_0000357,single protein format,CN(CC(O)CO)c1cc2ncnc(Nc3cccc(Br)c3)c2cn1,,,CHEMBL1130246,J Med Chem,1997,"{'bei': '21.01', 'le': '0.46', 'lle': '6.17', 'sei': '9.00'}",,CHEMBL340700,,CHEMBL340700,8.49,0,http://www.openphacts.org/units/Nanomolar,243836,=,1,1,=,,IC50,nM,,3.2,CHEMBL203,Homo sapiens,Epidermal growth factor receptor,9606,,,IC50,nM,UO_0000065,,3.2
,,355098,[],CHEMBL677386,Inhibition of epidermal growth factor receptor (EGFR) from human A431 carcinoma cells,B,,,BAO_0000190,BAO_0000219,cell-based format,Brc1cccc(Nc2ncnc3cc(NCCc4c[nH]cn4)ncc23)c1,,,CHEMBL1130246,J Med Chem,1997,"{'bei': '22.04', 'le': '0.47', 'lle': '5.13', 'sei': '9.89'}",,CHEMBL338114,,CHEMBL338114,9.04,0,http://www.openphacts.org/units/Nanomolar,243807,=,1,1,=,,IC50,nM,,0.91,CHEMBL203,Homo sapiens,Epidermal growth factor receptor,9606,,,IC50,nM,UO_0000065,,0.91
,,355813,[],CHEMBL674029,Inhibition of EGF-stimulated EGFR tyrosine kinase activity using plasma membrane vesicles shed from cultured human A431 carcinoma cells,F,,,BAO_0000190,BAO_0000219,cell-based format,COC(=O)CCCC1C(S)=Nc2ccccc21,,,CHEMBL1127050,J Med Chem,1993,,,CHEMBL312402,,CHEMBL312402,,0,http://www.openphacts.org/units/Nanomolar,146868,>,1,1,>,,IC50,nM,,100000.0,CHEMBL203,Homo sapiens,Epidermal growth factor receptor,9606,,,IC50,uM,UO_0000065,,100.0
,,356555,[],CHEMBL677387,Inhibition of phosphorylation of polyglutamic acid/tyrosine random copolymer by epidermal growth factor receptor.,B,,,BAO_0000190,BAO_0000357,single protein format,CN(CCO)c1cc2ncnc(Nc3cccc(Br)c3)c2cn1,,,CHEMBL1130246,J Med Chem,1997,"{'bei': '22.94', 'le': '0.51', 'lle': '5.63', 'sei': '11.57'}",,CHEMBL341319,,CHEMBL341319,8.59,0,http://www.openphacts.org/units/Nanomolar,243800,=,1,1,=,,IC50,nM,,2.6,CHEMBL203,Homo sapiens,Epidermal growth factor receptor,9606,,,IC50,nM,UO_0000065,,2.6
,,356556,[],CHEMBL677387,Inhibition of phosphorylation of polyglutamic acid/tyrosine random copolymer by epidermal growth factor receptor.,B,,,BAO_0000190,BAO_0000357,single protein format,NNc1cc2ncnc(Nc3cccc(Br)c3)c2cn1,,,CHEMBL1130246,J Med Chem,1997,"{'bei': '24.61', 'le': '0.56', 'lle': '5.33', 'sei': '9.18'}",,CHEMBL340508,,CHEMBL340508,8.15,0,http://www.openphacts.org/units/Nanomolar,243808,=,1,1,=,,IC50,nM,,7.1,CHEMBL203,Homo sapiens,Epidermal growth factor receptor,9606,,,IC50,nM,UO_0000065,,7.1
,,357623,[],CHEMBL680028,Inhibition of autophosphorylation of cytoplasmic domain of epidermal growth factor receptor,B,,,BAO_0000190,BAO_0000357,single protein format,COCCOCC#CC(=O)Nc1ccc2ncc(C#N)c(Nc3cccc(Br)c3)c2c1,,,CHEMBL1145020,J Med Chem,2003,"{'bei': '12.58', 'le': '0.27', 'lle': '1.81', 'sei': '6.27'}",,CHEMBL115440,,CHEMBL115440,6.03,0,http://www.openphacts.org/units/Nanomolar,308354,=,1,1,=,,IC50,nM,,930.0,CHEMBL203,Homo sapiens,Epidermal growth factor receptor,9606,,,IC50,uM,UO_0000065,,0.93
,,357628,[],CHEMBL680028,Inhibition of autophosphorylation of cytoplasmic domain of epidermal growth factor receptor,B,,,BAO_0000190,BAO_0000357,single protein format,COc1cc2ncnc(Nc3cccc(Br)c3)c2cc1OC,,,CHEMBL1145020,J Med Chem,2003,"{'bei': '19.86', 'le': '0.44', 'lle': '3.00', 'sei': '12.72'}",,CHEMBL29197,,CHEMBL29197,7.16,0,http://www.openphacts.org/units/Nanomolar,308376,=,1,1,=,,IC50,nM,,70.0,CHEMBL203,Homo sapiens,Epidermal growth factor receptor,9606,,,IC50,uM,UO_0000065,,0.07
,,358710,[],CHEMBL674029,Inhibition of EGF-stimulated EGFR tyrosine kinase activity using plasma membrane vesicles shed from cultured human A431 carcinoma cells,F,,,BAO_0000190,BAO_0000219,cell-based format,O=C(O)CCCC1C(S)=Nc2ccccc21,,,CHEMBL1127050,J Med Chem,1993,,,CHEMBL84513,,CHEMBL84513,5.17,0,http://www.openphacts.org/units/Nanomolar,146870,=,1,1,=,,IC50,nM,,6700.0,CHEMBL203,Homo sapiens,Epidermal growth factor receptor,9606,,,IC50,uM,UO_0000065,,6.7
,,358711,[],CHEMBL674029,Inhibition of EGF-stimulated EGFR tyrosine kinase activity using plasma membrane vesicles shed from cultured human A431 carcinoma cells,F,,,BAO_0000190,BAO_0000219,cell-based format,Cc1ccc2[nH]c(SSc3[nH]c4ccc(C)cc4c3CCC(=O)O)c(CCC(=O)O)c2c1,,,CHEMBL1127050,J Med Chem,1993,,,CHEMBL83559,,CHEMBL83559,5.08,0,http://www.openphacts.org/units/Nanomolar,146863,=,1,1,=,,IC50,nM,,8400.0,CHEMBL203,Homo sapiens,Epidermal growth factor receptor,9606,,,IC50,uM,UO_0000065,,8.4
,,358713,[],CHEMBL674029,Inhibition of EGF-stimulated EGFR tyrosine kinase activity using plasma membrane vesicles shed from cultured human A431 carcinoma cells,F,,,BAO_0000190,BAO_0000219,cell-based format,O=C(O)CCCc1c(SSc2[nH]c3ccccc3c2CCCC(=O)O)[nH]c2ccccc12,,,CHEMBL1127050,J Med Chem,1993,,,CHEMBL79531,,CHEMBL79531,4.75,0,http://www.openphacts.org/units/Nanomolar,146860,=,1,1,=,,IC50,nM,,18000.0,CHEMBL203,Homo sapiens,Epidermal growth factor receptor,9606,,,IC50,uM,UO_0000065,,18.0
,,359002,[],CHEMBL680028,Inhibition of autophosphorylation of cytoplasmic domain of epidermal growth factor receptor,B,,,BAO_0000190,BAO_0000357,single protein format,C=CC(=O)Nc1ccc2ncnc(Nc3cccc(Br)c3)c2c1,,,CHEMBL1145020,J Med Chem,2003,"{'bei': '23.56', 'le': '0.52', 'lle': '4.44', 'sei': '13.00'}",,CHEMBL285063,,CHEMBL285063,8.70,1,http://www.openphacts.org/units/Nanomolar,308374,=,1,1,=,,IC50,nM,,2.0,CHEMBL203,Homo sapiens,Epidermal growth factor receptor,9606,,,IC50,uM,UO_0000065,,0.002
,,359320,[],CHEMBL677387,Inhibition of phosphorylation of polyglutamic acid/tyrosine random copolymer by epidermal growth factor receptor.,B,,,BAO_0000190,BAO_0000357,single protein format,OCCNc1cc2ncnc(Nc3cccc(Br)c3)c2cn1,,,CHEMBL1130246,J Med Chem,1997,"{'bei': '26.71', 'le': '0.60', 'lle': '6.68', 'sei': '11.60'}",,CHEMBL127041,,CHEMBL127041,9.62,0,http://www.openphacts.org/units/Nanomolar,243799,=,1,1,=,,IC50,nM,,0.24,CHEMBL203,Homo sapiens,Epidermal growth factor receptor,9606,,,IC50,nM,UO_0000065,,0.24
,,360083,[],CHEMBL674029,Inhibition of EGF-stimulated EGFR tyrosine kinase activity using plasma membrane vesicles shed from cultured human A431 carcinoma cells,F,,,BAO_0000190,BAO_0000219,cell-based format,COC(=O)CCc1c(SSc2[nH]c3ccccc3c2CCC(=O)OC)[nH]c2ccccc12,,,CHEMBL1127050,J Med Chem,1993,,,CHEMBL79808,,CHEMBL79808,4.68,0,http://www.openphacts.org/units/Nanomolar,146874,=,1,1,=,,IC50,nM,,21000.0,CHEMBL203,Homo sapiens,Epidermal growth factor receptor,9606,,,IC50,uM,UO_0000065,,21.0
,,360394,[],CHEMBL680028,Inhibition of autophosphorylation of cytoplasmic domain of epidermal growth factor receptor,B,,,BAO_0000190,BAO_0000357,single protein format,CCOc1cc2ncc(C#N)c(Nc3cccc(Br)c3)c2cc1NC(=O)/C=C/CN1CCOCC1,,,CHEMBL1145020,J Med Chem,2003,"{'bei': '9.30', 'le': '0.19', 'lle': '0.15', 'sei': '5.01'}",,CHEMBL116012,,CHEMBL116012,4.99,0,http://www.openphacts.org/units/Nanomolar,308385,=,1,1,=,,IC50,nM,,10320.0,CHEMBL203,Homo sapiens,Epidermal growth factor receptor,9606,,,IC50,uM,UO_0000065,,10.32
,,360720,[],CHEMBL677386,Inhibition of epidermal growth factor receptor (EGFR) from human A431 carcinoma cells,B,,,BAO_0000190,BAO_0000219,cell-based format,Brc1cccc(Nc2ncnc3cc(NCCCn4ccnc4)ncc23)c1,,,CHEMBL1130246,J Med Chem,1997,"{'bei': '21.90', 'le': '0.47', 'lle': '5.06', 'sei': '11.54'}",,CHEMBL126791,,CHEMBL126791,9.29,0,http://www.openphacts.org/units/Nanomolar,243798,=,1,1,=,,IC50,nM,,0.51,CHEMBL203,Homo sapiens,Epidermal growth factor receptor,9606,,,IC50,nM,UO_0000065,,0.51
,,360722,[],CHEMBL677387,Inhibition of phosphorylation of polyglutamic acid/tyrosine random copolymer by epidermal growth factor receptor.,B,,,BAO_0000190,BAO_0000357,single protein format,CNc1cc2ncnc(Nc3cccc(Br)c3)c2cn1,,,CHEMBL1130246,J Med Chem,1997,"{'bei': '29.94', 'le': '0.68', 'lle': '6.32', 'sei': '15.76'}",,CHEMBL54400,,CHEMBL54400,9.89,1,http://www.openphacts.org/units/Nanomolar,243802,=,1,1,=,,IC50,nM,,0.13,CHEMBL203,Homo sapiens,Epidermal growth factor receptor,9606,,,IC50,nM,UO_0000065,,0.13
,,360723,[],CHEMBL673451,Inhibition of epidermal growth factor receptor (EGFR) autophosphorylation in A431 cells,B,,,BAO_0000190,BAO_0000219,cell-based format,CNc1cc2ncnc(Nc3cccc(Br)c3)c2cn1,,,CHEMBL1130246,J Med Chem,1997,"{'bei': '23.61', 'le': '0.53', 'lle': '4.23', 'sei': '12.43'}",,CHEMBL54400,,CHEMBL54400,7.80,1,http://www.openphacts.org/units/Nanomolar,243802,=,1,1,=,,IC50,nM,,16.0,CHEMBL203,Homo sapiens,Epidermal growth factor receptor,9606,,,IC50,nM,UO_0000065,,16.0
,,360724,[],CHEMBL677387,Inhibition of phosphorylation of polyglutamic acid/tyrosine random copolymer by epidermal growth factor receptor.,B,,,BAO_0000190,BAO_0000357,single protein format,O=C(O)CCCNc1cc2ncnc(Nc3cccc(Br)c3)c2cn1,,,CHEMBL1130246,J Med Chem,1997,"{'bei': '23.75', 'le': '0.52', 'lle': '5.74', 'sei': '9.55'}",,CHEMBL128468,,CHEMBL128468,9.55,0,http://www.openphacts.org/units/Nanomolar,243825,=,1,1,=,,IC50,nM,,0.28,CHEMBL203,Homo sapiens,Epidermal growth factor receptor,9606,,,IC50,nM,UO_0000065,,0.28
,,360725,[],CHEMBL677387,Inhibition of phosphorylation of polyglutamic acid/tyrosine random copolymer by epidermal growth factor receptor.,B,,,BAO_0000190,BAO_0000357,single protein format,Cc1cccc(Nc2ncnc3cc(NCCCN4CCN(C)CC4)ncc23)c1,,,CHEMBL1130246,J Med Chem,1997,"{'bei': '21.08', 'le': '0.39', 'lle': '5.12', 'sei': '11.92'}",,CHEMBL341522,,CHEMBL341522,8.25,0,http://www.openphacts.org/units/Nanomolar,243819,=,1,1,=,,IC50,nM,,5.6,CHEMBL203,Homo sapiens,Epidermal growth factor receptor,9606,,,IC50,nM,UO_0000065,,5.6
,,361249,[],CHEMBL674029,Inhibition of EGF-stimulated EGFR tyrosine kinase activity using plasma membrane vesicles shed from cultured human A431 carcinoma cells,F,,,BAO_0000190,BAO_0000219,cell-based format,COC(=O)Cc1c(SSc2c(CC(=O)OC)c3ccccc3n2C)n(C)c2ccccc12,,,CHEMBL1127050,J Med Chem,1993,,,CHEMBL83837,,CHEMBL83837,4.48,0,http://www.openphacts.org/units/Nanomolar,146851,=,1,1,=,,IC50,nM,,33000.0,CHEMBL203,Homo sapiens,Epidermal growth factor receptor,9606,,,IC50,uM,UO_0000065,,33.0
,,361550,[],CHEMBL680028,Inhibition of autophosphorylation of cytoplasmic domain of epidermal growth factor receptor,B,,,BAO_0000190,BAO_0000357,single protein format,COc1cc2ncc(C#N)c(Nc3cccc(Br)c3)c2cc1OC,,,CHEMBL1145020,J Med Chem,2003,"{'bei': '17.49', 'le': '0.38', 'lle': '2.09', 'sei': '10.01'}",,CHEMBL111038,,CHEMBL111038,6.72,0,http://www.openphacts.org/units/Nanomolar,308375,=,1,1,=,,IC50,nM,,190.0,CHEMBL203,Homo sapiens,Epidermal growth factor receptor,9606,,,IC50,uM,UO_0000065,,0.19
,,361830,[],CHEMBL677387,Inhibition of phosphorylation of polyglutamic acid/tyrosine random copolymer by epidermal growth factor receptor.,B,,,BAO_0000190,BAO_0000357,single protein format,[O-][N+]1(CCCNc2cc3ncnc(Nc4cccc(Br)c4)c3cn2)CCOCC1,,,CHEMBL1130246,J Med Chem,1997,"{'bei': '19.88', 'le': '0.43', 'lle': '5.45', 'sei': '9.61'}",,CHEMBL339416,,CHEMBL339416,9.13,0,http://www.openphacts.org/units/Nanomolar,243812,=,1,1,=,,IC50,nM,,0.74,CHEMBL203,Homo sapiens,Epidermal growth factor receptor,9606,,,IC50,nM,UO_0000065,,0.74
,,361831,[],CHEMBL673451,Inhibition of epidermal growth factor receptor (EGFR) autophosphorylation in A431 cells,B,,,BAO_0000190,BAO_0000219,cell-based format,[O-][N+]1(CCCNc2cc3ncnc(Nc4cccc(Br)c4)c3cn2)CCOCC1,,,CHEMBL1130246,J Med Chem,1997,,,CHEMBL339416,,CHEMBL339416,,0,http://www.openphacts.org/units/Nanomolar,243812,>,1,1,>,,IC50,nM,,1000.0,CHEMBL203,Homo sapiens,Epidermal growth factor receptor,9606,,,IC50,nM,UO_0000065,,1000.0
,,362610,[],CHEMBL674029,Inhibition of EGF-stimulated EGFR tyrosine kinase activity using plasma membrane vesicles shed from cultured human A431 carcinoma cells,F,,,BAO_0000190,BAO_0000219,cell-based format,O=CN/C=C/c1cc(O)ccc1O,,,CHEMBL1127050,J Med Chem,1993,,,CHEMBL47986,ERBSTATIN,CHEMBL47986,5.70,0,http://www.openphacts.org/units/Nanomolar,146844,=,1,1,=,,IC50,nM,,2000.0,CHEMBL203,Homo sapiens,Epidermal growth factor receptor,9606,,,IC50,uM,UO_0000065,,2.0
,,362975,[],CHEMBL680028,Inhibition of autophosphorylation of cytoplasmic domain of epidermal growth factor receptor,B,,,BAO_0000190,BAO_0000357,single protein format,CN(C)C/C=C/C(=O)Nc1ccc2ncc(C#N)c(Nc3cccc(Br)c3)c2c1,,,CHEMBL1145020,J Med Chem,2003,"{'bei': '14.45', 'le': '0.31', 'lle': '1.84', 'sei': '8.03'}",,CHEMBL30973,,CHEMBL30973,6.51,0,http://www.openphacts.org/units/Nanomolar,308355,=,1,1,=,,IC50,nM,,310.0,CHEMBL203,Homo sapiens,Epidermal growth factor receptor,9606,,,IC50,uM,UO_0000065,,0.31
,,362980,[],CHEMBL680028,Inhibition of autophosphorylation of cytoplasmic domain of epidermal growth factor receptor,B,,,BAO_0000190,BAO_0000357,single protein format,COc1cc(NC(=O)/C=C/CN2CCOCC2)cc2c(Nc3cccc(Br)c3)c(C#N)cnc12,,,CHEMBL1145020,J Med Chem,2003,"{'bei': '10.09', 'le': '0.21', 'lle': '0.82', 'sei': '5.29'}",,CHEMBL113985,,CHEMBL113985,5.27,0,http://www.openphacts.org/units/Nanomolar,308383,=,1,1,=,,IC50,nM,,5390.0,CHEMBL203,Homo sapiens,Epidermal growth factor receptor,9606,,,IC50,uM,UO_0000065,,5.39
,,364250,[],CHEMBL674029,Inhibition of EGF-stimulated EGFR tyrosine kinase activity using plasma membrane vesicles shed from cultured human A431 carcinoma cells,F,,,BAO_0000190,BAO_0000219,cell-based format,O=C(O)Cc1c(SSc2[nH]c3ccccc3c2CC(=O)O)[nH]c2ccccc12,,,CHEMBL1127050,J Med Chem,1993,,,CHEMBL419650,,CHEMBL419650,4.99,0,http://www.openphacts.org/units/Nanomolar,146854,=,1,1,=,,IC50,nM,,10200.0,CHEMBL203,Homo sapiens,Epidermal growth factor receptor,9606,,,IC50,uM,UO_0000065,,10.2
,,364684,[],CHEMBL680028,Inhibition of autophosphorylation of cytoplasmic domain of epidermal growth factor receptor,B,,,BAO_0000190,BAO_0000357,single protein format,N#Cc1cnc2ccc(NC(=O)C#CCN3CCSCC3)cc2c1Nc1cccc(Br)c1,,,CHEMBL1145020,J Med Chem,2003,"{'bei': '12.36', 'le': '0.27', 'lle': '1.66', 'sei': '7.72'}",,CHEMBL327023,,CHEMBL327023,6.26,0,http://www.openphacts.org/units/Nanomolar,308362,=,1,1,=,,IC50,nM,,550.0,CHEMBL203,Homo sapiens,Epidermal growth factor receptor,9606,,,IC50,uM,UO_0000065,,0.55
,,365714,[],CHEMBL674029,Inhibition of EGF-stimulated EGFR tyrosine kinase activity using plasma membrane vesicles shed from cultured human A431 carcinoma cells,F,,,BAO_0000190,BAO_0000219,cell-based format,CN1C(=S)C(CC(=O)O)c2ccccc21,,,CHEMBL1127050,J Med Chem,1993,,,CHEMBL314416,,CHEMBL314416,,0,http://www.openphacts.org/units/Nanomolar,146876,>,1,1,>,,IC50,nM,,100000.0,CHEMBL203,Homo sapiens,Epidermal growth factor receptor,9606,,,IC50,uM,UO_0000065,,100.0
,,365715,[],CHEMBL674029,Inhibition of EGF-stimulated EGFR tyrosine kinase activity using plasma membrane vesicles shed from cultured human A431 carcinoma cells,F,,,BAO_0000190,BAO_0000219,cell-based format,COC(=O)CCC1C(=S)N(C)c2ccccc21,,,CHEMBL1127050,J Med Chem,1993,,,CHEMBL311609,,CHEMBL311609,,0,http://www.openphacts.org/units/Nanomolar,146871,>,1,1,>,,IC50,nM,,100000.0,CHEMBL203,Homo sapiens,Epidermal growth factor receptor,9606,,,IC50,uM,UO_0000065,,100.0
,,366137,[],CHEMBL680028,Inhibition of autophosphorylation of cytoplasmic domain of epidermal growth factor receptor,B,,,BAO_0000190,BAO_0000357,single protein format,CCCN(CC#CC(=O)Nc1ccc2ncc(C#N)c(Nc3cccc(Br)c3)c2c1)CCC,,,CHEMBL1145020,J Med Chem,2003,"{'bei': '13.65', 'le': '0.28', 'lle': '1.21', 'sei': '8.50'}",,CHEMBL115187,,CHEMBL115187,6.89,0,http://www.openphacts.org/units/Nanomolar,308360,=,1,1,=,,IC50,nM,,130.0,CHEMBL203,Homo sapiens,Epidermal growth factor receptor,9606,,,IC50,uM,UO_0000065,,0.13
,,366476,[],CHEMBL677387,Inhibition of phosphorylation of polyglutamic acid/tyrosine random copolymer by epidermal growth factor receptor.,B,,,BAO_0000190,BAO_0000357,single protein format,CNc1ccc2c(Nc3cccc(Br)c3)ncnc2c1,,,CHEMBL1130246,J Med Chem,1997,"{'bei': '25.51', 'le': '0.57', 'lle': '4.22', 'sei': '16.85'}",,CHEMBL92812,,CHEMBL92812,8.40,0,http://www.openphacts.org/units/Nanomolar,243816,=,1,1,=,,IC50,nM,,4.0,CHEMBL203,Homo sapiens,Epidermal growth factor receptor,9606,,,IC50,nM,UO_0000065,,4.0
,,367209,[],CHEMBL674029,Inhibition of EGF-stimulated EGFR tyrosine kinase activity using plasma membrane vesicles shed from cultured human A431 carcinoma cells,F,,,BAO_0000190,BAO_0000219,cell-based format,O=C(O)CCC1C(S)=Nc2ccccc21,,,CHEMBL1127050,J Med Chem,1993,,,CHEMBL309276,,CHEMBL309276,5.79,0,http://www.openphacts.org/units/Nanomolar,146875,=,1,1,=,,IC50,nM,,1620.0,CHEMBL203,Homo sapiens,Epidermal growth factor receptor,9606,,,IC50,uM,UO_0000065,,1.62
,,367543,[],CHEMBL680028,Inhibition of autophosphorylation of cytoplasmic domain of epidermal growth factor receptor,B,,,BAO_0000190,BAO_0000357,single protein format,CC#CC(=O)Nc1ccc2ncc(C#N)c(Nc3cccc(Br)c3)c2c1,,,CHEMBL1145020,J Med Chem,2003,"{'bei': '14.87', 'le': '0.32', 'lle': '1.46', 'sei': '7.75'}",,CHEMBL283682,,CHEMBL283682,6.03,0,http://www.openphacts.org/units/Nanomolar,308353,=,1,1,=,,IC50,nM,,940.0,CHEMBL203,Homo sapiens,Epidermal growth factor receptor,9606,,,IC50,uM,UO_0000065,,0.94
,,367856,[],CHEMBL677387,Inhibition of phosphorylation of polyglutamic acid/tyrosine random copolymer by epidermal growth factor receptor.,B,,,BAO_0000190,BAO_0000357,single protein format,CN(C)CCCCNc1cc2ncnc(Nc3cccc(Br)c3)c2cn1,,,CHEMBL1130246,J Med Chem,1997,"{'bei': '19.58', 'le': '0.43', 'lle': '3.85', 'sei': '12.32'}",,CHEMBL129825,,CHEMBL129825,8.13,0,http://www.openphacts.org/units/Nanomolar,243830,=,1,1,=,,IC50,nM,,7.4,CHEMBL203,Homo sapiens,Epidermal growth factor receptor,9606,,,IC50,nM,UO_0000065,,7.4
,,367865,[],CHEMBL677387,Inhibition of phosphorylation of polyglutamic acid/tyrosine random copolymer by epidermal growth factor receptor.,B,,,BAO_0000190,BAO_0000357,single protein format,Nc1ccc2c(Nc3cccc(Br)c3)ncnc2c1,,,CHEMBL1130246,J Med Chem,1997,"{'bei': '31.73', 'le': '0.72', 'lle': '6.28', 'sei': '15.67'}",,CHEMBL420624,,CHEMBL420624,10.00,1,http://www.openphacts.org/units/Nanomolar,243805,=,1,1,=,,IC50,nM,,0.1,CHEMBL203,Homo sapiens,Epidermal growth factor receptor,9606,,,IC50,nM,UO_0000065,,0.1
,,368896,[],CHEMBL680028,Inhibition of autophosphorylation of cytoplasmic domain of epidermal growth factor receptor,B,,,BAO_0000190,BAO_0000357,single protein format,COc1cc2ncc(C#N)c(Nc3cccc(Br)c3)c2cc1NC(=O)/C=C/CN1CCOCC1,,,CHEMBL1145020,J Med Chem,2003,"{'bei': '10.37', 'le': '0.22', 'lle': '0.97', 'sei': '5.44'}",,CHEMBL332497,,CHEMBL332497,5.42,0,http://www.openphacts.org/units/Nanomolar,308387,=,1,1,=,,IC50,nM,,3830.0,CHEMBL203,Homo sapiens,Epidermal growth factor receptor,9606,,,IC50,uM,UO_0000065,,3.83
,,368901,[],CHEMBL680028,Inhibition of autophosphorylation of cytoplasmic domain of epidermal growth factor receptor,B,,,BAO_0000190,BAO_0000357,single protein format,CN(C)C/C=C/C(=O)Nc1cc2c(Nc3ccc(F)c(Cl)c3)c(C#N)cnc2cc1OC(F)(F)F,,,CHEMBL1145020,J Med Chem,2003,"{'bei': '10.98', 'le': '0.22', 'lle': '-0.02', 'sei': '6.18'}",,CHEMBL421047,,CHEMBL421047,5.58,0,http://www.openphacts.org/units/Nanomolar,308369,=,1,1,=,,IC50,nM,,2640.0,CHEMBL203,Homo sapiens,Epidermal growth factor receptor,9606,,,IC50,uM,UO_0000065,,2.64
,,368906,[],CHEMBL680028,Inhibition of autophosphorylation of cytoplasmic domain of epidermal growth factor receptor,B,,,BAO_0000190,BAO_0000357,single protein format,COc1cc2ncc(C#N)c(Nc3ccc(F)c(Cl)c3)c2cc1NC(=O)/C=C/C(C)N(C)C,,,CHEMBL1145020,J Med Chem,2003,"{'bei': '11.29', 'le': '0.22', 'lle': '0.18', 'sei': '5.85'}",,CHEMBL113901,,CHEMBL113901,5.28,0,http://www.openphacts.org/units/Nanomolar,308368,=,1,1,=,,IC50,nM,,5220.0,CHEMBL203,Homo sapiens,Epidermal growth factor receptor,9606,,,IC50,uM,UO_0000065,,5.22
,,368911,[],CHEMBL680028,Inhibition of autophosphorylation of cytoplasmic domain of epidermal growth factor receptor,B,,,BAO_0000190,BAO_0000357,single protein format,C=CC(=O)Nc1ccc2ncc(C#N)c(Nc3cccc(Br)c3)c2c1,,,CHEMBL1145020,J Med Chem,2003,"{'bei': '15.84', 'le': '0.34', 'lle': '1.49', 'sei': '8.01'}",,CHEMBL281300,,CHEMBL281300,6.23,0,http://www.openphacts.org/units/Nanomolar,308365,=,1,1,=,,IC50,nM,,590.0,CHEMBL203,Homo sapiens,Epidermal growth factor receptor,9606,,,IC50,uM,UO_0000065,,0.59
,,369171,[],CHEMBL677387,Inhibition of phosphorylation of polyglutamic acid/tyrosine random copolymer by epidermal growth factor receptor.,B,,,BAO_0000190,BAO_0000357,single protein format,OCC(O)C(O)C(O)C(O)CNc1cc2ncnc(Nc3cccc(Br)c3)c2cn1,,,CHEMBL1130246,J Med Chem,1997,"{'bei': '17.32', 'le': '0.38', 'lle': '7.94', 'sei': '5.08'}",,CHEMBL129579,,CHEMBL129579,8.32,0,http://www.openphacts.org/units/Nanomolar,243834,=,1,1,=,,IC50,nM,,4.8,CHEMBL203,Homo sapiens,Epidermal growth factor receptor,9606,,,IC50,nM,UO_0000065,,4.8
,,369172,[],CHEMBL677387,Inhibition of phosphorylation of polyglutamic acid/tyrosine random copolymer by epidermal growth factor receptor.,B,,,BAO_0000190,BAO_0000357,single protein format,CN(C)CCCNc1cc2ncnc(Nc3cccc(Br)c3)c2cn1,,,CHEMBL1130246,J Med Chem,1997,"{'bei': '20.07', 'le': '0.44', 'lle': '4.17', 'sei': '12.21'}",,CHEMBL126893,,CHEMBL126893,8.06,0,http://www.openphacts.org/units/Nanomolar,243831,=,1,1,=,,IC50,nM,,8.8,CHEMBL203,Homo sapiens,Epidermal growth factor receptor,9606,,,IC50,nM,UO_0000065,,8.8
,,369173,[],CHEMBL677387,Inhibition of phosphorylation of polyglutamic acid/tyrosine random copolymer by epidermal growth factor receptor.,B,,,BAO_0000190,BAO_0000357,single protein format,CNc1cc2ncnc(Nc3cccc(C)c3)c2cn1,,,CHEMBL1130246,J Med Chem,1997,"{'bei': '33.37', 'le': '0.60', 'lle': '5.73', 'sei': '14.11'}",,CHEMBL127082,,CHEMBL127082,8.85,0,http://www.openphacts.org/units/Nanomolar,243822,=,1,1,=,,IC50,nM,,1.4,CHEMBL203,Homo sapiens,Epidermal growth factor receptor,9606,,,IC50,nM,UO_0000065,,1.4
,,369986,[],CHEMBL674029,Inhibition of EGF-stimulated EGFR tyrosine kinase activity using plasma membrane vesicles shed from cultured human A431 carcinoma cells,F,,,BAO_0000190,BAO_0000219,cell-based format,COC(=O)CCN1C(=S)C(CCC(=O)OC)(CCC(=O)OC)c2ccccc21,,,CHEMBL1127050,J Med Chem,1993,,,CHEMBL309513,,CHEMBL309513,,0,http://www.openphacts.org/units/Nanomolar,146855,>,1,1,>,,IC50,nM,,100000.0,CHEMBL203,Homo sapiens,Epidermal growth factor receptor,9606,,,IC50,uM,UO_0000065,,100.0
,,369987,[],CHEMBL674029,Inhibition of EGF-stimulated EGFR tyrosine kinase activity using plasma membrane vesicles shed from cultured human A431 carcinoma cells,F,,,BAO_0000190,BAO_0000219,cell-based format,O=C(O)Cc1c(SSSc2[nH]c3ccccc3c2CC(=O)O)[nH]c2ccccc12,,,CHEMBL1127050,J Med Chem,1993,,,CHEMBL79970,,CHEMBL79970,5.03,0,http://www.openphacts.org/units/Nanomolar,146849,=,1,1,=,,IC50,nM,,9300.0,CHEMBL203,Homo sapiens,Epidermal growth factor receptor,9606,,,IC50,uM,UO_0000065,,9.3
,,369989,[],CHEMBL674029,Inhibition of EGF-stimulated EGFR tyrosine kinase activity using plasma membrane vesicles shed from cultured human A431 carcinoma cells,F,,,BAO_0000190,BAO_0000219,cell-based format,Cc1ccc2c(CCC(=O)O)c(SSc3[nH]c4cc(C)ccc4c3CCC(=O)O)[nH]c2c1,,,CHEMBL1127050,J Med Chem,1993,,,CHEMBL81480,,CHEMBL81480,5.54,0,http://www.openphacts.org/units/Nanomolar,146862,=,1,1,=,,IC50,nM,,2900.0,CHEMBL203,Homo sapiens,Epidermal growth factor receptor,9606,,,IC50,uM,UO_0000065,,2.9
,,369990,[],CHEMBL674029,Inhibition of EGF-stimulated EGFR tyrosine kinase activity using plasma membrane vesicles shed from cultured human A431 carcinoma cells,F,,,BAO_0000190,BAO_0000219,cell-based format,Cn1c(SSc2c(CCCC(=O)O)c3ccccc3n2C)c(CCCC(=O)O)c2ccccc21,,,CHEMBL1127050,J Med Chem,1993,,,CHEMBL82214,,CHEMBL82214,5.08,0,http://www.openphacts.org/units/Nanomolar,146859,=,1,1,=,,IC50,nM,,8300.0,CHEMBL203,Homo sapiens,Epidermal growth factor receptor,9606,,,IC50,uM,UO_0000065,,8.3
,,370697,[],CHEMBL677387,Inhibition of phosphorylation of polyglutamic acid/tyrosine random copolymer by epidermal growth factor receptor.,B,,,BAO_0000190,BAO_0000357,single protein format,OCCN(CCO)c1cc2ncnc(Nc3cccc(Br)c3)c2cn1,,,CHEMBL1130246,J Med Chem,1997,"{'bei': '19.59', 'le': '0.43', 'lle': '5.60', 'sei': '8.39'}",,CHEMBL128759,,CHEMBL128759,7.92,0,http://www.openphacts.org/units/Nanomolar,243835,=,1,1,=,,IC50,nM,,12.0,CHEMBL203,Homo sapiens,Epidermal growth factor receptor,9606,,,IC50,nM,UO_0000065,,12.0
,,371313,[],CHEMBL674029,Inhibition of EGF-stimulated EGFR tyrosine kinase activity using plasma membrane vesicles shed from cultured human A431 carcinoma cells,F,,,BAO_0000190,BAO_0000219,cell-based format,COC(=O)Cc1c(SSSc2[nH]c3ccccc3c2CC(=O)OC)[nH]c2ccccc12,,,CHEMBL1127050,J Med Chem,1993,,,CHEMBL79621,,CHEMBL79621,4.46,0,http://www.openphacts.org/units/Nanomolar,146848,=,1,1,=,,IC50,nM,,35000.0,CHEMBL203,Homo sapiens,Epidermal growth factor receptor,9606,,,IC50,uM,UO_0000065,,35.0
,,372730,[],CHEMBL674029,Inhibition of EGF-stimulated EGFR tyrosine kinase activity using plasma membrane vesicles shed from cultured human A431 carcinoma cells,F,,,BAO_0000190,BAO_0000219,cell-based format,Cn1c(SSc2c(CC(=O)O)c3ccccc3n2C)c(CC(=O)O)c2ccccc21,,,CHEMBL1127050,J Med Chem,1993,,,CHEMBL84141,,CHEMBL84141,4.28,0,http://www.openphacts.org/units/Nanomolar,146853,=,1,1,=,,IC50,nM,,53000.0,CHEMBL203,Homo sapiens,Epidermal growth factor receptor,9606,,,IC50,uM,UO_0000065,,53.0
,,374988,[],CHEMBL677387,Inhibition of phosphorylation of polyglutamic acid/tyrosine random copolymer by epidermal growth factor receptor.,B,,,BAO_0000190,BAO_0000357,single protein format,OCC(O)CNc1cc2ncnc(Nc3cccc(Br)c3)c2cn1,,,CHEMBL1130246,J Med Chem,1997,"{'bei': '23.16', 'le': '0.51', 'lle': '6.74', 'sei': '8.76'}",,CHEMBL126372,,CHEMBL126372,9.04,0,http://www.openphacts.org/units/Nanomolar,243803,=,1,1,=,,IC50,nM,,0.92,CHEMBL203,Homo sapiens,Epidermal growth factor receptor,9606,,,IC50,nM,UO_0000065,,0.92
,,374989,[],CHEMBL673451,Inhibition of epidermal growth factor receptor (EGFR) autophosphorylation in A431 cells,B,,,BAO_0000190,BAO_0000219,cell-based format,OCC(O)CNc1cc2ncnc(Nc3cccc(Br)c3)c2cn1,,,CHEMBL1130246,J Med Chem,1997,"{'bei': '17.03', 'le': '0.38', 'lle': '4.34', 'sei': '6.44'}",,CHEMBL126372,,CHEMBL126372,6.64,0,http://www.openphacts.org/units/Nanomolar,243803,=,1,1,=,,IC50,nM,,227.0,CHEMBL203,Homo sapiens,Epidermal growth factor receptor,9606,,,IC50,nM,UO_0000065,,227.0
,,375981,[],CHEMBL680028,Inhibition of autophosphorylation of cytoplasmic domain of epidermal growth factor receptor,B,,,BAO_0000190,BAO_0000357,single protein format,COCC1CCCN1CC#CC(=O)Nc1ccc2ncc(C#N)c(Nc3cccc(Br)c3)c2c1,,,CHEMBL1145020,J Med Chem,2003,"{'bei': '13.16', 'le': '0.27', 'lle': '2.15', 'sei': '7.56'}",,CHEMBL157128,,CHEMBL157128,6.82,0,http://www.openphacts.org/units/Nanomolar,308361,=,1,1,=,,IC50,nM,,150.0,CHEMBL203,Homo sapiens,Epidermal growth factor receptor,9606,,,IC50,uM,UO_0000065,,0.15
,,375986,[],CHEMBL680028,Inhibition of autophosphorylation of cytoplasmic domain of epidermal growth factor receptor,B,,,BAO_0000190,BAO_0000357,single protein format,COc1cc2ncc(C#N)c(Nc3cccc(Br)c3)c2cc1NC(=O)C#CCN(C)C,,,CHEMBL1145020,J Med Chem,2003,"{'bei': '14.73', 'le': '0.31', 'lle': '2.93', 'sei': '7.80'}",,CHEMBL116853,,CHEMBL116853,7.05,0,http://www.openphacts.org/units/Nanomolar,308356,=,1,1,=,,IC50,nM,,90.0,CHEMBL203,Homo sapiens,Epidermal growth factor receptor,9606,,,IC50,uM,UO_0000065,,0.09
,,375991,[],CHEMBL680028,Inhibition of autophosphorylation of cytoplasmic domain of epidermal growth factor receptor,B,,,BAO_0000190,BAO_0000357,single protein format,CCOc1cc2ncc(C#N)c(Nc3cccc(Br)c3)c2cc1NC(=O)/C=C/CN(C)C,,,CHEMBL1145020,J Med Chem,2003,"{'bei': '11.72', 'le': '0.25', 'lle': '0.73', 'sei': '6.42'}",,CHEMBL114728,,CHEMBL114728,5.80,0,http://www.openphacts.org/units/Nanomolar,308386,=,1,1,=,,IC50,nM,,1600.0,CHEMBL203,Homo sapiens,Epidermal growth factor receptor,9606,,,IC50,uM,UO_0000065,,1.6
,,375996,[],CHEMBL680028,Inhibition of autophosphorylation of cytoplasmic domain of epidermal growth factor receptor,B,,,BAO_0000190,BAO_0000357,single protein format,C/C=C/C(=O)Nc1ccc2ncc(C#N)c(Nc3cccc(Br)c3)c2c1,,,CHEMBL1145020,J Med Chem,2003,"{'bei': '14.22', 'le': '0.30', 'lle': '0.66', 'sei': '7.44'}",,CHEMBL326811,,CHEMBL326811,5.79,0,http://www.openphacts.org/units/Nanomolar,308380,=,1,1,=,,IC50,nM,,1620.0,CHEMBL203,Homo sapiens,Epidermal growth factor receptor,9606,,,IC50,uM,UO_0000065,,1.62
,,376356,[],CHEMBL677387,Inhibition of phosphorylation of polyglutamic acid/tyrosine random copolymer by epidermal growth factor receptor.,B,,,BAO_0000190,BAO_0000357,single protein format,CN(C)c1cc2ncnc(Nc3cccc(Br)c3)c2cn1,,,CHEMBL1130246,J Med Chem,1997,"{'bei': '29.18', 'le': '0.65', 'lle': '6.45', 'sei': '18.62'}",,CHEMBL53428,,CHEMBL53428,10.05,1,http://www.openphacts.org/units/Nanomolar,243801,=,1,1,=,,IC50,nM,,0.09,CHEMBL203,Homo sapiens,Epidermal growth factor receptor,9606,,,IC50,nM,UO_0000065,,0.09
,,376357,[],CHEMBL673451,Inhibition of epidermal growth factor receptor (EGFR) autophosphorylation in A431 cells,B,,,BAO_0000190,BAO_0000219,cell-based format,CN(C)c1cc2ncnc(Nc3cccc(Br)c3)c2cn1,,,CHEMBL1130246,J Med Chem,1997,"{'bei': '22.82', 'le': '0.51', 'lle': '4.25', 'sei': '14.56'}",,CHEMBL53428,,CHEMBL53428,7.85,1,http://www.openphacts.org/units/Nanomolar,243801,=,1,1,=,,IC50,nM,,14.0,CHEMBL203,Homo sapiens,Epidermal growth factor receptor,9606,,,IC50,nM,UO_0000065,,14.0
,,376358,[],CHEMBL677387,Inhibition of phosphorylation of polyglutamic acid/tyrosine random copolymer by epidermal growth factor receptor.,B,,,BAO_0000190,BAO_0000357,single protein format,OCC(CO)Nc1cc2ncnc(Nc3cccc(Br)c3)c2cn1,,,CHEMBL1130246,J Med Chem,1997,"{'bei': '20.13', 'le': '0.45', 'lle': '5.55', 'sei': '7.61'}",,CHEMBL125568,,CHEMBL125568,7.85,0,http://www.openphacts.org/units/Nanomolar,243804,=,1,1,=,,IC50,nM,,14.0,CHEMBL203,Homo sapiens,Epidermal growth factor receptor,9606,,,IC50,nM,UO_0000065,,14.0
,,376359,[],CHEMBL677387,Inhibition of phosphorylation of polyglutamic acid/tyrosine random copolymer by epidermal growth factor receptor.,B,,,BAO_0000190,BAO_0000357,single protein format,CN(C)CCCCCNc1cc2ncnc(Nc3cccc(Br)c3)c2cn1,,,CHEMBL1130246,J Med Chem,1997,"{'bei': '18.81', 'le': '0.41', 'lle': '3.41', 'sei': '12.24'}",,CHEMBL129824,,CHEMBL129824,8.08,0,http://www.openphacts.org/units/Nanomolar,243829,=,1,1,=,,IC50,nM,,8.4,CHEMBL203,Homo sapiens,Epidermal growth factor receptor,9606,,,IC50,nM,UO_0000065,,8.4
,,377315,[],CHEMBL680028,Inhibition of autophosphorylation of cytoplasmic domain of epidermal growth factor receptor,B,,,BAO_0000190,BAO_0000357,single protein format,COc1cc2ncc(C#N)c(Nc3ccc(F)c(Cl)c3)c2cc1NC(=O)/C=C/C(C)N1CCOCC1,,,CHEMBL1145020,J Med Chem,2003,"{'bei': '9.76', 'le': '0.19', 'lle': '0.11', 'sei': '5.00'}",,CHEMBL114073,,CHEMBL114073,4.97,0,http://www.openphacts.org/units/Nanomolar,308366,=,1,1,=,,IC50,nM,,10590.0,CHEMBL203,Homo sapiens,Epidermal growth factor receptor,9606,,,IC50,uM,UO_0000065,,10.59
,,379120,[],CHEMBL677387,Inhibition of phosphorylation of polyglutamic acid/tyrosine random copolymer by epidermal growth factor receptor.,B,,,BAO_0000190,BAO_0000357,single protein format,CN(C)CCNc1cc2ncnc(Nc3cccc(Br)c3)c2cn1,,,CHEMBL1130246,J Med Chem,1997,"{'bei': '18.97', 'le': '0.42', 'lle': '3.85', 'sei': '11.14'}",,CHEMBL128432,,CHEMBL128432,7.35,0,http://www.openphacts.org/units/Nanomolar,243832,=,1,1,=,,IC50,nM,,45.0,CHEMBL203,Homo sapiens,Epidermal growth factor receptor,9606,,,IC50,nM,UO_0000065,,45.0
,,379779,[],CHEMBL674029,Inhibition of EGF-stimulated EGFR tyrosine kinase activity using plasma membrane vesicles shed from cultured human A431 carcinoma cells,F,,,BAO_0000190,BAO_0000219,cell-based format,O=C(O)CCc1c(SSc2[nH]c3ccccc3c2CCC(=O)O)[nH]c2ccccc12,,,CHEMBL1127050,J Med Chem,1993,,,CHEMBL79704,,CHEMBL79704,5.38,0,http://www.openphacts.org/units/Nanomolar,146856,=,1,1,=,,IC50,nM,,4200.0,CHEMBL203,Homo sapiens,Epidermal growth factor receptor,9606,,,IC50,uM,UO_0000065,,4.2
,,380164,[],CHEMBL680028,Inhibition of autophosphorylation of cytoplasmic domain of epidermal growth factor receptor,B,,,BAO_0000190,BAO_0000357,single protein format,CC#CC(=O)Nc1cc2c(Nc3cccc(Br)c3)c(C#N)cnc2cc1OC,,,CHEMBL1145020,J Med Chem,2003,"{'bei': '13.88', 'le': '0.29', 'lle': '1.46', 'sei': '6.94'}",,CHEMBL116525,,CHEMBL116525,6.04,0,http://www.openphacts.org/units/Nanomolar,308358,=,1,1,=,,IC50,nM,,910.0,CHEMBL203,Homo sapiens,Epidermal growth factor receptor,9606,,,IC50,uM,UO_0000065,,0.91
,,380169,[],CHEMBL680028,Inhibition of autophosphorylation of cytoplasmic domain of epidermal growth factor receptor,B,,,BAO_0000190,BAO_0000357,single protein format,CN(C)C/C=C/C(=O)Nc1ccc2ncc(C#N)c(Nc3ccc(F)c(Cl)c3)c2c1,,,CHEMBL1145020,J Med Chem,2003,"{'bei': '14.60', 'le': '0.28', 'lle': '1.49', 'sei': '7.63'}",,CHEMBL323630,,CHEMBL323630,6.19,0,http://www.openphacts.org/units/Nanomolar,308382,=,1,1,=,,IC50,nM,,650.0,CHEMBL203,Homo sapiens,Epidermal growth factor receptor,9606,,,IC50,uM,UO_0000065,,0.65
,,381225,[],CHEMBL674029,Inhibition of EGF-stimulated EGFR tyrosine kinase activity using plasma membrane vesicles shed from cultured human A431 carcinoma cells,F,,,BAO_0000190,BAO_0000219,cell-based format,COC(=O)CCC1(CCC(=O)OC)C(S)=Nc2ccccc21,,,CHEMBL1127050,J Med Chem,1993,,,CHEMBL312247,,CHEMBL312247,,0,http://www.openphacts.org/units/Nanomolar,146865,>,1,1,>,,IC50,nM,,100000.0,CHEMBL203,Homo sapiens,Epidermal growth factor receptor,9606,,,IC50,uM,UO_0000065,,100.0
,,381554,[],CHEMBL680028,Inhibition of autophosphorylation of cytoplasmic domain of epidermal growth factor receptor,B,,,BAO_0000190,BAO_0000357,single protein format,CCN(CC)C/C=C/C(=O)Nc1cc2c(Nc3ccc(F)c(Cl)c3)c(C#N)cnc2cc1OC,,,CHEMBL1145020,J Med Chem,2003,"{'bei': '11.87', 'le': '0.23', 'lle': '0.23', 'sei': '6.33'}",,CHEMBL424252,,CHEMBL424252,5.72,0,http://www.openphacts.org/units/Nanomolar,308371,=,1,1,=,,IC50,nM,,1910.0,CHEMBL203,Homo sapiens,Epidermal growth factor receptor,9606,,,IC50,uM,UO_0000065,,1.91
,,381559,[],CHEMBL680028,Inhibition of autophosphorylation of cytoplasmic domain of epidermal growth factor receptor,B,,,BAO_0000190,BAO_0000357,single protein format,C=CC(=O)Nc1cc2c(Nc3cccc(Br)c3)c(C#N)cnc2cc1OC,,,CHEMBL1145020,J Med Chem,2003,"{'bei': '14.39', 'le': '0.31', 'lle': '1.34', 'sei': '7.00'}",,CHEMBL324718,,CHEMBL324718,6.09,0,http://www.openphacts.org/units/Nanomolar,308364,=,1,1,=,,IC50,nM,,810.0,CHEMBL203,Homo sapiens,Epidermal growth factor receptor,9606,,,IC50,uM,UO_0000065,,0.81
,,383110,[],CHEMBL680028,Inhibition of autophosphorylation of cytoplasmic domain of epidermal growth factor receptor,B,,,BAO_0000190,BAO_0000357,single protein format,COc1cc2ncc(C#N)c(Nc3ccc(F)c(Cl)c3)c2cc1NC(=O)/C=C/CN(C)C,,,CHEMBL1145020,J Med Chem,2003,"{'bei': '12.41', 'le': '0.24', 'lle': '0.92', 'sei': '6.24'}",,CHEMBL114490,,CHEMBL114490,5.63,0,http://www.openphacts.org/units/Nanomolar,308372,=,1,1,=,,IC50,nM,,2320.0,CHEMBL203,Homo sapiens,Epidermal growth factor receptor,9606,,,IC50,uM,UO_0000065,,2.32
,,383115,[],CHEMBL680028,Inhibition of autophosphorylation of cytoplasmic domain of epidermal growth factor receptor,B,,,BAO_0000190,BAO_0000357,single protein format,C/C=C/C(=O)Nc1cc2c(Nc3ccc(F)c(Cl)c3)c(C#N)cnc2cc1OCC,,,CHEMBL1145020,J Med Chem,2003,"{'bei': '12.06', 'le': '0.23', 'lle': '-0.44', 'sei': '5.89'}",,CHEMBL113902,,CHEMBL113902,5.12,0,http://www.openphacts.org/units/Nanomolar,308379,=,1,1,=,,IC50,nM,,7500.0,CHEMBL203,Homo sapiens,Epidermal growth factor receptor,9606,,,IC50,uM,UO_0000065,,7.5
,,383120,[],CHEMBL680028,Inhibition of autophosphorylation of cytoplasmic domain of epidermal growth factor receptor,B,,,BAO_0000190,BAO_0000357,single protein format,C=C(CN1CCOCC1)C(=O)Nc1ccc2ncc(C#N)c(Nc3ccc(F)c(Cl)c3)c2c1,,,CHEMBL1145020,J Med Chem,2003,"{'bei': '11.95', 'le': '0.23', 'lle': '1.10', 'sei': '6.17'}",,CHEMBL114392,,CHEMBL114392,5.57,0,http://www.openphacts.org/units/Nanomolar,308378,=,1,1,=,,IC50,nM,,2700.0,CHEMBL203,Homo sapiens,Epidermal growth factor receptor,9606,,,IC50,uM,UO_0000065,,2.7
,,383125,[],CHEMBL680028,Inhibition of autophosphorylation of cytoplasmic domain of epidermal growth factor receptor,B,,,BAO_0000190,BAO_0000357,single protein format,CN(C)C/C=C/C(=O)Nc1ccc2ncnc(Nc3cccc(Br)c3)c2c1,,,CHEMBL1145020,J Med Chem,2003,"{'bei': '18.67', 'le': '0.40', 'lle': '3.77', 'sei': '11.35'}",,CHEMBL94061,,CHEMBL94061,7.96,1,http://www.openphacts.org/units/Nanomolar,308373,=,1,1,=,,IC50,nM,,11.0,CHEMBL203,Homo sapiens,Epidermal growth factor receptor,9606,,,IC50,uM,UO_0000065,,0.011
,,383411,[],CHEMBL677386,Inhibition of epidermal growth factor receptor (EGFR) from human A431 carcinoma cells,B,,,BAO_0000190,BAO_0000219,cell-based format,Cc1cccc(Nc2ncnc3cc(NCCc4c[nH]cn4)ncc23)c1,,,CHEMBL1130246,J Med Chem,1997,"{'bei': '23.57', 'le': '0.43', 'lle': '4.69', 'sei': '8.91'}",,CHEMBL340399,,CHEMBL340399,8.14,0,http://www.openphacts.org/units/Nanomolar,243818,=,1,1,=,,IC50,nM,,7.2,CHEMBL203,Homo sapiens,Epidermal growth factor receptor,9606,,,IC50,nM,UO_0000065,,7.2
,,383413,[],CHEMBL677387,Inhibition of phosphorylation of polyglutamic acid/tyrosine random copolymer by epidermal growth factor receptor.,B,,,BAO_0000190,BAO_0000357,single protein format,Nc1cc2ncnc(Nc3cccc(Br)c3)c2cn1,,,CHEMBL1130246,J Med Chem,1997,"{'bei': '25.30', 'le': '0.58', 'lle': '4.89', 'sei': '10.43'}",,CHEMBL52076,,CHEMBL52076,8.00,1,http://www.openphacts.org/units/Nanomolar,243806,=,1,1,=,,IC50,nM,,10.0,CHEMBL203,Homo sapiens,Epidermal growth factor receptor,9606,,,IC50,nM,UO_0000065,,10.0
,,383414,[],CHEMBL673451,Inhibition of epidermal growth factor receptor (EGFR) autophosphorylation in A431 cells,B,,,BAO_0000190,BAO_0000219,cell-based format,Nc1cc2ncnc(Nc3cccc(Br)c3)c2cn1,,,CHEMBL1130246,J Med Chem,1997,"{'bei': '22.01', 'le': '0.50', 'lle': '3.85', 'sei': '9.07'}",,CHEMBL52076,,CHEMBL52076,6.96,1,http://www.openphacts.org/units/Nanomolar,243806,=,1,1,=,,IC50,nM,,110.0,CHEMBL203,Homo sapiens,Epidermal growth factor receptor,9606,,,IC50,nM,UO_0000065,,110.0
,,384687,[],CHEMBL677387,Inhibition of phosphorylation of polyglutamic acid/tyrosine random copolymer by epidermal growth factor receptor.,B,,,BAO_0000190,BAO_0000357,single protein format,CN(CC(O)C(O)C(O)C(O)CO)c1cc2ncnc(Nc3cccc(Br)c3)c2cn1,,,CHEMBL1130246,J Med Chem,1997,"{'bei': '17.18', 'le': '0.37', 'lle': '8.09', 'sei': '5.48'}",,CHEMBL127611,,CHEMBL127611,8.49,0,http://www.openphacts.org/units/Nanomolar,243833,=,1,1,=,,IC50,nM,,3.2,CHEMBL203,Homo sapiens,Epidermal growth factor receptor,9606,,,IC50,nM,UO_0000065,,3.2
,,385535,[],CHEMBL674029,Inhibition of EGF-stimulated EGFR tyrosine kinase activity using plasma membrane vesicles shed from cultured human A431 carcinoma cells,F,,,BAO_0000190,BAO_0000219,cell-based format,O=C(O)CCC1(CCC(=O)O)C(S)=Nc2ccccc21,,,CHEMBL1127050,J Med Chem,1993,,,CHEMBL82640,,CHEMBL82640,,0,http://www.openphacts.org/units/Nanomolar,146866,>,1,1,>,,IC50,nM,,100000.0,CHEMBL203,Homo sapiens,Epidermal growth factor receptor,9606,,,IC50,uM,UO_0000065,,100.0
,,385536,[],CHEMBL674029,Inhibition of EGF-stimulated EGFR tyrosine kinase activity using plasma membrane vesicles shed from cultured human A431 carcinoma cells,F,,,BAO_0000190,BAO_0000219,cell-based format,Cc1cccc2c(CCC(=O)O)c(SSc3[nH]c4c(C)cccc4c3CCC(=O)O)[nH]c12,,,CHEMBL1127050,J Med Chem,1993,,,CHEMBL81664,,CHEMBL81664,5.82,0,http://www.openphacts.org/units/Nanomolar,146861,=,1,1,=,,IC50,nM,,1500.0,CHEMBL203,Homo sapiens,Epidermal growth factor receptor,9606,,,IC50,uM,UO_0000065,,1.5
,,385794,[],CHEMBL680028,Inhibition of autophosphorylation of cytoplasmic domain of epidermal growth factor receptor,B,,,BAO_0000190,BAO_0000357,single protein format,CC(C)N(CC#CC(=O)Nc1ccc2ncc(C#N)c(Nc3cccc(Br)c3)c2c1)C(C)C,,,CHEMBL1145020,J Med Chem,2003,"{'bei': '13.09', 'le': '0.27', 'lle': '0.93', 'sei': '8.15'}",,CHEMBL113900,,CHEMBL113900,6.60,0,http://www.openphacts.org/units/Nanomolar,308359,=,1,1,=,,IC50,nM,,250.0,CHEMBL203,Homo sapiens,Epidermal growth factor receptor,9606,,,IC50,uM,UO_0000065,,0.25
,,385799,[],CHEMBL680028,Inhibition of autophosphorylation of cytoplasmic domain of epidermal growth factor receptor,B,,,BAO_0000190,BAO_0000357,single protein format,N#Cc1cnc2ccc(NC(=O)/C=C/CN3CCOCC3)cc2c1Nc1ccc(F)c(Cl)c1,,,CHEMBL1145020,J Med Chem,2003,"{'bei': '12.11', 'le': '0.23', 'lle': '1.17', 'sei': '6.25'}",,CHEMBL118000,,CHEMBL118000,5.64,0,http://www.openphacts.org/units/Nanomolar,308381,=,1,1,=,,IC50,nM,,2290.0,CHEMBL203,Homo sapiens,Epidermal growth factor receptor,9606,,,IC50,uM,UO_0000065,,2.29
,,386241,[],CHEMBL677387,Inhibition of phosphorylation of polyglutamic acid/tyrosine random copolymer by epidermal growth factor receptor.,B,,,BAO_0000190,BAO_0000357,single protein format,Brc1cccc(Nc2ncnc3cc(NCCCN4CCOCC4)ncc23)c1,,,CHEMBL1130246,J Med Chem,1997,"{'bei': '19.67', 'le': '0.43', 'lle': '5.05', 'sei': '11.60'}",,CHEMBL126623,,CHEMBL126623,8.72,0,http://www.openphacts.org/units/Nanomolar,243814,=,1,1,=,,IC50,nM,,1.9,CHEMBL203,Homo sapiens,Epidermal growth factor receptor,9606,,,IC50,nM,UO_0000065,,1.9
,,386242,[],CHEMBL673451,Inhibition of epidermal growth factor receptor (EGFR) autophosphorylation in A431 cells,B,,,BAO_0000190,BAO_0000219,cell-based format,Brc1cccc(Nc2ncnc3cc(NCCCN4CCOCC4)ncc23)c1,,,CHEMBL1130246,J Med Chem,1997,"{'bei': '18.25', 'le': '0.39', 'lle': '4.42', 'sei': '10.76'}",,CHEMBL126623,,CHEMBL126623,8.09,0,http://www.openphacts.org/units/Nanomolar,243814,=,1,1,=,,IC50,nM,,8.1,CHEMBL203,Homo sapiens,Epidermal growth factor receptor,9606,,,IC50,nM,UO_0000065,,8.1
,,386249,[],CHEMBL677387,Inhibition of phosphorylation of polyglutamic acid/tyrosine random copolymer by epidermal growth factor receptor.,B,,,BAO_0000190,BAO_0000357,single protein format,CN(CC(=O)O)c1cc2ncnc(Nc3cccc(Br)c3)c2cn1,,,CHEMBL1130246,J Med Chem,1997,"{'bei': '20.08', 'le': '0.44', 'lle': '4.75', 'sei': '8.54'}",,CHEMBL126903,,CHEMBL126903,7.80,0,http://www.openphacts.org/units/Nanomolar,243824,=,1,1,=,,IC50,nM,,16.0,CHEMBL203,Homo sapiens,Epidermal growth factor receptor,9606,,,IC50,nM,UO_0000065,,16.0
,,387040,[],CHEMBL674029,Inhibition of EGF-stimulated EGFR tyrosine kinase activity using plasma membrane vesicles shed from cultured human A431 carcinoma cells,F,,,BAO_0000190,BAO_0000219,cell-based format,Cn1c(SSc2c(CCC(=O)O)c3ccccc3n2C)c(CCC(=O)O)c2ccccc21,,,CHEMBL1127050,J Med Chem,1993,,,CHEMBL84143,,CHEMBL84143,5.51,0,http://www.openphacts.org/units/Nanomolar,146847,=,1,1,=,,IC50,nM,,3100.0,CHEMBL203,Homo sapiens,Epidermal growth factor receptor,9606,,,IC50,uM,UO_0000065,,3.1
,,387974,[],CHEMBL677387,Inhibition of phosphorylation of polyglutamic acid/tyrosine random copolymer by epidermal growth factor receptor.,B,,,BAO_0000190,BAO_0000357,single protein format,O=C(O)CCNc1cc2ncnc(Nc3cccc(Br)c3)c2cn1,,,CHEMBL1130246,J Med Chem,1997,"{'bei': '23.74', 'le': '0.52', 'lle': '5.79', 'sei': '9.21'}",,CHEMBL127086,,CHEMBL127086,9.21,0,http://www.openphacts.org/units/Nanomolar,243826,=,1,1,=,,IC50,nM,,0.61,CHEMBL203,Homo sapiens,Epidermal growth factor receptor,9606,,,IC50,nM,UO_0000065,,0.61
,,387975,[],CHEMBL673451,Inhibition of epidermal growth factor receptor (EGFR) autophosphorylation in A431 cells,B,,,BAO_0000190,BAO_0000219,cell-based format,O=C(O)CCNc1cc2ncnc(Nc3cccc(Br)c3)c2cn1,,,CHEMBL1130246,J Med Chem,1997,"{'bei': '12.73', 'le': '0.28', 'lle': '1.52', 'sei': '4.94'}",,CHEMBL127086,,CHEMBL127086,4.94,0,http://www.openphacts.org/units/Nanomolar,243826,=,1,1,=,,IC50,nM,,11400.0,CHEMBL203,Homo sapiens,Epidermal growth factor receptor,9606,,,IC50,nM,UO_0000065,,11400.0
,,388709,[],CHEMBL674029,Inhibition of EGF-stimulated EGFR tyrosine kinase activity using plasma membrane vesicles shed from cultured human A431 carcinoma cells,F,,,BAO_0000190,BAO_0000219,cell-based format,O=C(O)CC1C(S)=Nc2ccccc21,,,CHEMBL1127050,J Med Chem,1993,,,CHEMBL83429,,CHEMBL83429,4.83,0,http://www.openphacts.org/units/Nanomolar,146877,=,1,1,=,,IC50,nM,,14900.0,CHEMBL203,Homo sapiens,Epidermal growth factor receptor,9606,,,IC50,uM,UO_0000065,,14.9
,,388710,[],CHEMBL674029,Inhibition of EGF-stimulated EGFR tyrosine kinase activity using plasma membrane vesicles shed from cultured human A431 carcinoma cells,F,,,BAO_0000190,BAO_0000219,cell-based format,COC(=O)CC1C(S)=Nc2ccccc21,,,CHEMBL1127050,J Med Chem,1993,,,CHEMBL312001,,CHEMBL312001,4.00,0,http://www.openphacts.org/units/Nanomolar,146873,=,1,1,=,,IC50,nM,,100000.0,CHEMBL203,Homo sapiens,Epidermal growth factor receptor,9606,,,IC50,uM,UO_0000065,,100.0
,,389022,[],CHEMBL680028,Inhibition of autophosphorylation of cytoplasmic domain of epidermal growth factor receptor,B,,,BAO_0000190,BAO_0000357,single protein format,COc1cc2ncc(C#N)c(Nc3cccc(Br)c3)c2cc1NC(=O)/C=C/CN(C)C,,,CHEMBL1145020,J Med Chem,2003,"{'bei': '12.70', 'le': '0.27', 'lle': '1.42', 'sei': '6.76'}",,CHEMBL263788,,CHEMBL263788,6.10,0,http://www.openphacts.org/units/Nanomolar,308388,=,1,1,=,,IC50,nM,,790.0,CHEMBL203,Homo sapiens,Epidermal growth factor receptor,9606,,,IC50,uM,UO_0000065,,0.79
,,389440,[],CHEMBL677387,Inhibition of phosphorylation of polyglutamic acid/tyrosine random copolymer by epidermal growth factor receptor.,B,,,BAO_0000190,BAO_0000357,single protein format,O=C(O)CNc1cc2ncnc(Nc3cccc(Br)c3)c2cn1,,,CHEMBL1130246,J Med Chem,1997,"{'bei': '23.58', 'le': '0.52', 'lle': '5.79', 'sei': '8.82'}",,CHEMBL338175,,CHEMBL338175,8.82,0,http://www.openphacts.org/units/Nanomolar,243817,=,1,1,=,,IC50,nM,,1.5,CHEMBL203,Homo sapiens,Epidermal growth factor receptor,9606,,,IC50,nM,UO_0000065,,1.5
,,389992,[],CHEMBL674029,Inhibition of EGF-stimulated EGFR tyrosine kinase activity using plasma membrane vesicles shed from cultured human A431 carcinoma cells,F,,,BAO_0000190,BAO_0000219,cell-based format,COC(=O)Cc1c(SSc2[nH]c3ccccc3c2CC(=O)OC)[nH]c2ccccc12,,,CHEMBL1127050,J Med Chem,1993,,,CHEMBL83838,,CHEMBL83838,4.75,0,http://www.openphacts.org/units/Nanomolar,146852,=,1,1,=,,IC50,nM,,18000.0,CHEMBL203,Homo sapiens,Epidermal growth factor receptor,9606,,,IC50,uM,UO_0000065,,18.0
,,390356,[],CHEMBL680028,Inhibition of autophosphorylation of cytoplasmic domain of epidermal growth factor receptor,B,,,BAO_0000190,BAO_0000357,single protein format,COCOC#CC(=O)Nc1ccc2ncc(C#N)c(Nc3cccc(Br)c3)c2c1,,,CHEMBL1145020,J Med Chem,2003,"{'bei': '14.36', 'le': '0.31', 'lle': '2.35', 'sei': '6.73'}",,CHEMBL414631,,CHEMBL414631,6.48,0,http://www.openphacts.org/units/Nanomolar,308363,=,1,1,=,,IC50,nM,,330.0,CHEMBL203,Homo sapiens,Epidermal growth factor receptor,9606,,,IC50,uM,UO_0000065,,0.33
,,391087,[],CHEMBL674693,Inhibition of Epidermal growth factor receptor (EGF-R) tyrosine kinase activity ,B,,,BAO_0000190,BAO_0000357,single protein format,Nc1ncnc2c1c(-c1cccc(O)c1)cn2C1CCC1,,,CHEMBL1134829,Bioorg Med Chem Lett,2001,"{'bei': '23.27', 'le': '0.42', 'lle': '3.41', 'sei': '8.48'}",,CHEMBL355330,,CHEMBL355330,6.52,0,http://www.openphacts.org/units/Nanomolar,333379,=,1,1,=,,IC50,nM,,300.0,CHEMBL203,Homo sapiens,Epidermal growth factor receptor,9606,,,IC50,uM,UO_0000065,,0.3
,,391455,[],CHEMBL679944,Concentration needed to inhibit the phosphorylation of a 14-residue fragment of phospholipase C-gamma1 by Epidermal growth factor receptor (prepared from human A431 carcinoma cell vesicles by immunoaffinity chromatography),B,,,BAO_0000190,BAO_0000357,single protein format,CN(C)CCNc1[nH]cnc2c3ccccc3nc1-2.Cl,,,CHEMBL1132555,J Med Chem,1999,,,CHEMBL543457,,CHEMBL1192249,,0,http://www.openphacts.org/units/Nanomolar,296365,>,1,1,>,,IC50,nM,,100000.0,CHEMBL203,Homo sapiens,Epidermal growth factor receptor,9606,,,IC50,nM,UO_0000065,,100000.0
,,392440,[],CHEMBL674693,Inhibition of Epidermal growth factor receptor (EGF-R) tyrosine kinase activity ,B,,,BAO_0000190,BAO_0000357,single protein format,COc1ccc(-c2cn(C3CCCC3)c3ncnc(N)c23)cc1,,,CHEMBL1134829,Bioorg Med Chem Lett,2001,"{'bei': '20.25', 'le': '0.37', 'lle': '2.44', 'sei': '9.47'}",,CHEMBL170724,,CHEMBL170724,6.24,0,http://www.openphacts.org/units/Nanomolar,333371,=,1,1,=,,IC50,nM,,570.0,CHEMBL203,Homo sapiens,Epidermal growth factor receptor,9606,,,IC50,uM,UO_0000065,,0.57
,,393597,[],CHEMBL674693,Inhibition of Epidermal growth factor receptor (EGF-R) tyrosine kinase activity ,B,,,BAO_0000190,BAO_0000357,single protein format,COc1cccc(-c2cn(C3CC(CNCCO)C3)c3ncnc(N)c23)c1,,,CHEMBL1134829,Bioorg Med Chem Lett,2001,"{'bei': '17.17', 'le': '0.32', 'lle': '4.09', 'sei': '6.42'}",,CHEMBL168550,,CHEMBL168550,6.31,0,http://www.openphacts.org/units/Nanomolar,333374,=,1,1,=,,IC50,nM,,490.0,CHEMBL203,Homo sapiens,Epidermal growth factor receptor,9606,,,IC50,uM,UO_0000065,,0.49
,,393852,[],CHEMBL679944,Concentration needed to inhibit the phosphorylation of a 14-residue fragment of phospholipase C-gamma1 by Epidermal growth factor receptor (prepared from human A431 carcinoma cell vesicles by immunoaffinity chromatography),B,,,BAO_0000190,BAO_0000357,single protein format,Brc1cccc(Nc2ncnc3ccc4cc[nH]c4c23)c1,,,CHEMBL1132555,J Med Chem,1999,"{'bei': '26.26', 'le': '0.58', 'lle': '4.29', 'sei': '16.62'}",,CHEMBL153525,,CHEMBL153525,8.91,1,http://www.openphacts.org/units/Nanomolar,296373,=,1,1,=,,IC50,nM,,1.24,CHEMBL203,Homo sapiens,Epidermal growth factor receptor,9606,,,IC50,nM,UO_0000065,,1.24
,,393853,[],CHEMBL679944,Concentration needed to inhibit the phosphorylation of a 14-residue fragment of phospholipase C-gamma1 by Epidermal growth factor receptor (prepared from human A431 carcinoma cell vesicles by immunoaffinity chromatography),B,,,BAO_0000190,BAO_0000357,single protein format,C[C@H](Nc1ncnc2c1sc1ccccc12)c1ccccc1,,,CHEMBL1132555,J Med Chem,1999,"{'bei': '20.53', 'le': '0.39', 'lle': '1.25', 'sei': '16.58'}",,CHEMBL3085277,,CHEMBL3085277,6.27,0,http://www.openphacts.org/units/Nanomolar,296402,=,1,1,=,,IC50,nM,,538.0,CHEMBL203,Homo sapiens,Epidermal growth factor receptor,9606,,,IC50,nM,UO_0000065,,538.0
,,393859,[],CHEMBL679944,Concentration needed to inhibit the phosphorylation of a 14-residue fragment of phospholipase C-gamma1 by Epidermal growth factor receptor (prepared from human A431 carcinoma cell vesicles by immunoaffinity chromatography),B,,,BAO_0000190,BAO_0000357,single protein format,Nc1ccc2sc3c(Nc4cccc(Br)c4)ncnc3c2c1,,,CHEMBL1132555,J Med Chem,1999,"{'bei': '25.77', 'le': '0.59', 'lle': '4.64', 'sei': '14.99'}",,CHEMBL152905,,CHEMBL152905,9.57,0,http://www.openphacts.org/units/Nanomolar,296393,=,1,1,=,,IC50,nM,,0.27,CHEMBL203,Homo sapiens,Epidermal growth factor receptor,9606,,,IC50,nM,UO_0000065,,0.27
,,393860,[],CHEMBL677214,Inhibition of Epidermal growth factor receptor autophosphorylation in A431 cells,B,,,BAO_0000190,BAO_0000219,cell-based format,Nc1ccc2sc3c(Nc4cccc(Br)c4)ncnc3c2c1,,,CHEMBL1132555,J Med Chem,1999,"{'bei': '19.03', 'le': '0.44', 'lle': '2.14', 'sei': '11.07'}",,CHEMBL152905,,CHEMBL152905,7.07,0,http://www.openphacts.org/units/Nanomolar,296393,=,1,1,=,,IC50,nM,,86.0,CHEMBL203,Homo sapiens,Epidermal growth factor receptor,9606,,,IC50,nM,UO_0000065,,86.0
,,394697,[],CHEMBL621024,Inhibition of epidermal growth factor receptor (EGF-R) autophosphorylation in A431 cells,F,,,BAO_0000190,BAO_0000219,cell-based format,COc1ccc(Nc2ncnc3cc(OC)c(OC)cc23)cc1OC,,,CHEMBL1152084,Bioorg Med Chem Lett,1997,,,CHEMBL100714,,CHEMBL100714,5.55,0,http://www.openphacts.org/units/Nanomolar,185638,=,1,1,=,,IC50,nM,,2800.0,CHEMBL203,Homo sapiens,Epidermal growth factor receptor,9606,,,IC50,uM,UO_0000065,,2.8
,,394821,[],CHEMBL674693,Inhibition of Epidermal growth factor receptor (EGF-R) tyrosine kinase activity ,B,,,BAO_0000190,BAO_0000357,single protein format,COc1ccc(CC(CO)n2cc(-c3cccc(OC)c3)c3c(N)ncnc32)cc1,,,CHEMBL1134829,Bioorg Med Chem Lett,2001,"{'bei': '12.39', 'le': '0.23', 'lle': '1.54', 'sei': '5.25'}",,CHEMBL168555,,CHEMBL168555,5.01,0,http://www.openphacts.org/units/Nanomolar,333363,=,1,1,=,,IC50,nM,,9700.0,CHEMBL203,Homo sapiens,Epidermal growth factor receptor,9606,,,IC50,uM,UO_0000065,,9.7
,,394825,[],CHEMBL674693,Inhibition of Epidermal growth factor receptor (EGF-R) tyrosine kinase activity ,B,,,BAO_0000190,BAO_0000357,single protein format,COc1cccc(-c2cn(C3CCCC3)c3ncnc(N)c23)c1,,,CHEMBL1134829,Bioorg Med Chem Lett,2001,"{'bei': '20.55', 'le': '0.38', 'lle': '2.54', 'sei': '9.61'}",,CHEMBL168382,,CHEMBL168382,6.34,0,http://www.openphacts.org/units/Nanomolar,333369,=,1,1,=,,IC50,nM,,460.0,CHEMBL203,Homo sapiens,Epidermal growth factor receptor,9606,,,IC50,uM,UO_0000065,,0.46
,,394829,[],CHEMBL674693,Inhibition of Epidermal growth factor receptor (EGF-R) tyrosine kinase activity ,B,,,BAO_0000190,BAO_0000357,single protein format,Nc1ncnc2c1c(-c1ccccc1)cn2C1CCC(O)C1,,,CHEMBL1134829,Bioorg Med Chem Lett,2001,"{'bei': '20.73', 'le': '0.38', 'lle': '3.33', 'sei': '7.93'}",,CHEMBL168285,,CHEMBL168285,6.10,0,http://www.openphacts.org/units/Nanomolar,333378,=,1,1,=,,IC50,nM,,790.0,CHEMBL203,Homo sapiens,Epidermal growth factor receptor,9606,,,IC50,uM,UO_0000065,,0.79
,,394833,[],CHEMBL674693,Inhibition of Epidermal growth factor receptor (EGF-R) tyrosine kinase activity ,B,,,BAO_0000190,BAO_0000357,single protein format,COc1cccc(-c2cn(C3CC(CO)C3)c3ncnc(N)c23)c1,,,CHEMBL1134829,Bioorg Med Chem Lett,2001,"{'bei': '19.66', 'le': '0.36', 'lle': '3.75', 'sei': '7.40'}",,CHEMBL352801,,CHEMBL352801,6.38,0,http://www.openphacts.org/units/Nanomolar,333376,=,1,1,=,,IC50,nM,,420.0,CHEMBL203,Homo sapiens,Epidermal growth factor receptor,9606,,,IC50,uM,UO_0000065,,0.42
,,394911,[],CHEMBL674026,Inhibition of EGFR kinase,B,,,BAO_0000190,BAO_0000357,single protein format,COc1nccc(-c2c(-c3ccc(F)cc3)ncn2C2CCNCC2)n1,,,CHEMBL1134743,Bioorg Med Chem Lett,2001,,,CHEMBL95692,SB-242235,CHEMBL95692,,0,http://www.openphacts.org/units/Nanomolar,180418,>,1,1,>,,IC50,nM,,10.0,CHEMBL203,Homo sapiens,Epidermal growth factor receptor,9606,,,IC50,nM,UO_0000065,,10.0
,,395224,[],CHEMBL679944,Concentration needed to inhibit the phosphorylation of a 14-residue fragment of phospholipase C-gamma1 by Epidermal growth factor receptor (prepared from human A431 carcinoma cell vesicles by immunoaffinity chromatography),B,,,BAO_0000190,BAO_0000357,single protein format,COc1cc2ncnc(Nc3cccc(Br)c3)c2cc1OC,,,CHEMBL1132555,J Med Chem,1999,"{'bei': '29.43', 'le': '0.66', 'lle': '6.45', 'sei': '18.84'}",,CHEMBL29197,,CHEMBL29197,10.60,1,http://www.openphacts.org/units/Nanomolar,296408,=,1,1,=,,IC50,nM,,0.025,CHEMBL203,Homo sapiens,Epidermal growth factor receptor,9606,,,IC50,nM,UO_0000065,,0.025
,,396599,[],CHEMBL679944,Concentration needed to inhibit the phosphorylation of a 14-residue fragment of phospholipase C-gamma1 by Epidermal growth factor receptor (prepared from human A431 carcinoma cell vesicles by immunoaffinity chromatography),B,,,BAO_0000190,BAO_0000357,single protein format,CCOC(C)=O.CN(C)CCNc1[nH]cnc2nc3ccccc3c1-2,,,CHEMBL1132555,J Med Chem,1999,,,CHEMBL357326,,CHEMBL1184578,,0,http://www.openphacts.org/units/Nanomolar,296364,>,1,1,>,,IC50,nM,,10000.0,CHEMBL203,Homo sapiens,Epidermal growth factor receptor,9606,,,IC50,nM,UO_0000065,,10000.0
,,396600,[],CHEMBL679944,Concentration needed to inhibit the phosphorylation of a 14-residue fragment of phospholipase C-gamma1 by Epidermal growth factor receptor (prepared from human A431 carcinoma cell vesicles by immunoaffinity chromatography),B,,,BAO_0000190,BAO_0000357,single protein format,CCN(CC)CCn1c2ccccc2c2c(Nc3cccc(Br)c3)ncnc21,,,CHEMBL1132555,J Med Chem,1999,"{'bei': '12.29', 'le': '0.26', 'lle': '-0.04', 'sei': '11.72'}",,CHEMBL448730,,CHEMBL448730,5.39,0,http://www.openphacts.org/units/Nanomolar,296360,=,1,1,=,,IC50,nM,,4100.0,CHEMBL203,Homo sapiens,Epidermal growth factor receptor,9606,,,IC50,nM,UO_0000065,,4100.0
,,396601,[],CHEMBL679944,Concentration needed to inhibit the phosphorylation of a 14-residue fragment of phospholipase C-gamma1 by Epidermal growth factor receptor (prepared from human A431 carcinoma cell vesicles by immunoaffinity chromatography),B,,,BAO_0000190,BAO_0000357,single protein format,Cc1cccc(Nc2ncnc3c2sc2ccc([N+](=O)[O-])cc23)c1.Cl,,,CHEMBL1132555,J Med Chem,1999,"{'bei': '23.66', 'le': '0.45', 'lle': '3.16', 'sei': '9.83'}",,CHEMBL544867,,CHEMBL1193456,7.96,0,http://www.openphacts.org/units/Nanomolar,296399,=,1,1,=,,IC50,nM,,11.0,CHEMBL203,Homo sapiens,Epidermal growth factor receptor,9606,,,IC50,nM,UO_0000065,,11.0
,,396602,[],CHEMBL679944,Concentration needed to inhibit the phosphorylation of a 14-residue fragment of phospholipase C-gamma1 by Epidermal growth factor receptor (prepared from human A431 carcinoma cell vesicles by immunoaffinity chromatography),B,,,BAO_0000190,BAO_0000357,single protein format,Cl.O=[N+]([O-])c1ccc2sc3c(Nc4cccc(C(F)(F)F)c4)ncnc3c2c1,,,CHEMBL1132555,J Med Chem,1999,"{'bei': '16.23', 'le': '0.32', 'lle': '0.82', 'sei': '7.83'}",,CHEMBL538814,,CHEMBL1189489,6.34,0,http://www.openphacts.org/units/Nanomolar,296398,=,1,1,=,,IC50,nM,,460.0,CHEMBL203,Homo sapiens,Epidermal growth factor receptor,9606,,,IC50,nM,UO_0000065,,460.0
,,397434,[],CHEMBL621024,Inhibition of epidermal growth factor receptor (EGF-R) autophosphorylation in A431 cells,F,,,BAO_0000190,BAO_0000219,cell-based format,COc1ccc(Oc2ncnc3cc(OC)c(OC)cc23)cc1OC,,,CHEMBL1152084,Bioorg Med Chem Lett,1997,,,CHEMBL431818,,CHEMBL431818,,0,http://www.openphacts.org/units/Nanomolar,185640,>,1,1,>,,IC50,nM,,100000.0,CHEMBL203,Homo sapiens,Epidermal growth factor receptor,9606,,,IC50,uM,UO_0000065,,100.0
,,397799,[],CHEMBL679944,Concentration needed to inhibit the phosphorylation of a 14-residue fragment of phospholipase C-gamma1 by Epidermal growth factor receptor (prepared from human A431 carcinoma cell vesicles by immunoaffinity chromatography),B,,,BAO_0000190,BAO_0000357,single protein format,c1ccc2c(c1)[nH]c1c(NC3CCCCC3)ncnc12,,,CHEMBL1132555,J Med Chem,1999,,,CHEMBL5195327,,CHEMBL5195327,,0,http://www.openphacts.org/units/Nanomolar,296366,>,1,1,>,,IC50,nM,,100000.0,CHEMBL203,Homo sapiens,Epidermal growth factor receptor,9606,,,IC50,nM,UO_0000065,,100000.0
,,397800,[],CHEMBL679944,Concentration needed to inhibit the phosphorylation of a 14-residue fragment of phospholipase C-gamma1 by Epidermal growth factor receptor (prepared from human A431 carcinoma cell vesicles by immunoaffinity chromatography),B,,,BAO_0000190,BAO_0000357,single protein format,COc1cccc2sc3c(Nc4cccc(Br)c4)ncnc3c12.Cl,,,CHEMBL1132555,J Med Chem,1999,"{'bei': '19.93', 'le': '0.46', 'lle': '2.34', 'sei': '16.37'}",,CHEMBL542755,,CHEMBL1191631,7.70,0,http://www.openphacts.org/units/Nanomolar,296382,=,1,1,=,,IC50,nM,,20.0,CHEMBL203,Homo sapiens,Epidermal growth factor receptor,9606,,,IC50,nM,UO_0000065,,20.0
,,400160,[],CHEMBL679944,Concentration needed to inhibit the phosphorylation of a 14-residue fragment of phospholipase C-gamma1 by Epidermal growth factor receptor (prepared from human A431 carcinoma cell vesicles by immunoaffinity chromatography),B,,,BAO_0000190,BAO_0000357,single protein format,CNc1cc2c(Nc3cccc(Br)c3)ncnc2cn1,Outside typical range,"Values for this activity type are unusually large/small, so may not be accurate",CHEMBL1132555,J Med Chem,1999,,,CHEMBL53753,,CHEMBL53753,,1,http://www.openphacts.org/units/Nanomolar,296357,=,1,1,=,,IC50,nM,,0.008,CHEMBL203,Homo sapiens,Epidermal growth factor receptor,9606,,,IC50,nM,UO_0000065,,0.008
,,400161,[],CHEMBL679944,Concentration needed to inhibit the phosphorylation of a 14-residue fragment of phospholipase C-gamma1 by Epidermal growth factor receptor (prepared from human A431 carcinoma cell vesicles by immunoaffinity chromatography),B,,,BAO_0000190,BAO_0000357,single protein format,COc1ccc2[nH]c3ncnc(Nc4cccc(Br)c4)c3c2c1,,,CHEMBL1132555,J Med Chem,1999,"{'bei': '24.16', 'le': '0.53', 'lle': '4.29', 'sei': '14.20'}",,CHEMBL153206,,CHEMBL153206,8.92,0,http://www.openphacts.org/units/Nanomolar,296405,=,1,1,=,,IC50,nM,,1.2,CHEMBL203,Homo sapiens,Epidermal growth factor receptor,9606,,,IC50,nM,UO_0000065,,1.2
,,400162,[],CHEMBL677214,Inhibition of Epidermal growth factor receptor autophosphorylation in A431 cells,B,,,BAO_0000190,BAO_0000219,cell-based format,COc1ccc2[nH]c3ncnc(Nc4cccc(Br)c4)c3c2c1,,,CHEMBL1132555,J Med Chem,1999,"{'bei': '21.36', 'le': '0.47', 'lle': '3.26', 'sei': '12.55'}",,CHEMBL153206,,CHEMBL153206,7.89,0,http://www.openphacts.org/units/Nanomolar,296405,=,1,1,=,,IC50,nM,,13.0,CHEMBL203,Homo sapiens,Epidermal growth factor receptor,9606,,,IC50,nM,UO_0000065,,13.0
,,400167,[],CHEMBL679944,Concentration needed to inhibit the phosphorylation of a 14-residue fragment of phospholipase C-gamma1 by Epidermal growth factor receptor (prepared from human A431 carcinoma cell vesicles by immunoaffinity chromatography),B,,,BAO_0000190,BAO_0000357,single protein format,COc1ccc2c(c1)sc1c(Nc3cccc(Br)c3)ncnc12,,,CHEMBL1132555,J Med Chem,1999,"{'bei': '18.37', 'le': '0.42', 'lle': '1.74', 'sei': '15.09'}",,CHEMBL346846,,CHEMBL346846,7.10,0,http://www.openphacts.org/units/Nanomolar,296388,=,1,1,=,,IC50,nM,,80.0,CHEMBL203,Homo sapiens,Epidermal growth factor receptor,9606,,,IC50,nM,UO_0000065,,80.0
,,401413,[],CHEMBL674693,Inhibition of Epidermal growth factor receptor (EGF-R) tyrosine kinase activity ,B,,,BAO_0000190,BAO_0000357,single protein format,COc1ccc(CC(CO)n2cc(-c3cccc(O)c3)c3c(N)ncnc32)cc1,,,CHEMBL1134829,Bioorg Med Chem Lett,2001,"{'bei': '14.01', 'le': '0.26', 'lle': '2.30', 'sei': '5.14'}",,CHEMBL169467,,CHEMBL169467,5.47,0,http://www.openphacts.org/units/Nanomolar,333380,=,1,1,=,,IC50,nM,,3400.0,CHEMBL203,Homo sapiens,Epidermal growth factor receptor,9606,,,IC50,uM,UO_0000065,,3.4
,,401417,[],CHEMBL674693,Inhibition of Epidermal growth factor receptor (EGF-R) tyrosine kinase activity ,B,,,BAO_0000190,BAO_0000357,single protein format,Nc1ncnc2c1c(-c1ccccc1)cn2C1CC(O)C1,,,CHEMBL1134829,Bioorg Med Chem Lett,2001,"{'bei': '19.80', 'le': '0.36', 'lle': '3.17', 'sei': '7.21'}",,CHEMBL168266,,CHEMBL168266,5.55,0,http://www.openphacts.org/units/Nanomolar,333377,=,1,1,=,,IC50,nM,,2820.0,CHEMBL203,Homo sapiens,Epidermal growth factor receptor,9606,,,IC50,uM,UO_0000065,,2.82
,,401724,[],CHEMBL679944,Concentration needed to inhibit the phosphorylation of a 14-residue fragment of phospholipase C-gamma1 by Epidermal growth factor receptor (prepared from human A431 carcinoma cell vesicles by immunoaffinity chromatography),B,,,BAO_0000190,BAO_0000357,single protein format,CN(C)c1ccc2sc3c(Nc4cccc(Br)c4)ncnc3c2c1,,,CHEMBL1132555,J Med Chem,1999,"{'bei': '19.29', 'le': '0.44', 'lle': '2.28', 'sei': '18.77'}",,CHEMBL153739,,CHEMBL153739,7.70,0,http://www.openphacts.org/units/Nanomolar,296386,=,1,1,=,,IC50,nM,,19.8,CHEMBL203,Homo sapiens,Epidermal growth factor receptor,9606,,,IC50,nM,UO_0000065,,19.8
,,404127,[],CHEMBL674693,Inhibition of Epidermal growth factor receptor (EGF-R) tyrosine kinase activity ,B,,,BAO_0000190,BAO_0000357,single protein format,COc1cccc(-c2cn(C3CC(C(=O)NCCO)C3)c3ncnc(N)c23)c1,,,CHEMBL1134829,Bioorg Med Chem Lett,2001,"{'bei': '16.99', 'le': '0.32', 'lle': '4.73', 'sei': '5.62'}",,CHEMBL354310,,CHEMBL354310,6.48,0,http://www.openphacts.org/units/Nanomolar,333375,=,1,1,=,,IC50,nM,,330.0,CHEMBL203,Homo sapiens,Epidermal growth factor receptor,9606,,,IC50,uM,UO_0000065,,0.33
,,404725,[],CHEMBL679944,Concentration needed to inhibit the phosphorylation of a 14-residue fragment of phospholipase C-gamma1 by Epidermal growth factor receptor (prepared from human A431 carcinoma cell vesicles by immunoaffinity chromatography),B,,,BAO_0000190,BAO_0000357,single protein format,Cn1c2ccccc2c2c(Nc3cccc(Br)c3)ncnc21,,,CHEMBL1132555,J Med Chem,1999,"{'bei': '17.35', 'le': '0.38', 'lle': '1.50', 'sei': '14.34'}",,CHEMBL152984,,CHEMBL152984,6.13,0,http://www.openphacts.org/units/Nanomolar,296361,=,1,1,=,,IC50,nM,,742.0,CHEMBL203,Homo sapiens,Epidermal growth factor receptor,9606,,,IC50,nM,UO_0000065,,742.0
,,404726,[],CHEMBL677214,Inhibition of Epidermal growth factor receptor autophosphorylation in A431 cells,B,,,BAO_0000190,BAO_0000219,cell-based format,Cn1c2ccccc2c2c(Nc3cccc(Br)c3)ncnc21,,,CHEMBL1132555,J Med Chem,1999,"{'bei': '17.31', 'le': '0.38', 'lle': '1.48', 'sei': '14.31'}",,CHEMBL152984,,CHEMBL152984,6.11,0,http://www.openphacts.org/units/Nanomolar,296361,=,1,1,=,,IC50,nM,,769.0,CHEMBL203,Homo sapiens,Epidermal growth factor receptor,9606,,,IC50,nM,UO_0000065,,769.0
,,404727,[],CHEMBL679944,Concentration needed to inhibit the phosphorylation of a 14-residue fragment of phospholipase C-gamma1 by Epidermal growth factor receptor (prepared from human A431 carcinoma cell vesicles by immunoaffinity chromatography),B,,,BAO_0000190,BAO_0000357,single protein format,Cc1nc(Nc2cccc(Br)c2)c2c(n1)[nH]c1ccccc12.Cl,,,CHEMBL1132555,J Med Chem,1999,,,CHEMBL555739,,CHEMBL1195996,,0,http://www.openphacts.org/units/Nanomolar,296359,>,1,1,>,,IC50,nM,,10000.0,CHEMBL203,Homo sapiens,Epidermal growth factor receptor,9606,,,IC50,nM,UO_0000065,,10000.0
,,405888,[],CHEMBL679944,Concentration needed to inhibit the phosphorylation of a 14-residue fragment of phospholipase C-gamma1 by Epidermal growth factor receptor (prepared from human A431 carcinoma cell vesicles by immunoaffinity chromatography),B,,,BAO_0000190,BAO_0000357,single protein format,Cl.c1ccc(Nc2[nH]cnc3c4ccccc4nc2-3)cc1,,,CHEMBL1132555,J Med Chem,1999,"{'bei': '21.80', 'le': '0.39', 'lle': '1.87', 'sei': '10.59'}",,CHEMBL544640,,CHEMBL1193264,5.68,0,http://www.openphacts.org/units/Nanomolar,296371,=,1,1,=,,IC50,nM,,2110.0,CHEMBL203,Homo sapiens,Epidermal growth factor receptor,9606,,,IC50,nM,UO_0000065,,2110.0
,,405889,[],CHEMBL679944,Concentration needed to inhibit the phosphorylation of a 14-residue fragment of phospholipase C-gamma1 by Epidermal growth factor receptor (prepared from human A431 carcinoma cell vesicles by immunoaffinity chromatography),B,,,BAO_0000190,BAO_0000357,single protein format,c1ccc(Nc2[nH]cnc3nc4ccccc4c2-3)cc1,,,CHEMBL1132555,J Med Chem,1999,"{'bei': '25.27', 'le': '0.45', 'lle': '2.77', 'sei': '12.27'}",,CHEMBL150280,,CHEMBL150280,6.58,0,http://www.openphacts.org/units/Nanomolar,296363,=,1,1,=,,IC50,nM,,264.0,CHEMBL203,Homo sapiens,Epidermal growth factor receptor,9606,,,IC50,nM,UO_0000065,,264.0
,,405890,[],CHEMBL679944,Concentration needed to inhibit the phosphorylation of a 14-residue fragment of phospholipase C-gamma1 by Epidermal growth factor receptor (prepared from human A431 carcinoma cell vesicles by immunoaffinity chromatography),B,,,BAO_0000190,BAO_0000357,single protein format,Cl.O=[N+]([O-])c1ccc2sc3c(Nc4cccc(Br)c4)ncnc3c2c1,,,CHEMBL1132555,J Med Chem,1999,"{'bei': '19.71', 'le': '0.45', 'lle': '2.65', 'sei': '9.77'}",,CHEMBL553351,,CHEMBL1194821,7.91,0,http://www.openphacts.org/units/Nanomolar,296397,=,1,1,=,,IC50,nM,,12.3,CHEMBL203,Homo sapiens,Epidermal growth factor receptor,9606,,,IC50,nM,UO_0000065,,12.3
,,405891,[],CHEMBL679944,Concentration needed to inhibit the phosphorylation of a 14-residue fragment of phospholipase C-gamma1 by Epidermal growth factor receptor (prepared from human A431 carcinoma cell vesicles by immunoaffinity chromatography),B,,,BAO_0000190,BAO_0000357,single protein format,Clc1cccc(Nc2ncnc3c2sc2ncccc23)c1,,,CHEMBL1132555,J Med Chem,1999,,,CHEMBL150390,,CHEMBL150390,,0,http://www.openphacts.org/units/Nanomolar,296380,>,1,1,>,,IC50,nM,,1000.0,CHEMBL203,Homo sapiens,Epidermal growth factor receptor,9606,,,IC50,nM,UO_0000065,,1000.0
,,406678,[],CHEMBL621024,Inhibition of epidermal growth factor receptor (EGF-R) autophosphorylation in A431 cells,F,,,BAO_0000190,BAO_0000219,cell-based format,COc1cc2nccc(Nc3cccc(Br)c3)c2cc1OC,,,CHEMBL1152084,Bioorg Med Chem Lett,1997,,,CHEMBL98248,,CHEMBL98248,6.43,0,http://www.openphacts.org/units/Nanomolar,185637,=,1,1,=,,IC50,nM,,370.0,CHEMBL203,Homo sapiens,Epidermal growth factor receptor,9606,,,IC50,uM,UO_0000065,,0.37
,,406680,[],CHEMBL621024,Inhibition of epidermal growth factor receptor (EGF-R) autophosphorylation in A431 cells,F,,,BAO_0000190,BAO_0000219,cell-based format,COc1cc2ncnc(Oc3cccc(Br)c3)c2cc1OC,,,CHEMBL1152084,Bioorg Med Chem Lett,1997,,,CHEMBL98798,,CHEMBL98798,7.16,0,http://www.openphacts.org/units/Nanomolar,185636,=,1,1,=,,IC50,nM,,70.0,CHEMBL203,Homo sapiens,Epidermal growth factor receptor,9606,,,IC50,uM,UO_0000065,,0.07
,,407148,[],CHEMBL679944,Concentration needed to inhibit the phosphorylation of a 14-residue fragment of phospholipase C-gamma1 by Epidermal growth factor receptor (prepared from human A431 carcinoma cell vesicles by immunoaffinity chromatography),B,,,BAO_0000190,BAO_0000357,single protein format,Brc1cccc(Nc2[nH]cnc3nc4ccccc4c2-3)c1,,,CHEMBL1132555,J Med Chem,1999,"{'bei': '22.14', 'le': '0.49', 'lle': '2.94', 'sei': '14.01'}",,CHEMBL423224,,CHEMBL423224,7.51,0,http://www.openphacts.org/units/Nanomolar,296362,=,1,1,=,,IC50,nM,,31.0,CHEMBL203,Homo sapiens,Epidermal growth factor receptor,9606,,,IC50,nM,UO_0000065,,31.0
,,407149,[],CHEMBL677214,Inhibition of Epidermal growth factor receptor autophosphorylation in A431 cells,B,,,BAO_0000190,BAO_0000219,cell-based format,Brc1cccc(Nc2[nH]cnc3nc4ccccc4c2-3)c1,,,CHEMBL1132555,J Med Chem,1999,"{'bei': '18.28', 'le': '0.40', 'lle': '1.63', 'sei': '11.57'}",,CHEMBL423224,,CHEMBL423224,6.20,0,http://www.openphacts.org/units/Nanomolar,296362,=,1,1,=,,IC50,nM,,630.0,CHEMBL203,Homo sapiens,Epidermal growth factor receptor,9606,,,IC50,nM,UO_0000065,,630.0
,,407150,[],CHEMBL679944,Concentration needed to inhibit the phosphorylation of a 14-residue fragment of phospholipase C-gamma1 by Epidermal growth factor receptor (prepared from human A431 carcinoma cell vesicles by immunoaffinity chromatography),B,,,BAO_0000190,BAO_0000357,single protein format,Nc1ccc2sc3c(Nc4cccc(C(F)(F)F)c4)ncnc3c2c1,,,CHEMBL1132555,J Med Chem,1999,"{'bei': '20.33', 'le': '0.40', 'lle': '2.14', 'sei': '11.48'}",,CHEMBL347282,,CHEMBL347282,7.33,0,http://www.openphacts.org/units/Nanomolar,296394,=,1,1,=,,IC50,nM,,47.0,CHEMBL203,Homo sapiens,Epidermal growth factor receptor,9606,,,IC50,nM,UO_0000065,,47.0
,,409490,[],CHEMBL679944,Concentration needed to inhibit the phosphorylation of a 14-residue fragment of phospholipase C-gamma1 by Epidermal growth factor receptor (prepared from human A431 carcinoma cell vesicles by immunoaffinity chromatography),B,,,BAO_0000190,BAO_0000357,single protein format,c1ccc(CNc2ncnc3c2[nH]c2ccccc23)cc1,,,CHEMBL1132555,J Med Chem,1999,"{'bei': '23.10', 'le': '0.41', 'lle': '2.62', 'sei': '11.82'}",,CHEMBL5173075,,CHEMBL5173075,6.34,0,http://www.openphacts.org/units/Nanomolar,296368,=,1,1,=,,IC50,nM,,460.0,CHEMBL203,Homo sapiens,Epidermal growth factor receptor,9606,,,IC50,nM,UO_0000065,,460.0
,,409491,[],CHEMBL679944,Concentration needed to inhibit the phosphorylation of a 14-residue fragment of phospholipase C-gamma1 by Epidermal growth factor receptor (prepared from human A431 carcinoma cell vesicles by immunoaffinity chromatography),B,,,BAO_0000190,BAO_0000357,single protein format,Brc1cccc(Nc2ncnc3c2sc2ncsc23)c1.CO,,,CHEMBL1132555,J Med Chem,1999,"{'bei': '20.37', 'le': '0.51', 'lle': '2.59', 'sei': '14.59'}",,CHEMBL346863,,CHEMBL1184382,7.40,0,http://www.openphacts.org/units/Nanomolar,296378,=,1,1,=,,IC50,nM,,40.0,CHEMBL203,Homo sapiens,Epidermal growth factor receptor,9606,,,IC50,nM,UO_0000065,,40.0
,,410355,[],CHEMBL621024,Inhibition of epidermal growth factor receptor (EGF-R) autophosphorylation in A431 cells,F,,,BAO_0000190,BAO_0000219,cell-based format,COc1cc2nccc(Oc3cccc(Br)c3)c2cc1OC,,,CHEMBL1152084,Bioorg Med Chem Lett,1997,,,CHEMBL101581,,CHEMBL101581,5.60,0,http://www.openphacts.org/units/Nanomolar,185647,=,1,1,=,,IC50,nM,,2500.0,CHEMBL203,Homo sapiens,Epidermal growth factor receptor,9606,,,IC50,uM,UO_0000065,,2.5
,,410436,[],CHEMBL674693,Inhibition of Epidermal growth factor receptor (EGF-R) tyrosine kinase activity ,B,,,BAO_0000190,BAO_0000357,single protein format,Nc1ncnc2c1c(-c1ccc(O)cc1)cn2C1CCCC1,,,CHEMBL1134829,Bioorg Med Chem Lett,2001,"{'bei': '22.43', 'le': '0.41', 'lle': '3.10', 'sei': '8.58'}",,CHEMBL169570,,CHEMBL169570,6.60,0,http://www.openphacts.org/units/Nanomolar,333370,=,1,1,=,,IC50,nM,,250.0,CHEMBL203,Homo sapiens,Epidermal growth factor receptor,9606,,,IC50,uM,UO_0000065,,0.25
,,410710,[],CHEMBL679944,Concentration needed to inhibit the phosphorylation of a 14-residue fragment of phospholipase C-gamma1 by Epidermal growth factor receptor (prepared from human A431 carcinoma cell vesicles by immunoaffinity chromatography),B,,,BAO_0000190,BAO_0000357,single protein format,Cc1cccc(Nc2cc(NCCO)ncn2)c1,,,CHEMBL1132555,J Med Chem,1999,"{'bei': '36.84', 'le': '0.68', 'lle': '7.07', 'sei': '12.84'}",,CHEMBL415738,,CHEMBL415738,9.00,0,http://www.openphacts.org/units/Nanomolar,296355,=,1,1,=,,IC50,nM,,1.0,CHEMBL203,Homo sapiens,Epidermal growth factor receptor,9606,,,IC50,nM,UO_0000065,,1.0
,,410711,[],CHEMBL679944,Concentration needed to inhibit the phosphorylation of a 14-residue fragment of phospholipase C-gamma1 by Epidermal growth factor receptor (prepared from human A431 carcinoma cell vesicles by immunoaffinity chromatography),B,,,BAO_0000190,BAO_0000357,single protein format,Brc1cccc(Nc2ncnc3c2sc2ncccc23)c1,,,CHEMBL1132555,J Med Chem,1999,"{'bei': '17.17', 'le': '0.40', 'lle': '1.39', 'sei': '12.10'}",,CHEMBL153409,,CHEMBL153409,6.13,0,http://www.openphacts.org/units/Nanomolar,296379,=,1,1,=,,IC50,nM,,732.0,CHEMBL203,Homo sapiens,Epidermal growth factor receptor,9606,,,IC50,nM,UO_0000065,,732.0
,,411591,[],CHEMBL674693,Inhibition of Epidermal growth factor receptor (EGF-R) tyrosine kinase activity ,B,,,BAO_0000190,BAO_0000357,single protein format,COc1ccc(CC(CO)n2cc(-c3ccccc3)c3c(N)ncnc32)cc1,,,CHEMBL1134829,Bioorg Med Chem Lett,2001,"{'bei': '12.93', 'le': '0.24', 'lle': '1.37', 'sei': '5.62'}",,CHEMBL171256,,CHEMBL171256,4.84,0,http://www.openphacts.org/units/Nanomolar,333381,=,1,1,=,,IC50,nM,,14400.0,CHEMBL203,Homo sapiens,Epidermal growth factor receptor,9606,,,IC50,uM,UO_0000065,,14.4
,,411983,[],CHEMBL679944,Concentration needed to inhibit the phosphorylation of a 14-residue fragment of phospholipase C-gamma1 by Epidermal growth factor receptor (prepared from human A431 carcinoma cell vesicles by immunoaffinity chromatography),B,,,BAO_0000190,BAO_0000357,single protein format,Clc1cccc(Nc2ncnc3ccccc23)c1,,,CHEMBL1132555,J Med Chem,1999,"{'bei': '29.87', 'le': '0.58', 'lle': '3.61', 'sei': '20.20'}",,CHEMBL329672,,CHEMBL329672,7.64,1,http://www.openphacts.org/units/Nanomolar,296410,=,1,1,=,,IC50,nM,,23.0,CHEMBL203,Homo sapiens,Epidermal growth factor receptor,9606,,,IC50,nM,UO_0000065,,23.0
,,412761,[],CHEMBL621024,Inhibition of epidermal growth factor receptor (EGF-R) autophosphorylation in A431 cells,F,,,BAO_0000190,BAO_0000219,cell-based format,COc1cc2ncnc(Nc3cccc(Br)c3)c2cc1OC,,,CHEMBL1152084,Bioorg Med Chem Lett,1997,,,CHEMBL29197,,CHEMBL29197,8.40,1,http://www.openphacts.org/units/Nanomolar,185635,=,1,1,=,,IC50,nM,,4.0,CHEMBL203,Homo sapiens,Epidermal growth factor receptor,9606,,,IC50,uM,UO_0000065,,0.004
,,412827,[],CHEMBL674693,Inhibition of Epidermal growth factor receptor (EGF-R) tyrosine kinase activity ,B,,,BAO_0000190,BAO_0000357,single protein format,Nc1ncnc2c1c(-c1ccc(O)cc1)cn2C1CCC1,,,CHEMBL1134829,Bioorg Med Chem Lett,2001,"{'bei': '22.19', 'le': '0.40', 'lle': '3.11', 'sei': '8.08'}",,CHEMBL166765,,CHEMBL166765,6.22,0,http://www.openphacts.org/units/Nanomolar,333365,=,1,1,=,,IC50,nM,,600.0,CHEMBL203,Homo sapiens,Epidermal growth factor receptor,9606,,,IC50,uM,UO_0000065,,0.6
,,414368,[],CHEMBL679944,Concentration needed to inhibit the phosphorylation of a 14-residue fragment of phospholipase C-gamma1 by Epidermal growth factor receptor (prepared from human A431 carcinoma cell vesicles by immunoaffinity chromatography),B,,,BAO_0000190,BAO_0000357,single protein format,Cl.Cn1c2ccccc2c2ncnc(Nc3cccc(Br)c3)c21,,,CHEMBL1132555,J Med Chem,1999,"{'bei': '19.48', 'le': '0.43', 'lle': '2.25', 'sei': '16.10'}",,CHEMBL553137,,CHEMBL1194711,6.88,0,http://www.openphacts.org/units/Nanomolar,296369,=,1,1,=,,IC50,nM,,132.0,CHEMBL203,Homo sapiens,Epidermal growth factor receptor,9606,,,IC50,nM,UO_0000065,,132.0
,,415280,[],CHEMBL674693,Inhibition of Epidermal growth factor receptor (EGF-R) tyrosine kinase activity ,B,,,BAO_0000190,BAO_0000357,single protein format,Nc1ncnc2c1c(-c1cccc(O)c1)cn2C1CCCC1,,,CHEMBL1134829,Bioorg Med Chem Lett,2001,"{'bei': '24.11', 'le': '0.44', 'lle': '3.60', 'sei': '9.22'}",,CHEMBL169390,,CHEMBL169390,7.10,0,http://www.openphacts.org/units/Nanomolar,333368,=,1,1,=,,IC50,nM,,80.0,CHEMBL203,Homo sapiens,Epidermal growth factor receptor,9606,,,IC50,uM,UO_0000065,,0.08
,,415681,[],CHEMBL679944,Concentration needed to inhibit the phosphorylation of a 14-residue fragment of phospholipase C-gamma1 by Epidermal growth factor receptor (prepared from human A431 carcinoma cell vesicles by immunoaffinity chromatography),B,,,BAO_0000190,BAO_0000357,single protein format,Brc1cccc(Nc2ncnc3cc4[nH]ccc4cc23)c1,,,CHEMBL1132555,J Med Chem,1999,"{'bei': '27.74', 'le': '0.61', 'lle': '4.79', 'sei': '17.55'}",,CHEMBL40734,,CHEMBL40734,9.41,0,http://www.openphacts.org/units/Nanomolar,296358,=,1,1,=,,IC50,nM,,0.39,CHEMBL203,Homo sapiens,Epidermal growth factor receptor,9606,,,IC50,nM,UO_0000065,,0.39
,,416872,[],CHEMBL679944,Concentration needed to inhibit the phosphorylation of a 14-residue fragment of phospholipase C-gamma1 by Epidermal growth factor receptor (prepared from human A431 carcinoma cell vesicles by immunoaffinity chromatography),B,,,BAO_0000190,BAO_0000357,single protein format,Brc1cccc(Nc2ncnc3ccc4[nH]cnc4c23)c1,,,CHEMBL1132555,J Med Chem,1999,"{'bei': '22.16', 'le': '0.49', 'lle': '3.53', 'sei': '11.34'}",,CHEMBL153170,,CHEMBL153170,7.54,1,http://www.openphacts.org/units/Nanomolar,296374,=,1,1,=,,IC50,nM,,29.0,CHEMBL203,Homo sapiens,Epidermal growth factor receptor,9606,,,IC50,nM,UO_0000065,,29.0
,,418071,[],CHEMBL679944,Concentration needed to inhibit the phosphorylation of a 14-residue fragment of phospholipase C-gamma1 by Epidermal growth factor receptor (prepared from human A431 carcinoma cell vesicles by immunoaffinity chromatography),B,,,BAO_0000190,BAO_0000357,single protein format,Brc1cccc(Nc2ncnc3sccc23)c1,,,CHEMBL1132555,J Med Chem,1999,"{'bei': '24.35', 'le': '0.60', 'lle': '3.26', 'sei': '19.72'}",,CHEMBL355982,,CHEMBL355982,7.46,0,http://www.openphacts.org/units/Nanomolar,296356,=,1,1,=,,IC50,nM,,35.0,CHEMBL203,Homo sapiens,Epidermal growth factor receptor,9606,,,IC50,nM,UO_0000065,,35.0
,,418072,[],CHEMBL679944,Concentration needed to inhibit the phosphorylation of a 14-residue fragment of phospholipase C-gamma1 by Epidermal growth factor receptor (prepared from human A431 carcinoma cell vesicles by immunoaffinity chromatography),B,,,BAO_0000190,BAO_0000357,single protein format,Nc1nc(Nc2cccc(Br)c2)c2c(n1)[nH]c1ccccc12,,,CHEMBL1132555,J Med Chem,1999,"{'bei': '19.29', 'le': '0.42', 'lle': '2.63', 'sei': '8.58'}",,CHEMBL345988,,CHEMBL345988,6.83,0,http://www.openphacts.org/units/Nanomolar,296406,=,1,1,=,,IC50,nM,,147.0,CHEMBL203,Homo sapiens,Epidermal growth factor receptor,9606,,,IC50,nM,UO_0000065,,147.0
,,418073,[],CHEMBL677214,Inhibition of Epidermal growth factor receptor autophosphorylation in A431 cells,B,,,BAO_0000190,BAO_0000219,cell-based format,Nc1nc(Nc2cccc(Br)c2)c2c(n1)[nH]c1ccccc12,,,CHEMBL1132555,J Med Chem,1999,"{'bei': '17.81', 'le': '0.39', 'lle': '2.11', 'sei': '7.92'}",,CHEMBL345988,,CHEMBL345988,6.31,0,http://www.openphacts.org/units/Nanomolar,296406,=,1,1,=,,IC50,nM,,493.0,CHEMBL203,Homo sapiens,Epidermal growth factor receptor,9606,,,IC50,nM,UO_0000065,,493.0
,,418074,[],CHEMBL679944,Concentration needed to inhibit the phosphorylation of a 14-residue fragment of phospholipase C-gamma1 by Epidermal growth factor receptor (prepared from human A431 carcinoma cell vesicles by immunoaffinity chromatography),B,,,BAO_0000190,BAO_0000357,single protein format,CCN(CC)CCn1c2ccc(OC)cc2c2c(Nc3cccc(Br)c3)ncnc21,,,CHEMBL1132555,J Med Chem,1999,"{'bei': '11.46', 'le': '0.24', 'lle': '-0.07', 'sei': '9.73'}",,CHEMBL153518,,CHEMBL153518,5.37,0,http://www.openphacts.org/units/Nanomolar,296404,=,1,1,=,,IC50,nM,,4270.0,CHEMBL203,Homo sapiens,Epidermal growth factor receptor,9606,,,IC50,nM,UO_0000065,,4270.0
,,418075,[],CHEMBL679944,Concentration needed to inhibit the phosphorylation of a 14-residue fragment of phospholipase C-gamma1 by Epidermal growth factor receptor (prepared from human A431 carcinoma cell vesicles by immunoaffinity chromatography),B,,,BAO_0000190,BAO_0000357,single protein format,Cl.O=[N+]([O-])c1ccc2sc3c(Nc4ccccc4)ncnc3c2c1,,,CHEMBL1132555,J Med Chem,1999,"{'bei': '22.45', 'le': '0.43', 'lle': '2.74', 'sei': '8.94'}",,CHEMBL544868,,CHEMBL1193457,7.24,0,http://www.openphacts.org/units/Nanomolar,296400,=,1,1,=,,IC50,nM,,58.0,CHEMBL203,Homo sapiens,Epidermal growth factor receptor,9606,,,IC50,nM,UO_0000065,,58.0
,,418892,[],CHEMBL674026,Inhibition of EGFR kinase,B,,,BAO_0000190,BAO_0000357,single protein format,COc1nccc(-c2c(-c3ccc(F)cc3)ncn2[C@H]2CC[C@H](O)CC2)n1,,,CHEMBL1134743,Bioorg Med Chem Lett,2001,"{'bei': '19.22', 'le': '0.36', 'lle': '3.45', 'sei': '9.69'}",,CHEMBL97162,,CHEMBL97162,7.08,0,http://www.openphacts.org/units/Nanomolar,180422,=,1,1,=,,IC50,nM,,83.0,CHEMBL203,Homo sapiens,Epidermal growth factor receptor,9606,,,IC50,nM,UO_0000065,,83.0
,,419114,[],CHEMBL679944,Concentration needed to inhibit the phosphorylation of a 14-residue fragment of phospholipase C-gamma1 by Epidermal growth factor receptor (prepared from human A431 carcinoma cell vesicles by immunoaffinity chromatography),B,,,BAO_0000190,BAO_0000357,single protein format,Brc1cccc(Nc2ncnc3ccsc23)c1,,,CHEMBL1132555,J Med Chem,1999,"{'bei': '25.99', 'le': '0.64', 'lle': '3.76', 'sei': '21.05'}",,CHEMBL345294,,CHEMBL345294,7.96,0,http://www.openphacts.org/units/Nanomolar,296409,=,1,1,=,,IC50,nM,,11.0,CHEMBL203,Homo sapiens,Epidermal growth factor receptor,9606,,,IC50,nM,UO_0000065,,11.0
,,419115,[],CHEMBL679944,Concentration needed to inhibit the phosphorylation of a 14-residue fragment of phospholipase C-gamma1 by Epidermal growth factor receptor (prepared from human A431 carcinoma cell vesicles by immunoaffinity chromatography),B,,,BAO_0000190,BAO_0000357,single protein format,C[C@H](Nc1[nH]cnc2c3ccccc3nc1-2)c1ccccc1.Cl,,,CHEMBL1132555,J Med Chem,1999,"{'bei': '22.12', 'le': '0.40', 'lle': '2.14', 'sei': '11.90'}",,CHEMBL2093928,,CHEMBL103864,6.38,0,http://www.openphacts.org/units/Nanomolar,296367,=,1,1,=,,IC50,nM,,419.0,CHEMBL203,Homo sapiens,Epidermal growth factor receptor,9606,,,IC50,nM,UO_0000065,,419.0
,,419116,[],CHEMBL679944,Concentration needed to inhibit the phosphorylation of a 14-residue fragment of phospholipase C-gamma1 by Epidermal growth factor receptor (prepared from human A431 carcinoma cell vesicles by immunoaffinity chromatography),B,,,BAO_0000190,BAO_0000357,single protein format,Cc1cccc(Nc2ncnc3c2sc2ccc(N)cc23)c1,,,CHEMBL1132555,J Med Chem,1999,"{'bei': '28.32', 'le': '0.54', 'lle': '4.20', 'sei': '13.60'}",,CHEMBL155278,,CHEMBL155278,8.68,0,http://www.openphacts.org/units/Nanomolar,296395,=,1,1,=,,IC50,nM,,2.1,CHEMBL203,Homo sapiens,Epidermal growth factor receptor,9606,,,IC50,nM,UO_0000065,,2.1
,,419117,[],CHEMBL677214,Inhibition of Epidermal growth factor receptor autophosphorylation in A431 cells,B,,,BAO_0000190,BAO_0000219,cell-based format,Cc1cccc(Nc2ncnc3c2sc2ccc(N)cc23)c1,,,CHEMBL1132555,J Med Chem,1999,"{'bei': '22.88', 'le': '0.44', 'lle': '2.53', 'sei': '10.98'}",,CHEMBL155278,,CHEMBL155278,7.01,0,http://www.openphacts.org/units/Nanomolar,296395,=,1,1,=,,IC50,nM,,98.0,CHEMBL203,Homo sapiens,Epidermal growth factor receptor,9606,,,IC50,nM,UO_0000065,,98.0
,,419123,[],CHEMBL679944,Concentration needed to inhibit the phosphorylation of a 14-residue fragment of phospholipase C-gamma1 by Epidermal growth factor receptor (prepared from human A431 carcinoma cell vesicles by immunoaffinity chromatography),B,,,BAO_0000190,BAO_0000357,single protein format,Brc1cccc(Nc2ncnc3c2oc2ccccc23)c1,,,CHEMBL1132555,J Med Chem,1999,"{'bei': '18.02', 'le': '0.40', 'lle': '1.25', 'sei': '12.03'}",,CHEMBL149512,,CHEMBL149512,6.13,0,http://www.openphacts.org/units/Nanomolar,296377,=,1,1,=,,IC50,nM,,740.0,CHEMBL203,Homo sapiens,Epidermal growth factor receptor,9606,,,IC50,nM,UO_0000065,,740.0
,,420001,[],CHEMBL621024,Inhibition of epidermal growth factor receptor (EGF-R) autophosphorylation in A431 cells,F,,,BAO_0000190,BAO_0000219,cell-based format,COc1ccc(Nc2ccnc3cc(OC)c(OC)cc23)cc1OC,,,CHEMBL1152084,Bioorg Med Chem Lett,1997,,,CHEMBL98137,,CHEMBL98137,4.09,0,http://www.openphacts.org/units/Nanomolar,185639,=,1,1,=,,IC50,nM,,80500.0,CHEMBL203,Homo sapiens,Epidermal growth factor receptor,9606,,,IC50,uM,UO_0000065,,80.5
,,420076,[],CHEMBL674693,Inhibition of Epidermal growth factor receptor (EGF-R) tyrosine kinase activity ,B,,,BAO_0000190,BAO_0000357,single protein format,Nc1ncnc2c1c(-c1ccccc1)cn2C(CO)Cc1ccc(O)cc1,,,CHEMBL1134829,Bioorg Med Chem Lett,2001,"{'bei': '13.54', 'le': '0.25', 'lle': '1.72', 'sei': '5.02'}",,CHEMBL170438,,CHEMBL170438,4.88,0,http://www.openphacts.org/units/Nanomolar,333362,=,1,1,=,,IC50,nM,,13200.0,CHEMBL203,Homo sapiens,Epidermal growth factor receptor,9606,,,IC50,uM,UO_0000065,,13.2
,,421928,[],CHEMBL679944,Concentration needed to inhibit the phosphorylation of a 14-residue fragment of phospholipase C-gamma1 by Epidermal growth factor receptor (prepared from human A431 carcinoma cell vesicles by immunoaffinity chromatography),B,,,BAO_0000190,BAO_0000357,single protein format,Cl.Nc1ccc2c(c1)sc1c(Nc3cccc(Br)c3)ncnc12,,,CHEMBL1132555,J Med Chem,1999,"{'bei': '25.12', 'le': '0.58', 'lle': '4.40', 'sei': '14.61'}",,CHEMBL539822,,CHEMBL1189963,9.33,0,http://www.openphacts.org/units/Nanomolar,296391,=,1,1,=,,IC50,nM,,0.47,CHEMBL203,Homo sapiens,Epidermal growth factor receptor,9606,,,IC50,nM,UO_0000065,,0.47
,,421929,[],CHEMBL679944,Concentration needed to inhibit the phosphorylation of a 14-residue fragment of phospholipase C-gamma1 by Epidermal growth factor receptor (prepared from human A431 carcinoma cell vesicles by immunoaffinity chromatography),B,,,BAO_0000190,BAO_0000357,single protein format,Cl.O=[N+]([O-])c1cccc2c1sc1c(Nc3cccc(Br)c3)ncnc12,,,CHEMBL1132555,J Med Chem,1999,"{'bei': '16.95', 'le': '0.39', 'lle': '1.54', 'sei': '8.40'}",,CHEMBL540082,,CHEMBL1190080,6.80,0,http://www.openphacts.org/units/Nanomolar,296384,=,1,1,=,,IC50,nM,,158.0,CHEMBL203,Homo sapiens,Epidermal growth factor receptor,9606,,,IC50,nM,UO_0000065,,158.0
,,423336,[],CHEMBL679944,Concentration needed to inhibit the phosphorylation of a 14-residue fragment of phospholipase C-gamma1 by Epidermal growth factor receptor (prepared from human A431 carcinoma cell vesicles by immunoaffinity chromatography),B,,,BAO_0000190,BAO_0000357,single protein format,Brc1cccc(Nc2ncnc3c2sc2ccccc23)c1,,,CHEMBL1132555,J Med Chem,1999,"{'bei': '24.55', 'le': '0.57', 'lle': '3.39', 'sei': '23.13'}",,CHEMBL356850,,CHEMBL356850,8.74,0,http://www.openphacts.org/units/Nanomolar,296401,=,1,1,=,,IC50,nM,,1.8,CHEMBL203,Homo sapiens,Epidermal growth factor receptor,9606,,,IC50,nM,UO_0000065,,1.8
,,423337,[],CHEMBL677214,Inhibition of Epidermal growth factor receptor autophosphorylation in A431 cells,B,,,BAO_0000190,BAO_0000219,cell-based format,Brc1cccc(Nc2ncnc3c2sc2ccccc23)c1,,,CHEMBL1132555,J Med Chem,1999,"{'bei': '19.00', 'le': '0.44', 'lle': '1.42', 'sei': '17.90'}",,CHEMBL356850,,CHEMBL356850,6.77,0,http://www.openphacts.org/units/Nanomolar,296401,=,1,1,=,,IC50,nM,,170.0,CHEMBL203,Homo sapiens,Epidermal growth factor receptor,9606,,,IC50,nM,UO_0000065,,170.0
,,423343,[],CHEMBL679944,Concentration needed to inhibit the phosphorylation of a 14-residue fragment of phospholipase C-gamma1 by Epidermal growth factor receptor (prepared from human A431 carcinoma cell vesicles by immunoaffinity chromatography),B,,,BAO_0000190,BAO_0000357,single protein format,CCO.Nc1ccc2sc3c(Nc4ccccc4)ncnc3c2c1,,,CHEMBL1132555,J Med Chem,1999,"{'bei': '27.45', 'le': '0.52', 'lle': '3.86', 'sei': '12.58'}",,CHEMBL357367,,CHEMBL1184579,8.03,0,http://www.openphacts.org/units/Nanomolar,296396,=,1,1,=,,IC50,nM,,9.4,CHEMBL203,Homo sapiens,Epidermal growth factor receptor,9606,,,IC50,nM,UO_0000065,,9.4
,,423344,[],CHEMBL679944,Concentration needed to inhibit the phosphorylation of a 14-residue fragment of phospholipase C-gamma1 by Epidermal growth factor receptor (prepared from human A431 carcinoma cell vesicles by immunoaffinity chromatography),B,,,BAO_0000190,BAO_0000357,single protein format,CO.Nc1cccc2c1sc1c(Nc3cccc(Br)c3)ncnc12,,,CHEMBL1132555,J Med Chem,1999,"{'bei': '23.08', 'le': '0.53', 'lle': '3.64', 'sei': '13.42'}",,CHEMBL151593,,CHEMBL1181018,8.57,0,http://www.openphacts.org/units/Nanomolar,296383,=,1,1,=,,IC50,nM,,2.7,CHEMBL203,Homo sapiens,Epidermal growth factor receptor,9606,,,IC50,nM,UO_0000065,,2.7
,,424483,[],CHEMBL679944,Concentration needed to inhibit the phosphorylation of a 14-residue fragment of phospholipase C-gamma1 by Epidermal growth factor receptor (prepared from human A431 carcinoma cell vesicles by immunoaffinity chromatography),B,,,BAO_0000190,BAO_0000357,single protein format,c1ccc(CNc2ncnc3c2sc2ccccc23)cc1,,,CHEMBL1132555,J Med Chem,1999,"{'bei': '23.06', 'le': '0.44', 'lle': '2.26', 'sei': '17.77'}",,CHEMBL153419,,CHEMBL153419,6.72,0,http://www.openphacts.org/units/Nanomolar,296403,=,1,1,=,,IC50,nM,,191.0,CHEMBL203,Homo sapiens,Epidermal growth factor receptor,9606,,,IC50,nM,UO_0000065,,191.0
,,424488,[],CHEMBL679944,Concentration needed to inhibit the phosphorylation of a 14-residue fragment of phospholipase C-gamma1 by Epidermal growth factor receptor (prepared from human A431 carcinoma cell vesicles by immunoaffinity chromatography),B,,,BAO_0000190,BAO_0000357,single protein format,Nc1cc2sc3c(Nc4cccc(Br)c4)ncnc3c2cc1F,,,CHEMBL1132555,J Med Chem,1999,"{'bei': '23.12', 'le': '0.53', 'lle': '3.93', 'sei': '14.10'}",,CHEMBL153573,,CHEMBL153573,9.00,0,http://www.openphacts.org/units/Nanomolar,296390,=,1,1,=,,IC50,nM,,1.0,CHEMBL203,Homo sapiens,Epidermal growth factor receptor,9606,,,IC50,nM,UO_0000065,,1.0
,,424489,[],CHEMBL677214,Inhibition of Epidermal growth factor receptor autophosphorylation in A431 cells,B,,,BAO_0000190,BAO_0000219,cell-based format,Nc1cc2sc3c(Nc4cccc(Br)c4)ncnc3c2cc1F,,,CHEMBL1132555,J Med Chem,1999,"{'bei': '18.95', 'le': '0.44', 'lle': '2.31', 'sei': '11.56'}",,CHEMBL153573,,CHEMBL153573,7.38,0,http://www.openphacts.org/units/Nanomolar,296390,=,1,1,=,,IC50,nM,,42.0,CHEMBL203,Homo sapiens,Epidermal growth factor receptor,9606,,,IC50,nM,UO_0000065,,42.0
,,424490,[],CHEMBL679944,Concentration needed to inhibit the phosphorylation of a 14-residue fragment of phospholipase C-gamma1 by Epidermal growth factor receptor (prepared from human A431 carcinoma cell vesicles by immunoaffinity chromatography),B,,,BAO_0000190,BAO_0000357,single protein format,CCNc1cc2sc3c(Nc4cccc(Br)c4)ncnc3c2cc1F.CCO,,,CHEMBL1132555,J Med Chem,1999,"{'bei': '19.42', 'le': '0.44', 'lle': '2.18', 'sei': '16.26'}",,CHEMBL357570,,CHEMBL1184588,8.10,0,http://www.openphacts.org/units/Nanomolar,296389,=,1,1,=,,IC50,nM,,7.9,CHEMBL203,Homo sapiens,Epidermal growth factor receptor,9606,,,IC50,nM,UO_0000065,,7.9
,,424491,[],CHEMBL677214,Inhibition of Epidermal growth factor receptor autophosphorylation in A431 cells,B,,,BAO_0000190,BAO_0000219,cell-based format,CCNc1cc2sc3c(Nc4cccc(Br)c4)ncnc3c2cc1F.CCO,,,CHEMBL1132555,J Med Chem,1999,"{'bei': '16.94', 'le': '0.39', 'lle': '1.15', 'sei': '14.19'}",,CHEMBL357570,,CHEMBL1184588,7.07,0,http://www.openphacts.org/units/Nanomolar,296389,=,1,1,=,,IC50,nM,,85.0,CHEMBL203,Homo sapiens,Epidermal growth factor receptor,9606,,,IC50,nM,UO_0000065,,85.0
,,425439,[],CHEMBL674693,Inhibition of Epidermal growth factor receptor (EGF-R) tyrosine kinase activity ,B,,,BAO_0000190,BAO_0000357,single protein format,Nc1ncnc2c1c(-c1ccccc1)cn2C1CCCC1,,,CHEMBL1134829,Bioorg Med Chem Lett,2001,"{'bei': '22.64', 'le': '0.41', 'lle': '2.50', 'sei': '11.11'}",,CHEMBL352954,,CHEMBL352954,6.30,0,http://www.openphacts.org/units/Nanomolar,333372,=,1,1,=,,IC50,nM,,500.0,CHEMBL203,Homo sapiens,Epidermal growth factor receptor,9606,,,IC50,uM,UO_0000065,,0.5
,,425685,[],CHEMBL679944,Concentration needed to inhibit the phosphorylation of a 14-residue fragment of phospholipase C-gamma1 by Epidermal growth factor receptor (prepared from human A431 carcinoma cell vesicles by immunoaffinity chromatography),B,,,BAO_0000190,BAO_0000357,single protein format,Brc1cccc(Nc2ncnc3c2[nH]c2ccccc23)c1.Cl,,,CHEMBL1132555,J Med Chem,1999,"{'bei': '21.06', 'le': '0.46', 'lle': '2.52', 'sei': '13.33'}",,CHEMBL6195771,,CHEMBL5198809,7.14,0,http://www.openphacts.org/units/Nanomolar,296370,=,1,1,=,,IC50,nM,,72.0,CHEMBL203,Homo sapiens,Epidermal growth factor receptor,9606,,,IC50,nM,UO_0000065,,72.0
,,425686,[],CHEMBL677214,Inhibition of Epidermal growth factor receptor autophosphorylation in A431 cells,B,,,BAO_0000190,BAO_0000219,cell-based format,Brc1cccc(Nc2ncnc3c2[nH]c2ccccc23)c1.Cl,,,CHEMBL1132555,J Med Chem,1999,"{'bei': '20.73', 'le': '0.46', 'lle': '2.41', 'sei': '13.12'}",,CHEMBL6195771,,CHEMBL5198809,7.03,0,http://www.openphacts.org/units/Nanomolar,296370,=,1,1,=,,IC50,nM,,93.0,CHEMBL203,Homo sapiens,Epidermal growth factor receptor,9606,,,IC50,nM,UO_0000065,,93.0
,,425687,[],CHEMBL679944,Concentration needed to inhibit the phosphorylation of a 14-residue fragment of phospholipase C-gamma1 by Epidermal growth factor receptor (prepared from human A431 carcinoma cell vesicles by immunoaffinity chromatography),B,,,BAO_0000190,BAO_0000357,single protein format,CCO.CNc1ccc2sc3c(Nc4cccc(Br)c4)ncnc3c2c1,,,CHEMBL1132555,J Med Chem,1999,"{'bei': '23.25', 'le': '0.53', 'lle': '3.57', 'sei': '17.97'}",,CHEMBL358934,,CHEMBL1184611,8.96,0,http://www.openphacts.org/units/Nanomolar,296387,=,1,1,=,,IC50,nM,,1.1,CHEMBL203,Homo sapiens,Epidermal growth factor receptor,9606,,,IC50,nM,UO_0000065,,1.1
,,425688,[],CHEMBL677214,Inhibition of Epidermal growth factor receptor autophosphorylation in A431 cells,B,,,BAO_0000190,BAO_0000219,cell-based format,CCO.CNc1ccc2sc3c(Nc4cccc(Br)c4)ncnc3c2c1,,,CHEMBL1132555,J Med Chem,1999,"{'bei': '19.42', 'le': '0.44', 'lle': '2.09', 'sei': '15.01'}",,CHEMBL358934,,CHEMBL1184611,7.48,0,http://www.openphacts.org/units/Nanomolar,296387,=,1,1,=,,IC50,nM,,33.0,CHEMBL203,Homo sapiens,Epidermal growth factor receptor,9606,,,IC50,nM,UO_0000065,,33.0
,,426708,[],CHEMBL674693,Inhibition of Epidermal growth factor receptor (EGF-R) tyrosine kinase activity ,B,,,BAO_0000190,BAO_0000357,single protein format,COc1cccc(-c2cn(C3CCC3)c3ncnc(N)c23)c1,,,CHEMBL1134829,Bioorg Med Chem Lett,2001,"{'bei': '21.56', 'le': '0.39', 'lle': '2.94', 'sei': '9.62'}",,CHEMBL355191,,CHEMBL355191,6.35,0,http://www.openphacts.org/units/Nanomolar,333364,=,1,1,=,,IC50,nM,,450.0,CHEMBL203,Homo sapiens,Epidermal growth factor receptor,9606,,,IC50,uM,UO_0000065,,0.45
,,427152,[],CHEMBL679944,Concentration needed to inhibit the phosphorylation of a 14-residue fragment of phospholipase C-gamma1 by Epidermal growth factor receptor (prepared from human A431 carcinoma cell vesicles by immunoaffinity chromatography),B,,,BAO_0000190,BAO_0000357,single protein format,Cl.O=[N+]([O-])c1ccc2c(c1)sc1c(Nc3cccc(Br)c3)ncnc12,,,CHEMBL1132555,J Med Chem,1999,"{'bei': '18.24', 'le': '0.42', 'lle': '2.06', 'sei': '9.04'}",,CHEMBL540590,,CHEMBL1190313,7.32,0,http://www.openphacts.org/units/Nanomolar,296392,=,1,1,=,,IC50,nM,,48.0,CHEMBL203,Homo sapiens,Epidermal growth factor receptor,9606,,,IC50,nM,UO_0000065,,48.0
,,427153,[],CHEMBL679944,Concentration needed to inhibit the phosphorylation of a 14-residue fragment of phospholipase C-gamma1 by Epidermal growth factor receptor (prepared from human A431 carcinoma cell vesicles by immunoaffinity chromatography),B,,,BAO_0000190,BAO_0000357,single protein format,COc1cc2sc3c(Nc4cccc(Br)c4)ncnc3c2cc1OC.Cl,,,CHEMBL1132555,J Med Chem,1999,"{'bei': '15.26', 'le': '0.35', 'lle': '0.98', 'sei': '11.29'}",,CHEMBL544865,,CHEMBL1193454,6.35,0,http://www.openphacts.org/units/Nanomolar,296381,=,1,1,=,,IC50,nM,,444.0,CHEMBL203,Homo sapiens,Epidermal growth factor receptor,9606,,,IC50,nM,UO_0000065,,444.0
,,428391,[],CHEMBL679944,Concentration needed to inhibit the phosphorylation of a 14-residue fragment of phospholipase C-gamma1 by Epidermal growth factor receptor (prepared from human A431 carcinoma cell vesicles by immunoaffinity chromatography),B,,,BAO_0000190,BAO_0000357,single protein format,Brc1cccc(Nc2ncnc3cc4[nH]cnc4cc23)c1,Outside typical range,"Values for this activity type are unusually large/small, so may not be accurate",CHEMBL1132555,J Med Chem,1999,,,CHEMBL66031,,CHEMBL66031,,1,http://www.openphacts.org/units/Nanomolar,296407,=,1,1,=,,IC50,nM,,0.008,CHEMBL203,Homo sapiens,Epidermal growth factor receptor,9606,,,IC50,nM,UO_0000065,,0.008
,,428392,[],CHEMBL679944,Concentration needed to inhibit the phosphorylation of a 14-residue fragment of phospholipase C-gamma1 by Epidermal growth factor receptor (prepared from human A431 carcinoma cell vesicles by immunoaffinity chromatography),B,,,BAO_0000190,BAO_0000357,single protein format,Brc1cccc(Nc2ncnc3cc4[nH]ncc4cc23)c1,,,CHEMBL1132555,J Med Chem,1999,"{'bei': '27.50', 'le': '0.61', 'lle': '5.35', 'sei': '14.07'}",,CHEMBL39337,,CHEMBL39337,9.36,1,http://www.openphacts.org/units/Nanomolar,296375,=,1,1,=,,IC50,nM,,0.44,CHEMBL203,Homo sapiens,Epidermal growth factor receptor,9606,,,IC50,nM,UO_0000065,,0.44
,,428393,[],CHEMBL679944,Concentration needed to inhibit the phosphorylation of a 14-residue fragment of phospholipase C-gamma1 by Epidermal growth factor receptor (prepared from human A431 carcinoma cell vesicles by immunoaffinity chromatography),B,,,BAO_0000190,BAO_0000357,single protein format,COc1cccc2c1sc1c(Nc3cccc(Br)c3)ncnc12.Cl,,,CHEMBL1132555,J Med Chem,1999,"{'bei': '20.45', 'le': '0.47', 'lle': '2.54', 'sei': '16.79'}",,CHEMBL555921,,CHEMBL1196100,7.90,0,http://www.openphacts.org/units/Nanomolar,296385,=,1,1,=,,IC50,nM,,12.6,CHEMBL203,Homo sapiens,Epidermal growth factor receptor,9606,,,IC50,nM,UO_0000065,,12.6
,,430432,[],CHEMBL676157,Inhibition of epidermal growth factor receptor (EGF-R) in A431 cells.,B,,,BAO_0000190,BAO_0000219,cell-based format,COc1ccc(Oc2ccnc3cc(OC)c(OC)cc23)cc1OC,,,CHEMBL1152084,Bioorg Med Chem Lett,1997,,,CHEMBL327300,,CHEMBL327300,,0,http://www.openphacts.org/units/Nanomolar,185642,>,1,1,>,,IC50,nM,,100000.0,CHEMBL203,Homo sapiens,Epidermal growth factor receptor,9606,,,IC50,uM,UO_0000065,,100.0
,,430436,[],CHEMBL674014,Inhibition of epidermal growth factor receptor (EGF-R),B,,,BAO_0000190,BAO_0000357,single protein format,COc1ccc(Oc2ccnc3cc(OC)c(OC)cc23)cc1OC,,,CHEMBL1152084,Bioorg Med Chem Lett,1997,,,CHEMBL327300,,CHEMBL327300,,0,http://www.openphacts.org/units/Nanomolar,185642,>,1,1,>,,IC50,nM,,10000.0,CHEMBL203,Homo sapiens,Epidermal growth factor receptor,9606,,,IC50,uM,UO_0000065,,10.0
,,430514,[],CHEMBL674693,Inhibition of Epidermal growth factor receptor (EGF-R) tyrosine kinase activity ,B,,,BAO_0000190,BAO_0000357,single protein format,Nc1ncnc2c1c(-c1ccccc1)cn2C(CO)Cc1ccccc1,,,CHEMBL1134829,Bioorg Med Chem Lett,2001,"{'bei': '18.46', 'le': '0.33', 'lle': '2.90', 'sei': '8.26'}",,CHEMBL171311,,CHEMBL171311,6.36,0,http://www.openphacts.org/units/Nanomolar,333383,=,1,1,=,,IC50,nM,,440.0,CHEMBL203,Homo sapiens,Epidermal growth factor receptor,9606,,,IC50,uM,UO_0000065,,0.44
,,430518,[],CHEMBL674693,Inhibition of Epidermal growth factor receptor (EGF-R) tyrosine kinase activity ,B,,,BAO_0000190,BAO_0000357,single protein format,Nc1ncnc2c1c(-c1ccccc1)cn2C1CCC1,,,CHEMBL1134829,Bioorg Med Chem Lett,2001,"{'bei': '23.22', 'le': '0.42', 'lle': '2.73', 'sei': '10.82'}",,CHEMBL166766,,CHEMBL166766,6.14,0,http://www.openphacts.org/units/Nanomolar,333367,=,1,1,=,,IC50,nM,,730.0,CHEMBL203,Homo sapiens,Epidermal growth factor receptor,9606,,,IC50,uM,UO_0000065,,0.73
,,430775,[],CHEMBL679944,Concentration needed to inhibit the phosphorylation of a 14-residue fragment of phospholipase C-gamma1 by Epidermal growth factor receptor (prepared from human A431 carcinoma cell vesicles by immunoaffinity chromatography),B,,,BAO_0000190,BAO_0000357,single protein format,Brc1cccc(Nc2ncnc3c2ccc2[nH]cnc23)c1,,,CHEMBL1132555,J Med Chem,1999,"{'bei': '19.30', 'le': '0.43', 'lle': '2.56', 'sei': '9.87'}",,CHEMBL155100,,CHEMBL155100,6.57,1,http://www.openphacts.org/units/Nanomolar,296372,=,1,1,=,,IC50,nM,,272.0,CHEMBL203,Homo sapiens,Epidermal growth factor receptor,9606,,,IC50,nM,UO_0000065,,272.0
,,430776,[],CHEMBL679944,Concentration needed to inhibit the phosphorylation of a 14-residue fragment of phospholipase C-gamma1 by Epidermal growth factor receptor (prepared from human A431 carcinoma cell vesicles by immunoaffinity chromatography),B,,,BAO_0000190,BAO_0000357,single protein format,C[C@@H](Nc1[nH]cnc2c3ccccc3nc1-2)c1ccccc1.Cl,,,CHEMBL1132555,J Med Chem,1999,,,CHEMBL2094036,,CHEMBL102651,,0,http://www.openphacts.org/units/Nanomolar,296376,>,1,1,>,,IC50,nM,,100000.0,CHEMBL203,Homo sapiens,Epidermal growth factor receptor,9606,,,IC50,nM,UO_0000065,,100000.0
,,431817,[],CHEMBL677878,Concentration required for inhibition of epidermal growth factor receptor (EGF-R) by tyrosine kinase enzyme activity,B,,,BAO_0000190,BAO_0000357,single protein format,Nc1ncnc2c1c(-c1cccc(O)c1)cn2C1CCN(CCO)CC1,,,CHEMBL1134003,Bioorg Med Chem Lett,2001,"{'bei': '15.83', 'le': '0.29', 'lle': '3.58', 'sei': '5.57'}",,CHEMBL169780,,CHEMBL169780,5.59,0,http://www.openphacts.org/units/Nanomolar,333578,=,1,1,=,,IC50,nM,,2540.0,CHEMBL203,Homo sapiens,Epidermal growth factor receptor,9606,,,IC50,uM,UO_0000065,,2.54
,,431819,[],CHEMBL677884,Inhibition of autophosphorylation of epidermal growth factor receptor (EGF-R) in a cellular assay,F,,,BAO_0000190,BAO_0000019,assay format,Nc1ncnc2c1c(-c1cccc(O)c1)cn2C1CCN(CCO)CC1,,,CHEMBL1134003,Bioorg Med Chem Lett,2001,,,CHEMBL169780,,CHEMBL169780,,0,http://www.openphacts.org/units/Nanomolar,333578,>,1,1,>,,IC50,nM,,10000.0,CHEMBL203,Homo sapiens,Epidermal growth factor receptor,9606,,,IC50,uM,UO_0000065,,10.0
,,431823,[],CHEMBL677878,Concentration required for inhibition of epidermal growth factor receptor (EGF-R) by tyrosine kinase enzyme activity,B,,,BAO_0000190,BAO_0000357,single protein format,COc1cccc(-c2cn(C3CCN(CC(=O)N(C)C)CC3)c3ncnc(N)c23)c1,,,CHEMBL1134003,Bioorg Med Chem Lett,2001,"{'bei': '14.99', 'le': '0.28', 'lle': '3.71', 'sei': '6.84'}",,CHEMBL355269,,CHEMBL355269,6.12,0,http://www.openphacts.org/units/Nanomolar,333575,=,1,1,=,,IC50,nM,,750.0,CHEMBL203,Homo sapiens,Epidermal growth factor receptor,9606,,,IC50,uM,UO_0000065,,0.75
,,434419,[],CHEMBL677878,Concentration required for inhibition of epidermal growth factor receptor (EGF-R) by tyrosine kinase enzyme activity,B,,,BAO_0000190,BAO_0000357,single protein format,COc1cccc(-c2cn(C3CCN(CCO)CC3)c3ncnc(N)c23)c1,,,CHEMBL1134003,Bioorg Med Chem Lett,2001,"{'bei': '16.45', 'le': '0.31', 'lle': '3.73', 'sei': '6.76'}",,CHEMBL169200,,CHEMBL169200,6.05,0,http://www.openphacts.org/units/Nanomolar,333574,=,1,1,=,,IC50,nM,,900.0,CHEMBL203,Homo sapiens,Epidermal growth factor receptor,9606,,,IC50,uM,UO_0000065,,0.9
,,434421,[],CHEMBL677884,Inhibition of autophosphorylation of epidermal growth factor receptor (EGF-R) in a cellular assay,F,,,BAO_0000190,BAO_0000019,assay format,COc1cccc(-c2cn(C3CCN(CCO)CC3)c3ncnc(N)c23)c1,,,CHEMBL1134003,Bioorg Med Chem Lett,2001,,,CHEMBL169200,,CHEMBL169200,,0,http://www.openphacts.org/units/Nanomolar,333574,>,1,1,>,,IC50,nM,,10000.0,CHEMBL203,Homo sapiens,Epidermal growth factor receptor,9606,,,IC50,uM,UO_0000065,,10.0
,,435724,[],CHEMBL677878,Concentration required for inhibition of epidermal growth factor receptor (EGF-R) by tyrosine kinase enzyme activity,B,,,BAO_0000190,BAO_0000357,single protein format,Nc1ncnc2c1c(-c1ccccc1)cn2C1CCNC1,,,CHEMBL1134003,Bioorg Med Chem Lett,2001,"{'bei': '17.44', 'le': '0.32', 'lle': '2.66', 'sei': '7.09'}",,CHEMBL168829,,CHEMBL168829,4.87,0,http://www.openphacts.org/units/Nanomolar,333570,=,1,1,=,,IC50,nM,,13400.0,CHEMBL203,Homo sapiens,Epidermal growth factor receptor,9606,,,IC50,uM,UO_0000065,,13.4
,,436946,[],CHEMBL677878,Concentration required for inhibition of epidermal growth factor receptor (EGF-R) by tyrosine kinase enzyme activity,B,,,BAO_0000190,BAO_0000357,single protein format,COC(=O)CN1CCC(n2cc(-c3cccc(O)c3)c3c(N)ncnc32)CC1,,,CHEMBL1134003,Bioorg Med Chem Lett,2001,"{'bei': '15.98', 'le': '0.30', 'lle': '3.90', 'sei': '5.72'}",,CHEMBL262276,,CHEMBL262276,6.10,0,http://www.openphacts.org/units/Nanomolar,333581,=,1,1,=,,IC50,nM,,800.0,CHEMBL203,Homo sapiens,Epidermal growth factor receptor,9606,,,IC50,uM,UO_0000065,,0.8
,,436948,[],CHEMBL677884,Inhibition of autophosphorylation of epidermal growth factor receptor (EGF-R) in a cellular assay,F,,,BAO_0000190,BAO_0000019,assay format,COC(=O)CN1CCC(n2cc(-c3cccc(O)c3)c3c(N)ncnc32)CC1,,,CHEMBL1134003,Bioorg Med Chem Lett,2001,,,CHEMBL262276,,CHEMBL262276,,0,http://www.openphacts.org/units/Nanomolar,333581,>,1,1,>,,IC50,nM,,10000.0,CHEMBL203,Homo sapiens,Epidermal growth factor receptor,9606,,,IC50,uM,UO_0000065,,10.0
,,437174,[],CHEMBL672267,Inhibition of EGF receptor kinase,B,,,BAO_0000190,BAO_0000357,single protein format,C[C@H](Nc1cc(-c2c(-c3cccc(C(F)(F)F)c3)nc(C3CCNCC3)n2C)ccn1)c1ccccc1,,,CHEMBL1132637,J Med Chem,1999,,,CHEMBL303144,,CHEMBL303144,,0,http://www.openphacts.org/units/Nanomolar,122331,>,1,1,>,,IC50,nM,,10000.0,CHEMBL203,Homo sapiens,Epidermal growth factor receptor,9606,,,IC50,nM,UO_0000065,,10000.0
,,438300,[],CHEMBL677878,Concentration required for inhibition of epidermal growth factor receptor (EGF-R) by tyrosine kinase enzyme activity,B,,,BAO_0000190,BAO_0000357,single protein format,CN(C)C(=O)CN1CCC(n2cc(-c3cccc(O)c3)c3c(N)ncnc32)CC1,,,CHEMBL1134003,Bioorg Med Chem Lett,2001,"{'bei': '15.97', 'le': '0.30', 'lle': '4.19', 'sei': '6.27'}",,CHEMBL169920,,CHEMBL169920,6.30,0,http://www.openphacts.org/units/Nanomolar,333579,=,1,1,=,,IC50,nM,,500.0,CHEMBL203,Homo sapiens,Epidermal growth factor receptor,9606,,,IC50,uM,UO_0000065,,0.5
,,438302,[],CHEMBL677884,Inhibition of autophosphorylation of epidermal growth factor receptor (EGF-R) in a cellular assay,F,,,BAO_0000190,BAO_0000019,assay format,CN(C)C(=O)CN1CCC(n2cc(-c3cccc(O)c3)c3c(N)ncnc32)CC1,,,CHEMBL1134003,Bioorg Med Chem Lett,2001,,,CHEMBL169920,,CHEMBL169920,,0,http://www.openphacts.org/units/Nanomolar,333579,>,1,1,>,,IC50,nM,,10000.0,CHEMBL203,Homo sapiens,Epidermal growth factor receptor,9606,,,IC50,uM,UO_0000065,,10.0
,,440871,[],CHEMBL677878,Concentration required for inhibition of epidermal growth factor receptor (EGF-R) by tyrosine kinase enzyme activity,B,,,BAO_0000190,BAO_0000357,single protein format,NC(=O)CN1CCC(n2cc(-c3cccc(O)c3)c3c(N)ncnc32)C1,,,CHEMBL1134003,Bioorg Med Chem Lett,2001,"{'bei': '18.16', 'le': '0.34', 'lle': '5.28', 'sei': '5.19'}",,CHEMBL408683,,CHEMBL408683,6.40,0,http://www.openphacts.org/units/Nanomolar,333584,=,1,1,=,,IC50,nM,,400.0,CHEMBL203,Homo sapiens,Epidermal growth factor receptor,9606,,,IC50,uM,UO_0000065,,0.4
,,440873,[],CHEMBL677884,Inhibition of autophosphorylation of epidermal growth factor receptor (EGF-R) in a cellular assay,F,,,BAO_0000190,BAO_0000019,assay format,NC(=O)CN1CCC(n2cc(-c3cccc(O)c3)c3c(N)ncnc32)C1,,,CHEMBL1134003,Bioorg Med Chem Lett,2001,,,CHEMBL408683,,CHEMBL408683,,0,http://www.openphacts.org/units/Nanomolar,333584,>,1,1,>,,IC50,nM,,10000.0,CHEMBL203,Homo sapiens,Epidermal growth factor receptor,9606,,,IC50,uM,UO_0000065,,10.0
,,442379,[],CHEMBL677878,Concentration required for inhibition of epidermal growth factor receptor (EGF-R) by tyrosine kinase enzyme activity,B,,,BAO_0000190,BAO_0000357,single protein format,COC(=O)CN1CCC(n2cc(-c3cccc(OC)c3)c3c(N)ncnc32)C1,,,CHEMBL1134003,Bioorg Med Chem Lett,2001,"{'bei': '15.94', 'le': '0.30', 'lle': '3.97', 'sei': '6.37'}",,CHEMBL355891,,CHEMBL355891,6.08,0,http://www.openphacts.org/units/Nanomolar,333583,=,1,1,=,,IC50,nM,,830.0,CHEMBL203,Homo sapiens,Epidermal growth factor receptor,9606,,,IC50,uM,UO_0000065,,0.83
,,445004,[],CHEMBL677878,Concentration required for inhibition of epidermal growth factor receptor (EGF-R) by tyrosine kinase enzyme activity,B,,,BAO_0000190,BAO_0000357,single protein format,COc1cccc(-c2cn(C3CCN(CCN(C)CCO)CC3)c3ncnc(N)c23)c1,,,CHEMBL1134003,Bioorg Med Chem Lett,2001,"{'bei': '15.38', 'le': '0.29', 'lle': '4.28', 'sei': '7.05'}",,CHEMBL168661,,CHEMBL168661,6.53,0,http://www.openphacts.org/units/Nanomolar,333573,=,1,1,=,,IC50,nM,,295.0,CHEMBL203,Homo sapiens,Epidermal growth factor receptor,9606,,,IC50,uM,UO_0000065,,0.295
,,445006,[],CHEMBL677884,Inhibition of autophosphorylation of epidermal growth factor receptor (EGF-R) in a cellular assay,F,,,BAO_0000190,BAO_0000019,assay format,COc1cccc(-c2cn(C3CCN(CCN(C)CCO)CC3)c3ncnc(N)c23)c1,,,CHEMBL1134003,Bioorg Med Chem Lett,2001,,,CHEMBL168661,,CHEMBL168661,5.11,0,http://www.openphacts.org/units/Nanomolar,333573,=,1,1,=,,IC50,nM,,7800.0,CHEMBL203,Homo sapiens,Epidermal growth factor receptor,9606,,,IC50,uM,UO_0000065,,7.8
,,446739,[],CHEMBL672267,Inhibition of EGF receptor kinase,B,,,BAO_0000190,BAO_0000357,single protein format,C[C@H](Nc1nccc(-c2c(-c3cccc(C(F)(F)F)c3)nc(C3CCNCC3)n2C)n1)c1ccccc1,,,CHEMBL1132637,J Med Chem,1999,,,CHEMBL305178,,CHEMBL305178,,0,http://www.openphacts.org/units/Nanomolar,122332,>,1,1,>,,IC50,nM,,10000.0,CHEMBL203,Homo sapiens,Epidermal growth factor receptor,9606,,,IC50,nM,UO_0000065,,10000.0
,,451559,[],CHEMBL677878,Concentration required for inhibition of epidermal growth factor receptor (EGF-R) by tyrosine kinase enzyme activity,B,,,BAO_0000190,BAO_0000357,single protein format,COC(=O)CN1CCC(n2cc(-c3cccc(O)c3)c3c(N)ncnc32)C1,,,CHEMBL1134003,Bioorg Med Chem Lett,2001,"{'bei': '16.69', 'le': '0.31', 'lle': '4.32', 'sei': '5.76'}",,CHEMBL355019,,CHEMBL355019,6.13,0,http://www.openphacts.org/units/Nanomolar,333585,=,1,1,=,,IC50,nM,,740.0,CHEMBL203,Homo sapiens,Epidermal growth factor receptor,9606,,,IC50,uM,UO_0000065,,0.74
,,451561,[],CHEMBL677884,Inhibition of autophosphorylation of epidermal growth factor receptor (EGF-R) in a cellular assay,F,,,BAO_0000190,BAO_0000019,assay format,COC(=O)CN1CCC(n2cc(-c3cccc(O)c3)c3c(N)ncnc32)C1,,,CHEMBL1134003,Bioorg Med Chem Lett,2001,,,CHEMBL355019,,CHEMBL355019,,0,http://www.openphacts.org/units/Nanomolar,333585,>,1,1,>,,IC50,nM,,10000.0,CHEMBL203,Homo sapiens,Epidermal growth factor receptor,9606,,,IC50,uM,UO_0000065,,10.0
,,454181,[],CHEMBL677879,Inhibition of epidermal growth factor receptor (EGF-R),B,,,BAO_0000190,BAO_0000357,single protein format,COCCNCCN1CCC(n2cc(-c3cccc(OC)c3)c3c(N)ncnc32)CC1,,,CHEMBL1134003,Bioorg Med Chem Lett,2001,"{'bei': '15.33', 'le': '0.29', 'lle': '3.95', 'sei': '7.20'}",,CHEMBL172514,,CHEMBL172514,6.51,0,http://www.openphacts.org/units/Nanomolar,333547,=,1,1,=,,IC50,nM,,310.0,CHEMBL203,Homo sapiens,Epidermal growth factor receptor,9606,,,IC50,uM,UO_0000065,,0.31
,,454183,[],CHEMBL677884,Inhibition of autophosphorylation of epidermal growth factor receptor (EGF-R) in a cellular assay,F,,,BAO_0000190,BAO_0000019,assay format,COCCNCCN1CCC(n2cc(-c3cccc(OC)c3)c3c(N)ncnc32)CC1,,,CHEMBL1134003,Bioorg Med Chem Lett,2001,,,CHEMBL172514,,CHEMBL172514,,0,http://www.openphacts.org/units/Nanomolar,333547,>,1,1,>,,IC50,nM,,10000.0,CHEMBL203,Homo sapiens,Epidermal growth factor receptor,9606,,,IC50,uM,UO_0000065,,10.0
,,454187,[],CHEMBL677878,Concentration required for inhibition of epidermal growth factor receptor (EGF-R) by tyrosine kinase enzyme activity,B,,,BAO_0000190,BAO_0000357,single protein format,Nc1ncnc2c1c(-c1ccc(O)cc1)cn2C1CCNC1,,,CHEMBL1134003,Bioorg Med Chem Lett,2001,"{'bei': '18.87', 'le': '0.35', 'lle': '3.65', 'sei': '6.26'}",,CHEMBL354033,,CHEMBL354033,5.57,0,http://www.openphacts.org/units/Nanomolar,333568,=,1,1,=,,IC50,nM,,2670.0,CHEMBL203,Homo sapiens,Epidermal growth factor receptor,9606,,,IC50,uM,UO_0000065,,2.67
,,454191,[],CHEMBL677878,Concentration required for inhibition of epidermal growth factor receptor (EGF-R) by tyrosine kinase enzyme activity,B,,,BAO_0000190,BAO_0000357,single protein format,COc1cccc(-c2cn(C3CCN(CC(N)=O)C3)c3ncnc(N)c23)c1,,,CHEMBL1134003,Bioorg Med Chem Lett,2001,"{'bei': '17.35', 'le': '0.32', 'lle': '4.94', 'sei': '5.66'}",,CHEMBL355322,,CHEMBL355322,6.36,0,http://www.openphacts.org/units/Nanomolar,333582,=,1,1,=,,IC50,nM,,440.0,CHEMBL203,Homo sapiens,Epidermal growth factor receptor,9606,,,IC50,uM,UO_0000065,,0.44
,,455583,[],CHEMBL677878,Concentration required for inhibition of epidermal growth factor receptor (EGF-R) by tyrosine kinase enzyme activity,B,,,BAO_0000190,BAO_0000357,single protein format,COc1cccc(-c2cn(C3CCNC3)c3ncnc(N)c23)c1,,,CHEMBL1134003,Bioorg Med Chem Lett,2001,"{'bei': '19.24', 'le': '0.35', 'lle': '3.73', 'sei': '7.63'}",,CHEMBL169519,,CHEMBL169519,5.95,0,http://www.openphacts.org/units/Nanomolar,333586,=,1,1,=,,IC50,nM,,1120.0,CHEMBL203,Homo sapiens,Epidermal growth factor receptor,9606,,,IC50,uM,UO_0000065,,1.12
,,458336,[],CHEMBL677878,Concentration required for inhibition of epidermal growth factor receptor (EGF-R) by tyrosine kinase enzyme activity,B,,,BAO_0000190,BAO_0000357,single protein format,NC(=O)CN1CCC(n2cc(-c3cccc(O)c3)c3c(N)ncnc32)CC1,,,CHEMBL1134003,Bioorg Med Chem Lett,2001,"{'bei': '18.47', 'le': '0.34', 'lle': '5.26', 'sei': '5.49'}",,CHEMBL263528,,CHEMBL263528,6.77,0,http://www.openphacts.org/units/Nanomolar,333580,=,1,1,=,,IC50,nM,,170.0,CHEMBL203,Homo sapiens,Epidermal growth factor receptor,9606,,,IC50,uM,UO_0000065,,0.17
,,458338,[],CHEMBL677884,Inhibition of autophosphorylation of epidermal growth factor receptor (EGF-R) in a cellular assay,F,,,BAO_0000190,BAO_0000019,assay format,NC(=O)CN1CCC(n2cc(-c3cccc(O)c3)c3c(N)ncnc32)CC1,,,CHEMBL1134003,Bioorg Med Chem Lett,2001,,,CHEMBL263528,,CHEMBL263528,,0,http://www.openphacts.org/units/Nanomolar,333580,>,1,1,>,,IC50,nM,,10000.0,CHEMBL203,Homo sapiens,Epidermal growth factor receptor,9606,,,IC50,uM,UO_0000065,,10.0
,,460720,[],CHEMBL677879,Inhibition of epidermal growth factor receptor (EGF-R),B,,,BAO_0000190,BAO_0000357,single protein format,COCCN(C)CCN1CCC(n2cc(-c3cccc(OC)c3)c3c(N)ncnc32)CC1,,,CHEMBL1134003,Bioorg Med Chem Lett,2001,"{'bei': '13.75', 'le': '0.26', 'lle': '3.13', 'sei': '7.39'}",,CHEMBL274732,,CHEMBL274732,6.03,0,http://www.openphacts.org/units/Nanomolar,333548,=,1,1,=,,IC50,nM,,930.0,CHEMBL203,Homo sapiens,Epidermal growth factor receptor,9606,,,IC50,uM,UO_0000065,,0.93
,,460722,[],CHEMBL677884,Inhibition of autophosphorylation of epidermal growth factor receptor (EGF-R) in a cellular assay,F,,,BAO_0000190,BAO_0000019,assay format,COCCN(C)CCN1CCC(n2cc(-c3cccc(OC)c3)c3c(N)ncnc32)CC1,,,CHEMBL1134003,Bioorg Med Chem Lett,2001,,,CHEMBL274732,,CHEMBL274732,,0,http://www.openphacts.org/units/Nanomolar,333548,>,1,1,>,,IC50,nM,,10000.0,CHEMBL203,Homo sapiens,Epidermal growth factor receptor,9606,,,IC50,uM,UO_0000065,,10.0
,,460725,[],CHEMBL677878,Concentration required for inhibition of epidermal growth factor receptor (EGF-R) by tyrosine kinase enzyme activity,B,,,BAO_0000190,BAO_0000357,single protein format,Nc1ncnc2c1c(-c1cccc(O)c1)cn2C1CCNC1,,,CHEMBL1134003,Bioorg Med Chem Lett,2001,"{'bei': '19.69', 'le': '0.36', 'lle': '3.90', 'sei': '6.53'}",,CHEMBL171545,,CHEMBL171545,5.82,0,http://www.openphacts.org/units/Nanomolar,333564,=,1,1,=,,IC50,nM,,1530.0,CHEMBL203,Homo sapiens,Epidermal growth factor receptor,9606,,,IC50,uM,UO_0000065,,1.53
,,460727,[],CHEMBL677884,Inhibition of autophosphorylation of epidermal growth factor receptor (EGF-R) in a cellular assay,F,,,BAO_0000190,BAO_0000019,assay format,Nc1ncnc2c1c(-c1cccc(O)c1)cn2C1CCNC1,,,CHEMBL1134003,Bioorg Med Chem Lett,2001,,,CHEMBL171545,,CHEMBL171545,,0,http://www.openphacts.org/units/Nanomolar,333564,>,1,1,>,,IC50,nM,,10000.0,CHEMBL203,Homo sapiens,Epidermal growth factor receptor,9606,,,IC50,uM,UO_0000065,,10.0
,,462007,[],CHEMBL677878,Concentration required for inhibition of epidermal growth factor receptor (EGF-R) by tyrosine kinase enzyme activity,B,,,BAO_0000190,BAO_0000357,single protein format,COc1cccc(-c2cn(C3CCN(CC(N)=O)CC3)c3ncnc(N)c23)c1,,,CHEMBL1134003,Bioorg Med Chem Lett,2001,"{'bei': '16.97', 'le': '0.31', 'lle': '4.65', 'sei': '5.75'}",,CHEMBL169064,,CHEMBL169064,6.46,0,http://www.openphacts.org/units/Nanomolar,333576,=,1,1,=,,IC50,nM,,350.0,CHEMBL203,Homo sapiens,Epidermal growth factor receptor,9606,,,IC50,uM,UO_0000065,,0.35
,,463211,[],CHEMBL677878,Concentration required for inhibition of epidermal growth factor receptor (EGF-R) by tyrosine kinase enzyme activity,B,,,BAO_0000190,BAO_0000357,single protein format,CC(C)(C)OC(=O)N1CCC(n2cc(-c3cccc(O)c3)c3c(N)ncnc32)C1,,,CHEMBL1134003,Bioorg Med Chem Lett,2001,"{'bei': '14.31', 'le': '0.27', 'lle': '2.09', 'sei': '5.31'}",,CHEMBL168921,,CHEMBL168921,5.66,0,http://www.openphacts.org/units/Nanomolar,333565,=,1,1,=,,IC50,nM,,2200.0,CHEMBL203,Homo sapiens,Epidermal growth factor receptor,9606,,,IC50,uM,UO_0000065,,2.2
,,463213,[],CHEMBL677884,Inhibition of autophosphorylation of epidermal growth factor receptor (EGF-R) in a cellular assay,F,,,BAO_0000190,BAO_0000019,assay format,CC(C)(C)OC(=O)N1CCC(n2cc(-c3cccc(O)c3)c3c(N)ncnc32)C1,,,CHEMBL1134003,Bioorg Med Chem Lett,2001,,,CHEMBL168921,,CHEMBL168921,,0,http://www.openphacts.org/units/Nanomolar,333565,>,1,1,>,,IC50,nM,,10000.0,CHEMBL203,Homo sapiens,Epidermal growth factor receptor,9606,,,IC50,uM,UO_0000065,,10.0
,,465873,[],CHEMBL677878,Concentration required for inhibition of epidermal growth factor receptor (EGF-R) by tyrosine kinase enzyme activity,B,,,BAO_0000190,BAO_0000357,single protein format,COC(=O)CN1CCC(n2cc(-c3cccc(OC)c3)c3c(N)ncnc32)CC1,,,CHEMBL1134003,Bioorg Med Chem Lett,2001,"{'bei': '14.75', 'le': '0.27', 'lle': '3.33', 'sei': '6.11'}",,CHEMBL169065,,CHEMBL169065,5.83,0,http://www.openphacts.org/units/Nanomolar,333577,=,1,1,=,,IC50,nM,,1470.0,CHEMBL203,Homo sapiens,Epidermal growth factor receptor,9606,,,IC50,uM,UO_0000065,,1.47
,,468916,[],CHEMBL672267,Inhibition of EGF receptor kinase,B,,,BAO_0000190,BAO_0000357,single protein format,C[S+]([O-])c1ccc(-c2nc(-c3ccc(F)cc3)c(-c3ccncc3)[nH]2)cc1,,,CHEMBL1132637,J Med Chem,1999,"{'bei': '10.64', 'le': '0.20', 'lle': '-0.66', 'sei': '6.22'}",,CHEMBL10,SB-203580,CHEMBL10,4.02,0,http://www.openphacts.org/units/Nanomolar,122298,=,1,1,=,,IC50,nM,,96000.0,CHEMBL203,Homo sapiens,Epidermal growth factor receptor,9606,,,IC50,nM,UO_0000065,,96000.0
,,469967,[],CHEMBL677878,Concentration required for inhibition of epidermal growth factor receptor (EGF-R) by tyrosine kinase enzyme activity,B,,,BAO_0000190,BAO_0000357,single protein format,CC(C)(C)OC(=O)N1CCC(n2cc(-c3ccccc3)c3c(N)ncnc32)C1,,,CHEMBL1134003,Bioorg Med Chem Lett,2001,"{'bei': '13.39', 'le': '0.25', 'lle': '1.22', 'sei': '5.89'}",,CHEMBL353823,,CHEMBL353823,5.08,0,http://www.openphacts.org/units/Nanomolar,333571,=,1,1,=,,IC50,nM,,8300.0,CHEMBL203,Homo sapiens,Epidermal growth factor receptor,9606,,,IC50,uM,UO_0000065,,8.3
,,469970,[],CHEMBL677878,Concentration required for inhibition of epidermal growth factor receptor (EGF-R) by tyrosine kinase enzyme activity,B,,,BAO_0000190,BAO_0000357,single protein format,COc1cccc(-c2cn(C3CCN(C(=O)OC(C)(C)C)C3)c3ncnc(N)c23)c1,,,CHEMBL1134003,Bioorg Med Chem Lett,2001,"{'bei': '13.87', 'le': '0.26', 'lle': '1.81', 'sei': '5.95'}",,CHEMBL168656,,CHEMBL168656,5.68,0,http://www.openphacts.org/units/Nanomolar,333587,=,1,1,=,,IC50,nM,,2100.0,CHEMBL203,Homo sapiens,Epidermal growth factor receptor,9606,,,IC50,uM,UO_0000065,,2.1
,,476108,[],CHEMBL674700,Inhibition of Epidermal growth factor receptor (EGFr),B,,,BAO_0000190,BAO_0000357,single protein format,COc1cc(Nc2nccc(-c3ccc(NCCN)nc3)n2)cc(OC)c1OC,,,CHEMBL1131898,Bioorg Med Chem Lett,1999,"{'bei': '13.35', 'le': '0.25', 'lle': '2.61', 'sei': '4.55'}",,CHEMBL113185,,CHEMBL113185,5.29,0,http://www.openphacts.org/units/Nanomolar,213836,=,1,1,=,,IC50,nM,,5100.0,CHEMBL203,Homo sapiens,Epidermal growth factor receptor,9606,,,IC50,nM,UO_0000065,,5100.0
,Not Determined,477350,[],CHEMBL676162,Inhibition of Epidermal growth factor receptor autophosphorylation (Not tested),B,,,BAO_0000190,BAO_0000357,single protein format,COc1cc(Nc2[nH]cnc3nncc2-3)cc(OC)c1OC.Cl,,,CHEMBL1129839,Bioorg Med Chem Lett,1997,,,CHEMBL539552,,CHEMBL1189830,,0,http://www.openphacts.org/units/Nanomolar,256880,,1,0,,,IC50,nM,,,CHEMBL203,Homo sapiens,Epidermal growth factor receptor,9606,,,IC50,uM,UO_0000065,,
,Not Determined,478713,[],CHEMBL676162,Inhibition of Epidermal growth factor receptor autophosphorylation (Not tested),B,,,BAO_0000190,BAO_0000357,single protein format,COc1cc2ncnc(Oc3cc(OC)c(OC)c(OC)c3)c2cc1OC,,,CHEMBL1129839,Bioorg Med Chem Lett,1997,,,CHEMBL335400,,CHEMBL335400,,0,http://www.openphacts.org/units/Nanomolar,256881,,1,0,,,IC50,nM,,,CHEMBL203,Homo sapiens,Epidermal growth factor receptor,9606,,,IC50,uM,UO_0000065,,
,,479781,[],CHEMBL676160,Inhibition of Epidermal growth factor receptor autophosphorylation.,B,,,BAO_0000190,BAO_0000357,single protein format,COc1cc(Nc2ncnc3cc(OC)c(OC)cc23)cc(OC)c1.Cl,,,CHEMBL1129839,Bioorg Med Chem Lett,1997,"{'bei': '16.18', 'le': '0.30', 'lle': '2.11', 'sei': '7.39'}",,CHEMBL543661,,CHEMBL1192428,5.52,0,http://www.openphacts.org/units/Nanomolar,256897,=,1,1,=,,IC50,nM,,3000.0,CHEMBL203,Homo sapiens,Epidermal growth factor receptor,9606,,,IC50,uM,UO_0000065,,3.0
,,479831,[],CHEMBL676160,Inhibition of Epidermal growth factor receptor autophosphorylation.,B,,,BAO_0000190,BAO_0000357,single protein format,COc1cc2ncnc(NCc3ccccc3)c2cc1OC.Cl,,,CHEMBL1129839,Bioorg Med Chem Lett,1997,"{'bei': '28.43', 'le': '0.52', 'lle': '5.14', 'sei': '14.92'}",,CHEMBL545541,,CHEMBL325245,8.40,0,http://www.openphacts.org/units/Nanomolar,256872,=,1,1,=,,IC50,nM,,4.0,CHEMBL203,Homo sapiens,Epidermal growth factor receptor,9606,,,IC50,uM,UO_0000065,,0.004
,,479833,[],CHEMBL676160,Inhibition of Epidermal growth factor receptor autophosphorylation.,B,,,BAO_0000190,BAO_0000357,single protein format,COc1cc2ncnc(Nc3cccc(F)c3)c2cc1OC.Cl,,,CHEMBL1129839,Bioorg Med Chem Lett,1997,"{'bei': '25.40', 'le': '0.47', 'lle': '4.07', 'sei': '13.51'}",,CHEMBL541586,,CHEMBL94431,7.60,0,http://www.openphacts.org/units/Nanomolar,256890,=,1,1,=,,IC50,nM,,25.0,CHEMBL203,Homo sapiens,Epidermal growth factor receptor,9606,,,IC50,uM,UO_0000065,,0.025
,,479835,[],CHEMBL676160,Inhibition of Epidermal growth factor receptor autophosphorylation.,B,,,BAO_0000190,BAO_0000357,single protein format,COc1cc2nc(Cl)nc(Nc3cc(OC)c(OC)c(OC)c3)c2cc1OC.Cl,,,CHEMBL1129839,Bioorg Med Chem Lett,1997,,,CHEMBL542237,,CHEMBL1191175,,0,http://www.openphacts.org/units/Nanomolar,256875,>,1,1,>,,IC50,nM,,20000.0,CHEMBL203,Homo sapiens,Epidermal growth factor receptor,9606,,,IC50,uM,UO_0000065,,20.0
,,479907,[],CHEMBL677886,Inhibition of Epidermal growth factor receptor kinase,B,,,BAO_0000190,BAO_0000357,single protein format,COc1cc(Nc2c(C#N)cnc3cc4c(cc23)ncn4CCN2CCOCC2)c(Br)cc1Cl,,,CHEMBL1135352,Bioorg Med Chem Lett,2002,,,CHEMBL327188,,CHEMBL327188,,0,http://www.openphacts.org/units/Nanomolar,171914,>,1,1,>,,IC50,nM,,1000.0,CHEMBL203,Homo sapiens,Epidermal growth factor receptor,9606,,,IC50,uM,UO_0000065,,1.0
,,481121,[],CHEMBL676160,Inhibition of Epidermal growth factor receptor autophosphorylation.,B,,,BAO_0000190,BAO_0000357,single protein format,COc1cc2ncnc(Nc3cccc(Cl)c3)c2cc1OC.Cl,,,CHEMBL1129839,Bioorg Med Chem Lett,1997,"{'bei': '23.82', 'le': '0.47', 'lle': '3.48', 'sei': '13.37'}",,CHEMBL540068,,CHEMBL7917,7.52,0,http://www.openphacts.org/units/Nanomolar,256892,=,1,1,=,,IC50,nM,,30.0,CHEMBL203,Homo sapiens,Epidermal growth factor receptor,9606,,,IC50,uM,UO_0000065,,0.03
,,481537,[],CHEMBL677382,Inhibition of epidermal growth factor receptor,B,,,BAO_0000190,BAO_0000357,single protein format,CCNC(=O)Nc1nc2nc(NCCCCN(CC)CC)ncc2cc1-c1c(Cl)cccc1Cl,,,CHEMBL1134497,J Med Chem,2001,"{'bei': '11.67', 'le': '0.24', 'lle': '0.22', 'sei': '6.19'}",,CHEMBL301483,,CHEMBL301483,5.89,1,http://www.openphacts.org/units/Nanomolar,98372,=,1,1,=,,IC50,nM,,1300.0,CHEMBL203,Homo sapiens,Epidermal growth factor receptor,9606,,,IC50,uM,UO_0000065,,1.3
,,482429,[],CHEMBL676160,Inhibition of Epidermal growth factor receptor autophosphorylation.,B,,,BAO_0000190,BAO_0000357,single protein format,COc1cc(Nc2ncnc3c(C)cc(C)cc23)cc(OC)c1OC.Cl,,,CHEMBL1129839,Bioorg Med Chem Lett,1997,,,CHEMBL544836,,CHEMBL1193431,,0,http://www.openphacts.org/units/Nanomolar,256874,>,1,1,>,,IC50,nM,,20000.0,CHEMBL203,Homo sapiens,Epidermal growth factor receptor,9606,,,IC50,uM,UO_0000065,,20.0
,,482446,[],CHEMBL677886,Inhibition of Epidermal growth factor receptor kinase,B,,,BAO_0000190,BAO_0000357,single protein format,COc1cc(Nc2c(C#N)cnc3cc4c(cc23)ncn4CCN2CCOCC2)cc(OC)c1OC,,,CHEMBL1135352,Bioorg Med Chem Lett,2002,,,CHEMBL96633,,CHEMBL96633,,0,http://www.openphacts.org/units/Nanomolar,171913,>,1,1,>,,IC50,nM,,1000.0,CHEMBL203,Homo sapiens,Epidermal growth factor receptor,9606,,,IC50,uM,UO_0000065,,1.0
,,484926,[],CHEMBL677886,Inhibition of Epidermal growth factor receptor kinase,B,,,BAO_0000190,BAO_0000357,single protein format,COc1cc(Nc2c(C#N)cnc3cc4[nH]c(NCCN5CCOCC5)nc4cc23)cc(OC)c1OC,,,CHEMBL1135352,Bioorg Med Chem Lett,2002,,,CHEMBL93262,,CHEMBL93262,,0,http://www.openphacts.org/units/Nanomolar,171918,>,1,1,>,,IC50,nM,,1000.0,CHEMBL203,Homo sapiens,Epidermal growth factor receptor,9606,,,IC50,uM,UO_0000065,,1.0
,,485904,[],CHEMBL676160,Inhibition of Epidermal growth factor receptor autophosphorylation.,B,,,BAO_0000190,BAO_0000357,single protein format,COc1cc2ncnc(Oc3cccc(Cl)c3)c2cc1OC,,,CHEMBL1129839,Bioorg Med Chem Lett,1997,"{'bei': '24.31', 'le': '0.48', 'lle': '3.61', 'sei': '14.40'}",,CHEMBL135853,,CHEMBL135853,7.70,0,http://www.openphacts.org/units/Nanomolar,256893,=,1,1,=,,IC50,nM,,20.0,CHEMBL203,Homo sapiens,Epidermal growth factor receptor,9606,,,IC50,uM,UO_0000065,,0.02
,,485981,[],CHEMBL676160,Inhibition of Epidermal growth factor receptor autophosphorylation.,B,,,BAO_0000190,BAO_0000357,single protein format,COc1ccc(Nc2ncnc3cc(OC)c(OC)cc23)cc1OC.Cl,,,CHEMBL1129839,Bioorg Med Chem Lett,1997,"{'bei': '18.91', 'le': '0.35', 'lle': '3.05', 'sei': '8.64'}",,CHEMBL544833,,CHEMBL100714,6.46,0,http://www.openphacts.org/units/Nanomolar,256873,=,1,1,=,,IC50,nM,,350.0,CHEMBL203,Homo sapiens,Epidermal growth factor receptor,9606,,,IC50,uM,UO_0000065,,0.35
,,487042,[],CHEMBL674700,Inhibition of Epidermal growth factor receptor (EGFr),B,,,BAO_0000190,BAO_0000357,single protein format,CC[C@H]1CN(c2ccc(-c3ccnc(Nc4cc(OC)c(OC)c(OC)c4)n3)cn2)CCN1,,,CHEMBL1131898,Bioorg Med Chem Lett,1999,,,CHEMBL112346,,CHEMBL112346,,0,http://www.openphacts.org/units/Nanomolar,213840,>,1,1,>,,IC50,nM,,10000.0,CHEMBL203,Homo sapiens,Epidermal growth factor receptor,9606,,,IC50,nM,UO_0000065,,10000.0
,,487116,[],CHEMBL676160,Inhibition of Epidermal growth factor receptor autophosphorylation.,B,,,BAO_0000190,BAO_0000357,single protein format,COc1cc2ncnc(Nc3ccc(O)cc3)c2cc1OC.Cl,,,CHEMBL1129839,Bioorg Med Chem Lett,1997,"{'bei': '23.54', 'le': '0.43', 'lle': '3.90', 'sei': '9.15'}",,CHEMBL555201,,CHEMBL405130,7.00,0,http://www.openphacts.org/units/Nanomolar,256888,=,1,1,=,,IC50,nM,,100.0,CHEMBL203,Homo sapiens,Epidermal growth factor receptor,9606,,,IC50,uM,UO_0000065,,0.1
,,488289,[],CHEMBL676160,Inhibition of Epidermal growth factor receptor autophosphorylation.,B,,,BAO_0000190,BAO_0000357,single protein format,COc1cc2ncnc(Nc3ccccc3)c2cc1OC.Cl,,,CHEMBL1129839,Bioorg Med Chem Lett,1997,"{'bei': '25.95', 'le': '0.47', 'lle': '3.91', 'sei': '12.97'}",,CHEMBL542484,,CHEMBL94191,7.30,1,http://www.openphacts.org/units/Nanomolar,256898,=,1,1,=,,IC50,nM,,50.0,CHEMBL203,Homo sapiens,Epidermal growth factor receptor,9606,,,IC50,uM,UO_0000065,,0.05
,,488409,[],CHEMBL677886,Inhibition of Epidermal growth factor receptor kinase,B,,,BAO_0000190,BAO_0000357,single protein format,COc1ccc(Cl)c(Nc2c(C#N)cnc3cc4[nH]cnc4cc23)c1,,,CHEMBL1135352,Bioorg Med Chem Lett,2002,,,CHEMBL92395,,CHEMBL92395,,0,http://www.openphacts.org/units/Nanomolar,171922,>,1,1,>,,IC50,nM,,1000.0,CHEMBL203,Homo sapiens,Epidermal growth factor receptor,9606,,,IC50,uM,UO_0000065,,1.0
,,490584,[],CHEMBL674700,Inhibition of Epidermal growth factor receptor (EGFr),B,,,BAO_0000190,BAO_0000357,single protein format,COc1cc(Nc2nccc(-c3ccc(N4CCNCC4)nc3)n2)cc(OC)c1OC,,,CHEMBL1131898,Bioorg Med Chem Lett,1999,"{'bei': '13.65', 'le': '0.25', 'lle': '3.05', 'sei': '6.16'}",,CHEMBL322066,,CHEMBL322066,5.77,0,http://www.openphacts.org/units/Nanomolar,213835,=,1,1,=,,IC50,nM,,1704.0,CHEMBL203,Homo sapiens,Epidermal growth factor receptor,9606,,,IC50,nM,UO_0000065,,1704.0
,,490733,[],CHEMBL677886,Inhibition of Epidermal growth factor receptor kinase,B,,,BAO_0000190,BAO_0000357,single protein format,N#Cc1cnc2cc3[nH]cnc3cc2c1Nc1ccc(Cl)cc1Br,,,CHEMBL1135352,Bioorg Med Chem Lett,2002,,,CHEMBL96096,,CHEMBL96096,,0,http://www.openphacts.org/units/Nanomolar,171912,>,1,1,>,,IC50,nM,,1000.0,CHEMBL203,Homo sapiens,Epidermal growth factor receptor,9606,,,IC50,uM,UO_0000065,,1.0
,,490968,[],CHEMBL677382,Inhibition of epidermal growth factor receptor,B,,,BAO_0000190,BAO_0000357,single protein format,CCN(CC)CCCCNc1ncc2cc(-c3c(Cl)cccc3Cl)c(NC(=O)Nc3ccccc3)nc2n1,,,CHEMBL1134497,J Med Chem,2001,"{'bei': '10.86', 'le': '0.22', 'lle': '-1.18', 'sei': '6.31'}",,CHEMBL56983,,CHEMBL56983,6.00,0,http://www.openphacts.org/units/Nanomolar,98369,=,1,1,=,,IC50,nM,,1000.0,CHEMBL203,Homo sapiens,Epidermal growth factor receptor,9606,,,IC50,uM,UO_0000065,,1.0
,,491827,[],CHEMBL676160,Inhibition of Epidermal growth factor receptor autophosphorylation.,B,,,BAO_0000190,BAO_0000357,single protein format,COc1cc2ncnc(N(C)c3ccccc3)c2cc1OC.Cl,,,CHEMBL1129839,Bioorg Med Chem Lett,1997,"{'bei': '18.28', 'le': '0.34', 'lle': '1.99', 'sei': '11.37'}",,CHEMBL543669,,CHEMBL456375,5.40,0,http://www.openphacts.org/units/Nanomolar,256895,=,1,1,=,,IC50,nM,,4000.0,CHEMBL203,Homo sapiens,Epidermal growth factor receptor,9606,,,IC50,uM,UO_0000065,,4.0
,,491919,[],CHEMBL709031,Inhibition of EGFR phosphorylation in LoVo cells,F,,,BAO_0000190,BAO_0000219,cell-based format,COc1cc2c(Nc3ccc(Oc4ccccc4)cc3)c(C#N)cnc2cc1OCCCN1CCOCC1,,,CHEMBL1146624,Bioorg Med Chem Lett,2003,,,CHEMBL414139,,CHEMBL414139,,0,http://www.openphacts.org/units/Nanomolar,192281,>,1,1,>,,IC50,nM,,1000.0,CHEMBL203,Homo sapiens,Epidermal growth factor receptor,9606,,,IC50,nM,UO_0000065,,1000.0
,,494208,[],CHEMBL676160,Inhibition of Epidermal growth factor receptor autophosphorylation.,B,,,BAO_0000190,BAO_0000357,single protein format,COc1cc(Nc2ncnc3ccc(Cl)cc23)cc(OC)c1OC.Cl,,,CHEMBL1129839,Bioorg Med Chem Lett,1997,,,CHEMBL545767,,CHEMBL1194235,,0,http://www.openphacts.org/units/Nanomolar,256882,>,1,1,>,,IC50,nM,,1000.0,CHEMBL203,Homo sapiens,Epidermal growth factor receptor,9606,,,IC50,uM,UO_0000065,,1.0
,,494268,[],CHEMBL677886,Inhibition of Epidermal growth factor receptor kinase,B,,,BAO_0000190,BAO_0000357,single protein format,COc1ccc(C)c(Nc2c(C#N)cnc3cc4c(cc23)ncn4CCN2CCOCC2)c1,,,CHEMBL1135352,Bioorg Med Chem Lett,2002,,,CHEMBL92729,,CHEMBL92729,,0,http://www.openphacts.org/units/Nanomolar,171916,>,1,1,>,,IC50,nM,,1000.0,CHEMBL203,Homo sapiens,Epidermal growth factor receptor,9606,,,IC50,uM,UO_0000065,,1.0
,,495295,[],CHEMBL676160,Inhibition of Epidermal growth factor receptor autophosphorylation.,B,,,BAO_0000190,BAO_0000357,single protein format,COc1cc2ncnc(Sc3cccc(Cl)c3)c2cc1OC,,,CHEMBL1129839,Bioorg Med Chem Lett,1997,"{'bei': '24.04', 'le': '0.50', 'lle': '3.55', 'sei': '18.08'}",,CHEMBL135902,,CHEMBL135902,8.00,0,http://www.openphacts.org/units/Nanomolar,256894,=,1,1,=,,IC50,nM,,10.0,CHEMBL203,Homo sapiens,Epidermal growth factor receptor,9606,,,IC50,uM,UO_0000065,,0.01
,,497488,[],CHEMBL676160,Inhibition of Epidermal growth factor receptor autophosphorylation.,B,,,BAO_0000190,BAO_0000357,single protein format,COc1cc2ncnc(Nc3cc(OC)c(OC)c(OC)c3)c2cc1OC.Cl,,,CHEMBL1129839,Bioorg Med Chem Lett,1997,"{'bei': '16.97', 'le': '0.32', 'lle': '2.88', 'sei': '7.50'}",,CHEMBL543904,,CHEMBL309682,6.30,1,http://www.openphacts.org/units/Nanomolar,256896,=,1,1,=,,IC50,nM,,500.0,CHEMBL203,Homo sapiens,Epidermal growth factor receptor,9606,,,IC50,uM,UO_0000065,,0.5
,,497534,[],CHEMBL676160,Inhibition of Epidermal growth factor receptor autophosphorylation.,B,,,BAO_0000190,BAO_0000357,single protein format,COc1cc2ncnc(Nc3ccc4c(c3)CCC4)c2cc1OC.Cl,,,CHEMBL1129839,Bioorg Med Chem Lett,1997,"{'bei': '19.36', 'le': '0.35', 'lle': '2.34', 'sei': '11.06'}",,CHEMBL555797,,CHEMBL1196033,6.22,0,http://www.openphacts.org/units/Nanomolar,256887,=,1,1,=,,IC50,nM,,600.0,CHEMBL203,Homo sapiens,Epidermal growth factor receptor,9606,,,IC50,uM,UO_0000065,,0.6
,,497582,[],CHEMBL677886,Inhibition of Epidermal growth factor receptor kinase,B,,,BAO_0000190,BAO_0000357,single protein format,COc1cc(Nc2c(C#N)cnc3cc4[nH]cnc4cc23)c(Br)cc1Cl,,,CHEMBL1135352,Bioorg Med Chem Lett,2002,,,CHEMBL96081,,CHEMBL96081,,0,http://www.openphacts.org/units/Nanomolar,171923,>,1,1,>,,IC50,nM,,1000.0,CHEMBL203,Homo sapiens,Epidermal growth factor receptor,9606,,,IC50,uM,UO_0000065,,1.0
,,498707,[],CHEMBL676160,Inhibition of Epidermal growth factor receptor autophosphorylation.,B,,,BAO_0000190,BAO_0000357,single protein format,COc1cc2ncnc(Nc3ccc(N4CCOCC4)cc3)c2cc1OC.Cl,,,CHEMBL1129839,Bioorg Med Chem Lett,1997,,,CHEMBL555844,,CHEMBL1196064,,0,http://www.openphacts.org/units/Nanomolar,256889,>,1,1,>,,IC50,nM,,1000.0,CHEMBL203,Homo sapiens,Epidermal growth factor receptor,9606,,,IC50,uM,UO_0000065,,1.0
,Not Determined,498709,[],CHEMBL676162,Inhibition of Epidermal growth factor receptor autophosphorylation (Not tested),B,,,BAO_0000190,BAO_0000357,single protein format,COc1cc(Nc2[nH]cnc3ncnc2-3)cc(OC)c1OC.Cl,,,CHEMBL1129839,Bioorg Med Chem Lett,1997,,,CHEMBL538528,,CHEMBL1189340,,0,http://www.openphacts.org/units/Nanomolar,256879,,1,0,,,IC50,nM,,,CHEMBL203,Homo sapiens,Epidermal growth factor receptor,9606,,,IC50,uM,UO_0000065,,
,,498753,[],CHEMBL677886,Inhibition of Epidermal growth factor receptor kinase,B,,,BAO_0000190,BAO_0000357,single protein format,COc1cc(Nc2c(C#N)cnc3cc4[nH]cnc4cc23)cc(OC)c1OC,,,CHEMBL1135352,Bioorg Med Chem Lett,2002,,,CHEMBL94846,,CHEMBL94846,,0,http://www.openphacts.org/units/Nanomolar,171917,>,1,1,>,,IC50,nM,,1000.0,CHEMBL203,Homo sapiens,Epidermal growth factor receptor,9606,,,IC50,uM,UO_0000065,,1.0
,,498758,[],CHEMBL677886,Inhibition of Epidermal growth factor receptor kinase,B,,,BAO_0000190,BAO_0000357,single protein format,COc1ccc(Cl)c(Nc2c(C#N)cnc3cc4c(cc23)ncn4CCN2CCOCC2)c1,,,CHEMBL1135352,Bioorg Med Chem Lett,2002,,,CHEMBL92339,,CHEMBL92339,,0,http://www.openphacts.org/units/Nanomolar,171920,>,1,1,>,,IC50,nM,,1000.0,CHEMBL203,Homo sapiens,Epidermal growth factor receptor,9606,,,IC50,uM,UO_0000065,,1.0
,,498763,[],CHEMBL677886,Inhibition of Epidermal growth factor receptor kinase,B,,,BAO_0000190,BAO_0000357,single protein format,COc1cc(Nc2c(C#N)cnc3cc4c(cc23)ncn4CCN2CCOCC2)c(C)cc1Cl,,,CHEMBL1135352,Bioorg Med Chem Lett,2002,,,CHEMBL330351,,CHEMBL330351,,0,http://www.openphacts.org/units/Nanomolar,171915,>,1,1,>,,IC50,nM,,1000.0,CHEMBL203,Homo sapiens,Epidermal growth factor receptor,9606,,,IC50,uM,UO_0000065,,1.0
,,500329,[],CHEMBL677382,Inhibition of epidermal growth factor receptor,B,,,BAO_0000190,BAO_0000357,single protein format,CN1CCN(CCCNc2ncc3cc(-c4c(Cl)cccc4Cl)c(NC(=O)NC(C)(C)C)nc3n2)CC1,,,CHEMBL1134497,J Med Chem,2001,"{'bei': '12.51', 'le': '0.25', 'lle': '1.85', 'sei': '6.94'}",,CHEMBL57347,,CHEMBL57347,6.82,1,http://www.openphacts.org/units/Nanomolar,98380,=,1,1,=,,IC50,nM,,150.0,CHEMBL203,Homo sapiens,Epidermal growth factor receptor,9606,,,IC50,uM,UO_0000065,,0.15
,,501309,[],CHEMBL676160,Inhibition of Epidermal growth factor receptor autophosphorylation.,B,,,BAO_0000190,BAO_0000357,single protein format,COc1ccc(Sc2ncnc3cc(OC)c(OC)cc23)cc1OC,,,CHEMBL1129839,Bioorg Med Chem Lett,1997,,,CHEMBL132605,,CHEMBL132605,,0,http://www.openphacts.org/units/Nanomolar,256885,>,1,1,>,,IC50,nM,,50000.0,CHEMBL203,Homo sapiens,Epidermal growth factor receptor,9606,,,IC50,uM,UO_0000065,,50.0
,,502540,[],CHEMBL676160,Inhibition of Epidermal growth factor receptor autophosphorylation.,B,,,BAO_0000190,BAO_0000357,single protein format,COc1ccc2ncnc(Nc3cc(OC)c(OC)c(OC)c3)c2c1.Cl,,,CHEMBL1129839,Bioorg Med Chem Lett,1997,"{'bei': '20.51', 'le': '0.38', 'lle': '3.59', 'sei': '9.37'}",,CHEMBL542729,,CHEMBL1191608,7.00,0,http://www.openphacts.org/units/Nanomolar,256883,=,1,1,=,,IC50,nM,,100.0,CHEMBL203,Homo sapiens,Epidermal growth factor receptor,9606,,,IC50,uM,UO_0000065,,0.1
,,502776,[],CHEMBL677382,Inhibition of epidermal growth factor receptor,B,,,BAO_0000190,BAO_0000357,single protein format,CCN(CC)CCCCNc1ncc2cc(-c3c(Cl)cccc3Cl)c(NC(=O)NC(C)(C)C)nc2n1,,,CHEMBL1134497,J Med Chem,2001,"{'bei': '12.04', 'le': '0.24', 'lle': '-0.04', 'sei': '6.74'}",,CHEMBL45827,,CHEMBL45827,6.41,1,http://www.openphacts.org/units/Nanomolar,98371,=,1,1,=,,IC50,nM,,390.0,CHEMBL203,Homo sapiens,Epidermal growth factor receptor,9606,,,IC50,uM,UO_0000065,,0.39
,,504972,[],CHEMBL677886,Inhibition of Epidermal growth factor receptor kinase,B,,,BAO_0000190,BAO_0000357,single protein format,COc1cc(Nc2c(C#N)cnc3cc4[nH]c(CN5CCOCC5)nc4cc23)cc(OC)c1OC,,,CHEMBL1135352,Bioorg Med Chem Lett,2002,,,CHEMBL330657,,CHEMBL330657,,0,http://www.openphacts.org/units/Nanomolar,171921,>,1,1,>,,IC50,nM,,1000.0,CHEMBL203,Homo sapiens,Epidermal growth factor receptor,9606,,,IC50,uM,UO_0000065,,1.0
,,506049,[],CHEMBL674700,Inhibition of Epidermal growth factor receptor (EGFr),B,,,BAO_0000190,BAO_0000357,single protein format,COc1cc(Nc2nccc(-c3cccnc3)n2)cc(OC)c1OC,,,CHEMBL1131898,Bioorg Med Chem Lett,1999,,,CHEMBL112263,,CHEMBL112263,,0,http://www.openphacts.org/units/Nanomolar,213832,>,1,1,>,,IC50,nM,,10000.0,CHEMBL203,Homo sapiens,Epidermal growth factor receptor,9606,,,IC50,nM,UO_0000065,,10000.0
,,507380,[],CHEMBL709031,Inhibition of EGFR phosphorylation in LoVo cells,F,,,BAO_0000190,BAO_0000219,cell-based format,COc1cc2c(Nc3ccc(Sc4nccn4C)c(Cl)c3)c(C#N)cnc2cc1OCCCN1CCOCC1,,,CHEMBL1146624,Bioorg Med Chem Lett,2003,,,CHEMBL318804,,CHEMBL318804,,0,http://www.openphacts.org/units/Nanomolar,192274,>,1,1,>,,IC50,nM,,1000.0,CHEMBL203,Homo sapiens,Epidermal growth factor receptor,9606,,,IC50,nM,UO_0000065,,1000.0
,,509788,[],CHEMBL676161,"Inhibition of Epidermal growth factor receptor autophosphorylation, 0.05-0.10",B,,,BAO_0000190,BAO_0000357,single protein format,Cl.Clc1cccc(Nc2ncnc3ccccc23)c1,,,CHEMBL1129839,Bioorg Med Chem Lett,1997,"{'bei': '28.55', 'le': '0.55', 'lle': '3.27', 'sei': '19.31'}",,CHEMBL555321,,CHEMBL329672,7.30,0,http://www.openphacts.org/units/Nanomolar,256891,=,1,1,=,,IC50,nM,,50.0,CHEMBL203,Homo sapiens,Epidermal growth factor receptor,9606,,,IC50,uM,UO_0000065,,0.05
,,509882,[],CHEMBL676160,Inhibition of Epidermal growth factor receptor autophosphorylation.,B,,,BAO_0000190,BAO_0000357,single protein format,COc1ccc(Nc2ncnc3cc(OC)c(OC)cc23)cc1.Cl,,,CHEMBL1129839,Bioorg Med Chem Lett,1997,"{'bei': '21.21', 'le': '0.39', 'lle': '3.20', 'sei': '10.08'}",,CHEMBL542733,,CHEMBL1191611,6.60,0,http://www.openphacts.org/units/Nanomolar,256886,=,1,1,=,,IC50,nM,,250.0,CHEMBL203,Homo sapiens,Epidermal growth factor receptor,9606,,,IC50,uM,UO_0000065,,0.25
,,509884,[],CHEMBL676160,Inhibition of Epidermal growth factor receptor autophosphorylation.,B,,,BAO_0000190,BAO_0000357,single protein format,COc1cc(Nc2ncnc3c(OC)c(OC)c(OC)cc23)cc(OC)c1OC.Cl,,,CHEMBL1129839,Bioorg Med Chem Lett,1997,,,CHEMBL543429,,CHEMBL389024,,0,http://www.openphacts.org/units/Nanomolar,256884,>,1,1,>,,IC50,nM,,20000.0,CHEMBL203,Homo sapiens,Epidermal growth factor receptor,9606,,,IC50,uM,UO_0000065,,20.0
,,511053,[],CHEMBL677886,Inhibition of Epidermal growth factor receptor kinase,B,,,BAO_0000190,BAO_0000357,single protein format,COc1ccc(C)c(Nc2c(C#N)cnc3cc4[nH]c(NCCN5CCOCC5)nc4cc23)c1,,,CHEMBL1135352,Bioorg Med Chem Lett,2002,,,CHEMBL329244,,CHEMBL329244,,0,http://www.openphacts.org/units/Nanomolar,171919,>,1,1,>,,IC50,nM,,1000.0,CHEMBL203,Homo sapiens,Epidermal growth factor receptor,9606,,,IC50,uM,UO_0000065,,1.0
,,512206,[],CHEMBL674105,Inhibitory activity against HER1 kinase,B,,,BAO_0000190,BAO_0000357,single protein format,Cc1cccc(Cl)c1NC(=O)c1cnc(NC(=O)C2CC2)s1,,,CHEMBL1136358,Bioorg Med Chem Lett,2003,"{'bei': '14.89', 'le': '0.31', 'lle': '1.29', 'sei': '7.03'}",,CHEMBL131577,,CHEMBL131577,5.00,0,http://www.openphacts.org/units/Nanomolar,248112,=,1,1,=,,IC50,nM,,10000.0,CHEMBL203,Homo sapiens,Epidermal growth factor receptor,9606,,,IC50,uM,UO_0000065,,10.0
,,512674,[],CHEMBL677830,Inhibitory activity against Epidermal growth factor receptor,B,,,BAO_0000190,BAO_0000357,single protein format,Cc1c(CCC(=O)O)c[nH]c1/C=C1\C(=O)Nc2ccc(C(=O)O)cc21,,,CHEMBL1132535,J Med Chem,1999,,,CHEMBL435227,,CHEMBL435227,,0,http://www.openphacts.org/units/Nanomolar,289199,>,1,1,>,,IC50,nM,,100000.0,CHEMBL203,Homo sapiens,Epidermal growth factor receptor,9606,,,IC50,uM,UO_0000065,,100.0
,,512678,[],CHEMBL880174,Inhibitory activity against ligand-dependent EGF cell proliferation,F,,,BAO_0000190,BAO_0000019,assay format,Cc1c(CCC(=O)O)c[nH]c1/C=C1\C(=O)Nc2ccc(C(=O)O)cc21,,,CHEMBL1132535,J Med Chem,1999,,,CHEMBL435227,,CHEMBL435227,,0,http://www.openphacts.org/units/Nanomolar,289199,>,1,1,>,,IC50,nM,,50000.0,CHEMBL203,Homo sapiens,Epidermal growth factor receptor,9606,,,IC50,uM,UO_0000065,,50.0
,,512709,[],CHEMBL677830,Inhibitory activity against Epidermal growth factor receptor,B,,,BAO_0000190,BAO_0000357,single protein format,Cc1c[nH]c(/C=C2\C(=O)Nc3cccc(C)c32)c1CCC(=O)O,,,CHEMBL1132535,J Med Chem,1999,,,CHEMBL147761,,CHEMBL147761,,0,http://www.openphacts.org/units/Nanomolar,289218,>,1,1,>,,IC50,nM,,100000.0,CHEMBL203,Homo sapiens,Epidermal growth factor receptor,9606,,,IC50,uM,UO_0000065,,100.0
,,512713,[],CHEMBL880174,Inhibitory activity against ligand-dependent EGF cell proliferation,F,,,BAO_0000190,BAO_0000019,assay format,Cc1c[nH]c(/C=C2\C(=O)Nc3cccc(C)c32)c1CCC(=O)O,,,CHEMBL1132535,J Med Chem,1999,,,CHEMBL147761,,CHEMBL147761,4.54,0,http://www.openphacts.org/units/Nanomolar,289218,=,1,1,=,,IC50,nM,,28800.0,CHEMBL203,Homo sapiens,Epidermal growth factor receptor,9606,,,IC50,uM,UO_0000065,,28.8
,,514076,[],CHEMBL677830,Inhibitory activity against Epidermal growth factor receptor,B,,,BAO_0000190,BAO_0000357,single protein format,COc1cccc(-c2ccc3c(c2)NC(=O)/C3=C\c2[nH]cc(C)c2CCC(=O)O)c1,,,CHEMBL1132535,J Med Chem,1999,,,CHEMBL450622,,CHEMBL450622,,0,http://www.openphacts.org/units/Nanomolar,289216,>,1,1,>,,IC50,nM,,100000.0,CHEMBL203,Homo sapiens,Epidermal growth factor receptor,9606,,,IC50,uM,UO_0000065,,100.0
,,514080,[],CHEMBL880174,Inhibitory activity against ligand-dependent EGF cell proliferation,F,,,BAO_0000190,BAO_0000019,assay format,COc1cccc(-c2ccc3c(c2)NC(=O)/C3=C\c2[nH]cc(C)c2CCC(=O)O)c1,,,CHEMBL1132535,J Med Chem,1999,,,CHEMBL450622,,CHEMBL450622,4.31,0,http://www.openphacts.org/units/Nanomolar,289216,=,1,1,=,,IC50,nM,,49200.0,CHEMBL203,Homo sapiens,Epidermal growth factor receptor,9606,,,IC50,uM,UO_0000065,,49.2
,,514084,[],CHEMBL677830,Inhibitory activity against Epidermal growth factor receptor,B,,,BAO_0000190,BAO_0000357,single protein format,Cc1[nH]c(/C=C2\C(=O)Nc3ccccc32)c(C)c1CCC(=O)O,,,CHEMBL1132535,J Med Chem,1999,,,CHEMBL274654,ORANTINIB,CHEMBL274654,,0,http://www.openphacts.org/units/Nanomolar,289207,>,1,1,>,,IC50,nM,,100000.0,CHEMBL203,Homo sapiens,Epidermal growth factor receptor,9606,,,IC50,uM,UO_0000065,,100.0
,,514088,[],CHEMBL880174,Inhibitory activity against ligand-dependent EGF cell proliferation,F,,,BAO_0000190,BAO_0000019,assay format,Cc1[nH]c(/C=C2\C(=O)Nc3ccccc32)c(C)c1CCC(=O)O,,,CHEMBL1132535,J Med Chem,1999,,,CHEMBL274654,ORANTINIB,CHEMBL274654,,0,http://www.openphacts.org/units/Nanomolar,289207,>,1,1,>,,IC50,nM,,50000.0,CHEMBL203,Homo sapiens,Epidermal growth factor receptor,9606,,,IC50,uM,UO_0000065,,50.0
,,515465,[],CHEMBL674692,Inhibition of Epidermal growth factor receptor,B,,,BAO_0000190,BAO_0000357,single protein format,CN1CCC(c2c(O)cc(O)c3c2O/C(=C\c2ccccc2Cl)C3=O)CC1,,,CHEMBL1135924,J Med Chem,2002,"{'bei': '14.97', 'le': '0.29', 'lle': '1.59', 'sei': '8.25'}",,CHEMBL48614,,CHEMBL48614,5.78,0,http://www.openphacts.org/units/Nanomolar,81369,=,1,1,=,,IC50,nM,,1680.0,CHEMBL203,Homo sapiens,Epidermal growth factor receptor,9606,,,IC50,uM,UO_0000065,,1.68
,,516673,[],CHEMBL674692,Inhibition of Epidermal growth factor receptor,B,,,BAO_0000190,BAO_0000357,single protein format,CN1CCC(c2c(O)cc(O)c3c(=O)cc(-c4ccccc4Cl)oc23)[C@@H](O)C1,,,CHEMBL1135924,J Med Chem,2002,"{'bei': '13.28', 'le': '0.26', 'lle': '2.04', 'sei': '5.67'}",,CHEMBL418203,,CHEMBL418203,5.34,0,http://www.openphacts.org/units/Nanomolar,81371,=,1,1,=,,IC50,nM,,4600.0,CHEMBL203,Homo sapiens,Epidermal growth factor receptor,9606,,,IC50,uM,UO_0000065,,4.6
,,520423,[],CHEMBL677830,Inhibitory activity against Epidermal growth factor receptor,B,,,BAO_0000190,BAO_0000357,single protein format,Cc1[nH]c(/C=C2\C(=O)Nc3ccc(Br)cc32)c(C)c1CCC(=O)O,,,CHEMBL1132535,J Med Chem,1999,,,CHEMBL357803,,CHEMBL357803,,0,http://www.openphacts.org/units/Nanomolar,289206,>,1,1,>,,IC50,nM,,100000.0,CHEMBL203,Homo sapiens,Epidermal growth factor receptor,9606,,,IC50,uM,UO_0000065,,100.0
,,520427,[],CHEMBL880174,Inhibitory activity against ligand-dependent EGF cell proliferation,F,,,BAO_0000190,BAO_0000019,assay format,Cc1[nH]c(/C=C2\C(=O)Nc3ccc(Br)cc32)c(C)c1CCC(=O)O,,,CHEMBL1132535,J Med Chem,1999,,,CHEMBL357803,,CHEMBL357803,,0,http://www.openphacts.org/units/Nanomolar,289206,>,1,1,>,,IC50,nM,,50000.0,CHEMBL203,Homo sapiens,Epidermal growth factor receptor,9606,,,IC50,uM,UO_0000065,,50.0
,,523091,[],CHEMBL677830,Inhibitory activity against Epidermal growth factor receptor,B,,,BAO_0000190,BAO_0000357,single protein format,Cc1c(CCC(=O)O)c[nH]c1/C=C1\C(=O)Nc2ccc(S(N)(=O)=O)cc21,,,CHEMBL1132535,J Med Chem,1999,,,CHEMBL146697,,CHEMBL146697,,0,http://www.openphacts.org/units/Nanomolar,289213,>,1,1,>,,IC50,nM,,100000.0,CHEMBL203,Homo sapiens,Epidermal growth factor receptor,9606,,,IC50,uM,UO_0000065,,100.0
,,523095,[],CHEMBL880174,Inhibitory activity against ligand-dependent EGF cell proliferation,F,,,BAO_0000190,BAO_0000019,assay format,Cc1c(CCC(=O)O)c[nH]c1/C=C1\C(=O)Nc2ccc(S(N)(=O)=O)cc21,,,CHEMBL1132535,J Med Chem,1999,,,CHEMBL146697,,CHEMBL146697,,0,http://www.openphacts.org/units/Nanomolar,289213,>,1,1,>,,IC50,nM,,50000.0,CHEMBL203,Homo sapiens,Epidermal growth factor receptor,9606,,,IC50,uM,UO_0000065,,50.0
,,523099,[],CHEMBL677830,Inhibitory activity against Epidermal growth factor receptor,B,,,BAO_0000190,BAO_0000357,single protein format,COc1ccccc1-c1ccc2c(c1)NC(=O)/C2=C\c1[nH]c(C)c(CCC(=O)O)c1C,,,CHEMBL1132535,J Med Chem,1999,,,CHEMBL146694,,CHEMBL146694,,0,http://www.openphacts.org/units/Nanomolar,289200,>,1,1,>,,IC50,nM,,100000.0,CHEMBL203,Homo sapiens,Epidermal growth factor receptor,9606,,,IC50,uM,UO_0000065,,100.0
,,523103,[],CHEMBL880174,Inhibitory activity against ligand-dependent EGF cell proliferation,F,,,BAO_0000190,BAO_0000019,assay format,COc1ccccc1-c1ccc2c(c1)NC(=O)/C2=C\c1[nH]c(C)c(CCC(=O)O)c1C,,,CHEMBL1132535,J Med Chem,1999,,,CHEMBL146694,,CHEMBL146694,4.50,0,http://www.openphacts.org/units/Nanomolar,289200,=,1,1,=,,IC50,nM,,31300.0,CHEMBL203,Homo sapiens,Epidermal growth factor receptor,9606,,,IC50,uM,UO_0000065,,31.3
,,524404,[],CHEMBL677830,Inhibitory activity against Epidermal growth factor receptor,B,,,BAO_0000190,BAO_0000357,single protein format,COc1cccc(-c2ccc3c(c2)NC(=O)/C3=C\c2[nH]cc(CCC(=O)O)c2C)c1,,,CHEMBL1132535,J Med Chem,1999,,,CHEMBL148514,,CHEMBL148514,,0,http://www.openphacts.org/units/Nanomolar,289211,>,1,1,>,,IC50,nM,,100000.0,CHEMBL203,Homo sapiens,Epidermal growth factor receptor,9606,,,IC50,uM,UO_0000065,,100.0
,,524408,[],CHEMBL880174,Inhibitory activity against ligand-dependent EGF cell proliferation,F,,,BAO_0000190,BAO_0000019,assay format,COc1cccc(-c2ccc3c(c2)NC(=O)/C3=C\c2[nH]cc(CCC(=O)O)c2C)c1,,,CHEMBL1132535,J Med Chem,1999,,,CHEMBL148514,,CHEMBL148514,4.52,0,http://www.openphacts.org/units/Nanomolar,289211,=,1,1,=,,IC50,nM,,30500.0,CHEMBL203,Homo sapiens,Epidermal growth factor receptor,9606,,,IC50,uM,UO_0000065,,30.5
,,526968,[],CHEMBL677830,Inhibitory activity against Epidermal growth factor receptor,B,,,BAO_0000190,BAO_0000357,single protein format,Cc1cc(C)c(/C=C2\C(=O)Nc3ccccc32)[nH]1,,,CHEMBL1132535,J Med Chem,1999,,,CHEMBL276711,SEMAXANIB,CHEMBL276711,,1,http://www.openphacts.org/units/Nanomolar,289208,>,1,1,>,,IC50,nM,,100000.0,CHEMBL203,Homo sapiens,Epidermal growth factor receptor,9606,,,IC50,uM,UO_0000065,,100.0
,,526972,[],CHEMBL880174,Inhibitory activity against ligand-dependent EGF cell proliferation,F,,,BAO_0000190,BAO_0000019,assay format,Cc1cc(C)c(/C=C2\C(=O)Nc3ccccc32)[nH]1,,,CHEMBL1132535,J Med Chem,1999,,,CHEMBL276711,SEMAXANIB,CHEMBL276711,,0,http://www.openphacts.org/units/Nanomolar,289208,>,1,1,>,,IC50,nM,,50000.0,CHEMBL203,Homo sapiens,Epidermal growth factor receptor,9606,,,IC50,uM,UO_0000065,,50.0
,,529804,[],CHEMBL677830,Inhibitory activity against Epidermal growth factor receptor,B,,,BAO_0000190,BAO_0000357,single protein format,CCOc1cccc(-c2ccc3c(c2)NC(=O)/C3=C\c2[nH]cc(C)c2CCC(=O)O)c1,,,CHEMBL1132535,J Med Chem,1999,,,CHEMBL443296,,CHEMBL443296,,0,http://www.openphacts.org/units/Nanomolar,289215,>,1,1,>,,IC50,nM,,100000.0,CHEMBL203,Homo sapiens,Epidermal growth factor receptor,9606,,,IC50,uM,UO_0000065,,100.0
,,529808,[],CHEMBL880174,Inhibitory activity against ligand-dependent EGF cell proliferation,F,,,BAO_0000190,BAO_0000019,assay format,CCOc1cccc(-c2ccc3c(c2)NC(=O)/C3=C\c2[nH]cc(C)c2CCC(=O)O)c1,,,CHEMBL1132535,J Med Chem,1999,,,CHEMBL443296,,CHEMBL443296,,0,http://www.openphacts.org/units/Nanomolar,289215,>,1,1,>,,IC50,nM,,50000.0,CHEMBL203,Homo sapiens,Epidermal growth factor receptor,9606,,,IC50,uM,UO_0000065,,50.0
,,529812,[],CHEMBL677830,Inhibitory activity against Epidermal growth factor receptor,B,,,BAO_0000190,BAO_0000357,single protein format,COc1ccc2c(c1)NC(=O)/C2=C\c1[nH]cc(CCC(=O)O)c1C,,,CHEMBL1132535,J Med Chem,1999,,,CHEMBL149243,,CHEMBL149243,,0,http://www.openphacts.org/units/Nanomolar,289212,>,1,1,>,,IC50,nM,,100000.0,CHEMBL203,Homo sapiens,Epidermal growth factor receptor,9606,,,IC50,uM,UO_0000065,,100.0
,,529816,[],CHEMBL880174,Inhibitory activity against ligand-dependent EGF cell proliferation,F,,,BAO_0000190,BAO_0000019,assay format,COc1ccc2c(c1)NC(=O)/C2=C\c1[nH]cc(CCC(=O)O)c1C,,,CHEMBL1132535,J Med Chem,1999,,,CHEMBL149243,,CHEMBL149243,,0,http://www.openphacts.org/units/Nanomolar,289212,>,1,1,>,,IC50,nM,,50000.0,CHEMBL203,Homo sapiens,Epidermal growth factor receptor,9606,,,IC50,uM,UO_0000065,,50.0
,,531102,[],CHEMBL677830,Inhibitory activity against Epidermal growth factor receptor,B,,,BAO_0000190,BAO_0000357,single protein format,Cc1[nH]c(/C=C2\C(=O)Nc3ccc(C(=O)O)cc32)c(C)c1CCC(=O)O,,,CHEMBL1132535,J Med Chem,1999,,,CHEMBL149073,,CHEMBL149073,,0,http://www.openphacts.org/units/Nanomolar,289205,>,1,1,>,,IC50,nM,,100000.0,CHEMBL203,Homo sapiens,Epidermal growth factor receptor,9606,,,IC50,uM,UO_0000065,,100.0
,,531106,[],CHEMBL880174,Inhibitory activity against ligand-dependent EGF cell proliferation,F,,,BAO_0000190,BAO_0000019,assay format,Cc1[nH]c(/C=C2\C(=O)Nc3ccc(C(=O)O)cc32)c(C)c1CCC(=O)O,,,CHEMBL1132535,J Med Chem,1999,,,CHEMBL149073,,CHEMBL149073,,0,http://www.openphacts.org/units/Nanomolar,289205,>,1,1,>,,IC50,nM,,50000.0,CHEMBL203,Homo sapiens,Epidermal growth factor receptor,9606,,,IC50,uM,UO_0000065,,50.0
,,533736,[],CHEMBL677830,Inhibitory activity against Epidermal growth factor receptor,B,,,BAO_0000190,BAO_0000357,single protein format,COc1ccc(-c2ccc3c(c2)NC(=O)/C3=C\c2[nH]cc(CCC(=O)O)c2C)cc1,,,CHEMBL1132535,J Med Chem,1999,,,CHEMBL148984,,CHEMBL148984,,0,http://www.openphacts.org/units/Nanomolar,289209,>,1,1,>,,IC50,nM,,100000.0,CHEMBL203,Homo sapiens,Epidermal growth factor receptor,9606,,,IC50,uM,UO_0000065,,100.0
,,533740,[],CHEMBL880174,Inhibitory activity against ligand-dependent EGF cell proliferation,F,,,BAO_0000190,BAO_0000019,assay format,COc1ccc(-c2ccc3c(c2)NC(=O)/C3=C\c2[nH]cc(CCC(=O)O)c2C)cc1,,,CHEMBL1132535,J Med Chem,1999,,,CHEMBL148984,,CHEMBL148984,4.64,0,http://www.openphacts.org/units/Nanomolar,289209,=,1,1,=,,IC50,nM,,22800.0,CHEMBL203,Homo sapiens,Epidermal growth factor receptor,9606,,,IC50,uM,UO_0000065,,22.8
,,536424,[],CHEMBL677830,Inhibitory activity against Epidermal growth factor receptor,B,,,BAO_0000190,BAO_0000357,single protein format,Cc1c(CCC(=O)O)c[nH]c1/C=C1\C(=O)Nc2cc(-c3ccccc3)ccc21,,,CHEMBL1132535,J Med Chem,1999,,,CHEMBL347074,,CHEMBL347074,,0,http://www.openphacts.org/units/Nanomolar,289221,>,1,1,>,,IC50,nM,,100000.0,CHEMBL203,Homo sapiens,Epidermal growth factor receptor,9606,,,IC50,uM,UO_0000065,,100.0
,,536428,[],CHEMBL880174,Inhibitory activity against ligand-dependent EGF cell proliferation,F,,,BAO_0000190,BAO_0000019,assay format,Cc1c(CCC(=O)O)c[nH]c1/C=C1\C(=O)Nc2cc(-c3ccccc3)ccc21,,,CHEMBL1132535,J Med Chem,1999,,,CHEMBL347074,,CHEMBL347074,4.66,0,http://www.openphacts.org/units/Nanomolar,289221,=,1,1,=,,IC50,nM,,21800.0,CHEMBL203,Homo sapiens,Epidermal growth factor receptor,9606,,,IC50,uM,UO_0000065,,21.8
,,537817,[],CHEMBL677830,Inhibitory activity against Epidermal growth factor receptor,B,,,BAO_0000190,BAO_0000357,single protein format,Cc1c[nH]c(/C=C2\C(=O)Nc3ccccc32)c1CCC(=O)O,,,CHEMBL1132535,J Med Chem,1999,,,CHEMBL89363,,CHEMBL89363,,1,http://www.openphacts.org/units/Nanomolar,289219,>,1,1,>,,IC50,nM,,100000.0,CHEMBL203,Homo sapiens,Epidermal growth factor receptor,9606,,,IC50,uM,UO_0000065,,100.0
,,537821,[],CHEMBL880174,Inhibitory activity against ligand-dependent EGF cell proliferation,F,,,BAO_0000190,BAO_0000019,assay format,Cc1c[nH]c(/C=C2\C(=O)Nc3ccccc32)c1CCC(=O)O,,,CHEMBL1132535,J Med Chem,1999,,,CHEMBL89363,,CHEMBL89363,,0,http://www.openphacts.org/units/Nanomolar,289219,>,1,1,>,,IC50,nM,,50000.0,CHEMBL203,Homo sapiens,Epidermal growth factor receptor,9606,,,IC50,uM,UO_0000065,,50.0
,,537825,[],CHEMBL677830,Inhibitory activity against Epidermal growth factor receptor,B,,,BAO_0000190,BAO_0000357,single protein format,Cc1c(CCC(=O)O)c[nH]c1/C=C1\C(=O)Nc2ccccc21,,,CHEMBL1132535,J Med Chem,1999,,,CHEMBL344319,,CHEMBL344319,,0,http://www.openphacts.org/units/Nanomolar,289214,>,1,1,>,,IC50,nM,,100000.0,CHEMBL203,Homo sapiens,Epidermal growth factor receptor,9606,,,IC50,uM,UO_0000065,,100.0
,,537829,[],CHEMBL880174,Inhibitory activity against ligand-dependent EGF cell proliferation,F,,,BAO_0000190,BAO_0000019,assay format,Cc1c(CCC(=O)O)c[nH]c1/C=C1\C(=O)Nc2ccccc21,,,CHEMBL1132535,J Med Chem,1999,,,CHEMBL344319,,CHEMBL344319,,0,http://www.openphacts.org/units/Nanomolar,289214,>,1,1,>,,IC50,nM,,50000.0,CHEMBL203,Homo sapiens,Epidermal growth factor receptor,9606,,,IC50,uM,UO_0000065,,50.0
,,541594,[],CHEMBL677830,Inhibitory activity against Epidermal growth factor receptor,B,,,BAO_0000190,BAO_0000357,single protein format,COc1ccc2c(c1)NC(=O)/C2=C\c1[nH]c(C)c(CCC(=O)O)c1C,,,CHEMBL1132535,J Med Chem,1999,,,CHEMBL356245,,CHEMBL356245,,0,http://www.openphacts.org/units/Nanomolar,289203,>,1,1,>,,IC50,nM,,100000.0,CHEMBL203,Homo sapiens,Epidermal growth factor receptor,9606,,,IC50,uM,UO_0000065,,100.0
,,541598,[],CHEMBL880174,Inhibitory activity against ligand-dependent EGF cell proliferation,F,,,BAO_0000190,BAO_0000019,assay format,COc1ccc2c(c1)NC(=O)/C2=C\c1[nH]c(C)c(CCC(=O)O)c1C,,,CHEMBL1132535,J Med Chem,1999,,,CHEMBL356245,,CHEMBL356245,,0,http://www.openphacts.org/units/Nanomolar,289203,>,1,1,>,,IC50,nM,,50000.0,CHEMBL203,Homo sapiens,Epidermal growth factor receptor,9606,,,IC50,uM,UO_0000065,,50.0
,,543022,[],CHEMBL677830,Inhibitory activity against Epidermal growth factor receptor,B,,,BAO_0000190,BAO_0000357,single protein format,COc1ccc(-c2ccc3c(c2)NC(=O)/C3=C\c2[nH]c(C)c(CCC(=O)O)c2C)cc1,,,CHEMBL1132535,J Med Chem,1999,,,CHEMBL150151,,CHEMBL150151,,0,http://www.openphacts.org/units/Nanomolar,289220,>,1,1,>,,IC50,nM,,100000.0,CHEMBL203,Homo sapiens,Epidermal growth factor receptor,9606,,,IC50,uM,UO_0000065,,100.0
,,543026,[],CHEMBL880174,Inhibitory activity against ligand-dependent EGF cell proliferation,F,,,BAO_0000190,BAO_0000019,assay format,COc1ccc(-c2ccc3c(c2)NC(=O)/C3=C\c2[nH]c(C)c(CCC(=O)O)c2C)cc1,,,CHEMBL1132535,J Med Chem,1999,,,CHEMBL150151,,CHEMBL150151,,0,http://www.openphacts.org/units/Nanomolar,289220,>,1,1,>,,IC50,nM,,50000.0,CHEMBL203,Homo sapiens,Epidermal growth factor receptor,9606,,,IC50,uM,UO_0000065,,50.0
,,544200,[],CHEMBL677830,Inhibitory activity against Epidermal growth factor receptor,B,,,BAO_0000190,BAO_0000357,single protein format,COc1cccc(-c2ccc3c(c2)NC(=O)/C3=C\c2[nH]c(C)c(CCC(=O)O)c2C)c1,,,CHEMBL1132535,J Med Chem,1999,,,CHEMBL358728,,CHEMBL358728,,0,http://www.openphacts.org/units/Nanomolar,289201,>,1,1,>,,IC50,nM,,100000.0,CHEMBL203,Homo sapiens,Epidermal growth factor receptor,9606,,,IC50,uM,UO_0000065,,100.0
,,544204,[],CHEMBL880174,Inhibitory activity against ligand-dependent EGF cell proliferation,F,,,BAO_0000190,BAO_0000019,assay format,COc1cccc(-c2ccc3c(c2)NC(=O)/C3=C\c2[nH]c(C)c(CCC(=O)O)c2C)c1,,,CHEMBL1132535,J Med Chem,1999,,,CHEMBL358728,,CHEMBL358728,4.62,0,http://www.openphacts.org/units/Nanomolar,289201,=,1,1,=,,IC50,nM,,24100.0,CHEMBL203,Homo sapiens,Epidermal growth factor receptor,9606,,,IC50,uM,UO_0000065,,24.1
,,547000,[],CHEMBL677830,Inhibitory activity against Epidermal growth factor receptor,B,,,BAO_0000190,BAO_0000357,single protein format,Cc1[nH]c(/C=C2\C(=O)Nc3cc(-c4ccccc4)ccc32)c(C)c1CCC(=O)O,,,CHEMBL1132535,J Med Chem,1999,,,CHEMBL149201,,CHEMBL149201,,0,http://www.openphacts.org/units/Nanomolar,289202,>,1,1,>,,IC50,nM,,100000.0,CHEMBL203,Homo sapiens,Epidermal growth factor receptor,9606,,,IC50,uM,UO_0000065,,100.0
,,547004,[],CHEMBL880174,Inhibitory activity against ligand-dependent EGF cell proliferation,F,,,BAO_0000190,BAO_0000019,assay format,Cc1[nH]c(/C=C2\C(=O)Nc3cc(-c4ccccc4)ccc32)c(C)c1CCC(=O)O,,,CHEMBL1132535,J Med Chem,1999,,,CHEMBL149201,,CHEMBL149201,4.66,0,http://www.openphacts.org/units/Nanomolar,289202,=,1,1,=,,IC50,nM,,21900.0,CHEMBL203,Homo sapiens,Epidermal growth factor receptor,9606,,,IC50,uM,UO_0000065,,21.9
,,548227,[],CHEMBL677830,Inhibitory activity against Epidermal growth factor receptor,B,,,BAO_0000190,BAO_0000357,single protein format,Cc1c[nH]c(/C=C2\C(=O)Nc3ccc(Br)cc32)c1CCC(=O)O,,,CHEMBL1132535,J Med Chem,1999,,,CHEMBL148744,,CHEMBL148744,,0,http://www.openphacts.org/units/Nanomolar,289217,>,1,1,>,,IC50,nM,,100000.0,CHEMBL203,Homo sapiens,Epidermal growth factor receptor,9606,,,IC50,uM,UO_0000065,,100.0
,,548231,[],CHEMBL880174,Inhibitory activity against ligand-dependent EGF cell proliferation,F,,,BAO_0000190,BAO_0000019,assay format,Cc1c[nH]c(/C=C2\C(=O)Nc3ccc(Br)cc32)c1CCC(=O)O,,,CHEMBL1132535,J Med Chem,1999,,,CHEMBL148744,,CHEMBL148744,,0,http://www.openphacts.org/units/Nanomolar,289217,>,1,1,>,,IC50,nM,,50000.0,CHEMBL203,Homo sapiens,Epidermal growth factor receptor,9606,,,IC50,uM,UO_0000065,,50.0
,,548235,[],CHEMBL677830,Inhibitory activity against Epidermal growth factor receptor,B,,,BAO_0000190,BAO_0000357,single protein format,Cc1[nH]c(/C=C2\C(=O)Nc3ccc(S(N)(=O)=O)cc32)c(C)c1CCC(=O)O,,,CHEMBL1132535,J Med Chem,1999,"{'bei': '10.46', 'le': '0.21', 'lle': '2.28', 'sei': '2.86'}",,CHEMBL150177,,CHEMBL150177,4.07,0,http://www.openphacts.org/units/Nanomolar,289204,=,1,1,=,,IC50,nM,,84800.0,CHEMBL203,Homo sapiens,Epidermal growth factor receptor,9606,,,IC50,uM,UO_0000065,,84.8
,,548239,[],CHEMBL880174,Inhibitory activity against ligand-dependent EGF cell proliferation,F,,,BAO_0000190,BAO_0000019,assay format,Cc1[nH]c(/C=C2\C(=O)Nc3ccc(S(N)(=O)=O)cc32)c(C)c1CCC(=O)O,,,CHEMBL1132535,J Med Chem,1999,,,CHEMBL150177,,CHEMBL150177,,0,http://www.openphacts.org/units/Nanomolar,289204,>,1,1,>,,IC50,nM,,50000.0,CHEMBL203,Homo sapiens,Epidermal growth factor receptor,9606,,,IC50,uM,UO_0000065,,50.0
,,550331,[],CHEMBL677830,Inhibitory activity against Epidermal growth factor receptor,B,,,BAO_0000190,BAO_0000357,single protein format,COc1ccccc1-c1ccc2c(c1)NC(=O)/C2=C\c1[nH]cc(CCC(=O)O)c1C,,,CHEMBL1132535,J Med Chem,1999,,,CHEMBL147112,,CHEMBL147112,,0,http://www.openphacts.org/units/Nanomolar,289210,>,1,1,>,,IC50,nM,,100000.0,CHEMBL203,Homo sapiens,Epidermal growth factor receptor,9606,,,IC50,uM,UO_0000065,,100.0
,,550335,[],CHEMBL880174,Inhibitory activity against ligand-dependent EGF cell proliferation,F,,,BAO_0000190,BAO_0000019,assay format,COc1ccccc1-c1ccc2c(c1)NC(=O)/C2=C\c1[nH]cc(CCC(=O)O)c1C,,,CHEMBL1132535,J Med Chem,1999,,,CHEMBL147112,,CHEMBL147112,4.72,0,http://www.openphacts.org/units/Nanomolar,289210,=,1,1,=,,IC50,nM,,19200.0,CHEMBL203,Homo sapiens,Epidermal growth factor receptor,9606,,,IC50,uM,UO_0000065,,19.2
,,553697,[],CHEMBL677210,In vitro inhibitory activity against Epidermal growth factor receptor (EGFR-TK) from A431 vulval squamous carcinoma cells using TKI assay,B,,,BAO_0000190,BAO_0000219,cell-based format,COc1cc2ncnc(Nc3ccc(F)c(Cl)c3)c2cc1OCCN(CCO)CCO,,,CHEMBL1134804,Bioorg Med Chem Lett,2001,"{'bei': '16.54', 'le': '0.33', 'lle': '4.62', 'sei': '7.46'}",,CHEMBL56505,,CHEMBL56505,7.46,0,http://www.openphacts.org/units/Nanomolar,97285,=,1,1,=,,IC50,nM,,35.0,CHEMBL203,Homo sapiens,Epidermal growth factor receptor,9606,,,IC50,uM,UO_0000065,,0.035
,,553703,[],CHEMBL677210,In vitro inhibitory activity against Epidermal growth factor receptor (EGFR-TK) from A431 vulval squamous carcinoma cells using TKI assay,B,,,BAO_0000190,BAO_0000219,cell-based format,COc1cc2ncnc(Nc3cccc(C)c3)c2cc1OC,,,CHEMBL1134804,Bioorg Med Chem Lett,2001,"{'bei': '28.11', 'le': '0.52', 'lle': '4.60', 'sei': '14.75'}",,CHEMBL56802,,CHEMBL56802,8.30,0,http://www.openphacts.org/units/Nanomolar,97297,=,1,1,=,,IC50,nM,,5.0,CHEMBL203,Homo sapiens,Epidermal growth factor receptor,9606,,,IC50,nM,UO_0000065,,5.0
,,553860,[],CHEMBL674641,Inhibition of tyrosine phosphorylation by full length Epidermal growth factor receptor from human A431 carcinoma cells.,F,,,BAO_0000190,BAO_0000219,cell-based format,Nc1cc2ncnc(Nc3ccccc3)c2cn1,,,CHEMBL1128730,J Med Chem,1995,,,CHEMBL122534,,CHEMBL122534,6.60,0,http://www.openphacts.org/units/Nanomolar,236739,=,1,1,=,,IC50,nM,,250.0,CHEMBL203,Homo sapiens,Epidermal growth factor receptor,9606,,,IC50,uM,UO_0000065,,0.25
,,553861,[],CHEMBL674641,Inhibition of tyrosine phosphorylation by full length Epidermal growth factor receptor from human A431 carcinoma cells.,F,,,BAO_0000190,BAO_0000219,cell-based format,COc1cccc(CNc2ncnc3cc(N)ncc23)c1,,,CHEMBL1128730,J Med Chem,1995,,,CHEMBL332173,,CHEMBL332173,5.54,0,http://www.openphacts.org/units/Nanomolar,236752,=,1,1,=,,IC50,nM,,2870.0,CHEMBL203,Homo sapiens,Epidermal growth factor receptor,9606,,,IC50,uM,UO_0000065,,2.87
,,554936,[],CHEMBL677210,In vitro inhibitory activity against Epidermal growth factor receptor (EGFR-TK) from A431 vulval squamous carcinoma cells using TKI assay,B,,,BAO_0000190,BAO_0000219,cell-based format,COc1cc2ncnc(Nc3ccc(F)c(Cl)c3)c2cc1OCCCN(C)C,,,CHEMBL1134804,Bioorg Med Chem Lett,2001,"{'bei': '18.05', 'le': '0.36', 'lle': '2.80', 'sei': '12.28'}",,CHEMBL57990,,CHEMBL57990,7.31,0,http://www.openphacts.org/units/Nanomolar,97308,=,1,1,=,,IC50,nM,,49.0,CHEMBL203,Homo sapiens,Epidermal growth factor receptor,9606,,,IC50,uM,UO_0000065,,0.049
,,555095,[],CHEMBL674641,Inhibition of tyrosine phosphorylation by full length Epidermal growth factor receptor from human A431 carcinoma cells.,F,,,BAO_0000190,BAO_0000219,cell-based format,Cc1cccc(Nc2ncnc3cc(N)ncc23)c1,,,CHEMBL1128730,J Med Chem,1995,,,CHEMBL331792,,CHEMBL331792,7.40,0,http://www.openphacts.org/units/Nanomolar,236771,=,1,1,=,,IC50,nM,,40.0,CHEMBL203,Homo sapiens,Epidermal growth factor receptor,9606,,,IC50,uM,UO_0000065,,0.04
,,555096,[],CHEMBL674641,Inhibition of tyrosine phosphorylation by full length Epidermal growth factor receptor from human A431 carcinoma cells.,F,,,BAO_0000190,BAO_0000219,cell-based format,CC(=O)Nc1cccc(Nc2ncnc3cc(N)ncc23)c1,,,CHEMBL1128730,J Med Chem,1995,,,CHEMBL125983,,CHEMBL125983,,0,http://www.openphacts.org/units/Nanomolar,236769,>,1,1,>,,IC50,nM,,10000.0,CHEMBL203,Homo sapiens,Epidermal growth factor receptor,9606,,,IC50,uM,UO_0000065,,10.0
,,555097,[],CHEMBL674641,Inhibition of tyrosine phosphorylation by full length Epidermal growth factor receptor from human A431 carcinoma cells.,F,,,BAO_0000190,BAO_0000219,cell-based format,CN(C)c1cccc(CNc2ncnc3cc(N)ncc23)c1,,,CHEMBL1128730,J Med Chem,1995,,,CHEMBL333045,,CHEMBL333045,5.00,0,http://www.openphacts.org/units/Nanomolar,236759,=,1,1,=,,IC50,nM,,10000.0,CHEMBL203,Homo sapiens,Epidermal growth factor receptor,9606,,,IC50,uM,UO_0000065,,10.0
,,556042,[],CHEMBL677210,In vitro inhibitory activity against Epidermal growth factor receptor (EGFR-TK) from A431 vulval squamous carcinoma cells using TKI assay,B,,,BAO_0000190,BAO_0000219,cell-based format,COc1cc2ncnc(Nc3ccc(F)c(Cl)c3)c2cc1OCCNC(C)C,,,CHEMBL1134804,Bioorg Med Chem Lett,2001,"{'bei': '16.08', 'le': '0.32', 'lle': '1.96', 'sei': '9.53'}",,CHEMBL55794,,CHEMBL55794,6.51,0,http://www.openphacts.org/units/Nanomolar,97295,=,1,1,=,,IC50,nM,,310.0,CHEMBL203,Homo sapiens,Epidermal growth factor receptor,9606,,,IC50,uM,UO_0000065,,0.31
,,556208,[],CHEMBL674641,Inhibition of tyrosine phosphorylation by full length Epidermal growth factor receptor from human A431 carcinoma cells.,F,,,BAO_0000190,BAO_0000219,cell-based format,CC(=O)Nc1ccc(Nc2ncnc3cc(N)ncc23)cc1,,,CHEMBL1128730,J Med Chem,1995,,,CHEMBL122081,,CHEMBL122081,,0,http://www.openphacts.org/units/Nanomolar,236768,>,1,1,>,,IC50,nM,,10000.0,CHEMBL203,Homo sapiens,Epidermal growth factor receptor,9606,,,IC50,uM,UO_0000065,,10.0
,,558511,[],CHEMBL677210,In vitro inhibitory activity against Epidermal growth factor receptor (EGFR-TK) from A431 vulval squamous carcinoma cells using TKI assay,B,,,BAO_0000190,BAO_0000219,cell-based format,COCCN(CCOC)CCOc1cc2c(Nc3ccc(F)c(Cl)c3)ncnc2cc1OC,,,CHEMBL1134804,Bioorg Med Chem Lett,2001,"{'bei': '15.06', 'le': '0.30', 'lle': '3.06', 'sei': '9.25'}",,CHEMBL294395,,CHEMBL294395,7.21,0,http://www.openphacts.org/units/Nanomolar,97296,=,1,1,=,,IC50,nM,,61.0,CHEMBL203,Homo sapiens,Epidermal growth factor receptor,9606,,,IC50,uM,UO_0000065,,0.061
,,558566,[],CHEMBL674638,Inhibition of in vitro activity of EGFr enzyme from A431 cells in presence of 5 uM ATP,B,,,BAO_0000190,BAO_0000219,cell-based format,Nc1ccc(-c2cc(=O)c3cccc(N)c3o2)cc1,,,CHEMBL1127357,J Med Chem,1994,,,CHEMBL323660,,CHEMBL323660,,0,http://www.openphacts.org/units/Nanomolar,214270,>,1,1,>,,IC50,nM,,100000.0,CHEMBL203,Homo sapiens,Epidermal growth factor receptor,9606,,,IC50,uM,UO_0000065,,100.0
,,558681,[],CHEMBL674641,Inhibition of tyrosine phosphorylation by full length Epidermal growth factor receptor from human A431 carcinoma cells.,F,,,BAO_0000190,BAO_0000219,cell-based format,Nc1cc2ncnc(Nc3cccc(Br)c3)c2cn1,,,CHEMBL1128730,J Med Chem,1995,,,CHEMBL52076,,CHEMBL52076,8.00,0,http://www.openphacts.org/units/Nanomolar,236780,=,1,1,=,,IC50,nM,,10.0,CHEMBL203,Homo sapiens,Epidermal growth factor receptor,9606,,,IC50,uM,UO_0000065,,0.01
,,559980,[],CHEMBL674641,Inhibition of tyrosine phosphorylation by full length Epidermal growth factor receptor from human A431 carcinoma cells.,F,,,BAO_0000190,BAO_0000219,cell-based format,Nc1cc2ncnc(Nc3ccc(Br)cc3)c2cn1,,,CHEMBL1128730,J Med Chem,1995,,,CHEMBL338625,,CHEMBL338625,7.05,0,http://www.openphacts.org/units/Nanomolar,236782,=,1,1,=,,IC50,nM,,90.0,CHEMBL203,Homo sapiens,Epidermal growth factor receptor,9606,,,IC50,uM,UO_0000065,,0.09
,,559981,[],CHEMBL674641,Inhibition of tyrosine phosphorylation by full length Epidermal growth factor receptor from human A431 carcinoma cells.,F,,,BAO_0000190,BAO_0000219,cell-based format,CN(C)c1ccccc1CNc1ncnc2cc(N)ncc12,,,CHEMBL1128730,J Med Chem,1995,,,CHEMBL419601,,CHEMBL419601,,0,http://www.openphacts.org/units/Nanomolar,236760,>,1,1,>,,IC50,nM,,100000.0,CHEMBL203,Homo sapiens,Epidermal growth factor receptor,9606,,,IC50,uM,UO_0000065,,100.0
,,560923,[],CHEMBL674641,Inhibition of tyrosine phosphorylation by full length Epidermal growth factor receptor from human A431 carcinoma cells.,F,,,BAO_0000190,BAO_0000219,cell-based format,Nc1cc2ncnc(Nc3ccccc3C(F)(F)F)c2cn1,,,CHEMBL1128730,J Med Chem,1995,,,CHEMBL332879,,CHEMBL332879,5.00,0,http://www.openphacts.org/units/Nanomolar,236781,=,1,1,=,,IC50,nM,,10000.0,CHEMBL203,Homo sapiens,Epidermal growth factor receptor,9606,,,IC50,uM,UO_0000065,,10.0
,,560924,[],CHEMBL674641,Inhibition of tyrosine phosphorylation by full length Epidermal growth factor receptor from human A431 carcinoma cells.,F,,,BAO_0000190,BAO_0000219,cell-based format,Nc1cc2ncnc(Nc3ccc(C(F)(F)F)cc3)c2cn1,,,CHEMBL1128730,J Med Chem,1995,,,CHEMBL339684,,CHEMBL339684,5.33,0,http://www.openphacts.org/units/Nanomolar,236747,=,1,1,=,,IC50,nM,,4700.0,CHEMBL203,Homo sapiens,Epidermal growth factor receptor,9606,,,IC50,uM,UO_0000065,,4.7
,,560925,[],CHEMBL674641,Inhibition of tyrosine phosphorylation by full length Epidermal growth factor receptor from human A431 carcinoma cells.,F,,,BAO_0000190,BAO_0000219,cell-based format,Nc1cc2ncnc(NCc3ccccc3Br)c2cn1,,,CHEMBL1128730,J Med Chem,1995,,,CHEMBL331307,,CHEMBL331307,5.78,0,http://www.openphacts.org/units/Nanomolar,236763,=,1,1,=,,IC50,nM,,1670.0,CHEMBL203,Homo sapiens,Epidermal growth factor receptor,9606,,,IC50,uM,UO_0000065,,1.67
,,560926,[],CHEMBL674641,Inhibition of tyrosine phosphorylation by full length Epidermal growth factor receptor from human A431 carcinoma cells.,F,,,BAO_0000190,BAO_0000219,cell-based format,COc1ccccc1CNc1ncnc2cc(N)ncc12,,,CHEMBL1128730,J Med Chem,1995,,,CHEMBL121709,,CHEMBL121709,4.00,0,http://www.openphacts.org/units/Nanomolar,236753,=,1,1,=,,IC50,nM,,100000.0,CHEMBL203,Homo sapiens,Epidermal growth factor receptor,9606,,,IC50,uM,UO_0000065,,100.0
,,561023,[],CHEMBL677887,Inhibition of Epidermal growth factor receptor,B,,,BAO_0000190,BAO_0000357,single protein format,O=c1c(-c2cccc(Cl)c2)coc2cc(O)ccc12,,,CHEMBL1132606,J Med Chem,1999,"{'bei': '15.51', 'le': '0.30', 'lle': '0.41', 'sei': '8.39'}",,CHEMBL7699,,CHEMBL7699,4.23,0,http://www.openphacts.org/units/Nanomolar,2828,=,1,1,=,,IC50,nM,,58800.0,CHEMBL203,Homo sapiens,Epidermal growth factor receptor,9606,,,IC50,uM,UO_0000065,,58.8
,,561983,[],CHEMBL674638,Inhibition of in vitro activity of EGFr enzyme from A431 cells in presence of 5 uM ATP,B,,,BAO_0000190,BAO_0000219,cell-based format,Nc1ccc(-c2cc(=O)c3ccc(O)c(N)c3o2)cc1,,,CHEMBL1127357,J Med Chem,1994,,,CHEMBL114568,,CHEMBL114568,,0,http://www.openphacts.org/units/Nanomolar,214252,>,1,1,>,,IC50,nM,,100000.0,CHEMBL203,Homo sapiens,Epidermal growth factor receptor,9606,,,IC50,uM,UO_0000065,,100.0
,,562059,[],CHEMBL674641,Inhibition of tyrosine phosphorylation by full length Epidermal growth factor receptor from human A431 carcinoma cells.,F,,,BAO_0000190,BAO_0000219,cell-based format,Nc1cc2ncnc(Nc3cccc([N+](=O)[O-])c3)c2cn1,,,CHEMBL1128730,J Med Chem,1995,,,CHEMBL124673,,CHEMBL124673,7.40,0,http://www.openphacts.org/units/Nanomolar,236783,=,1,1,=,,IC50,nM,,40.0,CHEMBL203,Homo sapiens,Epidermal growth factor receptor,9606,,,IC50,uM,UO_0000065,,0.04
,,563300,[],CHEMBL674641,Inhibition of tyrosine phosphorylation by full length Epidermal growth factor receptor from human A431 carcinoma cells.,F,,,BAO_0000190,BAO_0000219,cell-based format,Nc1cc2ncnc(NCc3cccc(C(F)(F)F)c3)c2cn1,,,CHEMBL1128730,J Med Chem,1995,,,CHEMBL124533,,CHEMBL124533,5.71,0,http://www.openphacts.org/units/Nanomolar,236755,=,1,1,=,,IC50,nM,,1950.0,CHEMBL203,Homo sapiens,Epidermal growth factor receptor,9606,,,IC50,uM,UO_0000065,,1.95
,,563458,[],CHEMBL677887,Inhibition of Epidermal growth factor receptor,B,,,BAO_0000190,BAO_0000357,single protein format,O=c1c(-c2ccc(O)cc2)coc2cc(O)cc(O)c12,,,CHEMBL1132606,J Med Chem,1999,"{'bei': '22.20', 'le': '0.41', 'lle': '3.42', 'sei': '6.60'}",,CHEMBL44,GENISTEIN,CHEMBL44,6.00,1,http://www.openphacts.org/units/Nanomolar,2824,=,1,1,=,,IC50,nM,,1000.0,CHEMBL203,Homo sapiens,Epidermal growth factor receptor,9606,,,IC50,uM,UO_0000065,,1.0
,,564328,[],CHEMBL677210,In vitro inhibitory activity against Epidermal growth factor receptor (EGFR-TK) from A431 vulval squamous carcinoma cells using TKI assay,B,,,BAO_0000190,BAO_0000219,cell-based format,COc1cc2ncnc(Nc3ccc(F)c(Cl)c3)c2cc1OC,,,CHEMBL1134804,Bioorg Med Chem Lett,2001,"{'bei': '24.11', 'le': '0.48', 'lle': '3.87', 'sei': '14.30'}",,CHEMBL301018,,CHEMBL301018,8.05,1,http://www.openphacts.org/units/Nanomolar,97284,=,1,1,=,,IC50,nM,,9.0,CHEMBL203,Homo sapiens,Epidermal growth factor receptor,9606,,,IC50,uM,UO_0000065,,0.009
,,564386,[],CHEMBL674638,Inhibition of in vitro activity of EGFr enzyme from A431 cells in presence of 5 uM ATP,B,,,BAO_0000190,BAO_0000219,cell-based format,Nc1ccc(-c2cc(=O)c3cc(N)ccc3o2)cc1,,,CHEMBL1127357,J Med Chem,1994,"{'bei': '20.06', 'le': '0.36', 'lle': '2.44', 'sei': '6.15'}",,CHEMBL112925,,CHEMBL112925,5.06,0,http://www.openphacts.org/units/Nanomolar,214275,=,1,1,=,,IC50,nM,,8700.0,CHEMBL203,Homo sapiens,Epidermal growth factor receptor,9606,,,IC50,uM,UO_0000065,,8.7
,,564601,[],CHEMBL677887,Inhibition of Epidermal growth factor receptor,B,,,BAO_0000190,BAO_0000357,single protein format,COc1cc2ncnc(Nc3cccc(Cl)c3)c2cc1OC,,,CHEMBL1132606,J Med Chem,1999,"{'bei': '26.04', 'le': '0.51', 'lle': '4.18', 'sei': '14.61'}",,CHEMBL7917,TYRPHOSTIN AG-1478,CHEMBL7917,8.22,0,http://www.openphacts.org/units/Nanomolar,2825,=,1,1,=,,IC50,nM,,6.0,CHEMBL203,Homo sapiens,Epidermal growth factor receptor,9606,,,IC50,uM,UO_0000065,,0.006
,,564605,[],CHEMBL677889,Inhibition of Epidermal growth factor receptor-dependent phosphorylation,B,,,BAO_0000190,BAO_0000357,single protein format,COc1cc2ncnc(Nc3cccc(Cl)c3)c2cc1OC,,,CHEMBL1132606,J Med Chem,1999,"{'bei': '21.92', 'le': '0.43', 'lle': '2.88', 'sei': '12.30'}",,CHEMBL7917,TYRPHOSTIN AG-1478,CHEMBL7917,6.92,0,http://www.openphacts.org/units/Nanomolar,2825,=,1,1,=,,IC50,nM,,120.0,CHEMBL203,Homo sapiens,Epidermal growth factor receptor,9606,,,IC50,uM,UO_0000065,,0.12
,,565025,[],CHEMBL677385,Inhibition of peptide substrate phosphorylation by epidermal growth factor receptor,B,,,BAO_0000190,BAO_0000357,single protein format,C=CC(=O)Nc1cnc2ncc(C#N)c(Nc3cccc(Br)c3)c2c1,,,CHEMBL1147619,Bioorg Med Chem Lett,2004,"{'bei': '16.30', 'le': '0.35', 'lle': '2.30', 'sei': '7.09'}",,CHEMBL281467,,CHEMBL281467,6.43,0,http://www.openphacts.org/units/Nanomolar,47509,=,1,1,=,,IC50,nM,,374.8,CHEMBL203,Homo sapiens,Epidermal growth factor receptor,9606,,,IC50,nM,UO_0000065,,374.8
,,565026,[],CHEMBL677384,Inhibition of epidermal growth factor receptor kinase autophosphorylation,B,,,BAO_0000190,BAO_0000357,single protein format,C=CC(=O)Nc1cnc2ncc(C#N)c(Nc3cccc(Br)c3)c2c1,,,CHEMBL1147619,Bioorg Med Chem Lett,2004,"{'bei': '15.25', 'le': '0.33', 'lle': '1.88', 'sei': '6.63'}",,CHEMBL281467,,CHEMBL281467,6.01,0,http://www.openphacts.org/units/Nanomolar,47509,=,1,1,=,,IC50,nM,,975.7,CHEMBL203,Homo sapiens,Epidermal growth factor receptor,9606,,,IC50,nM,UO_0000065,,975.7
,,565415,[],CHEMBL677210,In vitro inhibitory activity against Epidermal growth factor receptor (EGFR-TK) from A431 vulval squamous carcinoma cells using TKI assay,B,,,BAO_0000190,BAO_0000219,cell-based format,COc1cc2ncnc(Nc3ccc(F)c(Cl)c3)c2cc1OCCCN1CCCC1,,,CHEMBL1134804,Bioorg Med Chem Lett,2001,"{'bei': '16.59', 'le': '0.33', 'lle': '2.11', 'sei': '12.01'}",,CHEMBL299672,,CHEMBL299672,7.15,0,http://www.openphacts.org/units/Nanomolar,97299,=,1,1,=,,IC50,nM,,71.0,CHEMBL203,Homo sapiens,Epidermal growth factor receptor,9606,,,IC50,uM,UO_0000065,,0.071
,,565419,[],CHEMBL677210,In vitro inhibitory activity against Epidermal growth factor receptor (EGFR-TK) from A431 vulval squamous carcinoma cells using TKI assay,B,,,BAO_0000190,BAO_0000219,cell-based format,COc1cc2ncnc(Nc3ccc(F)c(Cl)c3)c2cc1OC[C@H](O)CN1CCOCC1,,,CHEMBL1134804,Bioorg Med Chem Lett,2001,"{'bei': '15.50', 'le': '0.31', 'lle': '3.92', 'sei': '8.06'}",,CHEMBL1788321,,CHEMBL1788321,7.17,0,http://www.openphacts.org/units/Nanomolar,97300,=,1,1,=,,IC50,nM,,67.0,CHEMBL203,Homo sapiens,Epidermal growth factor receptor,9606,,,IC50,uM,UO_0000065,,0.067
,Not Determined,565547,[],CHEMBL674639,Inhibition of in vitro activity of EGFr enzyme from A431 cells in presence of 5 uM ATP.,B,,,BAO_0000190,BAO_0000219,cell-based format,O=c1cc(-c2ccc([N+](=O)[O-])cc2)oc2c([N+](=O)[O-])c(O)ccc12,,,CHEMBL1127357,J Med Chem,1994,,,CHEMBL324563,,CHEMBL324563,,0,http://www.openphacts.org/units/Nanomolar,214263,,1,0,,,IC50,nM,,,CHEMBL203,Homo sapiens,Epidermal growth factor receptor,9606,,,IC50,uM,UO_0000065,,
,,565611,[],CHEMBL674641,Inhibition of tyrosine phosphorylation by full length Epidermal growth factor receptor from human A431 carcinoma cells.,F,,,BAO_0000190,BAO_0000219,cell-based format,Nc1cc2ncnc(NCc3ccccc3[N+](=O)[O-])c2cn1,,,CHEMBL1128730,J Med Chem,1995,,,CHEMBL125035,,CHEMBL125035,5.37,0,http://www.openphacts.org/units/Nanomolar,236766,=,1,1,=,,IC50,nM,,4250.0,CHEMBL203,Homo sapiens,Epidermal growth factor receptor,9606,,,IC50,uM,UO_0000065,,4.25
,,565745,[],CHEMBL677887,Inhibition of Epidermal growth factor receptor,B,,,BAO_0000190,BAO_0000357,single protein format,O=c1c(-c2cccc(Cl)c2)coc2cc(O)cc(O)c12,,,CHEMBL1132606,J Med Chem,1999,"{'bei': '24.32', 'le': '0.48', 'lle': '3.50', 'sei': '9.94'}",,CHEMBL7827,,CHEMBL7827,7.02,0,http://www.openphacts.org/units/Nanomolar,2826,=,1,1,=,,IC50,nM,,95.0,CHEMBL203,Homo sapiens,Epidermal growth factor receptor,9606,,,IC50,uM,UO_0000065,,0.095
,,565749,[],CHEMBL677889,Inhibition of Epidermal growth factor receptor-dependent phosphorylation,B,,,BAO_0000190,BAO_0000357,single protein format,O=c1c(-c2cccc(Cl)c2)coc2cc(O)cc(O)c12,,,CHEMBL1132606,J Med Chem,1999,"{'bei': '17.05', 'le': '0.34', 'lle': '1.40', 'sei': '6.96'}",,CHEMBL7827,,CHEMBL7827,4.92,0,http://www.openphacts.org/units/Nanomolar,2826,=,1,1,=,,IC50,nM,,12000.0,CHEMBL203,Homo sapiens,Epidermal growth factor receptor,9606,,,IC50,uM,UO_0000065,,12.0
,,565752,[],CHEMBL677887,Inhibition of Epidermal growth factor receptor,B,,,BAO_0000190,BAO_0000357,single protein format,Oc1c(-c2cccc(Cl)c2)cnc2ccccc12,,,CHEMBL1132606,J Med Chem,1999,,,CHEMBL7801,,CHEMBL7801,,0,http://www.openphacts.org/units/Nanomolar,2830,>,1,1,>,,IC50,nM,,100000.0,CHEMBL203,Homo sapiens,Epidermal growth factor receptor,9606,,,IC50,uM,UO_0000065,,100.0
,,566667,[],CHEMBL677210,In vitro inhibitory activity against Epidermal growth factor receptor (EGFR-TK) from A431 vulval squamous carcinoma cells using TKI assay,B,,,BAO_0000190,BAO_0000219,cell-based format,COc1cc2ncnc(Nc3ccc(F)c(Cl)c3)c2cc1OCCNCCN(C)C,,,CHEMBL1134804,Bioorg Med Chem Lett,2001,"{'bei': '20.05', 'le': '0.40', 'lle': '5.00', 'sei': '12.16'}",,CHEMBL56936,,CHEMBL56936,8.70,0,http://www.openphacts.org/units/Nanomolar,97287,=,1,1,=,,IC50,nM,,2.0,CHEMBL203,Homo sapiens,Epidermal growth factor receptor,9606,,,IC50,uM,UO_0000065,,0.002
,,566671,[],CHEMBL677210,In vitro inhibitory activity against Epidermal growth factor receptor (EGFR-TK) from A431 vulval squamous carcinoma cells using TKI assay,B,,,BAO_0000190,BAO_0000219,cell-based format,COc1cc2ncnc(Nc3ccc(F)c(Cl)c3)c2cc1OCC(O)Cn1ccnc1,,,CHEMBL1134804,Bioorg Med Chem Lett,2001,"{'bei': '18.24', 'le': '0.36', 'lle': '4.29', 'sei': '8.58'}",,CHEMBL60826,,CHEMBL60826,8.10,0,http://www.openphacts.org/units/Nanomolar,97302,=,1,1,=,,IC50,nM,,8.0,CHEMBL203,Homo sapiens,Epidermal growth factor receptor,9606,,,IC50,uM,UO_0000065,,0.008
,,566764,[],CHEMBL674638,Inhibition of in vitro activity of EGFr enzyme from A431 cells in presence of 5 uM ATP,B,,,BAO_0000190,BAO_0000219,cell-based format,Nc1ccc(-c2cc(=O)c3cc(O)cc(N)c3o2)cc1,,,CHEMBL1127357,J Med Chem,1994,,,CHEMBL112421,,CHEMBL112421,,0,http://www.openphacts.org/units/Nanomolar,214254,>,1,1,>,,IC50,nM,,100000.0,CHEMBL203,Homo sapiens,Epidermal growth factor receptor,9606,,,IC50,uM,UO_0000065,,100.0
,,566767,[],CHEMBL674638,Inhibition of in vitro activity of EGFr enzyme from A431 cells in presence of 5 uM ATP,B,,,BAO_0000190,BAO_0000219,cell-based format,COc1cc(N)c2oc(-c3cccc(N)c3)cc(=O)c2c1,,,CHEMBL1127357,J Med Chem,1994,,,CHEMBL114550,,CHEMBL114550,,0,http://www.openphacts.org/units/Nanomolar,214258,>,1,1,>,,IC50,nM,,100000.0,CHEMBL203,Homo sapiens,Epidermal growth factor receptor,9606,,,IC50,uM,UO_0000065,,100.0
,,566824,[],CHEMBL674641,Inhibition of tyrosine phosphorylation by full length Epidermal growth factor receptor from human A431 carcinoma cells.,F,,,BAO_0000190,BAO_0000219,cell-based format,Nc1cc2ncnc(Nc3ccc([N+](=O)[O-])cc3)c2cn1,,,CHEMBL1128730,J Med Chem,1995,,,CHEMBL333115,,CHEMBL333115,4.19,0,http://www.openphacts.org/units/Nanomolar,236778,=,1,1,=,,IC50,nM,,65000.0,CHEMBL203,Homo sapiens,Epidermal growth factor receptor,9606,,,IC50,uM,UO_0000065,,65.0
,,566825,[],CHEMBL674641,Inhibition of tyrosine phosphorylation by full length Epidermal growth factor receptor from human A431 carcinoma cells.,F,,,BAO_0000190,BAO_0000219,cell-based format,Nc1cc2ncnc(Nc3cccc(I)c3)c2cn1,,,CHEMBL1128730,J Med Chem,1995,,,CHEMBL125550,,CHEMBL125550,6.58,0,http://www.openphacts.org/units/Nanomolar,236773,=,1,1,=,,IC50,nM,,260.0,CHEMBL203,Homo sapiens,Epidermal growth factor receptor,9606,,,IC50,uM,UO_0000065,,0.26
,,566826,[],CHEMBL674641,Inhibition of tyrosine phosphorylation by full length Epidermal growth factor receptor from human A431 carcinoma cells.,F,,,BAO_0000190,BAO_0000219,cell-based format,Nc1cc2ncnc(Nc3cccc(O)c3)c2cn1,,,CHEMBL1128730,J Med Chem,1995,,,CHEMBL123322,,CHEMBL123322,7.16,0,http://www.openphacts.org/units/Nanomolar,236772,=,1,1,=,,IC50,nM,,70.0,CHEMBL203,Homo sapiens,Epidermal growth factor receptor,9606,,,IC50,uM,UO_0000065,,0.07
,,566924,[],CHEMBL677887,Inhibition of Epidermal growth factor receptor,B,,,BAO_0000190,BAO_0000357,single protein format,COc1cc(O)c2c(O)c(-c3cccc(Cl)c3)cnc2c1,,,CHEMBL1132606,J Med Chem,1999,"{'bei': '24.59', 'le': '0.48', 'lle': '3.44', 'sei': '11.86'}",,CHEMBL440453,,CHEMBL440453,7.42,0,http://www.openphacts.org/units/Nanomolar,2834,=,1,1,=,,IC50,nM,,38.0,CHEMBL203,Homo sapiens,Epidermal growth factor receptor,9606,,,IC50,uM,UO_0000065,,0.038
,,566928,[],CHEMBL677889,Inhibition of Epidermal growth factor receptor-dependent phosphorylation,B,,,BAO_0000190,BAO_0000357,single protein format,COc1cc(O)c2c(O)c(-c3cccc(Cl)c3)cnc2c1,,,CHEMBL1132606,J Med Chem,1999,"{'bei': '17.31', 'le': '0.34', 'lle': '1.24', 'sei': '8.34'}",,CHEMBL440453,,CHEMBL440453,5.22,0,http://www.openphacts.org/units/Nanomolar,2834,=,1,1,=,,IC50,nM,,6000.0,CHEMBL203,Homo sapiens,Epidermal growth factor receptor,9606,,,IC50,uM,UO_0000065,,6.0
,,567342,[],CHEMBL677385,Inhibition of peptide substrate phosphorylation by epidermal growth factor receptor,B,,,BAO_0000190,BAO_0000357,single protein format,CC#CC(=O)Nc1ccc2ncc(C#N)c(Nc3ccc(F)c(Cl)c3)c2c1,,,CHEMBL1147619,Bioorg Med Chem Lett,2004,"{'bei': '17.11', 'le': '0.33', 'lle': '1.88', 'sei': '8.33'}",,CHEMBL31876,,CHEMBL31876,6.48,0,http://www.openphacts.org/units/Nanomolar,47503,=,1,1,=,,IC50,nM,,330.2,CHEMBL203,Homo sapiens,Epidermal growth factor receptor,9606,,,IC50,nM,UO_0000065,,330.2
,,567343,[],CHEMBL677384,Inhibition of epidermal growth factor receptor kinase autophosphorylation,B,,,BAO_0000190,BAO_0000357,single protein format,CC#CC(=O)Nc1ccc2ncc(C#N)c(Nc3ccc(F)c(Cl)c3)c2c1,,,CHEMBL1147619,Bioorg Med Chem Lett,2004,"{'bei': '15.81', 'le': '0.30', 'lle': '1.39', 'sei': '7.70'}",,CHEMBL31876,,CHEMBL31876,5.99,0,http://www.openphacts.org/units/Nanomolar,47503,=,1,1,=,,IC50,nM,,1027.8,CHEMBL203,Homo sapiens,Epidermal growth factor receptor,9606,,,IC50,nM,UO_0000065,,1027.8
,Not Determined,567943,[],CHEMBL674639,Inhibition of in vitro activity of EGFr enzyme from A431 cells in presence of 5 uM ATP.,B,,,BAO_0000190,BAO_0000219,cell-based format,COc1cc([N+](=O)[O-])c2oc(-c3ccc([N+](=O)[O-])cc3)cc(=O)c2c1,,,CHEMBL1127357,J Med Chem,1994,,,CHEMBL115036,,CHEMBL115036,,0,http://www.openphacts.org/units/Nanomolar,214259,,1,0,,,IC50,nM,,,CHEMBL203,Homo sapiens,Epidermal growth factor receptor,9606,,,IC50,uM,UO_0000065,,
,,568021,[],CHEMBL674641,Inhibition of tyrosine phosphorylation by full length Epidermal growth factor receptor from human A431 carcinoma cells.,F,,,BAO_0000190,BAO_0000219,cell-based format,Nc1cc2ncnc(Nc3cccc(C(F)(F)F)c3)c2cn1,,,CHEMBL1128730,J Med Chem,1995,,,CHEMBL125810,,CHEMBL125810,7.82,0,http://www.openphacts.org/units/Nanomolar,236748,=,1,1,=,,IC50,nM,,15.0,CHEMBL203,Homo sapiens,Epidermal growth factor receptor,9606,,,IC50,uM,UO_0000065,,0.015
,,568022,[],CHEMBL674641,Inhibition of tyrosine phosphorylation by full length Epidermal growth factor receptor from human A431 carcinoma cells.,F,,,BAO_0000190,BAO_0000219,cell-based format,COc1cccc(Nc2ncnc3cc(N)ncc23)c1,,,CHEMBL1128730,J Med Chem,1995,,,CHEMBL334173,,CHEMBL334173,6.89,0,http://www.openphacts.org/units/Nanomolar,236745,=,1,1,=,,IC50,nM,,130.0,CHEMBL203,Homo sapiens,Epidermal growth factor receptor,9606,,,IC50,uM,UO_0000065,,0.13
,,568023,[],CHEMBL674641,Inhibition of tyrosine phosphorylation by full length Epidermal growth factor receptor from human A431 carcinoma cells.,F,,,BAO_0000190,BAO_0000219,cell-based format,CN(C)c1ccc(CNc2ncnc3cc(N)ncc23)cc1,,,CHEMBL1128730,J Med Chem,1995,,,CHEMBL121984,,CHEMBL121984,,0,http://www.openphacts.org/units/Nanomolar,236758,>,1,1,>,,IC50,nM,,100000.0,CHEMBL203,Homo sapiens,Epidermal growth factor receptor,9606,,,IC50,uM,UO_0000065,,100.0
,,569181,[],CHEMBL677210,In vitro inhibitory activity against Epidermal growth factor receptor (EGFR-TK) from A431 vulval squamous carcinoma cells using TKI assay,B,,,BAO_0000190,BAO_0000219,cell-based format,COc1cc2ncnc(Nc3ccc(F)c(Cl)c3)c2cc1OCCN1CCOCC1,,,CHEMBL1134804,Bioorg Med Chem Lett,2001,"{'bei': '18.48', 'le': '0.36', 'lle': '4.11', 'sei': '11.64'}",,CHEMBL14699,,CHEMBL14699,8.00,0,http://www.openphacts.org/units/Nanomolar,97288,=,1,1,=,,IC50,nM,,10.0,CHEMBL203,Homo sapiens,Epidermal growth factor receptor,9606,,,IC50,uM,UO_0000065,,0.01
,Not Determined,569311,[],CHEMBL674639,Inhibition of in vitro activity of EGFr enzyme from A431 cells in presence of 5 uM ATP.,B,,,BAO_0000190,BAO_0000219,cell-based format,O=c1cc(-c2ccc([N+](=O)[O-])cc2)oc2ccc([N+](=O)[O-])cc12,,,CHEMBL1127357,J Med Chem,1994,,,CHEMBL64704,,CHEMBL64704,,0,http://www.openphacts.org/units/Nanomolar,214248,,1,0,,,IC50,nM,,,CHEMBL203,Homo sapiens,Epidermal growth factor receptor,9606,,,IC50,uM,UO_0000065,,
,Not Determined,569314,[],CHEMBL674639,Inhibition of in vitro activity of EGFr enzyme from A431 cells in presence of 5 uM ATP.,B,,,BAO_0000190,BAO_0000219,cell-based format,O=c1cc(-c2ccc([N+](=O)[O-])cc2)oc2c([N+](=O)[O-])cccc12,,,CHEMBL1127357,J Med Chem,1994,,,CHEMBL330905,,CHEMBL330905,,0,http://www.openphacts.org/units/Nanomolar,214265,,1,0,,,IC50,nM,,,CHEMBL203,Homo sapiens,Epidermal growth factor receptor,9606,,,IC50,uM,UO_0000065,,
,,569363,[],CHEMBL674641,Inhibition of tyrosine phosphorylation by full length Epidermal growth factor receptor from human A431 carcinoma cells.,F,,,BAO_0000190,BAO_0000219,cell-based format,CN(C)c1cccc(Nc2ncnc3cc(N)ncc23)c1,,,CHEMBL1128730,J Med Chem,1995,,,CHEMBL125331,,CHEMBL125331,5.75,0,http://www.openphacts.org/units/Nanomolar,236777,=,1,1,=,,IC50,nM,,1790.0,CHEMBL203,Homo sapiens,Epidermal growth factor receptor,9606,,,IC50,uM,UO_0000065,,1.79
,,569364,[],CHEMBL674641,Inhibition of tyrosine phosphorylation by full length Epidermal growth factor receptor from human A431 carcinoma cells.,F,,,BAO_0000190,BAO_0000219,cell-based format,Nc1cc2ncnc(NCc3cccc([N+](=O)[O-])c3)c2cn1,,,CHEMBL1128730,J Med Chem,1995,,,CHEMBL123676,,CHEMBL123676,5.00,0,http://www.openphacts.org/units/Nanomolar,236765,=,1,1,=,,IC50,nM,,10100.0,CHEMBL203,Homo sapiens,Epidermal growth factor receptor,9606,,,IC50,uM,UO_0000065,,10.1
,,570012,[],CHEMBL677385,Inhibition of peptide substrate phosphorylation by epidermal growth factor receptor,B,,,BAO_0000190,BAO_0000357,single protein format,C=CC(=O)Nc1ccc2ncc(C#N)c(Nc3cccc(Br)c3)c2c1,,,CHEMBL1147619,Bioorg Med Chem Lett,2004,"{'bei': '20.38', 'le': '0.44', 'lle': '3.27', 'sei': '10.30'}",,CHEMBL281300,,CHEMBL281300,8.01,0,http://www.openphacts.org/units/Nanomolar,47502,=,1,1,=,,IC50,nM,,9.7,CHEMBL203,Homo sapiens,Epidermal growth factor receptor,9606,,,IC50,nM,UO_0000065,,9.7
,,570013,[],CHEMBL677384,Inhibition of epidermal growth factor receptor kinase autophosphorylation,B,,,BAO_0000190,BAO_0000357,single protein format,C=CC(=O)Nc1ccc2ncc(C#N)c(Nc3cccc(Br)c3)c2c1,,,CHEMBL1147619,Bioorg Med Chem Lett,2004,"{'bei': '17.96', 'le': '0.39', 'lle': '2.32', 'sei': '9.07'}",,CHEMBL281300,,CHEMBL281300,7.06,0,http://www.openphacts.org/units/Nanomolar,47502,=,1,1,=,,IC50,nM,,86.9,CHEMBL203,Homo sapiens,Epidermal growth factor receptor,9606,,,IC50,nM,UO_0000065,,86.9
,,570519,[],CHEMBL677210,In vitro inhibitory activity against Epidermal growth factor receptor (EGFR-TK) from A431 vulval squamous carcinoma cells using TKI assay,B,,,BAO_0000190,BAO_0000219,cell-based format,COCCNCCOc1cc2c(Nc3ccc(F)c(Cl)c3)ncnc2cc1OC,,,CHEMBL1134804,Bioorg Med Chem Lett,2001,"{'bei': '19.24', 'le': '0.38', 'lle': '4.31', 'sei': '10.44'}",,CHEMBL56912,,CHEMBL56912,8.10,0,http://www.openphacts.org/units/Nanomolar,97286,=,1,1,=,,IC50,nM,,8.0,CHEMBL203,Homo sapiens,Epidermal growth factor receptor,9606,,,IC50,uM,UO_0000065,,0.008
,,570522,[],CHEMBL677210,In vitro inhibitory activity against Epidermal growth factor receptor (EGFR-TK) from A431 vulval squamous carcinoma cells using TKI assay,B,,,BAO_0000190,BAO_0000219,cell-based format,CCN(CC)CCCOc1cc2c(Nc3ccc(F)c(Cl)c3)ncnc2cc1OC,,,CHEMBL1134804,Bioorg Med Chem Lett,2001,"{'bei': '16.73', 'le': '0.33', 'lle': '1.95', 'sei': '12.17'}",,CHEMBL55425,,CHEMBL55425,7.24,0,http://www.openphacts.org/units/Nanomolar,97290,=,1,1,=,,IC50,nM,,57.0,CHEMBL203,Homo sapiens,Epidermal growth factor receptor,9606,,,IC50,uM,UO_0000065,,0.057
,,570683,[],CHEMBL674641,Inhibition of tyrosine phosphorylation by full length Epidermal growth factor receptor from human A431 carcinoma cells.,F,,,BAO_0000190,BAO_0000219,cell-based format,Nc1cc2ncnc(NCc3ccc(Br)cc3)c2cn1,,,CHEMBL1128730,J Med Chem,1995,,,CHEMBL125949,,CHEMBL125949,5.61,0,http://www.openphacts.org/units/Nanomolar,236757,=,1,1,=,,IC50,nM,,2460.0,CHEMBL203,Homo sapiens,Epidermal growth factor receptor,9606,,,IC50,uM,UO_0000065,,2.46
,,570882,[],CHEMBL677887,Inhibition of Epidermal growth factor receptor,B,,,BAO_0000190,BAO_0000357,single protein format,COc1cc(O)c2c(=O)c(-c3cccc(Cl)c3)cn(CCc3ccccc3)c2c1,,,CHEMBL1132606,J Med Chem,1999,"{'bei': '13.30', 'le': '0.25', 'lle': '0.12', 'sei': '10.49'}",,CHEMBL7810,,CHEMBL7810,5.40,0,http://www.openphacts.org/units/Nanomolar,2832,=,1,1,=,,IC50,nM,,4000.0,CHEMBL203,Homo sapiens,Epidermal growth factor receptor,9606,,,IC50,uM,UO_0000065,,4.0
,,570883,[],CHEMBL677889,Inhibition of Epidermal growth factor receptor-dependent phosphorylation,B,,,BAO_0000190,BAO_0000357,single protein format,COc1cc(O)c2c(=O)c(-c3cccc(Cl)c3)cn(CCc3ccccc3)c2c1,,,CHEMBL1132606,J Med Chem,1999,"{'bei': '14.35', 'le': '0.27', 'lle': '0.54', 'sei': '11.32'}",,CHEMBL7810,,CHEMBL7810,5.82,0,http://www.openphacts.org/units/Nanomolar,2832,=,1,1,=,,IC50,nM,,1500.0,CHEMBL203,Homo sapiens,Epidermal growth factor receptor,9606,,,IC50,uM,UO_0000065,,1.5
,,571312,[],CHEMBL677385,Inhibition of peptide substrate phosphorylation by epidermal growth factor receptor,B,,,BAO_0000190,BAO_0000357,single protein format,CN(C)C/C=C/C(=O)Nc1cc2c(Nc3cccc(Br)c3)c(C#N)cnc2cn1,,,CHEMBL1147619,Bioorg Med Chem Lett,2004,"{'bei': '19.32', 'le': '0.41', 'lle': '4.66', 'sei': '9.28'}",,CHEMBL31276,,CHEMBL31276,8.72,0,http://www.openphacts.org/units/Nanomolar,47504,=,1,1,=,,IC50,nM,,1.9,CHEMBL203,Homo sapiens,Epidermal growth factor receptor,9606,,,IC50,nM,UO_0000065,,1.9
,,571313,[],CHEMBL677384,Inhibition of epidermal growth factor receptor kinase autophosphorylation,B,,,BAO_0000190,BAO_0000357,single protein format,CN(C)C/C=C/C(=O)Nc1cc2c(Nc3cccc(Br)c3)c(C#N)cnc2cn1,,,CHEMBL1147619,Bioorg Med Chem Lett,2004,"{'bei': '17.87', 'le': '0.38', 'lle': '4.01', 'sei': '8.59'}",,CHEMBL31276,,CHEMBL31276,8.07,0,http://www.openphacts.org/units/Nanomolar,47504,=,1,1,=,,IC50,nM,,8.6,CHEMBL203,Homo sapiens,Epidermal growth factor receptor,9606,,,IC50,nM,UO_0000065,,8.6
,,571782,[],CHEMBL677210,In vitro inhibitory activity against Epidermal growth factor receptor (EGFR-TK) from A431 vulval squamous carcinoma cells using TKI assay,B,,,BAO_0000190,BAO_0000219,cell-based format,COc1cc2ncnc(Nc3ccc(F)c(Cl)c3)c2cc1OCCNC(C)(CO)CO,,,CHEMBL1134804,Bioorg Med Chem Lett,2001,"{'bei': '15.88', 'le': '0.32', 'lle': '4.27', 'sei': '6.58'}",,CHEMBL56027,,CHEMBL56027,7.16,0,http://www.openphacts.org/units/Nanomolar,97312,=,1,1,=,,IC50,nM,,69.0,CHEMBL203,Homo sapiens,Epidermal growth factor receptor,9606,,,IC50,uM,UO_0000065,,0.069
,,571786,[],CHEMBL677210,In vitro inhibitory activity against Epidermal growth factor receptor (EGFR-TK) from A431 vulval squamous carcinoma cells using TKI assay,B,,,BAO_0000190,BAO_0000219,cell-based format,COc1cc2ncnc(Nc3ccc(F)c(Cl)c3)c2cc1OCCn1ccnc1,,,CHEMBL1134804,Bioorg Med Chem Lett,2001,"{'bei': '17.35', 'le': '0.34', 'lle': '2.73', 'sei': '9.69'}",,CHEMBL294034,,CHEMBL294034,7.18,0,http://www.openphacts.org/units/Nanomolar,97310,=,1,1,=,,IC50,nM,,66.0,CHEMBL203,Homo sapiens,Epidermal growth factor receptor,9606,,,IC50,uM,UO_0000065,,0.066
,,571790,[],CHEMBL677210,In vitro inhibitory activity against Epidermal growth factor receptor (EGFR-TK) from A431 vulval squamous carcinoma cells using TKI assay,B,,,BAO_0000190,BAO_0000219,cell-based format,COc1cc2ncnc(Nc3ccc(F)c(Cl)c3)c2cc1OCCCN1CCOCC1,,,CHEMBL1134804,Bioorg Med Chem Lett,2001,"{'bei': '17.09', 'le': '0.34', 'lle': '3.36', 'sei': '11.11'}",,CHEMBL939,GEFITINIB,CHEMBL939,7.64,0,http://www.openphacts.org/units/Nanomolar,97307,=,1,1,=,,IC50,nM,,23.0,CHEMBL203,Homo sapiens,Epidermal growth factor receptor,9606,,,IC50,uM,UO_0000065,,0.023
,,571939,[],CHEMBL674641,Inhibition of tyrosine phosphorylation by full length Epidermal growth factor receptor from human A431 carcinoma cells.,F,,,BAO_0000190,BAO_0000219,cell-based format,Nc1cccc(CNc2ncnc3cc(N)ncc23)c1,,,CHEMBL1128730,J Med Chem,1995,,,CHEMBL127763,,CHEMBL127763,,0,http://www.openphacts.org/units/Nanomolar,236749,>,1,1,>,,IC50,nM,,10000.0,CHEMBL203,Homo sapiens,Epidermal growth factor receptor,9606,,,IC50,uM,UO_0000065,,10.0
,,572076,[],CHEMBL677887,Inhibition of Epidermal growth factor receptor,B,,,BAO_0000190,BAO_0000357,single protein format,COc1cc(OC)c2c(=O)c(-c3cccc(Cl)c3)coc2c1,Outside typical range,"Values for this activity type are unusually large/small, so may not be accurate",CHEMBL1132606,J Med Chem,1999,,,CHEMBL7981,,CHEMBL7981,,0,http://www.openphacts.org/units/Nanomolar,2835,=,1,1,=,,IC50,nM,,500000.0,CHEMBL203,Homo sapiens,Epidermal growth factor receptor,9606,,,IC50,uM,UO_0000065,,500.0
,,572077,[],CHEMBL677889,Inhibition of Epidermal growth factor receptor-dependent phosphorylation,B,,,BAO_0000190,BAO_0000357,single protein format,COc1cc(OC)c2c(=O)c(-c3cccc(Cl)c3)coc2c1,,,CHEMBL1132606,J Med Chem,1999,,,CHEMBL7981,,CHEMBL7981,,0,http://www.openphacts.org/units/Nanomolar,2835,>,1,1,>,,IC50,nM,,100000.0,CHEMBL203,Homo sapiens,Epidermal growth factor receptor,9606,,,IC50,uM,UO_0000065,,100.0
,,572080,[],CHEMBL677887,Inhibition of Epidermal growth factor receptor,B,,,BAO_0000190,BAO_0000357,single protein format,COC(=O)Cn1cc(-c2cccc(Cl)c2)c(=O)c2c(O)cc(OC)cc21,,,CHEMBL1132606,J Med Chem,1999,"{'bei': '19.25', 'le': '0.38', 'lle': '3.98', 'sei': '9.25'}",,CHEMBL7866,,CHEMBL7866,7.19,0,http://www.openphacts.org/units/Nanomolar,2831,=,1,1,=,,IC50,nM,,64.0,CHEMBL203,Homo sapiens,Epidermal growth factor receptor,9606,,,IC50,uM,UO_0000065,,0.064
,,572084,[],CHEMBL677889,Inhibition of Epidermal growth factor receptor-dependent phosphorylation,B,,,BAO_0000190,BAO_0000357,single protein format,COC(=O)Cn1cc(-c2cccc(Cl)c2)c(=O)c2c(O)cc(OC)cc21,,,CHEMBL1132606,J Med Chem,1999,"{'bei': '13.12', 'le': '0.26', 'lle': '1.69', 'sei': '6.31'}",,CHEMBL7866,,CHEMBL7866,4.90,0,http://www.openphacts.org/units/Nanomolar,2831,=,1,1,=,,IC50,nM,,12500.0,CHEMBL203,Homo sapiens,Epidermal growth factor receptor,9606,,,IC50,uM,UO_0000065,,12.5
,,572503,[],CHEMBL677385,Inhibition of peptide substrate phosphorylation by epidermal growth factor receptor,B,,,BAO_0000190,BAO_0000357,single protein format,CC#CC(=O)Nc1cnc2ncc(C#N)c(Nc3cccc(Br)c3)c2c1,,,CHEMBL1147619,Bioorg Med Chem Lett,2004,"{'bei': '12.81', 'le': '0.27', 'lle': '1.23', 'sei': '5.74'}",,CHEMBL31745,,CHEMBL31745,5.20,0,http://www.openphacts.org/units/Nanomolar,47498,=,1,1,=,,IC50,nM,,6266.2,CHEMBL203,Homo sapiens,Epidermal growth factor receptor,9606,,,IC50,nM,UO_0000065,,6266.2
,,572504,[],CHEMBL677384,Inhibition of epidermal growth factor receptor kinase autophosphorylation,B,,,BAO_0000190,BAO_0000357,single protein format,CC#CC(=O)Nc1cnc2ncc(C#N)c(Nc3cccc(Br)c3)c2c1,,,CHEMBL1147619,Bioorg Med Chem Lett,2004,,,CHEMBL31745,,CHEMBL31745,,0,http://www.openphacts.org/units/Nanomolar,47498,>,1,1,>,,IC50,nM,,10000.0,CHEMBL203,Homo sapiens,Epidermal growth factor receptor,9606,,,IC50,nM,UO_0000065,,10000.0
,,572505,[],CHEMBL677385,Inhibition of peptide substrate phosphorylation by epidermal growth factor receptor,B,,,BAO_0000190,BAO_0000357,single protein format,CC#CC(=O)Nc1ccc2ncc(C#N)c(Nc3cccc(Br)c3)c2c1,,,CHEMBL1147619,Bioorg Med Chem Lett,2004,"{'bei': '16.25', 'le': '0.35', 'lle': '2.02', 'sei': '8.47'}",,CHEMBL283682,,CHEMBL283682,6.59,0,http://www.openphacts.org/units/Nanomolar,47499,=,1,1,=,,IC50,nM,,258.9,CHEMBL203,Homo sapiens,Epidermal growth factor receptor,9606,,,IC50,nM,UO_0000065,,258.9
,,572506,[],CHEMBL677384,Inhibition of epidermal growth factor receptor kinase autophosphorylation,B,,,BAO_0000190,BAO_0000357,single protein format,CC#CC(=O)Nc1ccc2ncc(C#N)c(Nc3cccc(Br)c3)c2c1,,,CHEMBL1147619,Bioorg Med Chem Lett,2004,,,CHEMBL283682,,CHEMBL283682,,0,http://www.openphacts.org/units/Nanomolar,47499,>,1,1,>,,IC50,nM,,1000.0,CHEMBL203,Homo sapiens,Epidermal growth factor receptor,9606,,,IC50,nM,UO_0000065,,1000.0
,,572507,[],CHEMBL677385,Inhibition of peptide substrate phosphorylation by epidermal growth factor receptor,B,,,BAO_0000190,BAO_0000357,single protein format,CN(C)C/C=C/C(=O)Nc1ccc2ncc(C#N)c(Nc3cccc(Br)c3)c2c1,,,CHEMBL1147619,Bioorg Med Chem Lett,2004,"{'bei': '16.50', 'le': '0.35', 'lle': '2.76', 'sei': '9.17'}",,CHEMBL30973,,CHEMBL30973,7.43,0,http://www.openphacts.org/units/Nanomolar,47501,=,1,1,=,,IC50,nM,,37.2,CHEMBL203,Homo sapiens,Epidermal growth factor receptor,9606,,,IC50,nM,UO_0000065,,37.2
,,572508,[],CHEMBL677384,Inhibition of epidermal growth factor receptor kinase autophosphorylation,B,,,BAO_0000190,BAO_0000357,single protein format,CN(C)C/C=C/C(=O)Nc1ccc2ncc(C#N)c(Nc3cccc(Br)c3)c2c1,,,CHEMBL1147619,Bioorg Med Chem Lett,2004,"{'bei': '15.34', 'le': '0.33', 'lle': '2.24', 'sei': '8.53'}",,CHEMBL30973,,CHEMBL30973,6.91,0,http://www.openphacts.org/units/Nanomolar,47501,=,1,1,=,,IC50,nM,,122.9,CHEMBL203,Homo sapiens,Epidermal growth factor receptor,9606,,,IC50,nM,UO_0000065,,122.9
,,573018,[],CHEMBL677210,In vitro inhibitory activity against Epidermal growth factor receptor (EGFR-TK) from A431 vulval squamous carcinoma cells using TKI assay,B,,,BAO_0000190,BAO_0000219,cell-based format,CNCCOc1cc2c(Nc3ccc(F)c(Cl)c3)ncnc2cc1OC,,,CHEMBL1134804,Bioorg Med Chem Lett,2001,"{'bei': '21.49', 'le': '0.43', 'lle': '4.33', 'sei': '11.85'}",,CHEMBL293090,,CHEMBL293090,8.10,0,http://www.openphacts.org/units/Nanomolar,97311,=,1,1,=,,IC50,nM,,8.0,CHEMBL203,Homo sapiens,Epidermal growth factor receptor,9606,,,IC50,uM,UO_0000065,,0.008
,,573022,[],CHEMBL677210,In vitro inhibitory activity against Epidermal growth factor receptor (EGFR-TK) from A431 vulval squamous carcinoma cells using TKI assay,B,,,BAO_0000190,BAO_0000219,cell-based format,COc1cc2ncnc(Nc3ccc(F)c(Cl)c3)c2cc1OCCN1CCCCC1,,,CHEMBL1134804,Bioorg Med Chem Lett,2001,"{'bei': '16.27', 'le': '0.32', 'lle': '1.97', 'sei': '11.78'}",,CHEMBL56142,,CHEMBL56142,7.01,0,http://www.openphacts.org/units/Nanomolar,97306,=,1,1,=,,IC50,nM,,98.0,CHEMBL203,Homo sapiens,Epidermal growth factor receptor,9606,,,IC50,uM,UO_0000065,,0.098
,Not Determined,573097,[],CHEMBL674639,Inhibition of in vitro activity of EGFr enzyme from A431 cells in presence of 5 uM ATP.,B,,,BAO_0000190,BAO_0000219,cell-based format,O=c1cc(-c2ccc([N+](=O)[O-])cc2)oc2c([N+](=O)[O-])ccc(O)c12,,,CHEMBL1127357,J Med Chem,1994,,,CHEMBL325385,,CHEMBL325385,,0,http://www.openphacts.org/units/Nanomolar,214266,,1,0,,,IC50,nM,,,CHEMBL203,Homo sapiens,Epidermal growth factor receptor,9606,,,IC50,uM,UO_0000065,,
,,573146,[],CHEMBL674638,Inhibition of in vitro activity of EGFr enzyme from A431 cells in presence of 5 uM ATP,B,,,BAO_0000190,BAO_0000219,cell-based format,Nc1ccc(-c2cc(=O)c3cc(N)cc(N)c3o2)cc1,,,CHEMBL1127357,J Med Chem,1994,,,CHEMBL112422,,CHEMBL112422,,0,http://www.openphacts.org/units/Nanomolar,214255,>,1,1,>,,IC50,nM,,100000.0,CHEMBL203,Homo sapiens,Epidermal growth factor receptor,9606,,,IC50,uM,UO_0000065,,100.0
,Not Determined,574266,[],CHEMBL674639,Inhibition of in vitro activity of EGFr enzyme from A431 cells in presence of 5 uM ATP.,B,,,BAO_0000190,BAO_0000219,cell-based format,O=c1cc(-c2ccc([N+](=O)[O-])cc2)oc2cc(O)c([N+](=O)[O-])cc12,,,CHEMBL1127357,J Med Chem,1994,,,CHEMBL114209,,CHEMBL114209,,0,http://www.openphacts.org/units/Nanomolar,214264,,1,0,,,IC50,nM,,,CHEMBL203,Homo sapiens,Epidermal growth factor receptor,9606,,,IC50,uM,UO_0000065,,
,,574894,[],CHEMBL677385,Inhibition of peptide substrate phosphorylation by epidermal growth factor receptor,B,,,BAO_0000190,BAO_0000357,single protein format,CC#CC(=O)Nc1cnc2ncc(C#N)c(Nc3ccc(F)c(Cl)c3)c2c1,,,CHEMBL1147619,Bioorg Med Chem Lett,2004,"{'bei': '14.28', 'le': '0.27', 'lle': '1.42', 'sei': '5.98'}",,CHEMBL287022,,CHEMBL287022,5.42,0,http://www.openphacts.org/units/Nanomolar,47505,=,1,1,=,,IC50,nM,,3762.4,CHEMBL203,Homo sapiens,Epidermal growth factor receptor,9606,,,IC50,nM,UO_0000065,,3762.4
,,574895,[],CHEMBL677384,Inhibition of epidermal growth factor receptor kinase autophosphorylation,B,,,BAO_0000190,BAO_0000357,single protein format,CC#CC(=O)Nc1cnc2ncc(C#N)c(Nc3ccc(F)c(Cl)c3)c2c1,,,CHEMBL1147619,Bioorg Med Chem Lett,2004,"{'bei': '13.61', 'le': '0.26', 'lle': '1.17', 'sei': '5.70'}",,CHEMBL287022,,CHEMBL287022,5.17,0,http://www.openphacts.org/units/Nanomolar,47505,=,1,1,=,,IC50,nM,,6794.8,CHEMBL203,Homo sapiens,Epidermal growth factor receptor,9606,,,IC50,nM,UO_0000065,,6794.8
,,575419,[],CHEMBL674638,Inhibition of in vitro activity of EGFr enzyme from A431 cells in presence of 5 uM ATP,B,,,BAO_0000190,BAO_0000219,cell-based format,Nc1ccc(-c2cc(=O)c3c(O)c(N)ccc3o2)cc1,,,CHEMBL1127357,J Med Chem,1994,,,CHEMBL116051,,CHEMBL116051,,0,http://www.openphacts.org/units/Nanomolar,214271,>,1,1,>,,IC50,nM,,100000.0,CHEMBL203,Homo sapiens,Epidermal growth factor receptor,9606,,,IC50,uM,UO_0000065,,100.0
,Not Determined,575475,[],CHEMBL674639,Inhibition of in vitro activity of EGFr enzyme from A431 cells in presence of 5 uM ATP.,B,,,BAO_0000190,BAO_0000219,cell-based format,O=c1cc(-c2ccc([N+](=O)[O-])cc2)oc2ccc([N+](=O)[O-])c(O)c12,,,CHEMBL1127357,J Med Chem,1994,,,CHEMBL116064,,CHEMBL116064,,0,http://www.openphacts.org/units/Nanomolar,214261,,1,0,,,IC50,nM,,,CHEMBL203,Homo sapiens,Epidermal growth factor receptor,9606,,,IC50,uM,UO_0000065,,
,,575522,[],CHEMBL674641,Inhibition of tyrosine phosphorylation by full length Epidermal growth factor receptor from human A431 carcinoma cells.,F,,,BAO_0000190,BAO_0000219,cell-based format,Nc1ccc(Nc2ncnc3cc(N)ncc23)cc1,,,CHEMBL1128730,J Med Chem,1995,,,CHEMBL333272,,CHEMBL333272,5.23,0,http://www.openphacts.org/units/Nanomolar,236741,=,1,1,=,,IC50,nM,,5900.0,CHEMBL203,Homo sapiens,Epidermal growth factor receptor,9606,,,IC50,uM,UO_0000065,,5.9
,,576100,[],CHEMBL677385,Inhibition of peptide substrate phosphorylation by epidermal growth factor receptor,B,,,BAO_0000190,BAO_0000357,single protein format,CN(C)CCOc1cc2c(Nc3ccc(F)c(Cl)c3)c(C#N)cnc2cn1,,,CHEMBL1147619,Bioorg Med Chem Lett,2004,,,CHEMBL31437,,CHEMBL31437,,0,http://www.openphacts.org/units/Nanomolar,47508,>,1,1,>,,IC50,nM,,10000.0,CHEMBL203,Homo sapiens,Epidermal growth factor receptor,9606,,,IC50,nM,UO_0000065,,10000.0
,,576101,[],CHEMBL677384,Inhibition of epidermal growth factor receptor kinase autophosphorylation,B,,,BAO_0000190,BAO_0000357,single protein format,CN(C)CCOc1cc2c(Nc3ccc(F)c(Cl)c3)c(C#N)cnc2cn1,,,CHEMBL1147619,Bioorg Med Chem Lett,2004,,,CHEMBL31437,,CHEMBL31437,,0,http://www.openphacts.org/units/Nanomolar,47508,>,1,1,>,,IC50,nM,,10000.0,CHEMBL203,Homo sapiens,Epidermal growth factor receptor,9606,,,IC50,nM,UO_0000065,,10000.0
,,576663,[],CHEMBL677210,In vitro inhibitory activity against Epidermal growth factor receptor (EGFR-TK) from A431 vulval squamous carcinoma cells using TKI assay,B,,,BAO_0000190,BAO_0000219,cell-based format,CCN(CC)CCOc1cc2c(Nc3ccc(F)c(Cl)c3)ncnc2cc1OC,,,CHEMBL1134804,Bioorg Med Chem Lett,2001,"{'bei': '16.79', 'le': '0.33', 'lle': '2.13', 'sei': '11.82'}",,CHEMBL293064,,CHEMBL293064,7.03,0,http://www.openphacts.org/units/Nanomolar,97291,=,1,1,=,,IC50,nM,,93.0,CHEMBL203,Homo sapiens,Epidermal growth factor receptor,9606,,,IC50,uM,UO_0000065,,0.093
,Not Determined,576723,[],CHEMBL674639,Inhibition of in vitro activity of EGFr enzyme from A431 cells in presence of 5 uM ATP.,B,,,BAO_0000190,BAO_0000219,cell-based format,O=c1cc(-c2ccc([N+](=O)[O-])cc2)oc2c([N+](=O)[O-])cc([N+](=O)[O-])cc12,,,CHEMBL1127357,J Med Chem,1994,,,CHEMBL112649,,CHEMBL112649,,0,http://www.openphacts.org/units/Nanomolar,214268,,1,0,,,IC50,nM,,,CHEMBL203,Homo sapiens,Epidermal growth factor receptor,9606,,,IC50,uM,UO_0000065,,
,,576759,[],CHEMBL674638,Inhibition of in vitro activity of EGFr enzyme from A431 cells in presence of 5 uM ATP,B,,,BAO_0000190,BAO_0000219,cell-based format,Nc1ccc(-c2cc(=O)c3c(O)ccc(N)c3o2)cc1,,,CHEMBL1127357,J Med Chem,1994,,,CHEMBL114578,,CHEMBL114578,,0,http://www.openphacts.org/units/Nanomolar,214257,>,1,1,>,,IC50,nM,,100000.0,CHEMBL203,Homo sapiens,Epidermal growth factor receptor,9606,,,IC50,uM,UO_0000065,,100.0
,,576820,[],CHEMBL674641,Inhibition of tyrosine phosphorylation by full length Epidermal growth factor receptor from human A431 carcinoma cells.,F,,,BAO_0000190,BAO_0000219,cell-based format,COc1ccc(Nc2ncnc3cc(N)ncc23)cc1,,,CHEMBL1128730,J Med Chem,1995,,,CHEMBL128001,,CHEMBL128001,6.17,0,http://www.openphacts.org/units/Nanomolar,236744,=,1,1,=,,IC50,nM,,670.0,CHEMBL203,Homo sapiens,Epidermal growth factor receptor,9606,,,IC50,uM,UO_0000065,,0.67
,,576821,[],CHEMBL674641,Inhibition of tyrosine phosphorylation by full length Epidermal growth factor receptor from human A431 carcinoma cells.,F,,,BAO_0000190,BAO_0000219,cell-based format,CN(C)c1ccc(Nc2ncnc3cc(N)ncc23)cc1,,,CHEMBL1128730,J Med Chem,1995,,,CHEMBL341053,,CHEMBL341053,5.31,0,http://www.openphacts.org/units/Nanomolar,236776,=,1,1,=,,IC50,nM,,4860.0,CHEMBL203,Homo sapiens,Epidermal growth factor receptor,9606,,,IC50,uM,UO_0000065,,4.86
,,577474,[],CHEMBL677385,Inhibition of peptide substrate phosphorylation by epidermal growth factor receptor,B,,,BAO_0000190,BAO_0000357,single protein format,CN(C)CCOc1cc2c(Nc3cccc(Br)c3)c(C#N)cnc2cn1,,,CHEMBL1147619,Bioorg Med Chem Lett,2004,,,CHEMBL31118,,CHEMBL31118,,0,http://www.openphacts.org/units/Nanomolar,47507,>,1,1,>,,IC50,nM,,10000.0,CHEMBL203,Homo sapiens,Epidermal growth factor receptor,9606,,,IC50,nM,UO_0000065,,10000.0
,,577475,[],CHEMBL677384,Inhibition of epidermal growth factor receptor kinase autophosphorylation,B,,,BAO_0000190,BAO_0000357,single protein format,CN(C)CCOc1cc2c(Nc3cccc(Br)c3)c(C#N)cnc2cn1,,,CHEMBL1147619,Bioorg Med Chem Lett,2004,,,CHEMBL31118,,CHEMBL31118,,0,http://www.openphacts.org/units/Nanomolar,47507,>,1,1,>,,IC50,nM,,10000.0,CHEMBL203,Homo sapiens,Epidermal growth factor receptor,9606,,,IC50,nM,UO_0000065,,10000.0
,,577891,[],CHEMBL677210,In vitro inhibitory activity against Epidermal growth factor receptor (EGFR-TK) from A431 vulval squamous carcinoma cells using TKI assay,B,,,BAO_0000190,BAO_0000219,cell-based format,COc1cc2ncnc(Nc3ccc(F)c(Cl)c3)c2cc1OCC(O)CN,,,CHEMBL1134804,Bioorg Med Chem Lett,2001,"{'bei': '20.93', 'le': '0.42', 'lle': '5.35', 'sei': '8.02'}",,CHEMBL56502,,CHEMBL56502,8.22,0,http://www.openphacts.org/units/Nanomolar,97304,=,1,1,=,,IC50,nM,,6.0,CHEMBL203,Homo sapiens,Epidermal growth factor receptor,9606,,,IC50,uM,UO_0000065,,0.006
,,578009,[],CHEMBL674638,Inhibition of in vitro activity of EGFr enzyme from A431 cells in presence of 5 uM ATP,B,,,BAO_0000190,BAO_0000219,cell-based format,Nc1ccc(-c2cc(=O)c3cc(N)c(O)cc3o2)cc1,,,CHEMBL1127357,J Med Chem,1994,"{'bei': '18.08', 'le': '0.33', 'lle': '2.52', 'sei': '4.73'}",,CHEMBL432416,,CHEMBL432416,4.85,0,http://www.openphacts.org/units/Nanomolar,214262,=,1,1,=,,IC50,nM,,14100.0,CHEMBL203,Homo sapiens,Epidermal growth factor receptor,9606,,,IC50,uM,UO_0000065,,14.1
,,578058,[],CHEMBL674641,Inhibition of tyrosine phosphorylation by full length Epidermal growth factor receptor from human A431 carcinoma cells.,F,,,BAO_0000190,BAO_0000219,cell-based format,Nc1cc2ncnc(Nc3ccccc3N)c2cn1,,,CHEMBL1128730,J Med Chem,1995,,,CHEMBL124618,,CHEMBL124618,5.28,0,http://www.openphacts.org/units/Nanomolar,236743,=,1,1,=,,IC50,nM,,5250.0,CHEMBL203,Homo sapiens,Epidermal growth factor receptor,9606,,,IC50,uM,UO_0000065,,5.25
,,578059,[],CHEMBL674641,Inhibition of tyrosine phosphorylation by full length Epidermal growth factor receptor from human A431 carcinoma cells.,F,,,BAO_0000190,BAO_0000219,cell-based format,Nc1cc2ncnc(NCc3ccccc3C(F)(F)F)c2cn1,,,CHEMBL1128730,J Med Chem,1995,,,CHEMBL126062,,CHEMBL126062,5.00,0,http://www.openphacts.org/units/Nanomolar,236756,=,1,1,=,,IC50,nM,,10000.0,CHEMBL203,Homo sapiens,Epidermal growth factor receptor,9606,,,IC50,uM,UO_0000065,,10.0
,,578060,[],CHEMBL674641,Inhibition of tyrosine phosphorylation by full length Epidermal growth factor receptor from human A431 carcinoma cells.,F,,,BAO_0000190,BAO_0000219,cell-based format,Nc1cc2ncnc(NCc3ccc(C(F)(F)F)cc3)c2cn1,,,CHEMBL1128730,J Med Chem,1995,,,CHEMBL333041,,CHEMBL333041,5.10,0,http://www.openphacts.org/units/Nanomolar,236754,=,1,1,=,,IC50,nM,,8000.0,CHEMBL203,Homo sapiens,Epidermal growth factor receptor,9606,,,IC50,uM,UO_0000065,,8.0
,,578061,[],CHEMBL674641,Inhibition of tyrosine phosphorylation by full length Epidermal growth factor receptor from human A431 carcinoma cells.,F,,,BAO_0000190,BAO_0000219,cell-based format,COc1ccc(CNc2ncnc3cc(N)ncc23)cc1,,,CHEMBL1128730,J Med Chem,1995,,,CHEMBL125995,,CHEMBL125995,,0,http://www.openphacts.org/units/Nanomolar,236751,>,1,1,>,,IC50,nM,,100000.0,CHEMBL203,Homo sapiens,Epidermal growth factor receptor,9606,,,IC50,uM,UO_0000065,,100.0
,,578203,[],CHEMBL677887,Inhibition of Epidermal growth factor receptor,B,,,BAO_0000190,BAO_0000357,single protein format,COc1cc(O)c2c(=O)c(-c3cccc(Cl)c3)cn(C)c2c1,,,CHEMBL1132606,J Med Chem,1999,"{'bei': '21.44', 'le': '0.42', 'lle': '3.20', 'sei': '13.15'}",,CHEMBL7819,,CHEMBL7819,6.77,0,http://www.openphacts.org/units/Nanomolar,2833,=,1,1,=,,IC50,nM,,170.0,CHEMBL203,Homo sapiens,Epidermal growth factor receptor,9606,,,IC50,uM,UO_0000065,,0.17
,,578207,[],CHEMBL677889,Inhibition of Epidermal growth factor receptor-dependent phosphorylation,B,,,BAO_0000190,BAO_0000357,single protein format,COc1cc(O)c2c(=O)c(-c3cccc(Cl)c3)cn(C)c2c1,,,CHEMBL1132606,J Med Chem,1999,"{'bei': '17.49', 'le': '0.34', 'lle': '1.95', 'sei': '10.73'}",,CHEMBL7819,,CHEMBL7819,5.52,0,http://www.openphacts.org/units/Nanomolar,2833,=,1,1,=,,IC50,nM,,3000.0,CHEMBL203,Homo sapiens,Epidermal growth factor receptor,9606,,,IC50,uM,UO_0000065,,3.0
,Not Determined,579127,[],CHEMBL674639,Inhibition of in vitro activity of EGFr enzyme from A431 cells in presence of 5 uM ATP.,B,,,BAO_0000190,BAO_0000219,cell-based format,O=c1cc(-c2ccc([N+](=O)[O-])cc2)oc2cc([N+](=O)[O-])c(O)c([N+](=O)[O-])c12,,,CHEMBL1127357,J Med Chem,1994,,,CHEMBL326778,,CHEMBL326778,,0,http://www.openphacts.org/units/Nanomolar,214269,,1,0,,,IC50,nM,,,CHEMBL203,Homo sapiens,Epidermal growth factor receptor,9606,,,IC50,uM,UO_0000065,,
,,579130,[],CHEMBL674638,Inhibition of in vitro activity of EGFr enzyme from A431 cells in presence of 5 uM ATP,B,,,BAO_0000190,BAO_0000219,cell-based format,COc1ccc(N)c2oc(-c3ccc(N)cc3)cc(=O)c12,,,CHEMBL1127357,J Med Chem,1994,,,CHEMBL115397,,CHEMBL115397,,0,http://www.openphacts.org/units/Nanomolar,214273,>,1,1,>,,IC50,nM,,100000.0,CHEMBL203,Homo sapiens,Epidermal growth factor receptor,9606,,,IC50,uM,UO_0000065,,100.0
,,579270,[],CHEMBL674641,Inhibition of tyrosine phosphorylation by full length Epidermal growth factor receptor from human A431 carcinoma cells.,F,,,BAO_0000190,BAO_0000219,cell-based format,Nc1cc2ncnc(Nc3cccnc3)c2cn1,,,CHEMBL1128730,J Med Chem,1995,,,CHEMBL122168,,CHEMBL122168,,0,http://www.openphacts.org/units/Nanomolar,236770,>,1,1,>,,IC50,nM,,10000.0,CHEMBL203,Homo sapiens,Epidermal growth factor receptor,9606,,,IC50,uM,UO_0000065,,10.0
,Not Determined,580395,[],CHEMBL674639,Inhibition of in vitro activity of EGFr enzyme from A431 cells in presence of 5 uM ATP.,B,,,BAO_0000190,BAO_0000219,cell-based format,COc1ccc([N+](=O)[O-])c2oc(-c3ccc([N+](=O)[O-])cc3)cc(=O)c12,,,CHEMBL1127357,J Med Chem,1994,,,CHEMBL115784,,CHEMBL115784,,0,http://www.openphacts.org/units/Nanomolar,214267,,1,0,,,IC50,nM,,,CHEMBL203,Homo sapiens,Epidermal growth factor receptor,9606,,,IC50,uM,UO_0000065,,
,Not Determined,580398,[],CHEMBL674639,Inhibition of in vitro activity of EGFr enzyme from A431 cells in presence of 5 uM ATP.,B,,,BAO_0000190,BAO_0000219,cell-based format,O=c1cc(-c2ccc([N+](=O)[O-])cc2)oc2c([N+](=O)[O-])c(O)c([N+](=O)[O-])cc12,,,CHEMBL1127357,J Med Chem,1994,,,CHEMBL115351,,CHEMBL115351,,0,http://www.openphacts.org/units/Nanomolar,214274,,1,0,,,IC50,nM,,,CHEMBL203,Homo sapiens,Epidermal growth factor receptor,9606,,,IC50,uM,UO_0000065,,
,,580463,[],CHEMBL674641,Inhibition of tyrosine phosphorylation by full length Epidermal growth factor receptor from human A431 carcinoma cells.,F,,,BAO_0000190,BAO_0000219,cell-based format,Nc1cc2ncnc(Nc3cccc(F)c3)c2cn1,,,CHEMBL1128730,J Med Chem,1995,,,CHEMBL340438,,CHEMBL340438,6.08,0,http://www.openphacts.org/units/Nanomolar,236775,=,1,1,=,,IC50,nM,,840.0,CHEMBL203,Homo sapiens,Epidermal growth factor receptor,9606,,,IC50,uM,UO_0000065,,0.84
,,581417,[],CHEMBL677210,In vitro inhibitory activity against Epidermal growth factor receptor (EGFR-TK) from A431 vulval squamous carcinoma cells using TKI assay,B,,,BAO_0000190,BAO_0000219,cell-based format,COc1cc2ncnc(Nc3ccc(F)c(Cl)c3)c2cc1OCCCN1CCCCC1,,,CHEMBL1134804,Bioorg Med Chem Lett,2001,"{'bei': '15.96', 'le': '0.31', 'lle': '1.67', 'sei': '11.93'}",,CHEMBL291514,,CHEMBL291514,7.10,0,http://www.openphacts.org/units/Nanomolar,97298,=,1,1,=,,IC50,nM,,79.0,CHEMBL203,Homo sapiens,Epidermal growth factor receptor,9606,,,IC50,uM,UO_0000065,,0.079
,Not Determined,581522,[],CHEMBL674639,Inhibition of in vitro activity of EGFr enzyme from A431 cells in presence of 5 uM ATP.,B,,,BAO_0000190,BAO_0000219,cell-based format,O=c1cc(-c2ccc([N+](=O)[O-])cc2)oc2c([N+](=O)[O-])cc(O)cc12,,,CHEMBL1127357,J Med Chem,1994,,,CHEMBL115148,,CHEMBL115148,,0,http://www.openphacts.org/units/Nanomolar,214260,,1,0,,,IC50,nM,,,CHEMBL203,Homo sapiens,Epidermal growth factor receptor,9606,,,IC50,uM,UO_0000065,,
,,581591,[],CHEMBL674641,Inhibition of tyrosine phosphorylation by full length Epidermal growth factor receptor from human A431 carcinoma cells.,F,,,BAO_0000190,BAO_0000219,cell-based format,Nc1cc2ncnc(Nc3ccccc3[N+](=O)[O-])c2cn1,,,CHEMBL1128730,J Med Chem,1995,,,CHEMBL338662,,CHEMBL338662,5.90,0,http://www.openphacts.org/units/Nanomolar,236784,=,1,1,=,,IC50,nM,,1250.0,CHEMBL203,Homo sapiens,Epidermal growth factor receptor,9606,,,IC50,uM,UO_0000065,,1.25
,,581592,[],CHEMBL674641,Inhibition of tyrosine phosphorylation by full length Epidermal growth factor receptor from human A431 carcinoma cells.,F,,,BAO_0000190,BAO_0000219,cell-based format,Nc1cc2ncnc(Nc3ccccc3Br)c2cn1,,,CHEMBL1128730,J Med Chem,1995,,,CHEMBL122132,,CHEMBL122132,6.62,0,http://www.openphacts.org/units/Nanomolar,236779,=,1,1,=,,IC50,nM,,240.0,CHEMBL203,Homo sapiens,Epidermal growth factor receptor,9606,,,IC50,uM,UO_0000065,,0.24
,,582197,[],CHEMBL677385,Inhibition of peptide substrate phosphorylation by epidermal growth factor receptor,B,,,BAO_0000190,BAO_0000357,single protein format,CN(C)C/C=C/C(=O)Nc1cnc2ncc(C#N)c(Nc3cccc(Br)c3)c2c1,,,CHEMBL1147619,Bioorg Med Chem Lett,2004,"{'bei': '12.61', 'le': '0.27', 'lle': '1.63', 'sei': '6.06'}",,CHEMBL441518,,CHEMBL441518,5.69,0,http://www.openphacts.org/units/Nanomolar,47506,=,1,1,=,,IC50,nM,,2043.6,CHEMBL203,Homo sapiens,Epidermal growth factor receptor,9606,,,IC50,nM,UO_0000065,,2043.6
,,582198,[],CHEMBL677384,Inhibition of epidermal growth factor receptor kinase autophosphorylation,B,,,BAO_0000190,BAO_0000357,single protein format,CN(C)C/C=C/C(=O)Nc1cnc2ncc(C#N)c(Nc3cccc(Br)c3)c2c1,,,CHEMBL1147619,Bioorg Med Chem Lett,2004,"{'bei': '11.93', 'le': '0.25', 'lle': '1.32', 'sei': '5.73'}",,CHEMBL441518,,CHEMBL441518,5.38,0,http://www.openphacts.org/units/Nanomolar,47506,=,1,1,=,,IC50,nM,,4128.6,CHEMBL203,Homo sapiens,Epidermal growth factor receptor,9606,,,IC50,nM,UO_0000065,,4128.6
,,582599,[],CHEMBL677210,In vitro inhibitory activity against Epidermal growth factor receptor (EGFR-TK) from A431 vulval squamous carcinoma cells using TKI assay,B,,,BAO_0000190,BAO_0000219,cell-based format,COc1cc2ncnc(Nc3ccc(F)c(Cl)c3)c2cc1OC[C@@H](O)CN1CCOCC1,,,CHEMBL1134804,Bioorg Med Chem Lett,2001,"{'bei': '15.17', 'le': '0.30', 'lle': '3.77', 'sei': '7.89'}",,CHEMBL1744086,,CHEMBL1744086,7.02,0,http://www.openphacts.org/units/Nanomolar,97301,=,1,1,=,,IC50,nM,,95.0,CHEMBL203,Homo sapiens,Epidermal growth factor receptor,9606,,,IC50,uM,UO_0000065,,0.095
,,582662,[],CHEMBL674638,Inhibition of in vitro activity of EGFr enzyme from A431 cells in presence of 5 uM ATP,B,,,BAO_0000190,BAO_0000219,cell-based format,Nc1ccc(-c2cc(=O)c3c(N)c(O)c(N)cc3o2)cc1,,,CHEMBL1127357,J Med Chem,1994,,,CHEMBL114814,,CHEMBL114814,,0,http://www.openphacts.org/units/Nanomolar,214272,>,1,1,>,,IC50,nM,,100000.0,CHEMBL203,Homo sapiens,Epidermal growth factor receptor,9606,,,IC50,uM,UO_0000065,,100.0
,,582722,[],CHEMBL674638,Inhibition of in vitro activity of EGFr enzyme from A431 cells in presence of 5 uM ATP,B,,,BAO_0000190,BAO_0000219,cell-based format,Nc1cccc(-c2cc(=O)c3cc(N)c(O)cc3o2)c1,,,CHEMBL1127357,J Med Chem,1994,,,CHEMBL115102,,CHEMBL115102,,0,http://www.openphacts.org/units/Nanomolar,214249,>,1,1,>,,IC50,nM,,100000.0,CHEMBL203,Homo sapiens,Epidermal growth factor receptor,9606,,,IC50,uM,UO_0000065,,100.0
,,582791,[],CHEMBL674641,Inhibition of tyrosine phosphorylation by full length Epidermal growth factor receptor from human A431 carcinoma cells.,F,,,BAO_0000190,BAO_0000219,cell-based format,CN(C)c1ccccc1Nc1ncnc2cc(N)ncc12,,,CHEMBL1128730,J Med Chem,1995,,,CHEMBL123523,,CHEMBL123523,4.16,0,http://www.openphacts.org/units/Nanomolar,236740,=,1,1,=,,IC50,nM,,69000.0,CHEMBL203,Homo sapiens,Epidermal growth factor receptor,9606,,,IC50,uM,UO_0000065,,69.0
,,582792,[],CHEMBL674641,Inhibition of tyrosine phosphorylation by full length Epidermal growth factor receptor from human A431 carcinoma cells.,F,,,BAO_0000190,BAO_0000219,cell-based format,Nc1cc2ncnc(Nc3cccc(Cl)c3)c2cn1,,,CHEMBL1128730,J Med Chem,1995,,,CHEMBL124528,,CHEMBL124528,6.92,0,http://www.openphacts.org/units/Nanomolar,236774,=,1,1,=,,IC50,nM,,120.0,CHEMBL203,Homo sapiens,Epidermal growth factor receptor,9606,,,IC50,uM,UO_0000065,,0.12
,,583983,[],CHEMBL674638,Inhibition of in vitro activity of EGFr enzyme from A431 cells in presence of 5 uM ATP,B,,,BAO_0000190,BAO_0000219,cell-based format,Nc1cccc(-c2cc(=O)c3c(N)c(O)c(N)cc3o2)c1,,,CHEMBL1127357,J Med Chem,1994,"{'bei': '18.03', 'le': '0.33', 'lle': '3.20', 'sei': '3.98'}",,CHEMBL325949,,CHEMBL325949,5.11,0,http://www.openphacts.org/units/Nanomolar,214251,=,1,1,=,,IC50,nM,,7800.0,CHEMBL203,Homo sapiens,Epidermal growth factor receptor,9606,,,IC50,uM,UO_0000065,,7.8
,,584048,[],CHEMBL674641,Inhibition of tyrosine phosphorylation by full length Epidermal growth factor receptor from human A431 carcinoma cells.,F,,,BAO_0000190,BAO_0000219,cell-based format,Nc1cc2ncnc(NCc3ccc([N+](=O)[O-])cc3)c2cn1,,,CHEMBL1128730,J Med Chem,1995,,,CHEMBL126097,,CHEMBL126097,,0,http://www.openphacts.org/units/Nanomolar,236764,>,1,1,>,,IC50,nM,,10000.0,CHEMBL203,Homo sapiens,Epidermal growth factor receptor,9606,,,IC50,uM,UO_0000065,,10.0
,,584258,[],CHEMBL677887,Inhibition of Epidermal growth factor receptor,B,,,BAO_0000190,BAO_0000357,single protein format,COc1cc(O)c2c(=O)c(-c3cccc(Cl)c3)coc2c1,,,CHEMBL1132606,J Med Chem,1999,"{'bei': '19.48', 'le': '0.38', 'lle': '2.07', 'sei': '9.88'}",,CHEMBL7339,,CHEMBL7339,5.90,0,http://www.openphacts.org/units/Nanomolar,2827,=,1,1,=,,IC50,nM,,1270.0,CHEMBL203,Homo sapiens,Epidermal growth factor receptor,9606,,,IC50,uM,UO_0000065,,1.27
,,584262,[],CHEMBL677889,Inhibition of Epidermal growth factor receptor-dependent phosphorylation,B,,,BAO_0000190,BAO_0000357,single protein format,COc1cc(O)c2c(=O)c(-c3cccc(Cl)c3)coc2c1,,,CHEMBL1132606,J Med Chem,1999,,,CHEMBL7339,,CHEMBL7339,,0,http://www.openphacts.org/units/Nanomolar,2827,>,1,1,>,,IC50,nM,,100000.0,CHEMBL203,Homo sapiens,Epidermal growth factor receptor,9606,,,IC50,uM,UO_0000065,,100.0
,,585212,[],CHEMBL677210,In vitro inhibitory activity against Epidermal growth factor receptor (EGFR-TK) from A431 vulval squamous carcinoma cells using TKI assay,B,,,BAO_0000190,BAO_0000219,cell-based format,COc1cc2ncnc(Nc3ccc(F)c(Cl)c3)c2cc1OCCN(C)C,,,CHEMBL1134804,Bioorg Med Chem Lett,2001,"{'bei': '20.86', 'le': '0.41', 'lle': '4.04', 'sei': '13.70'}",,CHEMBL57759,,CHEMBL57759,8.15,0,http://www.openphacts.org/units/Nanomolar,97309,=,1,1,=,,IC50,nM,,7.0,CHEMBL203,Homo sapiens,Epidermal growth factor receptor,9606,,,IC50,uM,UO_0000065,,0.007
,,585349,[],CHEMBL674638,Inhibition of in vitro activity of EGFr enzyme from A431 cells in presence of 5 uM ATP,B,,,BAO_0000190,BAO_0000219,cell-based format,Nc1ccc(-c2cc(=O)c3cc(N)c(O)c(N)c3o2)cc1,,,CHEMBL1127357,J Med Chem,1994,,,CHEMBL115601,,CHEMBL115601,,0,http://www.openphacts.org/units/Nanomolar,214253,>,1,1,>,,IC50,nM,,100000.0,CHEMBL203,Homo sapiens,Epidermal growth factor receptor,9606,,,IC50,uM,UO_0000065,,100.0
,,585352,[],CHEMBL674638,Inhibition of in vitro activity of EGFr enzyme from A431 cells in presence of 5 uM ATP,B,,,BAO_0000190,BAO_0000219,cell-based format,Nc1cccc(-c2cc(=O)c3cc(N)ccc3o2)c1,,,CHEMBL1127357,J Med Chem,1994,,,CHEMBL115103,,CHEMBL115103,,0,http://www.openphacts.org/units/Nanomolar,214250,>,1,1,>,,IC50,nM,,100000.0,CHEMBL203,Homo sapiens,Epidermal growth factor receptor,9606,,,IC50,uM,UO_0000065,,100.0
,,586007,[],CHEMBL677385,Inhibition of peptide substrate phosphorylation by epidermal growth factor receptor,B,,,BAO_0000190,BAO_0000357,single protein format,CCOc1cc2ncc(C#N)c(Nc3ccc(F)c(Cl)c3)c2cc1NC(=O)/C=C/CN(C)C,,,CHEMBL1147619,Bioorg Med Chem Lett,2004,"{'bei': '16.75', 'le': '0.32', 'lle': '2.74', 'sei': '8.68'}",,CHEMBL607707,PELITINIB,CHEMBL607707,7.84,0,http://www.openphacts.org/units/Nanomolar,47500,=,1,1,=,,IC50,nM,,14.5,CHEMBL203,Homo sapiens,Epidermal growth factor receptor,9606,,,IC50,nM,UO_0000065,,14.5
,,586008,[],CHEMBL677384,Inhibition of epidermal growth factor receptor kinase autophosphorylation,B,,,BAO_0000190,BAO_0000357,single protein format,CCOc1cc2ncc(C#N)c(Nc3ccc(F)c(Cl)c3)c2cc1NC(=O)/C=C/CN(C)C,,,CHEMBL1147619,Bioorg Med Chem Lett,2004,"{'bei': '14.98', 'le': '0.29', 'lle': '1.91', 'sei': '7.77'}",,CHEMBL607707,PELITINIB,CHEMBL607707,7.01,0,http://www.openphacts.org/units/Nanomolar,47500,=,1,1,=,,IC50,nM,,97.6,CHEMBL203,Homo sapiens,Epidermal growth factor receptor,9606,,,IC50,nM,UO_0000065,,97.6
,,586420,[],CHEMBL677210,In vitro inhibitory activity against Epidermal growth factor receptor (EGFR-TK) from A431 vulval squamous carcinoma cells using TKI assay,B,,,BAO_0000190,BAO_0000219,cell-based format,COc1cc2ncnc(Nc3ccc(F)c(Cl)c3)c2cc1OCCN1CCN(C)CC1,,,CHEMBL1134804,Bioorg Med Chem Lett,2001,"{'bei': '17.94', 'le': '0.35', 'lle': '4.20', 'sei': '12.75'}",,CHEMBL300791,,CHEMBL300791,8.00,0,http://www.openphacts.org/units/Nanomolar,97294,=,1,1,=,,IC50,nM,,10.0,CHEMBL203,Homo sapiens,Epidermal growth factor receptor,9606,,,IC50,uM,UO_0000065,,0.01
,,586424,[],CHEMBL677210,In vitro inhibitory activity against Epidermal growth factor receptor (EGFR-TK) from A431 vulval squamous carcinoma cells using TKI assay,B,,,BAO_0000190,BAO_0000219,cell-based format,COc1cc2ncnc(Nc3ccc(F)c(Cl)c3)c2cc1OCCNC(C)(C)C,,,CHEMBL1134804,Bioorg Med Chem Lett,2001,"{'bei': '16.71', 'le': '0.33', 'lle': '2.06', 'sei': '10.25'}",,CHEMBL57892,,CHEMBL57892,7.00,0,http://www.openphacts.org/units/Nanomolar,97293,=,1,1,=,,IC50,nM,,100.0,CHEMBL203,Homo sapiens,Epidermal growth factor receptor,9606,,,IC50,uM,UO_0000065,,0.1
,,586428,[],CHEMBL677210,In vitro inhibitory activity against Epidermal growth factor receptor (EGFR-TK) from A431 vulval squamous carcinoma cells using TKI assay,B,,,BAO_0000190,BAO_0000219,cell-based format,COc1cc2ncnc(Nc3ccc(F)c(Cl)c3)c2cc1OCCN1CCCC1,,,CHEMBL1134804,Bioorg Med Chem Lett,2001,"{'bei': '16.94', 'le': '0.33', 'lle': '2.41', 'sei': '11.86'}",,CHEMBL57758,,CHEMBL57758,7.06,0,http://www.openphacts.org/units/Nanomolar,97292,=,1,1,=,,IC50,nM,,87.0,CHEMBL203,Homo sapiens,Epidermal growth factor receptor,9606,,,IC50,uM,UO_0000065,,0.087
,,586432,[],CHEMBL677210,In vitro inhibitory activity against Epidermal growth factor receptor (EGFR-TK) from A431 vulval squamous carcinoma cells using TKI assay,B,,,BAO_0000190,BAO_0000219,cell-based format,CNCC(O)COc1cc2c(Nc3ccc(F)c(Cl)c3)ncnc2cc1OC,,,CHEMBL1134804,Bioorg Med Chem Lett,2001,"{'bei': '20.40', 'le': '0.40', 'lle': '5.17', 'sei': '9.38'}",,CHEMBL56266,,CHEMBL56266,8.30,0,http://www.openphacts.org/units/Nanomolar,97303,=,1,1,=,,IC50,nM,,5.0,CHEMBL203,Homo sapiens,Epidermal growth factor receptor,9606,,,IC50,uM,UO_0000065,,0.005
,,586592,[],CHEMBL674641,Inhibition of tyrosine phosphorylation by full length Epidermal growth factor receptor from human A431 carcinoma cells.,F,,,BAO_0000190,BAO_0000219,cell-based format,Nc1cccc(Nc2ncnc3cc(N)ncc23)c1,,,CHEMBL1128730,J Med Chem,1995,,,CHEMBL124617,,CHEMBL124617,5.81,0,http://www.openphacts.org/units/Nanomolar,236742,=,1,1,=,,IC50,nM,,1550.0,CHEMBL203,Homo sapiens,Epidermal growth factor receptor,9606,,,IC50,uM,UO_0000065,,1.55
,,586593,[],CHEMBL674641,Inhibition of tyrosine phosphorylation by full length Epidermal growth factor receptor from human A431 carcinoma cells.,F,,,BAO_0000190,BAO_0000219,cell-based format,Nc1cc2ncnc(NCc3ccccc3)c2cn1,,,CHEMBL1128730,J Med Chem,1995,,,CHEMBL300083,,CHEMBL300083,6.24,0,http://www.openphacts.org/units/Nanomolar,236767,=,1,1,=,,IC50,nM,,580.0,CHEMBL203,Homo sapiens,Epidermal growth factor receptor,9606,,,IC50,uM,UO_0000065,,0.58
,,586594,[],CHEMBL674641,Inhibition of tyrosine phosphorylation by full length Epidermal growth factor receptor from human A431 carcinoma cells.,F,,,BAO_0000190,BAO_0000219,cell-based format,Nc1cc2ncnc(NCc3cccc(Br)c3)c2cn1,,,CHEMBL1128730,J Med Chem,1995,,,CHEMBL121708,,CHEMBL121708,6.00,0,http://www.openphacts.org/units/Nanomolar,236762,=,1,1,=,,IC50,nM,,1000.0,CHEMBL203,Homo sapiens,Epidermal growth factor receptor,9606,,,IC50,uM,UO_0000065,,1.0
,,586960,[],CHEMBL686680,"Inhibition of HER1, EGF receptor kinase",B,,,BAO_0000190,BAO_0000357,single protein format,CC(C)(C)c1cnc(CSc2cnc(NC(=O)C3CCNCC3)s2)o1,,,CHEMBL1149325,J Med Chem,2004,,,CHEMBL296468,BMS-387032,CHEMBL296468,,0,http://www.openphacts.org/units/Nanomolar,79536,>,1,1,>,,IC50,nM,,25000.0,CHEMBL203,Homo sapiens,Epidermal growth factor receptor,9606,,,IC50,uM,UO_0000065,,25.0
,,587976,[],CHEMBL677887,Inhibition of Epidermal growth factor receptor,B,,,BAO_0000190,BAO_0000357,single protein format,Oc1cc(O)c2c(O)c(-c3cccc(Cl)c3)cnc2c1,,,CHEMBL1132606,J Med Chem,1999,"{'bei': '28.14', 'le': '0.55', 'lle': '4.43', 'sei': '11.00'}",,CHEMBL266995,,CHEMBL266995,8.10,0,http://www.openphacts.org/units/Nanomolar,2829,=,1,1,=,,IC50,nM,,8.0,CHEMBL203,Homo sapiens,Epidermal growth factor receptor,9606,,,IC50,uM,UO_0000065,,0.008
,,587980,[],CHEMBL677889,Inhibition of Epidermal growth factor receptor-dependent phosphorylation,B,,,BAO_0000190,BAO_0000357,single protein format,Oc1cc(O)c2c(O)c(-c3cccc(Cl)c3)cnc2c1,,,CHEMBL1132606,J Med Chem,1999,"{'bei': '19.81', 'le': '0.39', 'lle': '2.03', 'sei': '7.75'}",,CHEMBL266995,,CHEMBL266995,5.70,0,http://www.openphacts.org/units/Nanomolar,2829,=,1,1,=,,IC50,nM,,2000.0,CHEMBL203,Homo sapiens,Epidermal growth factor receptor,9606,,,IC50,uM,UO_0000065,,2.0
,,588965,[],CHEMBL677210,In vitro inhibitory activity against Epidermal growth factor receptor (EGFR-TK) from A431 vulval squamous carcinoma cells using TKI assay,B,,,BAO_0000190,BAO_0000219,cell-based format,COc1cc2ncnc(Nc3ccc(F)c(Cl)c3)c2cc1OCC(O)CN(CCO)CCO,,,CHEMBL1134804,Bioorg Med Chem Lett,2001,"{'bei': '17.26', 'le': '0.34', 'lle': '6.10', 'sei': '6.91'}",,CHEMBL299893,,CHEMBL299893,8.30,0,http://www.openphacts.org/units/Nanomolar,97305,=,1,1,=,,IC50,nM,,5.0,CHEMBL203,Homo sapiens,Epidermal growth factor receptor,9606,,,IC50,uM,UO_0000065,,0.005
,,589110,[],CHEMBL674638,Inhibition of in vitro activity of EGFr enzyme from A431 cells in presence of 5 uM ATP,B,,,BAO_0000190,BAO_0000219,cell-based format,COc1cc(N)c2oc(-c3ccc(N)cc3)cc(=O)c2c1,,,CHEMBL1127357,J Med Chem,1994,,,CHEMBL116353,,CHEMBL116353,,0,http://www.openphacts.org/units/Nanomolar,214256,>,1,1,>,,IC50,nM,,100000.0,CHEMBL203,Homo sapiens,Epidermal growth factor receptor,9606,,,IC50,uM,UO_0000065,,100.0
,,589142,[],CHEMBL674641,Inhibition of tyrosine phosphorylation by full length Epidermal growth factor receptor from human A431 carcinoma cells.,F,,,BAO_0000190,BAO_0000219,cell-based format,COc1ccccc1Nc1ncnc2cc(N)ncc12,,,CHEMBL1128730,J Med Chem,1995,,,CHEMBL126101,,CHEMBL126101,5.43,0,http://www.openphacts.org/units/Nanomolar,236746,=,1,1,=,,IC50,nM,,3710.0,CHEMBL203,Homo sapiens,Epidermal growth factor receptor,9606,,,IC50,uM,UO_0000065,,3.71
,,590413,[],CHEMBL674641,Inhibition of tyrosine phosphorylation by full length Epidermal growth factor receptor from human A431 carcinoma cells.,F,,,BAO_0000190,BAO_0000219,cell-based format,Nc1cc2ncnc(NCc3ccccc3N)c2cn1,,,CHEMBL1128730,J Med Chem,1995,,,CHEMBL332846,,CHEMBL332846,6.64,0,http://www.openphacts.org/units/Nanomolar,236750,=,1,1,=,,IC50,nM,,230.0,CHEMBL203,Homo sapiens,Epidermal growth factor receptor,9606,,,IC50,uM,UO_0000065,,0.23
,,591737,[],CHEMBL674641,Inhibition of tyrosine phosphorylation by full length Epidermal growth factor receptor from human A431 carcinoma cells.,F,,,BAO_0000190,BAO_0000219,cell-based format,Nc1ccc(CNc2ncnc3cc(N)ncc23)cc1,,,CHEMBL1128730,J Med Chem,1995,,,CHEMBL124836,,CHEMBL124836,,0,http://www.openphacts.org/units/Nanomolar,236761,>,1,1,>,,IC50,nM,,10000.0,CHEMBL203,Homo sapiens,Epidermal growth factor receptor,9606,,,IC50,uM,UO_0000065,,10.0
,Not Determined,592666,[],CHEMBL843058,Inhibition of epidermal growth factor (EGFR) receptor (Not determined),B,,,BAO_0000190,BAO_0000357,single protein format,CCc1nc(O)c2c(n1)Nc1ccccc1C2,,,CHEMBL1128884,Bioorg Med Chem Lett,1995,,,CHEMBL7350,,CHEMBL7350,,0,http://www.openphacts.org/units/Nanomolar,1201,,1,0,,,IC50,nM,,,CHEMBL203,Homo sapiens,Epidermal growth factor receptor,9606,,,IC50,uM,UO_0000065,,
,,592926,[],CHEMBL673450,Inhibition of the tyrosine kinase activity of the human epidermal growth factor receptor (EGFR),B,,,BAO_0000190,BAO_0000357,single protein format,O=C(CCc1c(SSc2[nH]c3ccccc3c2CCC(=O)NCc2ccc(C(=O)O)c(O)c2)[nH]c2ccccc12)NCc1ccc(C(=O)O)c(O)c1,,,CHEMBL1127622,J Med Chem,1994,"{'bei': '6.86', 'le': '0.13', 'lle': '-1.68', 'sei': '2.48'}",,CHEMBL347668,,CHEMBL347668,5.07,0,http://www.openphacts.org/units/Nanomolar,305908,=,1,1,=,,IC50,nM,,8500.0,CHEMBL203,Homo sapiens,Epidermal growth factor receptor,9606,,,IC50,uM,UO_0000065,,8.5
,,593023,[],CHEMBL677209,In vitro inhibition of the Epidermal growth factor receptor activity in A431 membranes,B,,,BAO_0000190,BAO_0000249,cell membrane format,CN(C)CC(CNNC(N)=O)C(=O)c1ccc(OCc2ccccc2)cc1.Cl,,,CHEMBL1128740,J Med Chem,1995,"{'bei': '14.60', 'le': '0.27', 'lle': '3.61', 'sei': '5.59'}",,CHEMBL541307,,CHEMBL1190636,5.41,0,http://www.openphacts.org/units/Nanomolar,145229,=,1,1,=,,IC50,nM,,3900.0,CHEMBL203,Homo sapiens,Epidermal growth factor receptor,9606,,,IC50,uM,UO_0000065,,3.9
,,594123,[],CHEMBL673450,Inhibition of the tyrosine kinase activity of the human epidermal growth factor receptor (EGFR),B,,,BAO_0000190,BAO_0000357,single protein format,CC(=O)OC(Cc1c(SSc2[nH]c3ccccc3c2CC(OC(C)=O)C(=O)NCc2ccccc2)[nH]c2ccccc12)C(=O)NCc1ccccc1,,,CHEMBL1127622,J Med Chem,1994,"{'bei': '6.20', 'le': '0.12', 'lle': '-2.48', 'sei': '3.20'}",,CHEMBL348146,,CHEMBL348146,4.55,0,http://www.openphacts.org/units/Nanomolar,305903,=,1,1,=,,IC50,nM,,28000.0,CHEMBL203,Homo sapiens,Epidermal growth factor receptor,9606,,,IC50,uM,UO_0000065,,28.0
,,594151,[],CHEMBL673450,Inhibition of the tyrosine kinase activity of the human epidermal growth factor receptor (EGFR),B,,,BAO_0000190,BAO_0000357,single protein format,O=C(O)CCc1c(SSc2[nH]c3ccccc3c2CCC(=O)O)[nH]c2ccccc12,,,CHEMBL1127622,J Med Chem,1994,"{'bei': '12.07', 'le': '0.24', 'lle': '-0.16', 'sei': '5.01'}",,CHEMBL79704,,CHEMBL79704,5.32,0,http://www.openphacts.org/units/Nanomolar,305912,=,1,1,=,,IC50,nM,,4800.0,CHEMBL203,Homo sapiens,Epidermal growth factor receptor,9606,,,IC50,uM,UO_0000065,,4.8
,Not Determined,595181,[],CHEMBL843058,Inhibition of epidermal growth factor (EGFR) receptor (Not determined),B,,,BAO_0000190,BAO_0000357,single protein format,COc1ccc2c(c1)Cc1c(O)ncnc1N2,,,CHEMBL1128884,Bioorg Med Chem Lett,1995,,,CHEMBL6881,,CHEMBL6881,,0,http://www.openphacts.org/units/Nanomolar,1208,,1,0,,,IC50,nM,,,CHEMBL203,Homo sapiens,Epidermal growth factor receptor,9606,,,IC50,uM,UO_0000065,,
,,595392,[],CHEMBL677209,In vitro inhibition of the Epidermal growth factor receptor activity in A431 membranes,B,,,BAO_0000190,BAO_0000249,cell membrane format,COC(=O)c1ccccc1SCC(CN(C)C)C(=O)c1ccc(OCc2ccccc2)cc1.Cl,,,CHEMBL1128740,J Med Chem,1995,"{'bei': '10.90', 'le': '0.21', 'lle': '-0.15', 'sei': '9.05'}",,CHEMBL538757,,CHEMBL1189439,5.06,0,http://www.openphacts.org/units/Nanomolar,145230,=,1,1,=,,IC50,nM,,8800.0,CHEMBL203,Homo sapiens,Epidermal growth factor receptor,9606,,,IC50,uM,UO_0000065,,8.8
,,596738,[],CHEMBL673450,Inhibition of the tyrosine kinase activity of the human epidermal growth factor receptor (EGFR),B,,,BAO_0000190,BAO_0000357,single protein format,O=C(NCc1ccccc1)C(Cc1c(SSc2[nH]c3ccccc3c2CC(NC(=O)C(F)(F)F)C(=O)NCc2ccccc2)[nH]c2ccccc12)NC(=O)C(F)(F)F,,,CHEMBL1127622,J Med Chem,1994,,,CHEMBL350882,,CHEMBL350882,,0,http://www.openphacts.org/units/Nanomolar,305897,>,1,1,>,,IC50,nM,,100000.0,CHEMBL203,Homo sapiens,Epidermal growth factor receptor,9606,,,IC50,uM,UO_0000065,,100.0
,,596823,[],CHEMBL673450,Inhibition of the tyrosine kinase activity of the human epidermal growth factor receptor (EGFR),B,,,BAO_0000190,BAO_0000357,single protein format,CN(C)C(=O)CCc1c(SSc2[nH]c3ccccc3c2CCC(=O)N(C)C)[nH]c2ccccc12,,,CHEMBL1127622,J Med Chem,1994,"{'bei': '9.95', 'le': '0.20', 'lle': '-0.57', 'sei': '6.82'}",,CHEMBL422531,,CHEMBL422531,4.92,0,http://www.openphacts.org/units/Nanomolar,305917,=,1,1,=,,IC50,nM,,12000.0,CHEMBL203,Homo sapiens,Epidermal growth factor receptor,9606,,,IC50,uM,UO_0000065,,12.0
,,596828,[],CHEMBL677209,In vitro inhibition of the Epidermal growth factor receptor activity in A431 membranes,B,,,BAO_0000190,BAO_0000249,cell membrane format,Cc1ccc(SCC(CN(C)C)C(=O)c2ccc(OCc3ccccc3)cc2)cc1C.Cl,,,CHEMBL1128740,J Med Chem,1995,"{'bei': '13.09', 'le': '0.25', 'lle': '-0.36', 'sei': '19.22'}",,CHEMBL538507,,CHEMBL1189319,5.68,0,http://www.openphacts.org/units/Nanomolar,145221,=,1,1,=,,IC50,nM,,2100.0,CHEMBL203,Homo sapiens,Epidermal growth factor receptor,9606,,,IC50,uM,UO_0000065,,2.1
,,598022,[],CHEMBL673450,Inhibition of the tyrosine kinase activity of the human epidermal growth factor receptor (EGFR),B,,,BAO_0000190,BAO_0000357,single protein format,CONC(=O)CCc1c(SSc2[nH]c3ccccc3c2CCC(=O)NOC)[nH]c2ccccc12,,,CHEMBL1127622,J Med Chem,1994,"{'bei': '8.36', 'le': '0.17', 'lle': '-0.50', 'sei': '3.85'}",,CHEMBL154969,,CHEMBL154969,4.17,0,http://www.openphacts.org/units/Nanomolar,305919,=,1,1,=,,IC50,nM,,68000.0,CHEMBL203,Homo sapiens,Epidermal growth factor receptor,9606,,,IC50,uM,UO_0000065,,68.0
,,598045,[],CHEMBL677209,In vitro inhibition of the Epidermal growth factor receptor activity in A431 membranes,B,,,BAO_0000190,BAO_0000249,cell membrane format,C=C(CN(C)C)C(=O)c1ccc(OCc2ccccc2)cc1.Cl,,,CHEMBL1128740,J Med Chem,1995,"{'bei': '22.83', 'le': '0.42', 'lle': '3.17', 'sei': '22.83'}",,CHEMBL552859,,CHEMBL1194559,6.75,0,http://www.openphacts.org/units/Nanomolar,145225,=,1,1,=,,IC50,nM,,180.0,CHEMBL203,Homo sapiens,Epidermal growth factor receptor,9606,,,IC50,uM,UO_0000065,,0.18
,Not Determined,599030,[],CHEMBL843058,Inhibition of epidermal growth factor (EGFR) receptor (Not determined),B,,,BAO_0000190,BAO_0000357,single protein format,COc1cc2c(cc1OC)Nc1ncn(CCN3CCOCC3)c(=O)c1C2,,,CHEMBL1128884,Bioorg Med Chem Lett,1995,,,CHEMBL267180,,CHEMBL267180,,0,http://www.openphacts.org/units/Nanomolar,1206,,1,0,,,IC50,nM,,,CHEMBL203,Homo sapiens,Epidermal growth factor receptor,9606,,,IC50,uM,UO_0000065,,
,,600251,[],CHEMBL843057,Inhibition of epidermal growth factor receptor (EGFR),B,,,BAO_0000190,BAO_0000357,single protein format,COc1cc2c(cc1OC)Nc1ncnc(O)c1C2,,,CHEMBL1128884,Bioorg Med Chem Lett,1995,"{'bei': '15.91', 'le': '0.30', 'lle': '2.27', 'sei': '5.39'}",,CHEMBL414013,,CHEMBL414013,4.12,0,http://www.openphacts.org/units/Nanomolar,1209,=,1,1,=,,IC50,nM,,75000.0,CHEMBL203,Homo sapiens,Epidermal growth factor receptor,9606,,,IC50,uM,UO_0000065,,75.0
,,601795,[],CHEMBL677209,In vitro inhibition of the Epidermal growth factor receptor activity in A431 membranes,B,,,BAO_0000190,BAO_0000249,cell membrane format,C=C(CN1CCCCC1)C(=O)c1ccc(OCc2ccccc2)cc1.Cl,,,CHEMBL1128740,J Med Chem,1995,"{'bei': '17.76', 'le': '0.33', 'lle': '1.47', 'sei': '20.17'}",,CHEMBL544074,,CHEMBL1192779,5.96,0,http://www.openphacts.org/units/Nanomolar,145223,=,1,1,=,,IC50,nM,,1100.0,CHEMBL203,Homo sapiens,Epidermal growth factor receptor,9606,,,IC50,uM,UO_0000065,,1.1
,Not Determined,602663,[],CHEMBL843058,Inhibition of epidermal growth factor (EGFR) receptor (Not determined),B,,,BAO_0000190,BAO_0000357,single protein format,Oc1ncnc2c1Cc1ccccc1N2,,,CHEMBL1128884,Bioorg Med Chem Lett,1995,,,CHEMBL6796,,CHEMBL6796,,0,http://www.openphacts.org/units/Nanomolar,1199,,1,0,,,IC50,nM,,,CHEMBL203,Homo sapiens,Epidermal growth factor receptor,9606,,,IC50,uM,UO_0000065,,
,,602962,[],CHEMBL673450,Inhibition of the tyrosine kinase activity of the human epidermal growth factor receptor (EGFR),B,,,BAO_0000190,BAO_0000357,single protein format,O=C(CCc1c(SSc2[nH]c3ccccc3c2CCC(=O)NCCc2ccccc2)[nH]c2ccccc12)NCCc1ccccc1,,,CHEMBL1127622,J Med Chem,1994,"{'bei': '7.14', 'le': '0.14', 'lle': '-3.41', 'sei': '5.15'}",,CHEMBL154260,,CHEMBL154260,4.62,0,http://www.openphacts.org/units/Nanomolar,305909,=,1,1,=,,IC50,nM,,24000.0,CHEMBL203,Homo sapiens,Epidermal growth factor receptor,9606,,,IC50,uM,UO_0000065,,24.0
,,602964,[],CHEMBL673450,Inhibition of the tyrosine kinase activity of the human epidermal growth factor receptor (EGFR),B,,,BAO_0000190,BAO_0000357,single protein format,CC(=O)NC(Cc1c(SSc2[nH]c3ccccc3c2CC(NC(C)=O)C(=O)NCc2ccccc2)[nH]c2ccccc12)C(=O)NCc1ccccc1,,,CHEMBL1127622,J Med Chem,1994,"{'bei': '5.86', 'le': '0.11', 'lle': '-1.89', 'sei': '2.90'}",,CHEMBL346716,,CHEMBL346716,4.29,0,http://www.openphacts.org/units/Nanomolar,305905,=,1,1,=,,IC50,nM,,51000.0,CHEMBL203,Homo sapiens,Epidermal growth factor receptor,9606,,,IC50,uM,UO_0000065,,51.0
,Not Determined,603985,[],CHEMBL843058,Inhibition of epidermal growth factor (EGFR) receptor (Not determined),B,,,BAO_0000190,BAO_0000357,single protein format,COc1cc2cc3c(O)ncnc3nc2cc1OC,,,CHEMBL1128884,Bioorg Med Chem Lett,1995,,,CHEMBL7137,,CHEMBL7137,,0,http://www.openphacts.org/units/Nanomolar,1205,,1,0,,,IC50,nM,,,CHEMBL203,Homo sapiens,Epidermal growth factor receptor,9606,,,IC50,uM,UO_0000065,,
,,604364,[],CHEMBL677209,In vitro inhibition of the Epidermal growth factor receptor activity in A431 membranes,B,,,BAO_0000190,BAO_0000249,cell membrane format,Cl.O=C(CCN1CCCCC1)c1ccc(OCc2ccccc2)cc1,,,CHEMBL1128740,J Med Chem,1995,"{'bei': '17.76', 'le': '0.33', 'lle': '1.42', 'sei': '19.45'}",,CHEMBL545006,,CHEMBL1193577,5.75,0,http://www.openphacts.org/units/Nanomolar,145219,=,1,1,=,,IC50,nM,,1800.0,CHEMBL203,Homo sapiens,Epidermal growth factor receptor,9606,,,IC50,uM,UO_0000065,,1.8
,,605594,[],CHEMBL677209,In vitro inhibition of the Epidermal growth factor receptor activity in A431 membranes,B,,,BAO_0000190,BAO_0000249,cell membrane format,CCOC(=O)C1CCN(CCC(=O)c2ccc(OCc3ccccc3)cc2)CC1.Cl,,,CHEMBL1128740,J Med Chem,1995,"{'bei': '16.49', 'le': '0.31', 'lle': '2.41', 'sei': '11.68'}",,CHEMBL542891,,CHEMBL1191751,6.52,0,http://www.openphacts.org/units/Nanomolar,145240,=,1,1,=,,IC50,nM,,300.0,CHEMBL203,Homo sapiens,Epidermal growth factor receptor,9606,,,IC50,uM,UO_0000065,,0.3
,,606673,[],CHEMBL673450,Inhibition of the tyrosine kinase activity of the human epidermal growth factor receptor (EGFR),B,,,BAO_0000190,BAO_0000357,single protein format,NC(Cc1c(SSc2[nH]c3ccccc3c2CC(N)C(=O)NCc2ccccc2)[nH]c2ccccc12)C(=O)NCc1ccccc1,,,CHEMBL1127622,J Med Chem,1994,"{'bei': '7.89', 'le': '0.15', 'lle': '-0.70', 'sei': '3.61'}",,CHEMBL336174,,CHEMBL336174,5.12,0,http://www.openphacts.org/units/Nanomolar,305904,=,1,1,=,,IC50,nM,,7600.0,CHEMBL203,Homo sapiens,Epidermal growth factor receptor,9606,,,IC50,uM,UO_0000065,,7.6
,,606738,[],CHEMBL677209,In vitro inhibition of the Epidermal growth factor receptor activity in A431 membranes,B,,,BAO_0000190,BAO_0000249,cell membrane format,C=C(CN1CCNCC1)C(=O)c1ccc(OCc2ccccc2)cc1.Cl,,,CHEMBL1128740,J Med Chem,1995,"{'bei': '17.31', 'le': '0.32', 'lle': '2.91', 'sei': '14.01'}",,CHEMBL544538,,CHEMBL1193175,5.82,0,http://www.openphacts.org/units/Nanomolar,145236,=,1,1,=,,IC50,nM,,1500.0,CHEMBL203,Homo sapiens,Epidermal growth factor receptor,9606,,,IC50,uM,UO_0000065,,1.5
,,607960,[],CHEMBL673450,Inhibition of the tyrosine kinase activity of the human epidermal growth factor receptor (EGFR),B,,,BAO_0000190,BAO_0000357,single protein format,N#CCc1c(SSc2[nH]c3ccccc3c2CC#N)[nH]c2ccccc12,,,CHEMBL1127622,J Med Chem,1994,"{'bei': '12.00', 'le': '0.24', 'lle': '-1.09', 'sei': '5.68'}",,CHEMBL348116,,CHEMBL348116,4.50,0,http://www.openphacts.org/units/Nanomolar,305913,=,1,1,=,,IC50,nM,,32000.0,CHEMBL203,Homo sapiens,Epidermal growth factor receptor,9606,,,IC50,uM,UO_0000065,,32.0
,,607986,[],CHEMBL677209,In vitro inhibition of the Epidermal growth factor receptor activity in A431 membranes,B,,,BAO_0000190,BAO_0000249,cell membrane format,C=C(CN(C)C)C(=O)c1ccc(OS(=O)(=O)c2ccc(C(=O)O)cc2)cc1,,,CHEMBL1128740,J Med Chem,1995,"{'bei': '17.05', 'le': '0.34', 'lle': '4.19', 'sei': '6.57'}",,CHEMBL80030,,CHEMBL80030,6.64,0,http://www.openphacts.org/units/Nanomolar,145235,=,1,1,=,,IC50,nM,,230.0,CHEMBL203,Homo sapiens,Epidermal growth factor receptor,9606,,,IC50,uM,UO_0000065,,0.23
,,609155,[],CHEMBL673450,Inhibition of the tyrosine kinase activity of the human epidermal growth factor receptor (EGFR),B,,,BAO_0000190,BAO_0000357,single protein format,O=C(NCc1ccccc1)C(O)Cc1c(SSc2[nH]c3ccccc3c2CC(O)C(=O)NCc2ccccc2)[nH]c2ccccc12,,,CHEMBL1127622,J Med Chem,1994,"{'bei': '7.46', 'le': '0.14', 'lle': '-1.04', 'sei': '3.73'}",,CHEMBL157952,,CHEMBL157952,4.85,0,http://www.openphacts.org/units/Nanomolar,305902,=,1,1,=,,IC50,nM,,14000.0,CHEMBL203,Homo sapiens,Epidermal growth factor receptor,9606,,,IC50,uM,UO_0000065,,14.0
,,609156,[],CHEMBL673450,Inhibition of the tyrosine kinase activity of the human epidermal growth factor receptor (EGFR),B,,,BAO_0000190,BAO_0000357,single protein format,O=C(CCCc1c(SSc2[nH]c3ccccc3c2CCCC(=O)NCc2ccccc2)[nH]c2ccccc12)NCc1ccccc1,,,CHEMBL1127622,J Med Chem,1994,"{'bei': '6.18', 'le': '0.12', 'lle': '-4.73', 'sei': '4.46'}",,CHEMBL156555,,CHEMBL156555,4.00,0,http://www.openphacts.org/units/Nanomolar,305901,=,1,1,=,,IC50,nM,,100000.0,CHEMBL203,Homo sapiens,Epidermal growth factor receptor,9606,,,IC50,uM,UO_0000065,,100.0
,,609241,[],CHEMBL677209,In vitro inhibition of the Epidermal growth factor receptor activity in A431 membranes,B,,,BAO_0000190,BAO_0000249,cell membrane format,O=c1c(-c2ccc(O)cc2)coc2cc(O)cc(O)c12,,,CHEMBL1128740,J Med Chem,1995,"{'bei': '22.20', 'le': '0.41', 'lle': '3.42', 'sei': '6.60'}",,CHEMBL44,GENISTEIN,CHEMBL44,6.00,1,http://www.openphacts.org/units/Nanomolar,145227,=,1,1,=,,IC50,nM,,1000.0,CHEMBL203,Homo sapiens,Epidermal growth factor receptor,9606,,,IC50,uM,UO_0000065,,1.0
,,612771,[],CHEMBL677209,In vitro inhibition of the Epidermal growth factor receptor activity in A431 membranes,B,,,BAO_0000190,BAO_0000249,cell membrane format,CN(C)CC(CSCCN)C(=O)c1ccc(OCc2ccccc2)cc1.Cl,,,CHEMBL1128740,J Med Chem,1995,"{'bei': '13.57', 'le': '0.27', 'lle': '1.74', 'sei': '9.10'}",,CHEMBL543361,,CHEMBL1192172,5.06,0,http://www.openphacts.org/units/Nanomolar,145220,=,1,1,=,,IC50,nM,,8800.0,CHEMBL203,Homo sapiens,Epidermal growth factor receptor,9606,,,IC50,uM,UO_0000065,,8.8
,,613919,[],CHEMBL673450,Inhibition of the tyrosine kinase activity of the human epidermal growth factor receptor (EGFR),B,,,BAO_0000190,BAO_0000357,single protein format,NC(=O)CCC1C(S)=Nc2ccccc21,,,CHEMBL1127622,J Med Chem,1994,"{'bei': '21.14', 'le': '0.42', 'lle': '2.65', 'sei': '8.40'}",,CHEMBL155607,,CHEMBL155607,4.66,0,http://www.openphacts.org/units/Nanomolar,305899,=,1,1,=,,IC50,nM,,22000.0,CHEMBL203,Homo sapiens,Epidermal growth factor receptor,9606,,,IC50,uM,UO_0000065,,22.0
,Not Determined,615190,[],CHEMBL843058,Inhibition of epidermal growth factor (EGFR) receptor (Not determined),B,,,BAO_0000190,BAO_0000357,single protein format,COc1ccc2c(c1)Nc1ncnc(O)c1C2,,,CHEMBL1128884,Bioorg Med Chem Lett,1995,,,CHEMBL266404,,CHEMBL266404,,0,http://www.openphacts.org/units/Nanomolar,1207,,1,0,,,IC50,nM,,,CHEMBL203,Homo sapiens,Epidermal growth factor receptor,9606,,,IC50,uM,UO_0000065,,
,,615479,[],CHEMBL677209,In vitro inhibition of the Epidermal growth factor receptor activity in A431 membranes,B,,,BAO_0000190,BAO_0000249,cell membrane format,CC(CN(C)C)C(=O)c1ccc(OS(=O)(=O)c2ccc(C(=O)O)cc2)cc1.Cl,,,CHEMBL1128740,J Med Chem,1995,"{'bei': '10.22', 'le': '0.20', 'lle': '1.47', 'sei': '3.96'}",,CHEMBL543600,,CHEMBL1192376,4.00,0,http://www.openphacts.org/units/Nanomolar,145228,=,1,1,=,,IC50,nM,,100000.0,CHEMBL203,Homo sapiens,Epidermal growth factor receptor,9606,,,IC50,uM,UO_0000065,,100.0
,,618171,[],CHEMBL673450,Inhibition of the tyrosine kinase activity of the human epidermal growth factor receptor (EGFR),B,,,BAO_0000190,BAO_0000357,single protein format,O=C(CC1C(S)=Nc2ccccc21)NCc1ccccc1,,,CHEMBL1127622,J Med Chem,1994,"{'bei': '13.50', 'le': '0.26', 'lle': '0.55', 'sei': '9.65'}",,CHEMBL155389,,CHEMBL155389,4.00,0,http://www.openphacts.org/units/Nanomolar,305900,=,1,1,=,,IC50,nM,,100000.0,CHEMBL203,Homo sapiens,Epidermal growth factor receptor,9606,,,IC50,uM,UO_0000065,,100.0
,,618205,[],CHEMBL673450,Inhibition of the tyrosine kinase activity of the human epidermal growth factor receptor (EGFR),B,,,BAO_0000190,BAO_0000357,single protein format,CNC(=O)CCc1c(SSc2[nH]c3ccccc3c2CCC(=O)NC)[nH]c2ccccc12,,,CHEMBL1127622,J Med Chem,1994,"{'bei': '10.77', 'le': '0.21', 'lle': '0.22', 'sei': '5.60'}",,CHEMBL345203,,CHEMBL345203,5.03,0,http://www.openphacts.org/units/Nanomolar,305916,=,1,1,=,,IC50,nM,,9400.0,CHEMBL203,Homo sapiens,Epidermal growth factor receptor,9606,,,IC50,uM,UO_0000065,,9.4
,,618238,[],CHEMBL677209,In vitro inhibition of the Epidermal growth factor receptor activity in A431 membranes,B,,,BAO_0000190,BAO_0000249,cell membrane format,N#CC(Cc1ccc(O)c(O)c1)C(=N)S,,,CHEMBL1128740,J Med Chem,1995,"{'bei': '18.69', 'le': '0.38', 'lle': '2.46', 'sei': '4.72'}",,CHEMBL78249,TRYPHOSTIN,CHEMBL78249,4.16,0,http://www.openphacts.org/units/Nanomolar,145226,=,1,1,=,,IC50,nM,,70000.0,CHEMBL203,Homo sapiens,Epidermal growth factor receptor,9606,,,IC50,uM,UO_0000065,,70.0
,Not Determined,619218,[],CHEMBL843058,Inhibition of epidermal growth factor (EGFR) receptor (Not determined),B,,,BAO_0000190,BAO_0000357,single protein format,Oc1cc(Nc2ccccc2)ncn1,,,CHEMBL1128884,Bioorg Med Chem Lett,1995,,,CHEMBL7052,,CHEMBL7052,,0,http://www.openphacts.org/units/Nanomolar,1203,,1,0,,,IC50,nM,,,CHEMBL203,Homo sapiens,Epidermal growth factor receptor,9606,,,IC50,uM,UO_0000065,,
,,619546,[],CHEMBL677209,In vitro inhibition of the Epidermal growth factor receptor activity in A431 membranes,B,,,BAO_0000190,BAO_0000249,cell membrane format,CN(C)CCCC(=O)c1ccc(OCc2ccccc2)cc1.Cl,,,CHEMBL1128740,J Med Chem,1995,,,CHEMBL543362,,CHEMBL1192173,,0,http://www.openphacts.org/units/Nanomolar,145238,>,1,1,>,,IC50,nM,,100000.0,CHEMBL203,Homo sapiens,Epidermal growth factor receptor,9606,,,IC50,uM,UO_0000065,,100.0
,,620606,[],CHEMBL677209,In vitro inhibition of the Epidermal growth factor receptor activity in A431 membranes,B,,,BAO_0000190,BAO_0000249,cell membrane format,CN(C)CCC(=O)c1ccc(OCc2ccccc2)cc1.Cl,,,CHEMBL1128740,J Med Chem,1995,"{'bei': '20.55', 'le': '0.38', 'lle': '2.42', 'sei': '19.72'}",,CHEMBL544770,,CHEMBL1193376,5.82,0,http://www.openphacts.org/units/Nanomolar,145232,=,1,1,=,,IC50,nM,,1500.0,CHEMBL203,Homo sapiens,Epidermal growth factor receptor,9606,,,IC50,uM,UO_0000065,,1.5
,,621696,[],CHEMBL673450,Inhibition of the tyrosine kinase activity of the human epidermal growth factor receptor (EGFR),B,,,BAO_0000190,BAO_0000357,single protein format,O=C(Cc1c(SSc2[nH]c3ccccc3c2CC(=O)NCc2ccccc2)[nH]c2ccccc12)NCc1ccccc1,,,CHEMBL1127622,J Med Chem,1994,"{'bei': '7.48', 'le': '0.14', 'lle': '-2.75', 'sei': '4.92'}",,CHEMBL435831,,CHEMBL435831,4.42,0,http://www.openphacts.org/units/Nanomolar,305911,=,1,1,=,,IC50,nM,,38000.0,CHEMBL203,Homo sapiens,Epidermal growth factor receptor,9606,,,IC50,uM,UO_0000065,,38.0
,,621730,[],CHEMBL677209,In vitro inhibition of the Epidermal growth factor receptor activity in A431 membranes,B,,,BAO_0000190,BAO_0000249,cell membrane format,Cl.O=C(CCN1CCOCC1)c1ccc(OCc2ccccc2)cc1,,,CHEMBL1128740,J Med Chem,1995,"{'bei': '17.90', 'le': '0.33', 'lle': '2.65', 'sei': '15.02'}",,CHEMBL542893,,CHEMBL1191752,5.82,0,http://www.openphacts.org/units/Nanomolar,145239,=,1,1,=,,IC50,nM,,1500.0,CHEMBL203,Homo sapiens,Epidermal growth factor receptor,9606,,,IC50,uM,UO_0000065,,1.5
,,621736,[],CHEMBL677209,In vitro inhibition of the Epidermal growth factor receptor activity in A431 membranes,B,,,BAO_0000190,BAO_0000249,cell membrane format,CN(C)CC(CSc1ccccc1)C(=O)c1ccc(OCc2ccccc2)cc1.Cl,,,CHEMBL1128740,J Med Chem,1995,"{'bei': '12.67', 'le': '0.24', 'lle': '-0.28', 'sei': '17.39'}",,CHEMBL540292,,CHEMBL1190159,5.14,0,http://www.openphacts.org/units/Nanomolar,145237,=,1,1,=,,IC50,nM,,7300.0,CHEMBL203,Homo sapiens,Epidermal growth factor receptor,9606,,,IC50,uM,UO_0000065,,7.3
,,622992,[],CHEMBL673450,Inhibition of the tyrosine kinase activity of the human epidermal growth factor receptor (EGFR),B,,,BAO_0000190,BAO_0000357,single protein format,COC(=O)c1ccc(CNC(=O)CCc2c(SSc3[nH]c4ccccc4c3CCC(=O)NCc3ccc(C(=O)OC)cc3)[nH]c3ccccc23)cc1,,,CHEMBL1127622,J Med Chem,1994,"{'bei': '5.93', 'le': '0.11', 'lle': '-3.16', 'sei': '3.06'}",,CHEMBL154080,,CHEMBL154080,4.36,0,http://www.openphacts.org/units/Nanomolar,305906,=,1,1,=,,IC50,nM,,44000.0,CHEMBL203,Homo sapiens,Epidermal growth factor receptor,9606,,,IC50,uM,UO_0000065,,44.0
,,622994,[],CHEMBL673450,Inhibition of the tyrosine kinase activity of the human epidermal growth factor receptor (EGFR),B,,,BAO_0000190,BAO_0000357,single protein format,O=C(CCc1c(SSc2[nH]c3ccccc3c2CCC(=O)NCc2ccc(C(=O)O)cc2)[nH]c2ccccc12)NCc1ccc(C(=O)O)cc1,,,CHEMBL1127622,J Med Chem,1994,"{'bei': '7.26', 'le': '0.14', 'lle': '-2.21', 'sei': '3.12'}",,CHEMBL155293,,CHEMBL155293,5.13,0,http://www.openphacts.org/units/Nanomolar,305910,=,1,1,=,,IC50,nM,,7400.0,CHEMBL203,Homo sapiens,Epidermal growth factor receptor,9606,,,IC50,uM,UO_0000065,,7.4
,,623061,[],CHEMBL677209,In vitro inhibition of the Epidermal growth factor receptor activity in A431 membranes,B,,,BAO_0000190,BAO_0000249,cell membrane format,C=C(CN1CCOCC1)C(=O)c1ccc(OCc2ccccc2)cc1.Cl,,,CHEMBL1128740,J Med Chem,1995,"{'bei': '17.66', 'le': '0.33', 'lle': '2.62', 'sei': '15.37'}",,CHEMBL544067,,CHEMBL1192773,5.96,0,http://www.openphacts.org/units/Nanomolar,145222,=,1,1,=,,IC50,nM,,1100.0,CHEMBL203,Homo sapiens,Epidermal growth factor receptor,9606,,,IC50,uM,UO_0000065,,1.1
,,624259,[],CHEMBL673450,Inhibition of the tyrosine kinase activity of the human epidermal growth factor receptor (EGFR),B,,,BAO_0000190,BAO_0000357,single protein format,O=C(CCc1c(SSc2[nH]c3ccccc3c2CCC(=O)NCc2ccccc2)[nH]c2ccccc12)NCc1ccccc1,,,CHEMBL1127622,J Med Chem,1994,"{'bei': '9.81', 'le': '0.19', 'lle': '-1.88', 'sei': '6.76'}",,CHEMBL293261,,CHEMBL293261,6.07,1,http://www.openphacts.org/units/Nanomolar,305896,=,1,1,=,,IC50,nM,,850.0,CHEMBL203,Homo sapiens,Epidermal growth factor receptor,9606,,,IC50,uM,UO_0000065,,0.85
,,624335,[],CHEMBL677209,In vitro inhibition of the Epidermal growth factor receptor activity in A431 membranes,B,,,BAO_0000190,BAO_0000249,cell membrane format,C=C(CN(C)C)C(=O)c1ccccc1.Cl,,,CHEMBL1128740,J Med Chem,1995,"{'bei': '27.75', 'le': '0.51', 'lle': '3.26', 'sei': '25.86'}",,CHEMBL468975,,CHEMBL1186542,5.25,0,http://www.openphacts.org/units/Nanomolar,145231,=,1,1,=,,IC50,nM,,5600.0,CHEMBL203,Homo sapiens,Epidermal growth factor receptor,9606,,,IC50,uM,UO_0000065,,5.6
,Not Determined,625257,[],CHEMBL843058,Inhibition of epidermal growth factor (EGFR) receptor (Not determined),B,,,BAO_0000190,BAO_0000357,single protein format,CCN1c2ccccc2Cc2c(O)ncnc21,,,CHEMBL1128884,Bioorg Med Chem Lett,1995,,,CHEMBL7404,,CHEMBL7404,,0,http://www.openphacts.org/units/Nanomolar,1202,,1,0,,,IC50,nM,,,CHEMBL203,Homo sapiens,Epidermal growth factor receptor,9606,,,IC50,uM,UO_0000065,,
,,625510,[],CHEMBL673450,Inhibition of the tyrosine kinase activity of the human epidermal growth factor receptor (EGFR),B,,,BAO_0000190,BAO_0000357,single protein format,O=[N+]([O-])CCc1c(SSc2[nH]c3ccccc3c2CC[N+](=O)[O-])[nH]c2ccccc12,,,CHEMBL1127622,J Med Chem,1994,"{'bei': '9.15', 'le': '0.18', 'lle': '-1.04', 'sei': '3.44'}",,CHEMBL158119,,CHEMBL158119,4.05,0,http://www.openphacts.org/units/Nanomolar,305915,=,1,1,=,,IC50,nM,,89000.0,CHEMBL203,Homo sapiens,Epidermal growth factor receptor,9606,,,IC50,uM,UO_0000065,,89.0
,,625511,[],CHEMBL673450,Inhibition of the tyrosine kinase activity of the human epidermal growth factor receptor (EGFR),B,,,BAO_0000190,BAO_0000357,single protein format,O=C(CCc1c(SSc2[nH]c3ccccc3c2CCC(=O)Nc2ccccc2)[nH]c2ccccc12)Nc1ccccc1,,,CHEMBL1127622,J Med Chem,1994,"{'bei': '7.79', 'le': '0.15', 'lle': '-3.99', 'sei': '5.13'}",,CHEMBL156797,,CHEMBL156797,4.60,0,http://www.openphacts.org/units/Nanomolar,305918,=,1,1,=,,IC50,nM,,25000.0,CHEMBL203,Homo sapiens,Epidermal growth factor receptor,9606,,,IC50,uM,UO_0000065,,25.0
,,625572,[],CHEMBL677209,In vitro inhibition of the Epidermal growth factor receptor activity in A431 membranes,B,,,BAO_0000190,BAO_0000249,cell membrane format,C=C(CN(C)C)C(=O)c1ccc(OCc2ccccc2)c(O)c1.Cl,,,CHEMBL1128740,J Med Chem,1995,"{'bei': '19.83', 'le': '0.37', 'lle': '2.90', 'sei': '12.40'}",,CHEMBL542887,,CHEMBL1191747,6.17,0,http://www.openphacts.org/units/Nanomolar,145224,=,1,1,=,,IC50,nM,,670.0,CHEMBL203,Homo sapiens,Epidermal growth factor receptor,9606,,,IC50,uM,UO_0000065,,0.67
,,625578,[],CHEMBL677209,In vitro inhibition of the Epidermal growth factor receptor activity in A431 membranes,B,,,BAO_0000190,BAO_0000249,cell membrane format,C=C(CN(C)C)C(=O)c1ccc(OS(=O)(=O)c2ccc(C(=O)N(C)C)cc2)cc1.Cl,,,CHEMBL1128740,J Med Chem,1995,"{'bei': '14.78', 'le': '0.29', 'lle': '3.69', 'sei': '7.33'}",,CHEMBL552634,,CHEMBL1194428,6.16,0,http://www.openphacts.org/units/Nanomolar,145233,=,1,1,=,,IC50,nM,,700.0,CHEMBL203,Homo sapiens,Epidermal growth factor receptor,9606,,,IC50,uM,UO_0000065,,0.7
,Not Determined,626583,[],CHEMBL843058,Inhibition of epidermal growth factor (EGFR) receptor (Not determined),B,,,BAO_0000190,BAO_0000357,single protein format,Oc1[nH]cnc2nc3ccccc3c1-2,,,CHEMBL1128884,Bioorg Med Chem Lett,1995,,,CHEMBL267004,,CHEMBL267004,,0,http://www.openphacts.org/units/Nanomolar,1204,,1,0,,,IC50,nM,,,CHEMBL203,Homo sapiens,Epidermal growth factor receptor,9606,,,IC50,uM,UO_0000065,,
,,626714,[],CHEMBL673450,Inhibition of the tyrosine kinase activity of the human epidermal growth factor receptor (EGFR),B,,,BAO_0000190,BAO_0000357,single protein format,O=C(CCC1C(S)=Nc2ccccc21)NCc1ccccc1,,,CHEMBL1127622,J Med Chem,1994,"{'bei': '12.89', 'le': '0.25', 'lle': '0.16', 'sei': '9.65'}",,CHEMBL154911,,CHEMBL154911,4.00,0,http://www.openphacts.org/units/Nanomolar,305898,=,1,1,=,,IC50,nM,,100000.0,CHEMBL203,Homo sapiens,Epidermal growth factor receptor,9606,,,IC50,uM,UO_0000065,,100.0
,,626777,[],CHEMBL673450,Inhibition of the tyrosine kinase activity of the human epidermal growth factor receptor (EGFR),B,,,BAO_0000190,BAO_0000357,single protein format,N#CCCc1c(SSc2[nH]c3ccccc3c2CCC#N)[nH]c2ccccc12,,,CHEMBL1127622,J Med Chem,1994,"{'bei': '10.75', 'le': '0.21', 'lle': '-2.03', 'sei': '5.47'}",,CHEMBL157304,,CHEMBL157304,4.33,0,http://www.openphacts.org/units/Nanomolar,305921,=,1,1,=,,IC50,nM,,47000.0,CHEMBL203,Homo sapiens,Epidermal growth factor receptor,9606,,,IC50,uM,UO_0000065,,47.0
,,626778,[],CHEMBL673450,Inhibition of the tyrosine kinase activity of the human epidermal growth factor receptor (EGFR),B,,,BAO_0000190,BAO_0000357,single protein format,NC(=O)CCc1c(SSc2[nH]c3ccccc3c2CCC(N)=O)[nH]c2ccccc12,,,CHEMBL1127622,J Med Chem,1994,"{'bei': '10.94', 'le': '0.22', 'lle': '0.52', 'sei': '4.07'}",,CHEMBL157021,,CHEMBL157021,4.80,0,http://www.openphacts.org/units/Nanomolar,305920,=,1,1,=,,IC50,nM,,16000.0,CHEMBL203,Homo sapiens,Epidermal growth factor receptor,9606,,,IC50,uM,UO_0000065,,16.0
,,628127,[],CHEMBL677209,In vitro inhibition of the Epidermal growth factor receptor activity in A431 membranes,B,,,BAO_0000190,BAO_0000249,cell membrane format,CN(C)CCC(=O)c1ccc(OCc2ccccc2)c(O)c1.Cl,,,CHEMBL1128740,J Med Chem,1995,"{'bei': '21.52', 'le': '0.40', 'lle': '3.33', 'sei': '12.95'}",,CHEMBL552860,,CHEMBL1194560,6.44,0,http://www.openphacts.org/units/Nanomolar,145241,=,1,1,=,,IC50,nM,,360.0,CHEMBL203,Homo sapiens,Epidermal growth factor receptor,9606,,,IC50,uM,UO_0000065,,0.36
,,629452,[],CHEMBL673450,Inhibition of the tyrosine kinase activity of the human epidermal growth factor receptor (EGFR),B,,,BAO_0000190,BAO_0000357,single protein format,COC(=O)CCc1c(SSc2[nH]c3ccccc3c2CCC(=O)OC)[nH]c2ccccc12,,,CHEMBL1127622,J Med Chem,1994,"{'bei': '9.98', 'le': '0.20', 'lle': '-0.98', 'sei': '5.56'}",,CHEMBL79808,,CHEMBL79808,4.68,1,http://www.openphacts.org/units/Nanomolar,305914,=,1,1,=,,IC50,nM,,21000.0,CHEMBL203,Homo sapiens,Epidermal growth factor receptor,9606,,,IC50,uM,UO_0000065,,21.0
,,629480,[],CHEMBL677209,In vitro inhibition of the Epidermal growth factor receptor activity in A431 membranes,B,,,BAO_0000190,BAO_0000249,cell membrane format,C=C(CN(C)C)C(=O)c1ccc(OS(=O)(=O)c2ccc(C(=O)O)c(O)c2)cc1,,,CHEMBL1128740,J Med Chem,1995,"{'bei': '15.61', 'le': '0.31', 'lle': '4.17', 'sei': '5.22'}",,CHEMBL310580,,CHEMBL310580,6.33,0,http://www.openphacts.org/units/Nanomolar,145234,=,1,1,=,,IC50,nM,,470.0,CHEMBL203,Homo sapiens,Epidermal growth factor receptor,9606,,,IC50,uM,UO_0000065,,0.47
,,630618,[],CHEMBL673450,Inhibition of the tyrosine kinase activity of the human epidermal growth factor receptor (EGFR),B,,,BAO_0000190,BAO_0000357,single protein format,COC(=O)c1ccc(CNC(=O)CCc2c(SSc3[nH]c4ccccc4c3CCC(=O)NCc3ccc(C(=O)OC)c(O)c3)[nH]c3ccccc23)cc1O,,,CHEMBL1127622,J Med Chem,1994,"{'bei': '5.22', 'le': '0.10', 'lle': '-2.93', 'sei': '2.19'}",,CHEMBL154822,,CHEMBL154822,4.00,0,http://www.openphacts.org/units/Nanomolar,305907,=,1,1,=,,IC50,nM,,100000.0,CHEMBL203,Homo sapiens,Epidermal growth factor receptor,9606,,,IC50,uM,UO_0000065,,100.0
,,631689,[],CHEMBL843057,Inhibition of epidermal growth factor receptor (EGFR),B,,,BAO_0000190,BAO_0000357,single protein format,COc1cc2c(cc1OC)Nc1ncn(C)c(=O)c1C2,Outside typical range,"Values for this activity type are unusually large/small, so may not be accurate",CHEMBL1128884,Bioorg Med Chem Lett,1995,,,CHEMBL6976,,CHEMBL6976,,0,http://www.openphacts.org/units/Nanomolar,1200,=,1,1,=,,IC50,nM,,160000.0,CHEMBL203,Homo sapiens,Epidermal growth factor receptor,9606,,,IC50,uM,UO_0000065,,160.0
,Not Determined,633217,[],CHEMBL676155,Inhibition of Epidermal growth factor receptor tyrosine kinase (Not determined),B,,,BAO_0000190,BAO_0000357,single protein format,COc1ccc2cc(-c3ccncc3)cnc2c1,,,CHEMBL1127615,J Med Chem,1994,,,CHEMBL329622,,CHEMBL329622,,0,http://www.openphacts.org/units/Nanomolar,160807,,1,0,,,IC50,nM,,,CHEMBL203,Homo sapiens,Epidermal growth factor receptor,9606,,,IC50,uM,UO_0000065,,
,,634376,[],CHEMBL677831,"Inhibition of epidermal growth factor receptor (EGFR) phosphorylation of the exogenous substrate poly(Glu6, Ala3,Tyr) (polyGAT)",B,,,BAO_0000190,BAO_0000357,single protein format,N#C/C(=C\c1cc(O)c(O)c(Br)c1)S(=O)(=O)/C(C#N)=C/c1cc(O)c(O)c(Br)c1,,,CHEMBL1129590,J Med Chem,1996,"{'bei': '11.20', 'le': '0.29', 'lle': '2.19', 'sei': '3.73'}",,CHEMBL144791,,CHEMBL144791,6.07,0,http://www.openphacts.org/units/Nanomolar,283215,=,1,1,=,,IC50,nM,,850.0,CHEMBL203,Homo sapiens,Epidermal growth factor receptor,9606,,,IC50,uM,UO_0000065,,0.85
,,634377,[],CHEMBL679672,Inhibitory activity of compound against Epidermal growth factor receptor autophosphorylation,B,,,BAO_0000190,BAO_0000357,single protein format,N#C/C(=C\c1cc(O)c(O)c(Br)c1)S(=O)(=O)/C(C#N)=C/c1cc(O)c(O)c(Br)c1,,,CHEMBL1129590,J Med Chem,1996,"{'bei': '10.80', 'le': '0.28', 'lle': '1.97', 'sei': '3.60'}",,CHEMBL144791,,CHEMBL144791,5.85,0,http://www.openphacts.org/units/Nanomolar,283215,=,1,1,=,,IC50,nM,,1400.0,CHEMBL203,Homo sapiens,Epidermal growth factor receptor,9606,,,IC50,uM,UO_0000065,,1.4
,,634378,[],CHEMBL689298,Antiproliferative activity determined by measuring the ability to block [3H]- thymidine uptake in HER-14 cells stimulated by EGF,F,,,BAO_0000190,BAO_0000219,cell-based format,N#C/C(=C\c1cc(O)c(O)c(Br)c1)S(=O)(=O)/C(C#N)=C/c1cc(O)c(O)c(Br)c1,,,CHEMBL1129590,J Med Chem,1996,,,CHEMBL144791,,CHEMBL144791,4.96,0,http://www.openphacts.org/units/Nanomolar,283215,=,1,1,=,,IC50,nM,,11000.0,CHEMBL203,Homo sapiens,Epidermal growth factor receptor,9606,,,IC50,uM,UO_0000065,,11.0
,,634379,[],CHEMBL677831,"Inhibition of epidermal growth factor receptor (EGFR) phosphorylation of the exogenous substrate poly(Glu6, Ala3,Tyr) (polyGAT)",B,,,BAO_0000190,BAO_0000357,single protein format,N#C/C(=C\c1ccc(O)c(O)c1)C(=O)NCCCCCCCCNC(=O)/C(C#N)=C/c1ccc(O)c(O)c1,,,CHEMBL1129590,J Med Chem,1996,"{'bei': '10.91', 'le': '0.20', 'lle': '2.06', 'sei': '3.03'}",,CHEMBL279138,,CHEMBL279138,5.66,0,http://www.openphacts.org/units/Nanomolar,283214,=,1,1,=,,IC50,nM,,2200.0,CHEMBL203,Homo sapiens,Epidermal growth factor receptor,9606,,,IC50,uM,UO_0000065,,2.2
,,634380,[],CHEMBL679672,Inhibitory activity of compound against Epidermal growth factor receptor autophosphorylation,B,,,BAO_0000190,BAO_0000357,single protein format,N#C/C(=C\c1ccc(O)c(O)c1)C(=O)NCCCCCCCCNC(=O)/C(C#N)=C/c1ccc(O)c(O)c1,,,CHEMBL1129590,J Med Chem,1996,"{'bei': '9.02', 'le': '0.17', 'lle': '1.08', 'sei': '2.51'}",,CHEMBL279138,,CHEMBL279138,4.68,0,http://www.openphacts.org/units/Nanomolar,283214,=,1,1,=,,IC50,nM,,21000.0,CHEMBL203,Homo sapiens,Epidermal growth factor receptor,9606,,,IC50,uM,UO_0000065,,21.0
,,634381,[],CHEMBL689298,Antiproliferative activity determined by measuring the ability to block [3H]- thymidine uptake in HER-14 cells stimulated by EGF,F,,,BAO_0000190,BAO_0000219,cell-based format,N#C/C(=C\c1ccc(O)c(O)c1)C(=O)NCCCCCCCCNC(=O)/C(C#N)=C/c1ccc(O)c(O)c1,,,CHEMBL1129590,J Med Chem,1996,,,CHEMBL279138,,CHEMBL279138,4.62,0,http://www.openphacts.org/units/Nanomolar,283214,=,1,1,=,,IC50,nM,,24000.0,CHEMBL203,Homo sapiens,Epidermal growth factor receptor,9606,,,IC50,uM,UO_0000065,,24.0
,,634382,[],CHEMBL677831,"Inhibition of epidermal growth factor receptor (EGFR) phosphorylation of the exogenous substrate poly(Glu6, Ala3,Tyr) (polyGAT)",B,,,BAO_0000190,BAO_0000357,single protein format,N#C/C(=C\c1ccc(O)c(O)c1)C(=O)NCCCNC(=O)/C(C#N)=C/c1ccc(O)c(O)c1,,,CHEMBL1129590,J Med Chem,1996,"{'bei': '14.27', 'le': '0.26', 'lle': '4.75', 'sei': '3.43'}",,CHEMBL67535,,CHEMBL67535,6.40,0,http://www.openphacts.org/units/Nanomolar,283208,=,1,1,=,,IC50,nM,,400.0,CHEMBL203,Homo sapiens,Epidermal growth factor receptor,9606,,,IC50,uM,UO_0000065,,0.4
,,634383,[],CHEMBL679672,Inhibitory activity of compound against Epidermal growth factor receptor autophosphorylation,B,,,BAO_0000190,BAO_0000357,single protein format,N#C/C(=C\c1ccc(O)c(O)c1)C(=O)NCCCNC(=O)/C(C#N)=C/c1ccc(O)c(O)c1,,,CHEMBL1129590,J Med Chem,1996,"{'bei': '12.22', 'le': '0.23', 'lle': '3.83', 'sei': '2.94'}",,CHEMBL67535,,CHEMBL67535,5.48,0,http://www.openphacts.org/units/Nanomolar,283208,=,1,1,=,,IC50,nM,,3300.0,CHEMBL203,Homo sapiens,Epidermal growth factor receptor,9606,,,IC50,uM,UO_0000065,,3.3
,,634384,[],CHEMBL689298,Antiproliferative activity determined by measuring the ability to block [3H]- thymidine uptake in HER-14 cells stimulated by EGF,F,,,BAO_0000190,BAO_0000219,cell-based format,N#C/C(=C\c1ccc(O)c(O)c1)C(=O)NCCCNC(=O)/C(C#N)=C/c1ccc(O)c(O)c1,,,CHEMBL1129590,J Med Chem,1996,,,CHEMBL67535,,CHEMBL67535,5.52,0,http://www.openphacts.org/units/Nanomolar,283208,=,1,1,=,,IC50,nM,,3000.0,CHEMBL203,Homo sapiens,Epidermal growth factor receptor,9606,,,IC50,uM,UO_0000065,,3.0
,Not Determined,635468,[],CHEMBL677831,"Inhibition of epidermal growth factor receptor (EGFR) phosphorylation of the exogenous substrate poly(Glu6, Ala3,Tyr) (polyGAT)",B,,,BAO_0000190,BAO_0000357,single protein format,N#C/C(=C\c1cc(O)c(O)c([N+](=O)[O-])c1)C(=O)NCCCNC(=O)/C(C#N)=C/c1cc(O)c(O)c([N+](=O)[O-])c1,,,CHEMBL1129590,J Med Chem,1996,,,CHEMBL144632,,CHEMBL144632,,0,http://www.openphacts.org/units/Nanomolar,283194,,1,0,,,IC50,nM,,,CHEMBL203,Homo sapiens,Epidermal growth factor receptor,9606,,,IC50,uM,UO_0000065,,
,,635469,[],CHEMBL679672,Inhibitory activity of compound against Epidermal growth factor receptor autophosphorylation,B,,,BAO_0000190,BAO_0000357,single protein format,N#C/C(=C\c1cc(O)c(O)c([N+](=O)[O-])c1)C(=O)NCCCNC(=O)/C(C#N)=C/c1cc(O)c(O)c([N+](=O)[O-])c1,,,CHEMBL1129590,J Med Chem,1996,,,CHEMBL144632,,CHEMBL144632,,0,http://www.openphacts.org/units/Nanomolar,283194,>,1,1,>,,IC50,nM,,100000.0,CHEMBL203,Homo sapiens,Epidermal growth factor receptor,9606,,,IC50,uM,UO_0000065,,100.0
,,635470,[],CHEMBL689298,Antiproliferative activity determined by measuring the ability to block [3H]- thymidine uptake in HER-14 cells stimulated by EGF,F,,,BAO_0000190,BAO_0000219,cell-based format,N#C/C(=C\c1cc(O)c(O)c([N+](=O)[O-])c1)C(=O)NCCCNC(=O)/C(C#N)=C/c1cc(O)c(O)c([N+](=O)[O-])c1,,,CHEMBL1129590,J Med Chem,1996,,,CHEMBL144632,,CHEMBL144632,4.46,0,http://www.openphacts.org/units/Nanomolar,283194,=,1,1,=,,IC50,nM,,35000.0,CHEMBL203,Homo sapiens,Epidermal growth factor receptor,9606,,,IC50,uM,UO_0000065,,35.0
,,635471,[],CHEMBL677831,"Inhibition of epidermal growth factor receptor (EGFR) phosphorylation of the exogenous substrate poly(Glu6, Ala3,Tyr) (polyGAT)",B,,,BAO_0000190,BAO_0000357,single protein format,N#CC(C#N)=C(N)/C(C#N)=C/c1ccc2[nH]ccc2c1,Outside typical range,"Values for this activity type are unusually large/small, so may not be accurate",CHEMBL1129590,J Med Chem,1996,,,CHEMBL59150,,CHEMBL59150,,1,http://www.openphacts.org/units/Nanomolar,283196,=,1,1,=,,IC50,nM,,820000.0,CHEMBL203,Homo sapiens,Epidermal growth factor receptor,9606,,,IC50,uM,UO_0000065,,820.0
,,635570,[],CHEMBL677831,"Inhibition of epidermal growth factor receptor (EGFR) phosphorylation of the exogenous substrate poly(Glu6, Ala3,Tyr) (polyGAT)",B,,,BAO_0000190,BAO_0000357,single protein format,N#C/C(=C\c1cc(O)c(O)c(Br)c1)C(=O)NCCCNC(=O)/C(C#N)=C/c1cc(O)c(O)c(Br)c1,,,CHEMBL1129590,J Med Chem,1996,"{'bei': '10.67', 'le': '0.25', 'lle': '3.30', 'sei': '3.46'}",,CHEMBL144770,,CHEMBL144770,6.47,0,http://www.openphacts.org/units/Nanomolar,283191,=,1,1,=,,IC50,nM,,340.0,CHEMBL203,Homo sapiens,Epidermal growth factor receptor,9606,,,IC50,uM,UO_0000065,,0.34
,,635571,[],CHEMBL679672,Inhibitory activity of compound against Epidermal growth factor receptor autophosphorylation,B,,,BAO_0000190,BAO_0000357,single protein format,N#C/C(=C\c1cc(O)c(O)c(Br)c1)C(=O)NCCCNC(=O)/C(C#N)=C/c1cc(O)c(O)c(Br)c1,,,CHEMBL1129590,J Med Chem,1996,"{'bei': '8.92', 'le': '0.21', 'lle': '2.24', 'sei': '2.90'}",,CHEMBL144770,,CHEMBL144770,5.41,0,http://www.openphacts.org/units/Nanomolar,283191,=,1,1,=,,IC50,nM,,3900.0,CHEMBL203,Homo sapiens,Epidermal growth factor receptor,9606,,,IC50,uM,UO_0000065,,3.9
,,635572,[],CHEMBL689298,Antiproliferative activity determined by measuring the ability to block [3H]- thymidine uptake in HER-14 cells stimulated by EGF,F,,,BAO_0000190,BAO_0000219,cell-based format,N#C/C(=C\c1cc(O)c(O)c(Br)c1)C(=O)NCCCNC(=O)/C(C#N)=C/c1cc(O)c(O)c(Br)c1,,,CHEMBL1129590,J Med Chem,1996,,,CHEMBL144770,,CHEMBL144770,5.14,0,http://www.openphacts.org/units/Nanomolar,283191,=,1,1,=,,IC50,nM,,7300.0,CHEMBL203,Homo sapiens,Epidermal growth factor receptor,9606,,,IC50,uM,UO_0000065,,7.3
,,639238,[],CHEMBL677831,"Inhibition of epidermal growth factor receptor (EGFR) phosphorylation of the exogenous substrate poly(Glu6, Ala3,Tyr) (polyGAT)",B,,,BAO_0000190,BAO_0000357,single protein format,N#C/C(=C\c1ccc(O)c(O)c1)C(=O)NCc1cccc(CNC(=O)/C(C#N)=C/c2ccc(O)c(O)c2)c1,,,CHEMBL1129590,J Med Chem,1996,"{'bei': '11.35', 'le': '0.21', 'lle': '2.84', 'sei': '3.10'}",,CHEMBL144159,,CHEMBL144159,5.80,0,http://www.openphacts.org/units/Nanomolar,283201,=,1,1,=,,IC50,nM,,1600.0,CHEMBL203,Homo sapiens,Epidermal growth factor receptor,9606,,,IC50,uM,UO_0000065,,1.6
,,639239,[],CHEMBL679672,Inhibitory activity of compound against Epidermal growth factor receptor autophosphorylation,B,,,BAO_0000190,BAO_0000357,single protein format,N#C/C(=C\c1ccc(O)c(O)c1)C(=O)NCc1cccc(CNC(=O)/C(C#N)=C/c2ccc(O)c(O)c2)c1,,,CHEMBL1129590,J Med Chem,1996,"{'bei': '9.77', 'le': '0.18', 'lle': '2.03', 'sei': '2.67'}",,CHEMBL144159,,CHEMBL144159,4.99,0,http://www.openphacts.org/units/Nanomolar,283201,=,1,1,=,,IC50,nM,,10300.0,CHEMBL203,Homo sapiens,Epidermal growth factor receptor,9606,,,IC50,uM,UO_0000065,,10.3
,,639240,[],CHEMBL689298,Antiproliferative activity determined by measuring the ability to block [3H]- thymidine uptake in HER-14 cells stimulated by EGF,F,,,BAO_0000190,BAO_0000219,cell-based format,N#C/C(=C\c1ccc(O)c(O)c1)C(=O)NCc1cccc(CNC(=O)/C(C#N)=C/c2ccc(O)c(O)c2)c1,,,CHEMBL1129590,J Med Chem,1996,,,CHEMBL144159,,CHEMBL144159,5.22,0,http://www.openphacts.org/units/Nanomolar,283201,=,1,1,=,,IC50,nM,,6000.0,CHEMBL203,Homo sapiens,Epidermal growth factor receptor,9606,,,IC50,uM,UO_0000065,,6.0
,,640364,[],CHEMBL677831,"Inhibition of epidermal growth factor receptor (EGFR) phosphorylation of the exogenous substrate poly(Glu6, Ala3,Tyr) (polyGAT)",B,,,BAO_0000190,BAO_0000357,single protein format,N#C/C(=C\c1ccc(O)c(O)c1)C(=O)NCCCCCCNC(=O)/C(C#N)=C/c1ccc(O)c(O)c1,,,CHEMBL1129590,J Med Chem,1996,"{'bei': '12.55', 'le': '0.23', 'lle': '3.33', 'sei': '3.30'}",,CHEMBL144760,,CHEMBL144760,6.16,0,http://www.openphacts.org/units/Nanomolar,283203,=,1,1,=,,IC50,nM,,700.0,CHEMBL203,Homo sapiens,Epidermal growth factor receptor,9606,,,IC50,uM,UO_0000065,,0.7
,,640365,[],CHEMBL679672,Inhibitory activity of compound against Epidermal growth factor receptor autophosphorylation,B,,,BAO_0000190,BAO_0000357,single protein format,N#C/C(=C\c1ccc(O)c(O)c1)C(=O)NCCCCCCNC(=O)/C(C#N)=C/c1ccc(O)c(O)c1,,,CHEMBL1129590,J Med Chem,1996,"{'bei': '10.11', 'le': '0.19', 'lle': '2.14', 'sei': '2.66'}",,CHEMBL144760,,CHEMBL144760,4.96,0,http://www.openphacts.org/units/Nanomolar,283203,=,1,1,=,,IC50,nM,,11000.0,CHEMBL203,Homo sapiens,Epidermal growth factor receptor,9606,,,IC50,uM,UO_0000065,,11.0
,,640366,[],CHEMBL689298,Antiproliferative activity determined by measuring the ability to block [3H]- thymidine uptake in HER-14 cells stimulated by EGF,F,,,BAO_0000190,BAO_0000219,cell-based format,N#C/C(=C\c1ccc(O)c(O)c1)C(=O)NCCCCCCNC(=O)/C(C#N)=C/c1ccc(O)c(O)c1,,,CHEMBL1129590,J Med Chem,1996,,,CHEMBL144760,,CHEMBL144760,5.30,0,http://www.openphacts.org/units/Nanomolar,283203,=,1,1,=,,IC50,nM,,5000.0,CHEMBL203,Homo sapiens,Epidermal growth factor receptor,9606,,,IC50,uM,UO_0000065,,5.0
,,641520,[],CHEMBL675238,Inhibition of EGF receptor,B,,,BAO_0000190,BAO_0000357,single protein format,CN(C)c1cc2c(Nc3ccc4c(cnn4Cc4ccccc4)c3)ncnc2cn1,,,CHEMBL1134080,Bioorg Med Chem Lett,2001,"{'bei': '22.76', 'le': '0.41', 'lle': '4.77', 'sei': '12.54'}",,CHEMBL30432,GW282974X,CHEMBL30432,9.00,0,http://www.openphacts.org/units/Nanomolar,46054,=,1,1,=,,IC50,nM,,1.0,CHEMBL203,Homo sapiens,Epidermal growth factor receptor,9606,,,IC50,uM,UO_0000065,,0.001
,,641530,[],CHEMBL690548,Inhibition of EGF receptor overexpressing HN5 cell proliferation,F,,,BAO_0000190,BAO_0000219,cell-based format,CN(C)c1cc2c(Nc3ccc4c(cnn4Cc4ccccc4)c3)ncnc2cn1,,,CHEMBL1134080,Bioorg Med Chem Lett,2001,,,CHEMBL30432,GW282974X,CHEMBL30432,6.68,0,http://www.openphacts.org/units/Nanomolar,46054,=,1,1,=,,IC50,nM,,210.0,CHEMBL203,Homo sapiens,Epidermal growth factor receptor,9606,,,IC50,uM,UO_0000065,,0.21
,,641694,[],CHEMBL676154,Inhibition of Epidermal growth factor receptor tyrosine kinase,B,,,BAO_0000190,BAO_0000357,single protein format,Oc1cc2cc(-c3ccncc3)cnc2cc1O,,,CHEMBL1127615,J Med Chem,1994,"{'bei': '22.25', 'le': '0.40', 'lle': '2.59', 'sei': '8.00'}",,CHEMBL87084,,CHEMBL87084,5.30,0,http://www.openphacts.org/units/Nanomolar,160809,=,1,1,=,,IC50,nM,,5000.0,CHEMBL203,Homo sapiens,Epidermal growth factor receptor,9606,,,IC50,uM,UO_0000065,,5.0
,Not Determined,645264,[],CHEMBL676155,Inhibition of Epidermal growth factor receptor tyrosine kinase (Not determined),B,,,BAO_0000190,BAO_0000357,single protein format,COc1ccc2ncc(-c3ccncc3)c(C)c2c1,,,CHEMBL1127615,J Med Chem,1994,,,CHEMBL313235,,CHEMBL313235,,0,http://www.openphacts.org/units/Nanomolar,160811,,1,0,,,IC50,nM,,,CHEMBL203,Homo sapiens,Epidermal growth factor receptor,9606,,,IC50,uM,UO_0000065,,
,,645294,[],CHEMBL677831,"Inhibition of epidermal growth factor receptor (EGFR) phosphorylation of the exogenous substrate poly(Glu6, Ala3,Tyr) (polyGAT)",B,,,BAO_0000190,BAO_0000357,single protein format,N#C/C(=C\c1ccc(O)c(O)c1)C(=O)NCCCCNC(=O)/C(C#N)=C/c1ccc(O)c(O)c1,,,CHEMBL1129590,J Med Chem,1996,"{'bei': '13.45', 'le': '0.25', 'lle': '4.18', 'sei': '3.33'}",,CHEMBL144589,,CHEMBL144589,6.22,0,http://www.openphacts.org/units/Nanomolar,283206,=,1,1,=,,IC50,nM,,600.0,CHEMBL203,Homo sapiens,Epidermal growth factor receptor,9606,,,IC50,uM,UO_0000065,,0.6
,,645295,[],CHEMBL679672,Inhibitory activity of compound against Epidermal growth factor receptor autophosphorylation,B,,,BAO_0000190,BAO_0000357,single protein format,N#C/C(=C\c1ccc(O)c(O)c1)C(=O)NCCCCNC(=O)/C(C#N)=C/c1ccc(O)c(O)c1,,,CHEMBL1129590,J Med Chem,1996,"{'bei': '11.60', 'le': '0.22', 'lle': '3.33', 'sei': '2.87'}",,CHEMBL144589,,CHEMBL144589,5.37,0,http://www.openphacts.org/units/Nanomolar,283206,=,1,1,=,,IC50,nM,,4300.0,CHEMBL203,Homo sapiens,Epidermal growth factor receptor,9606,,,IC50,uM,UO_0000065,,4.3
,,645296,[],CHEMBL689298,Antiproliferative activity determined by measuring the ability to block [3H]- thymidine uptake in HER-14 cells stimulated by EGF,F,,,BAO_0000190,BAO_0000219,cell-based format,N#C/C(=C\c1ccc(O)c(O)c1)C(=O)NCCCCNC(=O)/C(C#N)=C/c1ccc(O)c(O)c1,,,CHEMBL1129590,J Med Chem,1996,,,CHEMBL144589,,CHEMBL144589,5.30,0,http://www.openphacts.org/units/Nanomolar,283206,=,1,1,=,,IC50,nM,,5000.0,CHEMBL203,Homo sapiens,Epidermal growth factor receptor,9606,,,IC50,uM,UO_0000065,,5.0
,,645297,[],CHEMBL677831,"Inhibition of epidermal growth factor receptor (EGFR) phosphorylation of the exogenous substrate poly(Glu6, Ala3,Tyr) (polyGAT)",B,,,BAO_0000190,BAO_0000357,single protein format,N#C/C(=C\c1ccc(O)c(O)c1)C(N)=O,,,CHEMBL1129590,J Med Chem,1996,"{'bei': '24.49', 'le': '0.46', 'lle': '4.51', 'sei': '4.66'}",,CHEMBL296407,,CHEMBL296407,5.00,1,http://www.openphacts.org/units/Nanomolar,283198,=,1,1,=,,IC50,nM,,10000.0,CHEMBL203,Homo sapiens,Epidermal growth factor receptor,9606,,,IC50,uM,UO_0000065,,10.0
,,645298,[],CHEMBL679672,Inhibitory activity of compound against Epidermal growth factor receptor autophosphorylation,B,,,BAO_0000190,BAO_0000357,single protein format,N#C/C(=C\c1ccc(O)c(O)c1)C(N)=O,,,CHEMBL1129590,J Med Chem,1996,"{'bei': '26.19', 'le': '0.49', 'lle': '4.86', 'sei': '4.98'}",,CHEMBL296407,,CHEMBL296407,5.35,1,http://www.openphacts.org/units/Nanomolar,283198,=,1,1,=,,IC50,nM,,4500.0,CHEMBL203,Homo sapiens,Epidermal growth factor receptor,9606,,,IC50,uM,UO_0000065,,4.5
,,646400,[],CHEMBL677831,"Inhibition of epidermal growth factor receptor (EGFR) phosphorylation of the exogenous substrate poly(Glu6, Ala3,Tyr) (polyGAT)",B,,,BAO_0000190,BAO_0000357,single protein format,N#C/C(=C\c1ccc(O)c(O)c1)C(=O)c1ccc(O)c(O)c1,,,CHEMBL1129590,J Med Chem,1996,"{'bei': '21.64', 'le': '0.40', 'lle': '4.13', 'sei': '5.28'}",,CHEMBL56393,,CHEMBL56393,6.43,1,http://www.openphacts.org/units/Nanomolar,283197,=,1,1,=,,IC50,nM,,370.0,CHEMBL203,Homo sapiens,Epidermal growth factor receptor,9606,,,IC50,uM,UO_0000065,,0.37
,,646401,[],CHEMBL679672,Inhibitory activity of compound against Epidermal growth factor receptor autophosphorylation,B,,,BAO_0000190,BAO_0000357,single protein format,N#C/C(=C\c1ccc(O)c(O)c1)C(=O)c1ccc(O)c(O)c1,,,CHEMBL1129590,J Med Chem,1996,"{'bei': '17.83', 'le': '0.33', 'lle': '3.00', 'sei': '4.35'}",,CHEMBL56393,,CHEMBL56393,5.30,1,http://www.openphacts.org/units/Nanomolar,283197,=,1,1,=,,IC50,nM,,5000.0,CHEMBL203,Homo sapiens,Epidermal growth factor receptor,9606,,,IC50,uM,UO_0000065,,5.0
,,648855,[],CHEMBL677831,"Inhibition of epidermal growth factor receptor (EGFR) phosphorylation of the exogenous substrate poly(Glu6, Ala3,Tyr) (polyGAT)",B,,,BAO_0000190,BAO_0000357,single protein format,N#C/C(=C\c1ccc(O)c(O)c1)C(=O)NCCCCCCCCCCNC(=O)/C(C#N)=C/c1ccc(O)c(O)c1,,,CHEMBL1129590,J Med Chem,1996,"{'bei': '10.77', 'le': '0.20', 'lle': '1.51', 'sei': '3.15'}",,CHEMBL424302,,CHEMBL424302,5.89,0,http://www.openphacts.org/units/Nanomolar,283202,=,1,1,=,,IC50,nM,,1300.0,CHEMBL203,Homo sapiens,Epidermal growth factor receptor,9606,,,IC50,uM,UO_0000065,,1.3
,,648856,[],CHEMBL679672,Inhibitory activity of compound against Epidermal growth factor receptor autophosphorylation,B,,,BAO_0000190,BAO_0000357,single protein format,N#C/C(=C\c1ccc(O)c(O)c1)C(=O)NCCCCCCCCCCNC(=O)/C(C#N)=C/c1ccc(O)c(O)c1,,,CHEMBL1129590,J Med Chem,1996,,,CHEMBL424302,,CHEMBL424302,,0,http://www.openphacts.org/units/Nanomolar,283202,>,1,1,>,,IC50,nM,,100000.0,CHEMBL203,Homo sapiens,Epidermal growth factor receptor,9606,,,IC50,uM,UO_0000065,,100.0
,,648857,[],CHEMBL689298,Antiproliferative activity determined by measuring the ability to block [3H]- thymidine uptake in HER-14 cells stimulated by EGF,F,,,BAO_0000190,BAO_0000219,cell-based format,N#C/C(=C\c1ccc(O)c(O)c1)C(=O)NCCCCCCCCCCNC(=O)/C(C#N)=C/c1ccc(O)c(O)c1,,,CHEMBL1129590,J Med Chem,1996,,,CHEMBL424302,,CHEMBL424302,4.60,0,http://www.openphacts.org/units/Nanomolar,283202,=,1,1,=,,IC50,nM,,25000.0,CHEMBL203,Homo sapiens,Epidermal growth factor receptor,9606,,,IC50,uM,UO_0000065,,25.0
,,649951,[],CHEMBL677831,"Inhibition of epidermal growth factor receptor (EGFR) phosphorylation of the exogenous substrate poly(Glu6, Ala3,Tyr) (polyGAT)",B,,,BAO_0000190,BAO_0000357,single protein format,N#C/C(=C\c1ccc(O)c(O)c1)S(=O)(=O)/C(C#N)=C/c1ccc(O)c(O)c1,,,CHEMBL1129590,J Med Chem,1996,"{'bei': '16.70', 'le': '0.32', 'lle': '4.07', 'sei': '3.95'}",,CHEMBL356324,,CHEMBL356324,6.42,0,http://www.openphacts.org/units/Nanomolar,283218,=,1,1,=,,IC50,nM,,380.0,CHEMBL203,Homo sapiens,Epidermal growth factor receptor,9606,,,IC50,uM,UO_0000065,,0.38
,,649952,[],CHEMBL679672,Inhibitory activity of compound against Epidermal growth factor receptor autophosphorylation,B,,,BAO_0000190,BAO_0000357,single protein format,N#C/C(=C\c1ccc(O)c(O)c1)S(=O)(=O)/C(C#N)=C/c1ccc(O)c(O)c1,,,CHEMBL1129590,J Med Chem,1996,"{'bei': '12.80', 'le': '0.25', 'lle': '2.57', 'sei': '3.03'}",,CHEMBL356324,,CHEMBL356324,4.92,0,http://www.openphacts.org/units/Nanomolar,283218,=,1,1,=,,IC50,nM,,12000.0,CHEMBL203,Homo sapiens,Epidermal growth factor receptor,9606,,,IC50,uM,UO_0000065,,12.0
,,649953,[],CHEMBL689298,Antiproliferative activity determined by measuring the ability to block [3H]- thymidine uptake in HER-14 cells stimulated by EGF,F,,,BAO_0000190,BAO_0000219,cell-based format,N#C/C(=C\c1ccc(O)c(O)c1)S(=O)(=O)/C(C#N)=C/c1ccc(O)c(O)c1,,,CHEMBL1129590,J Med Chem,1996,,,CHEMBL356324,,CHEMBL356324,5.70,0,http://www.openphacts.org/units/Nanomolar,283218,=,1,1,=,,IC50,nM,,2000.0,CHEMBL203,Homo sapiens,Epidermal growth factor receptor,9606,,,IC50,uM,UO_0000065,,2.0
,,651199,[],CHEMBL677831,"Inhibition of epidermal growth factor receptor (EGFR) phosphorylation of the exogenous substrate poly(Glu6, Ala3,Tyr) (polyGAT)",B,,,BAO_0000190,BAO_0000357,single protein format,N#C/C(=C\c1ccc(O)c(O)c1)C(=O)N1CCN(C(=O)/C(C#N)=C/c2ccc(O)c(O)c2)CC1,,,CHEMBL1129590,J Med Chem,1996,"{'bei': '11.72', 'le': '0.22', 'lle': '3.71', 'sei': '3.19'}",,CHEMBL358494,,CHEMBL358494,5.40,0,http://www.openphacts.org/units/Nanomolar,283213,=,1,1,=,,IC50,nM,,4000.0,CHEMBL203,Homo sapiens,Epidermal growth factor receptor,9606,,,IC50,uM,UO_0000065,,4.0
,,651200,[],CHEMBL679672,Inhibitory activity of compound against Epidermal growth factor receptor autophosphorylation,B,,,BAO_0000190,BAO_0000357,single protein format,N#C/C(=C\c1ccc(O)c(O)c1)C(=O)N1CCN(C(=O)/C(C#N)=C/c2ccc(O)c(O)c2)CC1,,,CHEMBL1129590,J Med Chem,1996,"{'bei': '9.99', 'le': '0.18', 'lle': '2.91', 'sei': '2.72'}",,CHEMBL358494,,CHEMBL358494,4.60,0,http://www.openphacts.org/units/Nanomolar,283213,=,1,1,=,,IC50,nM,,25000.0,CHEMBL203,Homo sapiens,Epidermal growth factor receptor,9606,,,IC50,uM,UO_0000065,,25.0
,,651201,[],CHEMBL689298,Antiproliferative activity determined by measuring the ability to block [3H]- thymidine uptake in HER-14 cells stimulated by EGF,F,,,BAO_0000190,BAO_0000219,cell-based format,N#C/C(=C\c1ccc(O)c(O)c1)C(=O)N1CCN(C(=O)/C(C#N)=C/c2ccc(O)c(O)c2)CC1,,,CHEMBL1129590,J Med Chem,1996,,,CHEMBL358494,,CHEMBL358494,5.00,0,http://www.openphacts.org/units/Nanomolar,283213,=,1,1,=,,IC50,nM,,10000.0,CHEMBL203,Homo sapiens,Epidermal growth factor receptor,9606,,,IC50,uM,UO_0000065,,10.0
,Not Determined,651202,[],CHEMBL677831,"Inhibition of epidermal growth factor receptor (EGFR) phosphorylation of the exogenous substrate poly(Glu6, Ala3,Tyr) (polyGAT)",B,,,BAO_0000190,BAO_0000357,single protein format,N#C/C(=C\c1ccc(O)c(O)c1)C(=O)NC1CCC(CC2CCC(NC(=O)/C(C#N)=C/c3ccc(O)c(O)c3)CC2)CC1,,,CHEMBL1129590,J Med Chem,1996,,,CHEMBL147880,,CHEMBL147880,,0,http://www.openphacts.org/units/Nanomolar,283195,,1,0,,,IC50,nM,,,CHEMBL203,Homo sapiens,Epidermal growth factor receptor,9606,,,IC50,uM,UO_0000065,,
,,651203,[],CHEMBL679672,Inhibitory activity of compound against Epidermal growth factor receptor autophosphorylation,B,,,BAO_0000190,BAO_0000357,single protein format,N#C/C(=C\c1ccc(O)c(O)c1)C(=O)NC1CCC(CC2CCC(NC(=O)/C(C#N)=C/c3ccc(O)c(O)c3)CC2)CC1,,,CHEMBL1129590,J Med Chem,1996,,,CHEMBL147880,,CHEMBL147880,,0,http://www.openphacts.org/units/Nanomolar,283195,>,1,1,>,,IC50,nM,,83000.0,CHEMBL203,Homo sapiens,Epidermal growth factor receptor,9606,,,IC50,uM,UO_0000065,,83.0
,,651204,[],CHEMBL689298,Antiproliferative activity determined by measuring the ability to block [3H]- thymidine uptake in HER-14 cells stimulated by EGF,F,,,BAO_0000190,BAO_0000219,cell-based format,N#C/C(=C\c1ccc(O)c(O)c1)C(=O)NC1CCC(CC2CCC(NC(=O)/C(C#N)=C/c3ccc(O)c(O)c3)CC2)CC1,,,CHEMBL1129590,J Med Chem,1996,,,CHEMBL147880,,CHEMBL147880,4.69,0,http://www.openphacts.org/units/Nanomolar,283195,=,1,1,=,,IC50,nM,,20300.0,CHEMBL203,Homo sapiens,Epidermal growth factor receptor,9606,,,IC50,uM,UO_0000065,,20.3
,Not Determined,651205,[],CHEMBL677831,"Inhibition of epidermal growth factor receptor (EGFR) phosphorylation of the exogenous substrate poly(Glu6, Ala3,Tyr) (polyGAT)",B,,,BAO_0000190,BAO_0000357,single protein format,N#C/C(=C\c1ccc(O)c(O)c1)C(=O)NCCCN1CCN(CCCNC(=O)/C(C#N)=C/c2ccc(O)c(O)c2)CC1,,,CHEMBL1129590,J Med Chem,1996,,,CHEMBL144402,,CHEMBL144402,,0,http://www.openphacts.org/units/Nanomolar,283210,,1,0,,,IC50,nM,,,CHEMBL203,Homo sapiens,Epidermal growth factor receptor,9606,,,IC50,uM,UO_0000065,,
,,651206,[],CHEMBL679672,Inhibitory activity of compound against Epidermal growth factor receptor autophosphorylation,B,,,BAO_0000190,BAO_0000357,single protein format,N#C/C(=C\c1ccc(O)c(O)c1)C(=O)NCCCN1CCN(CCCNC(=O)/C(C#N)=C/c2ccc(O)c(O)c2)CC1,Outside typical range,"Values for this activity type are unusually large/small, so may not be accurate",CHEMBL1129590,J Med Chem,1996,,,CHEMBL144402,,CHEMBL144402,,0,http://www.openphacts.org/units/Nanomolar,283210,>,1,1,>,,IC50,nM,,167000.0,CHEMBL203,Homo sapiens,Epidermal growth factor receptor,9606,,,IC50,uM,UO_0000065,,167.0
,,651207,[],CHEMBL689298,Antiproliferative activity determined by measuring the ability to block [3H]- thymidine uptake in HER-14 cells stimulated by EGF,F,,,BAO_0000190,BAO_0000219,cell-based format,N#C/C(=C\c1ccc(O)c(O)c1)C(=O)NCCCN1CCN(CCCNC(=O)/C(C#N)=C/c2ccc(O)c(O)c2)CC1,,,CHEMBL1129590,J Med Chem,1996,,,CHEMBL144402,,CHEMBL144402,5.16,0,http://www.openphacts.org/units/Nanomolar,283210,=,1,1,=,,IC50,nM,,7000.0,CHEMBL203,Homo sapiens,Epidermal growth factor receptor,9606,,,IC50,uM,UO_0000065,,7.0
,,652428,[],CHEMBL677831,"Inhibition of epidermal growth factor receptor (EGFR) phosphorylation of the exogenous substrate poly(Glu6, Ala3,Tyr) (polyGAT)",B,,,BAO_0000190,BAO_0000357,single protein format,COc1cc(/C=C(\C#N)C(=O)NCCCCNC(=O)/C(C#N)=C/c2cc(OC)c(O)c([N+](=O)[O-])c2)cc([N+](=O)[O-])c1O,Outside typical range,"Values for this activity type are unusually large/small, so may not be accurate",CHEMBL1129590,J Med Chem,1996,,,CHEMBL145266,,CHEMBL145266,,0,http://www.openphacts.org/units/Nanomolar,283216,=,1,1,=,,IC50,nM,,112000.0,CHEMBL203,Homo sapiens,Epidermal growth factor receptor,9606,,,IC50,uM,UO_0000065,,112.0
,,652429,[],CHEMBL679672,Inhibitory activity of compound against Epidermal growth factor receptor autophosphorylation,B,,,BAO_0000190,BAO_0000357,single protein format,COc1cc(/C=C(\C#N)C(=O)NCCCCNC(=O)/C(C#N)=C/c2cc(OC)c(O)c([N+](=O)[O-])c2)cc([N+](=O)[O-])c1O,,,CHEMBL1129590,J Med Chem,1996,"{'bei': '8.13', 'le': '0.15', 'lle': '2.26', 'sei': '1.88'}",,CHEMBL145266,,CHEMBL145266,4.72,0,http://www.openphacts.org/units/Nanomolar,283216,=,1,1,=,,IC50,nM,,19000.0,CHEMBL203,Homo sapiens,Epidermal growth factor receptor,9606,,,IC50,uM,UO_0000065,,19.0
,,652430,[],CHEMBL689298,Antiproliferative activity determined by measuring the ability to block [3H]- thymidine uptake in HER-14 cells stimulated by EGF,F,,,BAO_0000190,BAO_0000219,cell-based format,COc1cc(/C=C(\C#N)C(=O)NCCCCNC(=O)/C(C#N)=C/c2cc(OC)c(O)c([N+](=O)[O-])c2)cc([N+](=O)[O-])c1O,,,CHEMBL1129590,J Med Chem,1996,,,CHEMBL145266,,CHEMBL145266,,0,http://www.openphacts.org/units/Nanomolar,283216,>,1,1,>,,IC50,nM,,80000.0,CHEMBL203,Homo sapiens,Epidermal growth factor receptor,9606,,,IC50,uM,UO_0000065,,80.0
,,653061,[],CHEMBL674028,Inhibition of EGF-receptor autophosphorylation in intact cells,B,,,BAO_0000190,BAO_0000219,cell-based format,COc1cc2c(Oc3ccc(Nc4ccc(C(C)(C)C)cc4)cc3)ccnc2cc1OCCNCCO,,,CHEMBL1146677,Bioorg Med Chem Lett,2004,,,CHEMBL352308,,CHEMBL352308,,0,http://www.openphacts.org/units/Nanomolar,336059,>,1,1,>,,IC50,nM,,10000.0,CHEMBL203,Homo sapiens,Epidermal growth factor receptor,9606,,,IC50,nM,UO_0000065,,10000.0
,Not Determined,653556,[],CHEMBL676155,Inhibition of Epidermal growth factor receptor tyrosine kinase (Not determined),B,,,BAO_0000190,BAO_0000357,single protein format,c1ccc2ncc(-c3ccncc3)cc2c1,,,CHEMBL1127615,J Med Chem,1994,,,CHEMBL89550,,CHEMBL89550,,0,http://www.openphacts.org/units/Nanomolar,160804,,1,0,,,IC50,nM,,,CHEMBL203,Homo sapiens,Epidermal growth factor receptor,9606,,,IC50,uM,UO_0000065,,
,Not Determined,654727,[],CHEMBL676155,Inhibition of Epidermal growth factor receptor tyrosine kinase (Not determined),B,,,BAO_0000190,BAO_0000357,single protein format,COc1ccc2c(C)c(-c3ccncc3)cnc2c1,,,CHEMBL1127615,J Med Chem,1994,,,CHEMBL89115,,CHEMBL89115,,0,http://www.openphacts.org/units/Nanomolar,160810,,1,0,,,IC50,nM,,,CHEMBL203,Homo sapiens,Epidermal growth factor receptor,9606,,,IC50,uM,UO_0000065,,
,Not Determined,654746,[],CHEMBL677831,"Inhibition of epidermal growth factor receptor (EGFR) phosphorylation of the exogenous substrate poly(Glu6, Ala3,Tyr) (polyGAT)",B,,,BAO_0000190,BAO_0000357,single protein format,COc1cc(/C=C(\C#N)C(=O)NCCCCNC(=O)/C(C#N)=C/c2cc(Br)c(O)c(OC)c2)cc(Br)c1O,,,CHEMBL1129590,J Med Chem,1996,,,CHEMBL357400,,CHEMBL357400,,0,http://www.openphacts.org/units/Nanomolar,283212,,1,0,,,IC50,nM,,,CHEMBL203,Homo sapiens,Epidermal growth factor receptor,9606,,,IC50,uM,UO_0000065,,
,,654747,[],CHEMBL679672,Inhibitory activity of compound against Epidermal growth factor receptor autophosphorylation,B,,,BAO_0000190,BAO_0000357,single protein format,COc1cc(/C=C(\C#N)C(=O)NCCCCNC(=O)/C(C#N)=C/c2cc(Br)c(O)c(OC)c2)cc(Br)c1O,Outside typical range,"Values for this activity type are unusually large/small, so may not be accurate",CHEMBL1129590,J Med Chem,1996,,,CHEMBL357400,,CHEMBL357400,,0,http://www.openphacts.org/units/Nanomolar,283212,=,1,1,=,,IC50,nM,,102000.0,CHEMBL203,Homo sapiens,Epidermal growth factor receptor,9606,,,IC50,uM,UO_0000065,,102.0
,,654748,[],CHEMBL689298,Antiproliferative activity determined by measuring the ability to block [3H]- thymidine uptake in HER-14 cells stimulated by EGF,F,,,BAO_0000190,BAO_0000219,cell-based format,COc1cc(/C=C(\C#N)C(=O)NCCCCNC(=O)/C(C#N)=C/c2cc(Br)c(O)c(OC)c2)cc(Br)c1O,,,CHEMBL1129590,J Med Chem,1996,,,CHEMBL357400,,CHEMBL357400,5.52,0,http://www.openphacts.org/units/Nanomolar,283212,=,1,1,=,,IC50,nM,,3000.0,CHEMBL203,Homo sapiens,Epidermal growth factor receptor,9606,,,IC50,uM,UO_0000065,,3.0
,,654749,[],CHEMBL677831,"Inhibition of epidermal growth factor receptor (EGFR) phosphorylation of the exogenous substrate poly(Glu6, Ala3,Tyr) (polyGAT)",B,,,BAO_0000190,BAO_0000357,single protein format,N#C/C(=C\c1cc(O)c(O)c(O)c1)C(=O)NCCCCNC(=O)/C(C#N)=C/c1cc(O)c(O)c(O)c1,,,CHEMBL1129590,J Med Chem,1996,"{'bei': '12.58', 'le': '0.24', 'lle': '4.77', 'sei': '2.74'}",,CHEMBL358746,,CHEMBL358746,6.22,0,http://www.openphacts.org/units/Nanomolar,283205,=,1,1,=,,IC50,nM,,600.0,CHEMBL203,Homo sapiens,Epidermal growth factor receptor,9606,,,IC50,uM,UO_0000065,,0.6
,,654750,[],CHEMBL679672,Inhibitory activity of compound against Epidermal growth factor receptor autophosphorylation,B,,,BAO_0000190,BAO_0000357,single protein format,N#C/C(=C\c1cc(O)c(O)c(O)c1)C(=O)NCCCCNC(=O)/C(C#N)=C/c1cc(O)c(O)c(O)c1,,,CHEMBL1129590,J Med Chem,1996,"{'bei': '9.46', 'le': '0.18', 'lle': '3.23', 'sei': '2.06'}",,CHEMBL358746,,CHEMBL358746,4.68,0,http://www.openphacts.org/units/Nanomolar,283205,=,1,1,=,,IC50,nM,,21000.0,CHEMBL203,Homo sapiens,Epidermal growth factor receptor,9606,,,IC50,uM,UO_0000065,,21.0
,,654751,[],CHEMBL689298,Antiproliferative activity determined by measuring the ability to block [3H]- thymidine uptake in HER-14 cells stimulated by EGF,F,,,BAO_0000190,BAO_0000219,cell-based format,N#C/C(=C\c1cc(O)c(O)c(O)c1)C(=O)NCCCCNC(=O)/C(C#N)=C/c1cc(O)c(O)c(O)c1,,,CHEMBL1129590,J Med Chem,1996,,,CHEMBL358746,,CHEMBL358746,5.30,0,http://www.openphacts.org/units/Nanomolar,283205,=,1,1,=,,IC50,nM,,5000.0,CHEMBL203,Homo sapiens,Epidermal growth factor receptor,9606,,,IC50,uM,UO_0000065,,5.0
,Not Determined,657078,[],CHEMBL676155,Inhibition of Epidermal growth factor receptor tyrosine kinase (Not determined),B,,,BAO_0000190,BAO_0000357,single protein format,COc1ccc2ncc(-c3ccncc3)cc2c1,,,CHEMBL1127615,J Med Chem,1994,,,CHEMBL90780,,CHEMBL90780,,0,http://www.openphacts.org/units/Nanomolar,160805,,1,0,,,IC50,nM,,,CHEMBL203,Homo sapiens,Epidermal growth factor receptor,9606,,,IC50,uM,UO_0000065,,
,,657085,[],CHEMBL676154,Inhibition of Epidermal growth factor receptor tyrosine kinase,B,,,BAO_0000190,BAO_0000357,single protein format,Clc1ccc2cc(-c3ccncc3)cnc2c1,,,CHEMBL1127615,J Med Chem,1994,,,CHEMBL86664,,CHEMBL86664,,0,http://www.openphacts.org/units/Nanomolar,160812,>,1,1,>,,IC50,nM,,10000.0,CHEMBL203,Homo sapiens,Epidermal growth factor receptor,9606,,,IC50,uM,UO_0000065,,10.0
,,658419,[],CHEMBL677831,"Inhibition of epidermal growth factor receptor (EGFR) phosphorylation of the exogenous substrate poly(Glu6, Ala3,Tyr) (polyGAT)",B,,,BAO_0000190,BAO_0000357,single protein format,N#C/C(=C\c1ccc(O)c(O)c1)C(=O)NC1CCCC[C@@H]1NC(=O)/C(C#N)=C/c1ccc(O)c(O)c1,,,CHEMBL1129590,J Med Chem,1996,"{'bei': '11.62', 'le': '0.22', 'lle': '3.11', 'sei': '3.04'}",,CHEMBL144778,,CHEMBL144778,5.68,0,http://www.openphacts.org/units/Nanomolar,283217,=,1,1,=,,IC50,nM,,2100.0,CHEMBL203,Homo sapiens,Epidermal growth factor receptor,9606,,,IC50,uM,UO_0000065,,2.1
,,658420,[],CHEMBL679672,Inhibitory activity of compound against Epidermal growth factor receptor autophosphorylation,B,,,BAO_0000190,BAO_0000357,single protein format,N#C/C(=C\c1ccc(O)c(O)c1)C(=O)NC1CCCC[C@@H]1NC(=O)/C(C#N)=C/c1ccc(O)c(O)c1,,,CHEMBL1129590,J Med Chem,1996,"{'bei': '9.97', 'le': '0.18', 'lle': '2.30', 'sei': '2.61'}",,CHEMBL144778,,CHEMBL144778,4.87,0,http://www.openphacts.org/units/Nanomolar,283217,=,1,1,=,,IC50,nM,,13500.0,CHEMBL203,Homo sapiens,Epidermal growth factor receptor,9606,,,IC50,uM,UO_0000065,,13.5
,,658421,[],CHEMBL689298,Antiproliferative activity determined by measuring the ability to block [3H]- thymidine uptake in HER-14 cells stimulated by EGF,F,,,BAO_0000190,BAO_0000219,cell-based format,N#C/C(=C\c1ccc(O)c(O)c1)C(=O)NC1CCCC[C@@H]1NC(=O)/C(C#N)=C/c1ccc(O)c(O)c1,,,CHEMBL1129590,J Med Chem,1996,,,CHEMBL144778,,CHEMBL144778,5.40,0,http://www.openphacts.org/units/Nanomolar,283217,=,1,1,=,,IC50,nM,,4000.0,CHEMBL203,Homo sapiens,Epidermal growth factor receptor,9606,,,IC50,uM,UO_0000065,,4.0
,,658422,[],CHEMBL677831,"Inhibition of epidermal growth factor receptor (EGFR) phosphorylation of the exogenous substrate poly(Glu6, Ala3,Tyr) (polyGAT)",B,,,BAO_0000190,BAO_0000357,single protein format,N#C/C(=C\c1ccc(O)c(O)c1)C(=O)NCCNC(=O)/C(C#N)=C/c1ccc(O)c(O)c1,,,CHEMBL1129590,J Med Chem,1996,"{'bei': '14.50', 'le': '0.27', 'lle': '5.04', 'sei': '3.37'}",,CHEMBL144908,,CHEMBL144908,6.30,0,http://www.openphacts.org/units/Nanomolar,283207,=,1,1,=,,IC50,nM,,500.0,CHEMBL203,Homo sapiens,Epidermal growth factor receptor,9606,,,IC50,uM,UO_0000065,,0.5
,,658423,[],CHEMBL679672,Inhibitory activity of compound against Epidermal growth factor receptor autophosphorylation,B,,,BAO_0000190,BAO_0000357,single protein format,N#C/C(=C\c1ccc(O)c(O)c1)C(=O)NCCNC(=O)/C(C#N)=C/c1ccc(O)c(O)c1,Outside typical range,"Values for this activity type are unusually large/small, so may not be accurate",CHEMBL1129590,J Med Chem,1996,,,CHEMBL144908,,CHEMBL144908,,0,http://www.openphacts.org/units/Nanomolar,283207,=,1,1,=,,IC50,nM,,113000.0,CHEMBL203,Homo sapiens,Epidermal growth factor receptor,9606,,,IC50,uM,UO_0000065,,113.0
,,658424,[],CHEMBL689298,Antiproliferative activity determined by measuring the ability to block [3H]- thymidine uptake in HER-14 cells stimulated by EGF,F,,,BAO_0000190,BAO_0000219,cell-based format,N#C/C(=C\c1ccc(O)c(O)c1)C(=O)NCCNC(=O)/C(C#N)=C/c1ccc(O)c(O)c1,,,CHEMBL1129590,J Med Chem,1996,,,CHEMBL144908,,CHEMBL144908,5.00,0,http://www.openphacts.org/units/Nanomolar,283207,=,1,1,=,,IC50,nM,,10000.0,CHEMBL203,Homo sapiens,Epidermal growth factor receptor,9606,,,IC50,uM,UO_0000065,,10.0
,,660828,[],CHEMBL677831,"Inhibition of epidermal growth factor receptor (EGFR) phosphorylation of the exogenous substrate poly(Glu6, Ala3,Tyr) (polyGAT)",B,,,BAO_0000190,BAO_0000357,single protein format,COc1cc(/C=C(\C#N)S(=O)(=O)/C(C#N)=C/c2cc(O)c(O)c(OC)c2)cc(O)c1O,,,CHEMBL1129590,J Med Chem,1996,"{'bei': '13.56', 'le': '0.27', 'lle': '3.66', 'sei': '3.33'}",,CHEMBL342792,,CHEMBL342792,6.03,0,http://www.openphacts.org/units/Nanomolar,283209,=,1,1,=,,IC50,nM,,940.0,CHEMBL203,Homo sapiens,Epidermal growth factor receptor,9606,,,IC50,uM,UO_0000065,,0.94
,,660829,[],CHEMBL679672,Inhibitory activity of compound against Epidermal growth factor receptor autophosphorylation,B,,,BAO_0000190,BAO_0000357,single protein format,COc1cc(/C=C(\C#N)S(=O)(=O)/C(C#N)=C/c2cc(O)c(O)c(OC)c2)cc(O)c1O,,,CHEMBL1129590,J Med Chem,1996,,,CHEMBL342792,,CHEMBL342792,,0,http://www.openphacts.org/units/Nanomolar,283209,>,1,1,>,,IC50,nM,,75000.0,CHEMBL203,Homo sapiens,Epidermal growth factor receptor,9606,,,IC50,uM,UO_0000065,,75.0
,,660830,[],CHEMBL689298,Antiproliferative activity determined by measuring the ability to block [3H]- thymidine uptake in HER-14 cells stimulated by EGF,F,,,BAO_0000190,BAO_0000219,cell-based format,COc1cc(/C=C(\C#N)S(=O)(=O)/C(C#N)=C/c2cc(O)c(O)c(OC)c2)cc(O)c1O,,,CHEMBL1129590,J Med Chem,1996,,,CHEMBL342792,,CHEMBL342792,5.40,0,http://www.openphacts.org/units/Nanomolar,283209,=,1,1,=,,IC50,nM,,4000.0,CHEMBL203,Homo sapiens,Epidermal growth factor receptor,9606,,,IC50,uM,UO_0000065,,4.0
,,660831,[],CHEMBL677831,"Inhibition of epidermal growth factor receptor (EGFR) phosphorylation of the exogenous substrate poly(Glu6, Ala3,Tyr) (polyGAT)",B,,,BAO_0000190,BAO_0000357,single protein format,N#CC(C#N)=Cc1ccc(O)c(O)c1,,,CHEMBL1129590,J Med Chem,1996,"{'bei': '23.93', 'le': '0.43', 'lle': '2.93', 'sei': '5.06'}",,CHEMBL76904,TYRPHOSTIN 23,CHEMBL76904,4.46,1,http://www.openphacts.org/units/Nanomolar,283199,=,1,1,=,,IC50,nM,,35000.0,CHEMBL203,Homo sapiens,Epidermal growth factor receptor,9606,,,IC50,uM,UO_0000065,,35.0
,Not Determined,660832,[],CHEMBL679673,Inhibition of compound Epidermal growth factor receptor autophosphorylation (no data),B,,,BAO_0000190,BAO_0000357,single protein format,N#CC(C#N)=Cc1ccc(O)c(O)c1,,,CHEMBL1129590,J Med Chem,1996,,,CHEMBL76904,TYRPHOSTIN 23,CHEMBL76904,,0,http://www.openphacts.org/units/Nanomolar,283199,,1,0,,,IC50,nM,,,CHEMBL203,Homo sapiens,Epidermal growth factor receptor,9606,,,IC50,uM,UO_0000065,,
,,663329,[],CHEMBL676154,Inhibition of Epidermal growth factor receptor tyrosine kinase,B,,,BAO_0000190,BAO_0000357,single protein format,COc1cc(OC)c2cc(-c3ccncc3)cnc2c1,,,CHEMBL1127615,J Med Chem,1994,,,CHEMBL68423,,CHEMBL68423,,0,http://www.openphacts.org/units/Nanomolar,160815,>,1,1,>,,IC50,nM,,10000.0,CHEMBL203,Homo sapiens,Epidermal growth factor receptor,9606,,,IC50,uM,UO_0000065,,10.0
,Not Determined,663338,[],CHEMBL676155,Inhibition of Epidermal growth factor receptor tyrosine kinase (Not determined),B,,,BAO_0000190,BAO_0000357,single protein format,COc1cc2ncc(-c3ccncc3)cc2c(OC)c1OC,,,CHEMBL1127615,J Med Chem,1994,,,CHEMBL86717,,CHEMBL86717,,0,http://www.openphacts.org/units/Nanomolar,160813,,1,0,,,IC50,nM,,,CHEMBL203,Homo sapiens,Epidermal growth factor receptor,9606,,,IC50,uM,UO_0000065,,
,Not Determined,664682,[],CHEMBL676155,Inhibition of Epidermal growth factor receptor tyrosine kinase (Not determined),B,,,BAO_0000190,BAO_0000357,single protein format,Oc1cc(O)c2cc(-c3ccncc3)cnc2c1,,,CHEMBL1127615,J Med Chem,1994,,,CHEMBL87083,,CHEMBL87083,,0,http://www.openphacts.org/units/Nanomolar,160808,,1,0,,,IC50,nM,,,CHEMBL203,Homo sapiens,Epidermal growth factor receptor,9606,,,IC50,uM,UO_0000065,,
,,664702,[],CHEMBL677831,"Inhibition of epidermal growth factor receptor (EGFR) phosphorylation of the exogenous substrate poly(Glu6, Ala3,Tyr) (polyGAT)",B,,,BAO_0000190,BAO_0000357,single protein format,N#C/C(=C\c1ccc(O)c(O)c1)C(=O)NCCCCCNC(=O)/C(C#N)=C/c1ccc(O)c(O)c1,,,CHEMBL1129590,J Med Chem,1996,"{'bei': '12.92', 'le': '0.24', 'lle': '3.72', 'sei': '3.30'}",,CHEMBL144842,,CHEMBL144842,6.16,0,http://www.openphacts.org/units/Nanomolar,283204,=,1,1,=,,IC50,nM,,700.0,CHEMBL203,Homo sapiens,Epidermal growth factor receptor,9606,,,IC50,uM,UO_0000065,,0.7
,,664703,[],CHEMBL679672,Inhibitory activity of compound against Epidermal growth factor receptor autophosphorylation,B,,,BAO_0000190,BAO_0000357,single protein format,N#C/C(=C\c1ccc(O)c(O)c1)C(=O)NCCCCCNC(=O)/C(C#N)=C/c1ccc(O)c(O)c1,,,CHEMBL1129590,J Med Chem,1996,"{'bei': '9.86', 'le': '0.18', 'lle': '2.27', 'sei': '2.52'}",,CHEMBL144842,,CHEMBL144842,4.70,0,http://www.openphacts.org/units/Nanomolar,283204,=,1,1,=,,IC50,nM,,20000.0,CHEMBL203,Homo sapiens,Epidermal growth factor receptor,9606,,,IC50,uM,UO_0000065,,20.0
,,664704,[],CHEMBL689298,Antiproliferative activity determined by measuring the ability to block [3H]- thymidine uptake in HER-14 cells stimulated by EGF,F,,,BAO_0000190,BAO_0000219,cell-based format,N#C/C(=C\c1ccc(O)c(O)c1)C(=O)NCCCCCNC(=O)/C(C#N)=C/c1ccc(O)c(O)c1,,,CHEMBL1129590,J Med Chem,1996,,,CHEMBL144842,,CHEMBL144842,5.05,0,http://www.openphacts.org/units/Nanomolar,283204,=,1,1,=,,IC50,nM,,9000.0,CHEMBL203,Homo sapiens,Epidermal growth factor receptor,9606,,,IC50,uM,UO_0000065,,9.0
,,665937,[],CHEMBL676154,Inhibition of Epidermal growth factor receptor tyrosine kinase,B,,,BAO_0000190,BAO_0000357,single protein format,COc1cc2cc(-c3ccncc3)cnc2cc1OC,,,CHEMBL1127615,J Med Chem,1994,,,CHEMBL280069,,CHEMBL280069,,0,http://www.openphacts.org/units/Nanomolar,160814,>,1,1,>,,IC50,nM,,10000.0,CHEMBL203,Homo sapiens,Epidermal growth factor receptor,9606,,,IC50,uM,UO_0000065,,10.0
,,667168,[],CHEMBL677831,"Inhibition of epidermal growth factor receptor (EGFR) phosphorylation of the exogenous substrate poly(Glu6, Ala3,Tyr) (polyGAT)",B,,,BAO_0000190,BAO_0000357,single protein format,N#C/C(=C\c1ccc2[nH]ccc2c1)C(=O)NCCCNC(=O)/C(C#N)=C/c1ccc2[nH]ccc2c1,,,CHEMBL1129590,J Med Chem,1996,,,CHEMBL143108,,CHEMBL143108,,0,http://www.openphacts.org/units/Nanomolar,283192,>,1,1,>,,IC50,nM,,100000.0,CHEMBL203,Homo sapiens,Epidermal growth factor receptor,9606,,,IC50,uM,UO_0000065,,100.0
,,667169,[],CHEMBL679672,Inhibitory activity of compound against Epidermal growth factor receptor autophosphorylation,B,,,BAO_0000190,BAO_0000357,single protein format,N#C/C(=C\c1ccc2[nH]ccc2c1)C(=O)NCCCNC(=O)/C(C#N)=C/c1ccc2[nH]ccc2c1,,,CHEMBL1129590,J Med Chem,1996,,,CHEMBL143108,,CHEMBL143108,,0,http://www.openphacts.org/units/Nanomolar,283192,>,1,1,>,,IC50,nM,,100000.0,CHEMBL203,Homo sapiens,Epidermal growth factor receptor,9606,,,IC50,uM,UO_0000065,,100.0
,,667170,[],CHEMBL689298,Antiproliferative activity determined by measuring the ability to block [3H]- thymidine uptake in HER-14 cells stimulated by EGF,F,,,BAO_0000190,BAO_0000219,cell-based format,N#C/C(=C\c1ccc2[nH]ccc2c1)C(=O)NCCCNC(=O)/C(C#N)=C/c1ccc2[nH]ccc2c1,,,CHEMBL1129590,J Med Chem,1996,,,CHEMBL143108,,CHEMBL143108,,0,http://www.openphacts.org/units/Nanomolar,283192,>,1,1,>,,IC50,nM,,100000.0,CHEMBL203,Homo sapiens,Epidermal growth factor receptor,9606,,,IC50,uM,UO_0000065,,100.0
,,667171,[],CHEMBL677831,"Inhibition of epidermal growth factor receptor (EGFR) phosphorylation of the exogenous substrate poly(Glu6, Ala3,Tyr) (polyGAT)",B,,,BAO_0000190,BAO_0000357,single protein format,N#C/C(=C\c1ccc(O)c(O)c1)C(=O)NCCN1CCN(C(=O)/C(C#N)=C/c2ccc(O)c(O)c2)CC1,,,CHEMBL1129590,J Med Chem,1996,"{'bei': '11.24', 'le': '0.21', 'lle': '4.38', 'sei': '3.12'}",,CHEMBL343887,,CHEMBL343887,5.66,0,http://www.openphacts.org/units/Nanomolar,283193,=,1,1,=,,IC50,nM,,2200.0,CHEMBL203,Homo sapiens,Epidermal growth factor receptor,9606,,,IC50,uM,UO_0000065,,2.2
,,667172,[],CHEMBL679672,Inhibitory activity of compound against Epidermal growth factor receptor autophosphorylation,B,,,BAO_0000190,BAO_0000357,single protein format,N#C/C(=C\c1ccc(O)c(O)c1)C(=O)NCCN1CCN(C(=O)/C(C#N)=C/c2ccc(O)c(O)c2)CC1,,,CHEMBL1129590,J Med Chem,1996,"{'bei': '9.93', 'le': '0.18', 'lle': '3.72', 'sei': '2.76'}",,CHEMBL343887,,CHEMBL343887,5.00,0,http://www.openphacts.org/units/Nanomolar,283193,=,1,1,=,,IC50,nM,,10000.0,CHEMBL203,Homo sapiens,Epidermal growth factor receptor,9606,,,IC50,uM,UO_0000065,,10.0
,,667173,[],CHEMBL689298,Antiproliferative activity determined by measuring the ability to block [3H]- thymidine uptake in HER-14 cells stimulated by EGF,F,,,BAO_0000190,BAO_0000219,cell-based format,N#C/C(=C\c1ccc(O)c(O)c1)C(=O)NCCN1CCN(C(=O)/C(C#N)=C/c2ccc(O)c(O)c2)CC1,,,CHEMBL1129590,J Med Chem,1996,,,CHEMBL343887,,CHEMBL343887,5.21,0,http://www.openphacts.org/units/Nanomolar,283193,=,1,1,=,,IC50,nM,,6200.0,CHEMBL203,Homo sapiens,Epidermal growth factor receptor,9606,,,IC50,uM,UO_0000065,,6.2
,,667174,[],CHEMBL677831,"Inhibition of epidermal growth factor receptor (EGFR) phosphorylation of the exogenous substrate poly(Glu6, Ala3,Tyr) (polyGAT)",B,,,BAO_0000190,BAO_0000357,single protein format,N#C/C(=C\c1ccc(O)c(O)c1)C(=O)NCC1CCCC(CNC(=O)/C(C#N)=C/c2ccc(O)c(O)c2)C1,,,CHEMBL1129590,J Med Chem,1996,"{'bei': '11.12', 'le': '0.21', 'lle': '2.68', 'sei': '3.08'}",,CHEMBL357161,,CHEMBL357161,5.75,0,http://www.openphacts.org/units/Nanomolar,283200,=,1,1,=,,IC50,nM,,1800.0,CHEMBL203,Homo sapiens,Epidermal growth factor receptor,9606,,,IC50,uM,UO_0000065,,1.8
,,667175,[],CHEMBL679672,Inhibitory activity of compound against Epidermal growth factor receptor autophosphorylation,B,,,BAO_0000190,BAO_0000357,single protein format,N#C/C(=C\c1ccc(O)c(O)c1)C(=O)NCC1CCCC(CNC(=O)/C(C#N)=C/c2ccc(O)c(O)c2)C1,,,CHEMBL1129590,J Med Chem,1996,,,CHEMBL357161,,CHEMBL357161,,0,http://www.openphacts.org/units/Nanomolar,283200,>,1,1,>,,IC50,nM,,100000.0,CHEMBL203,Homo sapiens,Epidermal growth factor receptor,9606,,,IC50,uM,UO_0000065,,100.0
,,667176,[],CHEMBL856172,Antiproliferative activity determined by measuring the ability to block [3H]- thymidine uptake in HER-14 cells stimulated by EGF,F,,,BAO_0000190,BAO_0000219,cell-based format,N#C/C(=C\c1ccc(O)c(O)c1)C(=O)NCC1CCCC(CNC(=O)/C(C#N)=C/c2ccc(O)c(O)c2)C1,,,CHEMBL1129590,J Med Chem,1996,,,CHEMBL357161,,CHEMBL357161,4.90,0,http://www.openphacts.org/units/Nanomolar,283200,=,1,1,=,,IC50,nM,,12500.0,CHEMBL203,Homo sapiens,Epidermal growth factor receptor,9606,,,IC50,uM,UO_0000065,,12.5
,Not Determined,668492,[],CHEMBL676155,Inhibition of Epidermal growth factor receptor tyrosine kinase (Not determined),B,,,BAO_0000190,BAO_0000357,single protein format,Oc1ccc2cc(-c3ccncc3)cnc2c1,,,CHEMBL1127615,J Med Chem,1994,,,CHEMBL314811,,CHEMBL314811,,0,http://www.openphacts.org/units/Nanomolar,160806,,1,0,,,IC50,nM,,,CHEMBL203,Homo sapiens,Epidermal growth factor receptor,9606,,,IC50,uM,UO_0000065,,
,Not Determined,671031,[],CHEMBL677831,"Inhibition of epidermal growth factor receptor (EGFR) phosphorylation of the exogenous substrate poly(Glu6, Ala3,Tyr) (polyGAT)",B,,,BAO_0000190,BAO_0000357,single protein format,N#C/C(=C\c1ccc(O)c(O)c1)C(=O)NCN1CCN(C(=O)/C(C#N)=C/c2ccc(O)c(O)c2)CC1,,,CHEMBL1129590,J Med Chem,1996,,,CHEMBL145209,,CHEMBL145209,,0,http://www.openphacts.org/units/Nanomolar,283211,,1,0,,,IC50,nM,,,CHEMBL203,Homo sapiens,Epidermal growth factor receptor,9606,,,IC50,uM,UO_0000065,,
,,671032,[],CHEMBL679672,Inhibitory activity of compound against Epidermal growth factor receptor autophosphorylation,B,,,BAO_0000190,BAO_0000357,single protein format,N#C/C(=C\c1ccc(O)c(O)c1)C(=O)NCN1CCN(C(=O)/C(C#N)=C/c2ccc(O)c(O)c2)CC1,,,CHEMBL1129590,J Med Chem,1996,,,CHEMBL145209,,CHEMBL145209,,0,http://www.openphacts.org/units/Nanomolar,283211,>,1,1,>,,IC50,nM,,83000.0,CHEMBL203,Homo sapiens,Epidermal growth factor receptor,9606,,,IC50,uM,UO_0000065,,83.0
,,671033,[],CHEMBL689298,Antiproliferative activity determined by measuring the ability to block [3H]- thymidine uptake in HER-14 cells stimulated by EGF,F,,,BAO_0000190,BAO_0000219,cell-based format,N#C/C(=C\c1ccc(O)c(O)c1)C(=O)NCN1CCN(C(=O)/C(C#N)=C/c2ccc(O)c(O)c2)CC1,,,CHEMBL1129590,J Med Chem,1996,,,CHEMBL145209,,CHEMBL145209,5.24,0,http://www.openphacts.org/units/Nanomolar,283211,=,1,1,=,,IC50,nM,,5800.0,CHEMBL203,Homo sapiens,Epidermal growth factor receptor,9606,,,IC50,uM,UO_0000065,,5.8
,Not Determined,672814,[],CHEMBL674691,Inhibition of epidermal growth factor receptor (not determined),B,,,BAO_0000190,BAO_0000357,single protein format,CCCNC(=O)c1cc2ncnc(Nc3ccc4[nH]ccc4c3)c2s1,,,CHEMBL1146693,Bioorg Med Chem Lett,2004,,,CHEMBL421329,,CHEMBL421329,,0,http://www.openphacts.org/units/Nanomolar,141197,,1,0,,,IC50,nM,,,CHEMBL203,Homo sapiens,Epidermal growth factor receptor,9606,,,IC50,uM,UO_0000065,,
,,672816,[],CHEMBL674107,Inhibitory activity against epidermal growth factor receptor,B,,,BAO_0000190,BAO_0000357,single protein format,c1ccc(-c2cc3ncnc(Nc4ccc5[nH]ccc5c4)c3s2)cc1,,,CHEMBL1146693,Bioorg Med Chem Lett,2004,"{'bei': '20.93', 'le': '0.39', 'lle': '1.59', 'sei': '13.37'}",,CHEMBL76432,,CHEMBL76432,7.17,0,http://www.openphacts.org/units/Nanomolar,141195,=,1,1,=,,IC50,nM,,68.0,CHEMBL203,Homo sapiens,Epidermal growth factor receptor,9606,,,IC50,uM,UO_0000065,,0.068
,,674226,[],CHEMBL674107,Inhibitory activity against epidermal growth factor receptor,B,,,BAO_0000190,BAO_0000357,single protein format,c1ccc(CCCN(c2cc3ncnc(Nc4ccc5[nH]ccc5c4)c3s2)n2ccnc2)cc1,,,CHEMBL1146693,Bioorg Med Chem Lett,2004,"{'bei': '17.83', 'le': '0.33', 'lle': '2.28', 'sei': '11.12'}",,CHEMBL312818,,CHEMBL312818,8.30,0,http://www.openphacts.org/units/Nanomolar,141191,=,1,1,=,,IC50,nM,,5.0,CHEMBL203,Homo sapiens,Epidermal growth factor receptor,9606,,,IC50,uM,UO_0000065,,0.005
,,674229,[],CHEMBL674107,Inhibitory activity against epidermal growth factor receptor,B,,,BAO_0000190,BAO_0000357,single protein format,Cc1cc2cc(Nc3ccnc4cc(-c5ccc(CN6CCOCC6)cc5)sc34)ccc2[nH]1,,,CHEMBL1146693,Bioorg Med Chem Lett,2004,"{'bei': '12.99', 'le': '0.24', 'lle': '-0.43', 'sei': '11.10'}",,CHEMBL311111,,CHEMBL311111,5.90,0,http://www.openphacts.org/units/Nanomolar,141187,=,1,1,=,,IC50,nM,,1250.0,CHEMBL203,Homo sapiens,Epidermal growth factor receptor,9606,,,IC50,uM,UO_0000065,,1.25
,,675130,[],CHEMBL674104,Inhibition of Epidermal growth factor receptor autophosphorylation,B,,,BAO_0000190,BAO_0000357,single protein format,N#C/C(=C\c1ccc(O)c(O)c1)C(=O)NCCCc1ccccc1,,,CHEMBL1132364,J Med Chem,1999,"{'bei': '19.09', 'le': '0.35', 'lle': '3.40', 'sei': '6.59'}",,CHEMBL53898,,CHEMBL53898,6.16,1,http://www.openphacts.org/units/Nanomolar,217861,=,1,1,=,,IC50,nM,,700.0,CHEMBL203,Homo sapiens,Epidermal growth factor receptor,9606,,,IC50,uM,UO_0000065,,0.7
,,675221,[],CHEMBL674103,Inhibition of Epidermal growth factor receptor,B,,,BAO_0000190,BAO_0000357,single protein format,COC1=CC(=O)C=C(/C=C2\CCCC3CCCCC23)C1=O,,,CHEMBL1145828,J Med Chem,2003,,,CHEMBL98934,,CHEMBL98934,,0,http://www.openphacts.org/units/Nanomolar,184697,>,1,1,>,,IC50,nM,,100000.0,CHEMBL203,Homo sapiens,Epidermal growth factor receptor,9606,,,IC50,uM,UO_0000065,,100.0
,,675593,[],CHEMBL674107,Inhibitory activity against epidermal growth factor receptor,B,,,BAO_0000190,BAO_0000357,single protein format,c1cc(Nc2ccc3[nH]ccc3c2)c2sc(-c3ccc(CNCCN4CCNCC4)cc3)cc2n1,,,CHEMBL1146693,Bioorg Med Chem Lett,2004,"{'bei': '17.66', 'le': '0.33', 'lle': '3.34', 'sei': '12.53'}",,CHEMBL80540,,CHEMBL80540,8.52,0,http://www.openphacts.org/units/Nanomolar,141185,=,1,1,=,,IC50,nM,,3.0,CHEMBL203,Homo sapiens,Epidermal growth factor receptor,9606,,,IC50,uM,UO_0000065,,0.003
,,678269,[],CHEMBL674107,Inhibitory activity against epidermal growth factor receptor,B,,,BAO_0000190,BAO_0000357,single protein format,OCc1ccc(-c2cc3ncnc(Nc4ccc5[nH]ccc5c4)c3s2)cc1,,,CHEMBL1146693,Bioorg Med Chem Lett,2004,"{'bei': '24.16', 'le': '0.46', 'lle': '3.92', 'sei': '12.19'}",,CHEMBL312753,,CHEMBL312753,9.00,0,http://www.openphacts.org/units/Nanomolar,141213,=,1,1,=,,IC50,nM,,1.0,CHEMBL203,Homo sapiens,Epidermal growth factor receptor,9606,,,IC50,uM,UO_0000065,,0.001
,,678271,[],CHEMBL674107,Inhibitory activity against epidermal growth factor receptor,B,,,BAO_0000190,BAO_0000357,single protein format,CC(=O)NCCNCc1ccc(-c2cc3ncnc(Nc4ccc5[nH]ccc5c4)c3s2)cc1,,,CHEMBL1146693,Bioorg Med Chem Lett,2004,"{'bei': '18.18', 'le': '0.34', 'lle': '3.49', 'sei': '8.76'}",,CHEMBL80809,,CHEMBL80809,8.30,0,http://www.openphacts.org/units/Nanomolar,141193,=,1,1,=,,IC50,nM,,5.0,CHEMBL203,Homo sapiens,Epidermal growth factor receptor,9606,,,IC50,uM,UO_0000065,,0.005
,Not Determined,679310,[],CHEMBL674691,Inhibition of epidermal growth factor receptor (not determined),B,,,BAO_0000190,BAO_0000357,single protein format,CNc1ccc(Nc2ncnc3cc(-c4ccccc4)sc23)cc1,,,CHEMBL1146693,Bioorg Med Chem Lett,2004,,,CHEMBL312678,,CHEMBL312678,,0,http://www.openphacts.org/units/Nanomolar,141176,,1,0,,,IC50,nM,,,CHEMBL203,Homo sapiens,Epidermal growth factor receptor,9606,,,IC50,uM,UO_0000065,,
,Not Determined,680621,[],CHEMBL674691,Inhibition of epidermal growth factor receptor (not determined),B,,,BAO_0000190,BAO_0000357,single protein format,Nc1ncnc2cc(-c3ccccc3)sc12,,,CHEMBL1146693,Bioorg Med Chem Lett,2004,,,CHEMBL311108,,CHEMBL311108,,0,http://www.openphacts.org/units/Nanomolar,141175,,1,0,,,IC50,nM,,,CHEMBL203,Homo sapiens,Epidermal growth factor receptor,9606,,,IC50,uM,UO_0000065,,
,,680623,[],CHEMBL674107,Inhibitory activity against epidermal growth factor receptor,B,,,BAO_0000190,BAO_0000357,single protein format,c1ccc(CCCN(c2cc3ncnc(Nc4ccc5[nH]ccc5c4)c3s2)n2ccnc2)cc1,,,CHEMBL1146693,Bioorg Med Chem Lett,2004,"{'bei': '19.33', 'le': '0.36', 'lle': '2.98', 'sei': '12.05'}",,CHEMBL312818,,CHEMBL312818,9.00,0,http://www.openphacts.org/units/Nanomolar,141211,=,1,1,=,,IC50,nM,,1.0,CHEMBL203,Homo sapiens,Epidermal growth factor receptor,9606,,,IC50,uM,UO_0000065,,0.001
,,683569,[],CHEMBL674107,Inhibitory activity against epidermal growth factor receptor,B,,,BAO_0000190,BAO_0000357,single protein format,OCCNCc1ccc(-c2cc3nccc(Nc4ccc5[nH]ccc5c4)c3s2)cc1,,,CHEMBL1146693,Bioorg Med Chem Lett,2004,"{'bei': '20.99', 'le': '0.40', 'lle': '3.43', 'sei': '11.92'}",,CHEMBL310740,,CHEMBL310740,8.70,0,http://www.openphacts.org/units/Nanomolar,141182,=,1,1,=,,IC50,nM,,2.0,CHEMBL203,Homo sapiens,Epidermal growth factor receptor,9606,,,IC50,uM,UO_0000065,,0.002
,Not Determined,685055,[],CHEMBL674691,Inhibition of epidermal growth factor receptor (not determined),B,,,BAO_0000190,BAO_0000357,single protein format,c1ccc(Nc2ccc(Nc3ncnc4cc(-c5ccccc5)sc34)cc2)cc1,,,CHEMBL1146693,Bioorg Med Chem Lett,2004,,,CHEMBL310724,,CHEMBL310724,,0,http://www.openphacts.org/units/Nanomolar,141173,,1,0,,,IC50,nM,,,CHEMBL203,Homo sapiens,Epidermal growth factor receptor,9606,,,IC50,uM,UO_0000065,,
,,685057,[],CHEMBL674107,Inhibitory activity against epidermal growth factor receptor,B,,,BAO_0000190,BAO_0000357,single protein format,CC(C)(CO)NCc1ccc(-c2cc3ncnc(Nc4ccc5[nH]ccc5c4)c3s2)cc1,,,CHEMBL1146693,Bioorg Med Chem Lett,2004,"{'bei': '20.29', 'le': '0.38', 'lle': '3.56', 'sei': '10.48'}",,CHEMBL308498,,CHEMBL308498,9.00,0,http://www.openphacts.org/units/Nanomolar,141210,=,1,1,=,,IC50,nM,,1.0,CHEMBL203,Homo sapiens,Epidermal growth factor receptor,9606,,,IC50,uM,UO_0000065,,0.001
,,685060,[],CHEMBL674107,Inhibitory activity against epidermal growth factor receptor,B,,,BAO_0000190,BAO_0000357,single protein format,NCc1ccc(-c2cc3ncnc(Nc4ccc5[nH]ccc5c4)c3s2)cc1,,,CHEMBL1146693,Bioorg Med Chem Lett,2004,"{'bei': '22.61', 'le': '0.42', 'lle': '3.36', 'sei': '10.55'}",,CHEMBL78018,,CHEMBL78018,8.40,0,http://www.openphacts.org/units/Nanomolar,141208,=,1,1,=,,IC50,nM,,4.0,CHEMBL203,Homo sapiens,Epidermal growth factor receptor,9606,,,IC50,uM,UO_0000065,,0.004
,,685998,[],CHEMBL674103,Inhibition of Epidermal growth factor receptor,B,,,BAO_0000190,BAO_0000357,single protein format,CC(O)C(/N=C1/C=C(O)/C(=N\C(C(=O)O)C(C)O)C=C1O)C(=O)O,,,CHEMBL1145828,J Med Chem,2003,"{'bei': '12.73', 'le': '0.25', 'lle': '4.93', 'sei': '2.42'}",,CHEMBL327725,,CHEMBL327725,4.36,0,http://www.openphacts.org/units/Nanomolar,184695,=,1,1,=,,IC50,nM,,44000.0,CHEMBL203,Homo sapiens,Epidermal growth factor receptor,9606,,,IC50,uM,UO_0000065,,44.0
,,689127,[],CHEMBL674107,Inhibitory activity against epidermal growth factor receptor,B,,,BAO_0000190,BAO_0000357,single protein format,OCCOCCNCc1ccc(-c2cc3nccc(Nc4ccc5[nH]ccc5c4)c3s2)cc1,,,CHEMBL1146693,Bioorg Med Chem Lett,2004,"{'bei': '18.31', 'le': '0.35', 'lle': '3.11', 'sei': '10.22'}",,CHEMBL421326,,CHEMBL421326,8.40,0,http://www.openphacts.org/units/Nanomolar,141183,=,1,1,=,,IC50,nM,,4.0,CHEMBL203,Homo sapiens,Epidermal growth factor receptor,9606,,,IC50,uM,UO_0000065,,0.004
,,689130,[],CHEMBL674107,Inhibitory activity against epidermal growth factor receptor,B,,,BAO_0000190,BAO_0000357,single protein format,Cc1cc2cc(Nc3ccnc4cc(-c5ccc(CNCCN6CCNCC6)cc5)sc34)ccc2[nH]1,,,CHEMBL1146693,Bioorg Med Chem Lett,2004,"{'bei': '13.29', 'le': '0.25', 'lle': '1.11', 'sei': '9.71'}",,CHEMBL79060,,CHEMBL79060,6.60,0,http://www.openphacts.org/units/Nanomolar,141179,=,1,1,=,,IC50,nM,,250.0,CHEMBL203,Homo sapiens,Epidermal growth factor receptor,9606,,,IC50,uM,UO_0000065,,0.25
,,690013,[],CHEMBL674104,Inhibition of Epidermal growth factor receptor autophosphorylation,B,,,BAO_0000190,BAO_0000357,single protein format,N#C/C(=C\c1ccc(O)c(O)c1)C(=O)NCCCCc1ccccc1,,,CHEMBL1132364,J Med Chem,1999,"{'bei': '15.76', 'le': '0.29', 'lle': '2.16', 'sei': '5.68'}",,CHEMBL440298,,CHEMBL440298,5.30,1,http://www.openphacts.org/units/Nanomolar,217860,=,1,1,=,,IC50,nM,,5000.0,CHEMBL203,Homo sapiens,Epidermal growth factor receptor,9606,,,IC50,uM,UO_0000065,,5.0
,,691253,[],CHEMBL674104,Inhibition of Epidermal growth factor receptor autophosphorylation,B,,,BAO_0000190,BAO_0000357,single protein format,N#C/C(=C\c1ccc(O)c(O)c1)C(=O)Nc1ccccc1,,,CHEMBL1132364,J Med Chem,1999,"{'bei': '21.06', 'le': '0.38', 'lle': '3.26', 'sei': '6.32'}",,CHEMBL56731,,CHEMBL56731,5.90,1,http://www.openphacts.org/units/Nanomolar,217863,=,1,1,=,,IC50,nM,,1250.0,CHEMBL203,Homo sapiens,Epidermal growth factor receptor,9606,,,IC50,uM,UO_0000065,,1.25
,,692413,[],CHEMBL674104,Inhibition of Epidermal growth factor receptor autophosphorylation,B,,,BAO_0000190,BAO_0000357,single protein format,N#C/C(=C\c1ccc(O)c(O)c1)C(=O)NCc1ccccc1,,,CHEMBL1132364,J Med Chem,1999,"{'bei': '23.78', 'le': '0.43', 'lle': '4.68', 'sei': '7.50'}",,CHEMBL56543,,CHEMBL56543,7.00,1,http://www.openphacts.org/units/Nanomolar,217864,=,1,1,=,,IC50,nM,,100.0,CHEMBL203,Homo sapiens,Epidermal growth factor receptor,9606,,,IC50,uM,UO_0000065,,0.1
,,692855,[],CHEMBL674107,Inhibitory activity against epidermal growth factor receptor,B,,,BAO_0000190,BAO_0000357,single protein format,CN(CCO)Cc1ccc(-c2cc3nccc(Nc4ccc5[nH]ccc5c4)c3s2)cc1,,,CHEMBL1146693,Bioorg Med Chem Lett,2004,"{'bei': '19.89', 'le': '0.38', 'lle': '2.91', 'sei': '13.28'}",,CHEMBL79206,,CHEMBL79206,8.52,0,http://www.openphacts.org/units/Nanomolar,141186,=,1,1,=,,IC50,nM,,3.0,CHEMBL203,Homo sapiens,Epidermal growth factor receptor,9606,,,IC50,uM,UO_0000065,,0.003
,,694027,[],CHEMBL674107,Inhibitory activity against epidermal growth factor receptor,B,,,BAO_0000190,BAO_0000357,single protein format,c1csc(-c2cc3ncnc(Nc4ccc5[nH]ccc5c4)c3s2)c1,,,CHEMBL1146693,Bioorg Med Chem Lett,2004,"{'bei': '25.83', 'le': '0.51', 'lle': '3.36', 'sei': '16.79'}",,CHEMBL76751,,CHEMBL76751,9.00,0,http://www.openphacts.org/units/Nanomolar,141214,=,1,1,=,,IC50,nM,,1.0,CHEMBL203,Homo sapiens,Epidermal growth factor receptor,9606,,,IC50,uM,UO_0000065,,0.001
,,694029,[],CHEMBL674107,Inhibitory activity against epidermal growth factor receptor,B,,,BAO_0000190,BAO_0000357,single protein format,NC(=O)C1CCN(Cc2ccc(-c3cc4ncnc(Nc5ccc6[nH]ccc6c5)c4s3)cc2)CC1,,,CHEMBL1146693,Bioorg Med Chem Lett,2004,"{'bei': '16.90', 'le': '0.32', 'lle': '2.87', 'sei': '8.16'}",,CHEMBL311109,,CHEMBL311109,8.15,0,http://www.openphacts.org/units/Nanomolar,141192,=,1,1,=,,IC50,nM,,7.0,CHEMBL203,Homo sapiens,Epidermal growth factor receptor,9606,,,IC50,uM,UO_0000065,,0.007
,,694287,[],CHEMBL674699,Inhibition of Epidermal growth factor receptor,B,,,BAO_0000190,BAO_0000357,single protein format,N#C/C(=C\c1cc(O)ccc1O)C(N)=O,,,CHEMBL1153680,Bioorg Med Chem Lett,1991,"{'bei': '24.49', 'le': '0.46', 'lle': '4.51', 'sei': '4.66'}",,CHEMBL47660,,CHEMBL47660,5.00,0,http://www.openphacts.org/units/Nanomolar,74908,=,1,1,=,,IC50,nM,,10000.0,CHEMBL203,Homo sapiens,Epidermal growth factor receptor,9606,,,IC50,uM,UO_0000065,,10.0
,,695402,[],CHEMBL674107,Inhibitory activity against epidermal growth factor receptor,B,,,BAO_0000190,BAO_0000357,single protein format,c1cc(Nc2ccc3[nH]ccc3c2)c2sc(-c3ccc(CN4CCOCC4)cc3)cc2n1,,,CHEMBL1146693,Bioorg Med Chem Lett,2004,"{'bei': '17.08', 'le': '0.32', 'lle': '1.50', 'sei': '14.15'}",,CHEMBL312482,,CHEMBL312482,7.52,0,http://www.openphacts.org/units/Nanomolar,141181,=,1,1,=,,IC50,nM,,30.0,CHEMBL203,Homo sapiens,Epidermal growth factor receptor,9606,,,IC50,uM,UO_0000065,,0.03
,,695860,[],CHEMBL674699,Inhibition of Epidermal growth factor receptor,B,,,BAO_0000190,BAO_0000357,single protein format,N#C/C(=C\c1ccc(O)c(O)c1)C(N)=O,,,CHEMBL1153680,Bioorg Med Chem Lett,1991,"{'bei': '26.44', 'le': '0.49', 'lle': '4.91', 'sei': '5.03'}",,CHEMBL296407,,CHEMBL296407,5.40,0,http://www.openphacts.org/units/Nanomolar,74907,=,1,1,=,,IC50,nM,,4000.0,CHEMBL203,Homo sapiens,Epidermal growth factor receptor,9606,,,IC50,uM,UO_0000065,,4.0
,,696922,[],CHEMBL674107,Inhibitory activity against epidermal growth factor receptor,B,,,BAO_0000190,BAO_0000357,single protein format,c1ccc(NCCN(c2cc3ncnc(Nc4ccc5[nH]ccc5c4)c3s2)n2cccc2)cc1,,,CHEMBL1146693,Bioorg Med Chem Lett,2004,"{'bei': '19.33', 'le': '0.36', 'lle': '2.90', 'sei': '12.20'}",,CHEMBL79215,,CHEMBL79215,9.00,0,http://www.openphacts.org/units/Nanomolar,141212,=,1,1,=,,IC50,nM,,1.0,CHEMBL203,Homo sapiens,Epidermal growth factor receptor,9606,,,IC50,uM,UO_0000065,,0.001
,,696924,[],CHEMBL674107,Inhibitory activity against epidermal growth factor receptor,B,,,BAO_0000190,BAO_0000357,single protein format,NC(=O)C1CCN(Cc2ccc(-c3cc4nccc(Nc5ccc6[nH]ccc6c5)c4s3)cc2)CC1,,,CHEMBL1146693,Bioorg Med Chem Lett,2004,"{'bei': '18.69', 'le': '0.35', 'lle': '3.11', 'sei': '10.34'}",,CHEMBL431977,,CHEMBL431977,9.00,0,http://www.openphacts.org/units/Nanomolar,141196,=,1,1,=,,IC50,nM,,1.0,CHEMBL203,Homo sapiens,Epidermal growth factor receptor,9606,,,IC50,uM,UO_0000065,,0.001
,,697275,[],CHEMBL674699,Inhibition of Epidermal growth factor receptor,B,,,BAO_0000190,BAO_0000357,single protein format,O=CN/C=C/c1cc(O)ccc1O,,,CHEMBL1153680,Bioorg Med Chem Lett,1991,"{'bei': '30.82', 'le': '0.58', 'lle': '4.71', 'sei': '7.94'}",,CHEMBL47986,ERBSTATIN,CHEMBL47986,5.52,0,http://www.openphacts.org/units/Nanomolar,74906,=,1,1,=,,IC50,nM,,3000.0,CHEMBL203,Homo sapiens,Epidermal growth factor receptor,9606,,,IC50,uM,UO_0000065,,3.0
,,698441,[],CHEMBL674107,Inhibitory activity against epidermal growth factor receptor,B,,,BAO_0000190,BAO_0000357,single protein format,O=C(c1ccccc1)c1cc2ncnc(Nc3ccc4[nH]ccc4c3)c2s1,,,CHEMBL1146693,Bioorg Med Chem Lett,2004,"{'bei': '21.72', 'le': '0.41', 'lle': '2.90', 'sei': '11.38'}",,CHEMBL81712,,CHEMBL81712,8.05,0,http://www.openphacts.org/units/Nanomolar,141199,=,1,1,=,,IC50,nM,,9.0,CHEMBL203,Homo sapiens,Epidermal growth factor receptor,9606,,,IC50,uM,UO_0000065,,0.009
,,698443,[],CHEMBL674107,Inhibitory activity against epidermal growth factor receptor,B,,,BAO_0000190,BAO_0000357,single protein format,c1csc(-c2cc3nccc(Nc4ccc5[nH]ccc5c4)c3s2)c1,,,CHEMBL1146693,Bioorg Med Chem Lett,2004,"{'bei': '25.90', 'le': '0.51', 'lle': '2.75', 'sei': '22.11'}",,CHEMBL310853,,CHEMBL310853,9.00,0,http://www.openphacts.org/units/Nanomolar,141207,=,1,1,=,,IC50,nM,,1.0,CHEMBL203,Homo sapiens,Epidermal growth factor receptor,9606,,,IC50,uM,UO_0000065,,0.001
,,699509,[],CHEMBL674104,Inhibition of Epidermal growth factor receptor autophosphorylation,B,,,BAO_0000190,BAO_0000357,single protein format,N#C/C(=C\c1ccc(O)c(O)c1)C(=O)NCCc1ccccc1,,,CHEMBL1132364,J Med Chem,1999,,,CHEMBL293749,,CHEMBL293749,,1,http://www.openphacts.org/units/Nanomolar,217862,<,1,1,<,,IC50,nM,,625.0,CHEMBL203,Homo sapiens,Epidermal growth factor receptor,9606,,,IC50,uM,UO_0000065,,0.625
,,699834,[],CHEMBL674107,Inhibitory activity against epidermal growth factor receptor,B,,,BAO_0000190,BAO_0000357,single protein format,Cc1cc2cc(Nc3ncnc4cc(-c5ccccc5)sc34)ccc2[nH]1,,,CHEMBL1146693,Bioorg Med Chem Lett,2004,"{'bei': '19.64', 'le': '0.37', 'lle': '1.11', 'sei': '13.06'}",,CHEMBL80302,,CHEMBL80302,7.00,0,http://www.openphacts.org/units/Nanomolar,141203,=,1,1,=,,IC50,nM,,100.0,CHEMBL203,Homo sapiens,Epidermal growth factor receptor,9606,,,IC50,uM,UO_0000065,,0.1
,,701050,[],CHEMBL674107,Inhibitory activity against epidermal growth factor receptor,B,,,BAO_0000190,BAO_0000357,single protein format,Cc1c[nH]c2ccc(Nc3ncnc4cc(-c5ccccc5)sc34)cc12,,,CHEMBL1146693,Bioorg Med Chem Lett,2004,"{'bei': '23.29', 'le': '0.44', 'lle': '2.41', 'sei': '15.49'}",,CHEMBL310827,,CHEMBL310827,8.30,0,http://www.openphacts.org/units/Nanomolar,141202,=,1,1,=,,IC50,nM,,5.0,CHEMBL203,Homo sapiens,Epidermal growth factor receptor,9606,,,IC50,uM,UO_0000065,,0.005
,,701052,[],CHEMBL674107,Inhibitory activity against epidermal growth factor receptor,B,,,BAO_0000190,BAO_0000357,single protein format,Cc1cc2cc(Nc3ccnc4cc(-c5ccc(CN(C)CCO)cc5)sc34)ccc2[nH]1,,,CHEMBL1146693,Bioorg Med Chem Lett,2004,"{'bei': '15.49', 'le': '0.29', 'lle': '0.93', 'sei': '10.68'}",,CHEMBL81375,,CHEMBL81375,6.85,0,http://www.openphacts.org/units/Nanomolar,141180,=,1,1,=,,IC50,nM,,140.0,CHEMBL203,Homo sapiens,Epidermal growth factor receptor,9606,,,IC50,uM,UO_0000065,,0.14
,,701055,[],CHEMBL674107,Inhibitory activity against epidermal growth factor receptor,B,,,BAO_0000190,BAO_0000357,single protein format,Cc1cc2cc(Nc3ccnc4cc(-c5ccc(CNCCOCCO)cc5)sc34)ccc2[nH]1,,,CHEMBL1146693,Bioorg Med Chem Lett,2004,"{'bei': '13.08', 'le': '0.25', 'lle': '0.58', 'sei': '7.52'}",,CHEMBL77342,,CHEMBL77342,6.18,0,http://www.openphacts.org/units/Nanomolar,141189,=,1,1,=,,IC50,nM,,657.0,CHEMBL203,Homo sapiens,Epidermal growth factor receptor,9606,,,IC50,uM,UO_0000065,,0.657
,,702024,[],CHEMBL674103,Inhibition of Epidermal growth factor receptor,B,,,BAO_0000190,BAO_0000357,single protein format,CC(O)C(/N=C1\C(O)=CC(=O)C(O)=C1CC1CCCC2CCCCC21)C(=O)O,,,CHEMBL1145828,J Med Chem,2003,,,CHEMBL442388,,CHEMBL442388,,0,http://www.openphacts.org/units/Nanomolar,184696,>,1,1,>,,IC50,nM,,100000.0,CHEMBL203,Homo sapiens,Epidermal growth factor receptor,9606,,,IC50,uM,UO_0000065,,100.0
,Not Determined,702347,[],CHEMBL674691,Inhibition of epidermal growth factor receptor (not determined),B,,,BAO_0000190,BAO_0000357,single protein format,O/C(=C/c1cc2ncnc(Nc3ccc4[nH]ccc4c3)c2s1)c1ccccc1,,,CHEMBL1146693,Bioorg Med Chem Lett,2004,,,CHEMBL309833,,CHEMBL309833,,0,http://www.openphacts.org/units/Nanomolar,141198,,1,0,,,IC50,nM,,,CHEMBL203,Homo sapiens,Epidermal growth factor receptor,9606,,,IC50,uM,UO_0000065,,
,,702349,[],CHEMBL674107,Inhibitory activity against epidermal growth factor receptor,B,,,BAO_0000190,BAO_0000357,single protein format,CC(C)(CO)NCc1ccc(-c2cc3ncnc(Nc4ccc5[nH]ccc5c4)c3s2)cc1,,,CHEMBL1146693,Bioorg Med Chem Lett,2004,"{'bei': '18.25', 'le': '0.35', 'lle': '2.66', 'sei': '9.43'}",,CHEMBL308498,,CHEMBL308498,8.10,0,http://www.openphacts.org/units/Nanomolar,141190,=,1,1,=,,IC50,nM,,8.0,CHEMBL203,Homo sapiens,Epidermal growth factor receptor,9606,,,IC50,uM,UO_0000065,,0.008
,Not Determined,703658,[],CHEMBL674691,Inhibition of epidermal growth factor receptor (not determined),B,,,BAO_0000190,BAO_0000357,single protein format,c1ccc(-c2cc3ncnc(Nc4ccc5[nH]nnc5c4)c3s2)cc1,,,CHEMBL1146693,Bioorg Med Chem Lett,2004,,,CHEMBL78982,,CHEMBL78982,,0,http://www.openphacts.org/units/Nanomolar,141205,,1,0,,,IC50,nM,,,CHEMBL203,Homo sapiens,Epidermal growth factor receptor,9606,,,IC50,uM,UO_0000065,,
,,703660,[],CHEMBL674107,Inhibitory activity against epidermal growth factor receptor,B,,,BAO_0000190,BAO_0000357,single protein format,CN(C)CCc1ccc(-c2cc3ncnc(Nc4ccc5[nH]ccc5c4)c3s2)cc1,,,CHEMBL1146693,Bioorg Med Chem Lett,2004,"{'bei': '20.07', 'le': '0.38', 'lle': '2.61', 'sei': '14.60'}",,CHEMBL77782,,CHEMBL77782,8.30,0,http://www.openphacts.org/units/Nanomolar,141209,=,1,1,=,,IC50,nM,,5.0,CHEMBL203,Homo sapiens,Epidermal growth factor receptor,9606,,,IC50,uM,UO_0000065,,0.005
,,703662,[],CHEMBL674107,Inhibitory activity against epidermal growth factor receptor,B,,,BAO_0000190,BAO_0000357,single protein format,Cc1cc2cc(Nc3ccnc4cc(-c5ccc(CNCCCO)cc5)sc34)ccc2[nH]1,,,CHEMBL1146693,Bioorg Med Chem Lett,2004,"{'bei': '14.24', 'le': '0.27', 'lle': '0.33', 'sei': '8.64'}",,CHEMBL78700,,CHEMBL78700,6.30,0,http://www.openphacts.org/units/Nanomolar,141178,=,1,1,=,,IC50,nM,,500.0,CHEMBL203,Homo sapiens,Epidermal growth factor receptor,9606,,,IC50,uM,UO_0000065,,0.5
,,704940,[],CHEMBL674107,Inhibitory activity against epidermal growth factor receptor,B,,,BAO_0000190,BAO_0000357,single protein format,c1ccc(-c2cc3ncnc(Nc4ccc5[nH]ccc5c4)c3s2)cc1,,,CHEMBL1146693,Bioorg Med Chem Lett,2004,"{'bei': '24.89', 'le': '0.47', 'lle': '2.94', 'sei': '15.90'}",,CHEMBL76432,,CHEMBL76432,8.52,0,http://www.openphacts.org/units/Nanomolar,141171,=,1,1,=,,IC50,nM,,3.0,CHEMBL203,Homo sapiens,Epidermal growth factor receptor,9606,,,IC50,uM,UO_0000065,,0.003
,,704942,[],CHEMBL674107,Inhibitory activity against epidermal growth factor receptor,B,,,BAO_0000190,BAO_0000357,single protein format,CN(C)c1ccc(Nc2ncnc3cc(-c4ccccc4)sc23)cc1,,,CHEMBL1146693,Bioorg Med Chem Lett,2004,"{'bei': '20.28', 'le': '0.38', 'lle': '1.86', 'sei': '17.12'}",,CHEMBL306732,,CHEMBL306732,7.03,0,http://www.openphacts.org/units/Nanomolar,141215,=,1,1,=,,IC50,nM,,94.0,CHEMBL203,Homo sapiens,Epidermal growth factor receptor,9606,,,IC50,uM,UO_0000065,,0.094
,,704944,[],CHEMBL674107,Inhibitory activity against epidermal growth factor receptor,B,,,BAO_0000190,BAO_0000357,single protein format,CC(=O)NCCNCc1ccc(-c2cc3nccc(Nc4ccc5[nH]ccc5c4)c3s2)cc1,,,CHEMBL1146693,Bioorg Med Chem Lett,2004,"{'bei': '19.09', 'le': '0.36', 'lle': '3.29', 'sei': '10.63'}",,CHEMBL418909,,CHEMBL418909,8.70,0,http://www.openphacts.org/units/Nanomolar,141206,=,1,1,=,,IC50,nM,,2.0,CHEMBL203,Homo sapiens,Epidermal growth factor receptor,9606,,,IC50,uM,UO_0000065,,0.002
,,706262,[],CHEMBL674107,Inhibitory activity against epidermal growth factor receptor,B,,,BAO_0000190,BAO_0000357,single protein format,c1ccc(-c2cc3ncnc(Nc4ccc5[nH]ncc5c4)c3s2)cc1,,,CHEMBL1146693,Bioorg Med Chem Lett,2004,"{'bei': '16.88', 'le': '0.32', 'lle': '0.82', 'sei': '8.72'}",,CHEMBL78685,,CHEMBL78685,5.80,0,http://www.openphacts.org/units/Nanomolar,141177,=,1,1,=,,IC50,nM,,1600.0,CHEMBL203,Homo sapiens,Epidermal growth factor receptor,9606,,,IC50,uM,UO_0000065,,1.6
,,706264,[],CHEMBL674107,Inhibitory activity against epidermal growth factor receptor,B,,,BAO_0000190,BAO_0000357,single protein format,OCCCNCc1ccc(-c2cc3nccc(Nc4ccc5[nH]ccc5c4)c3s2)cc1,,,CHEMBL1146693,Bioorg Med Chem Lett,2004,"{'bei': '18.77', 'le': '0.35', 'lle': '2.39', 'sei': '11.03'}",,CHEMBL77452,,CHEMBL77452,8.05,0,http://www.openphacts.org/units/Nanomolar,141184,=,1,1,=,,IC50,nM,,9.0,CHEMBL203,Homo sapiens,Epidermal growth factor receptor,9606,,,IC50,uM,UO_0000065,,0.009
,Not Determined,707617,[],CHEMBL674691,Inhibition of epidermal growth factor receptor (not determined),B,,,BAO_0000190,BAO_0000357,single protein format,c1ccc(CNc2ncnc3cc(-c4ccccc4)sc23)cc1,,,CHEMBL1146693,Bioorg Med Chem Lett,2004,,,CHEMBL78537,,CHEMBL78537,,0,http://www.openphacts.org/units/Nanomolar,141174,,1,0,,,IC50,nM,,,CHEMBL203,Homo sapiens,Epidermal growth factor receptor,9606,,,IC50,uM,UO_0000065,,
,Not Determined,707619,[],CHEMBL674691,Inhibition of epidermal growth factor receptor (not determined),B,,,BAO_0000190,BAO_0000357,single protein format,Cn1ccc2cc(Nc3ncnc4cc(-c5ccccc5)sc34)ccc21,,,CHEMBL1146693,Bioorg Med Chem Lett,2004,,,CHEMBL80990,,CHEMBL80990,,0,http://www.openphacts.org/units/Nanomolar,141204,,1,0,,,IC50,nM,,,CHEMBL203,Homo sapiens,Epidermal growth factor receptor,9606,,,IC50,uM,UO_0000065,,
,,707893,[],CHEMBL674699,Inhibition of Epidermal growth factor receptor,B,,,BAO_0000190,BAO_0000357,single protein format,O=CN/C=C/c1ccc(O)c(O)c1,,,CHEMBL1153680,Bioorg Med Chem Lett,1991,"{'bei': '28.77', 'le': '0.54', 'lle': '4.34', 'sei': '7.41'}",,CHEMBL46946,,CHEMBL46946,5.16,0,http://www.openphacts.org/units/Nanomolar,74909,=,1,1,=,,IC50,nM,,7000.0,CHEMBL203,Homo sapiens,Epidermal growth factor receptor,9606,,,IC50,uM,UO_0000065,,7.0
,,708836,[],CHEMBL674107,Inhibitory activity against epidermal growth factor receptor,B,,,BAO_0000190,BAO_0000357,single protein format,c1nc(Nc2ccc3[nH]ccc3c2)c2sccc2n1,,,CHEMBL1146693,Bioorg Med Chem Lett,2004,"{'bei': '23.36', 'le': '0.45', 'lle': '2.30', 'sei': '11.61'}",,CHEMBL442749,,CHEMBL442749,6.22,0,http://www.openphacts.org/units/Nanomolar,141201,=,1,1,=,,IC50,nM,,600.0,CHEMBL203,Homo sapiens,Epidermal growth factor receptor,9606,,,IC50,uM,UO_0000065,,0.6
,Not Determined,708838,[],CHEMBL674691,Inhibition of epidermal growth factor receptor (not determined),B,,,BAO_0000190,BAO_0000357,single protein format,Brc1cc2ncnc(Nc3ccc4[nH]ccc4c3)c2s1,,,CHEMBL1146693,Bioorg Med Chem Lett,2004,,,CHEMBL311798,,CHEMBL311798,,0,http://www.openphacts.org/units/Nanomolar,141200,,1,0,,,IC50,nM,,,CHEMBL203,Homo sapiens,Epidermal growth factor receptor,9606,,,IC50,uM,UO_0000065,,
,,708840,[],CHEMBL674107,Inhibitory activity against epidermal growth factor receptor,B,,,BAO_0000190,BAO_0000357,single protein format,Cc1cc2cc(Nc3ccnc4cc(-c5ccc(CNCCO)cc5)sc34)ccc2[nH]1,,,CHEMBL1146693,Bioorg Med Chem Lett,2004,"{'bei': '14.00', 'le': '0.26', 'lle': '0.42', 'sei': '8.22'}",,CHEMBL80164,,CHEMBL80164,6.00,0,http://www.openphacts.org/units/Nanomolar,141188,=,1,1,=,,IC50,nM,,1000.0,CHEMBL203,Homo sapiens,Epidermal growth factor receptor,9606,,,IC50,uM,UO_0000065,,1.0
,,710213,[],CHEMBL674107,Inhibitory activity against epidermal growth factor receptor,B,,,BAO_0000190,BAO_0000357,single protein format,c1csc(-c2cc3ncnc(Nc4ccc5[nH]ccc5c4)c3s2)c1,,,CHEMBL1146693,Bioorg Med Chem Lett,2004,"{'bei': '21.26', 'le': '0.42', 'lle': '1.77', 'sei': '13.82'}",,CHEMBL76751,,CHEMBL76751,7.41,0,http://www.openphacts.org/units/Nanomolar,141194,=,1,1,=,,IC50,nM,,39.0,CHEMBL203,Homo sapiens,Epidermal growth factor receptor,9606,,,IC50,uM,UO_0000065,,0.039
,,711477,[],CHEMBL674107,Inhibitory activity against epidermal growth factor receptor,B,,,BAO_0000190,BAO_0000357,single protein format,NC(=O)c1ccc(Nc2ncnc3cc(-c4ccccc4)sc23)cc1,,,CHEMBL1146693,Bioorg Med Chem Lett,2004,,,CHEMBL80734,,CHEMBL80734,,0,http://www.openphacts.org/units/Nanomolar,141172,>,1,1,>,,IC50,nM,,1000.0,CHEMBL203,Homo sapiens,Epidermal growth factor receptor,9606,,,IC50,uM,UO_0000065,,1.0
,,714963,[],CHEMBL677212,Inhibition of epidermal growth factor receptor (EGF-R),B,,,BAO_0000190,BAO_0000357,single protein format,Cc1[nH]c(/C=C2\C(=O)Nc3ccccc32)c(C)c1CCC(=O)O,,,CHEMBL1136732,J Med Chem,2003,,,CHEMBL274654,ORANTINIB,CHEMBL274654,,0,http://www.openphacts.org/units/Nanomolar,13432,>,1,1,>,,IC50,nM,,20000.0,CHEMBL203,Homo sapiens,Epidermal growth factor receptor,9606,,,IC50,uM,UO_0000065,,20.0
,,715862,[],CHEMBL674015,Tested in vitro for inhibition of EGF-receptor tyrosine kinase,B,,,BAO_0000190,BAO_0000357,single protein format,Cc1ccccc1-c1cn(-c2ccccc2)c2ncnc(N)c12,,,CHEMBL1133080,Bioorg Med Chem Lett,2000,"{'bei': '18.57', 'le': '0.33', 'lle': '1.60', 'sei': '9.83'}",,CHEMBL174634,,CHEMBL174634,5.58,0,http://www.openphacts.org/units/Nanomolar,343959,=,1,1,=,,IC50,nM,,2650.0,CHEMBL203,Homo sapiens,Epidermal growth factor receptor,9606,,,IC50,uM,UO_0000065,,2.65
,,715867,[],CHEMBL674015,Tested in vitro for inhibition of EGF-receptor tyrosine kinase,B,,,BAO_0000190,BAO_0000357,single protein format,Nc1ncnc2c1c(-c1ccccc1)cn2-c1ccccc1CO,,,CHEMBL1133080,Bioorg Med Chem Lett,2000,"{'bei': '18.83', 'le': '0.34', 'lle': '2.80', 'sei': '7.74'}",,CHEMBL429057,,CHEMBL429057,5.96,0,http://www.openphacts.org/units/Nanomolar,343957,=,1,1,=,,IC50,nM,,1100.0,CHEMBL203,Homo sapiens,Epidermal growth factor receptor,9606,,,IC50,uM,UO_0000065,,1.1
,,716120,[],CHEMBL677212,Inhibition of epidermal growth factor receptor (EGF-R),B,,,BAO_0000190,BAO_0000357,single protein format,Cc1[nH]c(/C=C2\C(=O)Nc3ccc(F)cc32)c(C)c1C(=O)NCc1ccncc1,,,CHEMBL1136732,J Med Chem,2003,,,CHEMBL268731,,CHEMBL268731,,0,http://www.openphacts.org/units/Nanomolar,13423,>,1,1,>,,IC50,nM,,20000.0,CHEMBL203,Homo sapiens,Epidermal growth factor receptor,9606,,,IC50,uM,UO_0000065,,20.0
,,717180,[],CHEMBL674015,Tested in vitro for inhibition of EGF-receptor tyrosine kinase,B,,,BAO_0000190,BAO_0000357,single protein format,Nc1ncnc2c1c(-c1ccccc1)cn2-c1cccc(CNCCO)c1,,,CHEMBL1133080,Bioorg Med Chem Lett,2000,"{'bei': '15.21', 'le': '0.28', 'lle': '2.72', 'sei': '6.15'}",,CHEMBL176702,,CHEMBL176702,5.47,0,http://www.openphacts.org/units/Nanomolar,343952,=,1,1,=,,IC50,nM,,3400.0,CHEMBL203,Homo sapiens,Epidermal growth factor receptor,9606,,,IC50,uM,UO_0000065,,3.4
,Not Determined,717186,[],CHEMBL674013,Inhibition of EGF-receptor tyrosine kinase (Not determined),B,,,BAO_0000190,BAO_0000357,single protein format,Nc1ncnc2c1c(-c1ccccc1)cn2-c1cccc(CNCCO)c1,,,CHEMBL1133080,Bioorg Med Chem Lett,2000,,,CHEMBL176702,,CHEMBL176702,,0,http://www.openphacts.org/units/Nanomolar,343952,,1,0,,,IC50,nM,,,CHEMBL203,Homo sapiens,Epidermal growth factor receptor,9606,,,IC50,uM,UO_0000065,,
,,717675,[],CHEMBL674648,Inhibit of phosphorylation of a tyrosine/glutamic acid copolymer by epidermal growth factor receptor prepared from human A431 carcinoma cell vesicles by immunoaffinity chromatography.,B,,,BAO_0000190,BAO_0000357,single protein format,CN(CCO)c1cc2c(Nc3cccc(Br)c3)ncnc2cn1,,,CHEMBL1131301,J Med Chem,1998,"{'bei': '25.81', 'le': '0.57', 'lle': '6.70', 'sei': '13.02'}",,CHEMBL161956,,CHEMBL161956,9.66,0,http://www.openphacts.org/units/Nanomolar,322315,=,1,1,=,,IC50,nM,,0.22,CHEMBL203,Homo sapiens,Epidermal growth factor receptor,9606,,,IC50,nM,UO_0000065,,0.22
,,718312,[],CHEMBL674015,Tested in vitro for inhibition of EGF-receptor tyrosine kinase,B,,,BAO_0000190,BAO_0000357,single protein format,Nc1ncnc2c1c(-c1ccccc1)cn2-c1ccc(CO)cc1,,,CHEMBL1133080,Bioorg Med Chem Lett,2000,"{'bei': '19.46', 'le': '0.35', 'lle': '2.99', 'sei': '8.00'}",,CHEMBL367442,,CHEMBL367442,6.16,0,http://www.openphacts.org/units/Nanomolar,343955,=,1,1,=,,IC50,nM,,700.0,CHEMBL203,Homo sapiens,Epidermal growth factor receptor,9606,,,IC50,uM,UO_0000065,,0.7
,,718933,[],CHEMBL674648,Inhibit of phosphorylation of a tyrosine/glutamic acid copolymer by epidermal growth factor receptor prepared from human A431 carcinoma cell vesicles by immunoaffinity chromatography.,B,,,BAO_0000190,BAO_0000357,single protein format,CN(CC(=O)O)c1cc2c(Nc3cccc(Br)c3)ncnc2cn1,,,CHEMBL1131301,J Med Chem,1998,"{'bei': '24.10', 'le': '0.53', 'lle': '6.31', 'sei': '10.25'}",,CHEMBL351629,,CHEMBL351629,9.36,0,http://www.openphacts.org/units/Nanomolar,322293,=,1,1,=,,IC50,nM,,0.44,CHEMBL203,Homo sapiens,Epidermal growth factor receptor,9606,,,IC50,nM,UO_0000065,,0.44
,,718935,[],CHEMBL674648,Inhibit of phosphorylation of a tyrosine/glutamic acid copolymer by epidermal growth factor receptor prepared from human A431 carcinoma cell vesicles by immunoaffinity chromatography.,B,,,BAO_0000190,BAO_0000357,single protein format,Cc1cccc(Nc2ncnc3cnc(NCCN4CCOCC4)cc23)c1,,,CHEMBL1131301,J Med Chem,1998,"{'bei': '24.21', 'le': '0.45', 'lle': '6.00', 'sei': '11.73'}",,CHEMBL165731,,CHEMBL165731,8.82,0,http://www.openphacts.org/units/Nanomolar,322304,=,1,1,=,,IC50,nM,,1.5,CHEMBL203,Homo sapiens,Epidermal growth factor receptor,9606,,,IC50,nM,UO_0000065,,1.5
,,718936,[],CHEMBL621853,Inhibition of autophosphorylation of epidermal growth factor receptor in A431 cells in culture,F,,,BAO_0000190,BAO_0000219,cell-based format,Cc1cccc(Nc2ncnc3cnc(NCCN4CCOCC4)cc23)c1,,,CHEMBL1131301,J Med Chem,1998,,,CHEMBL165731,,CHEMBL165731,7.70,0,http://www.openphacts.org/units/Nanomolar,322304,=,1,1,=,,IC50,nM,,20.0,CHEMBL203,Homo sapiens,Epidermal growth factor receptor,9606,,,IC50,nM,UO_0000065,,20.0
,,719759,[],CHEMBL677212,Inhibition of epidermal growth factor receptor (EGF-R),B,,,BAO_0000190,BAO_0000357,single protein format,Cc1[nH]c(/C=C2\C(=O)Nc3ccccc32)c(C)c1CCCN1CCN(C)CC1,,,CHEMBL1136732,J Med Chem,2003,,,CHEMBL430155,,CHEMBL430155,,0,http://www.openphacts.org/units/Nanomolar,13427,>,1,1,>,,IC50,nM,,20000.0,CHEMBL203,Homo sapiens,Epidermal growth factor receptor,9606,,,IC50,uM,UO_0000065,,20.0
,,719769,[],CHEMBL677212,Inhibition of epidermal growth factor receptor (EGF-R),B,,,BAO_0000190,BAO_0000357,single protein format,Cc1[nH]c(/C=C2\C(=O)Nc3ccc(F)cc32)c(C)c1C(=O)NCCN1CCOCC1,,,CHEMBL1136732,J Med Chem,2003,,,CHEMBL13354,,CHEMBL13354,,0,http://www.openphacts.org/units/Nanomolar,13424,>,1,1,>,,IC50,nM,,20000.0,CHEMBL203,Homo sapiens,Epidermal growth factor receptor,9606,,,IC50,uM,UO_0000065,,20.0
,,720032,[],CHEMBL674648,Inhibit of phosphorylation of a tyrosine/glutamic acid copolymer by epidermal growth factor receptor prepared from human A431 carcinoma cell vesicles by immunoaffinity chromatography.,B,,,BAO_0000190,BAO_0000357,single protein format,CN(C)c1cc2c(Nc3cccc(Br)c3)ncnc2cn1,Outside typical range,"Values for this activity type are unusually large/small, so may not be accurate",CHEMBL1131301,J Med Chem,1998,,,CHEMBL53711,,CHEMBL53711,,1,http://www.openphacts.org/units/Nanomolar,322317,=,1,1,=,,IC50,nM,,0.006,CHEMBL203,Homo sapiens,Epidermal growth factor receptor,9606,,,IC50,nM,UO_0000065,,0.006
,,720033,[],CHEMBL621853,Inhibition of autophosphorylation of epidermal growth factor receptor in A431 cells in culture,F,,,BAO_0000190,BAO_0000219,cell-based format,CN(C)c1cc2c(Nc3cccc(Br)c3)ncnc2cn1,,,CHEMBL1131301,J Med Chem,1998,,,CHEMBL53711,,CHEMBL53711,7.68,1,http://www.openphacts.org/units/Nanomolar,322317,=,1,1,=,,IC50,nM,,21.0,CHEMBL203,Homo sapiens,Epidermal growth factor receptor,9606,,,IC50,nM,UO_0000065,,21.0
,,720034,[],CHEMBL674648,Inhibit of phosphorylation of a tyrosine/glutamic acid copolymer by epidermal growth factor receptor prepared from human A431 carcinoma cell vesicles by immunoaffinity chromatography.,B,,,BAO_0000190,BAO_0000357,single protein format,Cc1nc(Nc2cccc(Br)c2)c2cc(NCCN3CCOCC3)ncc2n1,,,CHEMBL1131301,J Med Chem,1998,"{'bei': '15.64', 'le': '0.34', 'lle': '3.35', 'sei': '9.22'}",,CHEMBL165228,,CHEMBL165228,6.93,0,http://www.openphacts.org/units/Nanomolar,322308,=,1,1,=,,IC50,nM,,117.0,CHEMBL203,Homo sapiens,Epidermal growth factor receptor,9606,,,IC50,nM,UO_0000065,,117.0
,Not Determined,720607,[],CHEMBL674016,Inhibition of EGF-receptor tyrosine kinase (Not determined),B,,,BAO_0000190,BAO_0000357,single protein format,O=c1[nH]cnc2c1c(-c1ccccc1)cn2-c1ccccc1,,,CHEMBL1133080,Bioorg Med Chem Lett,2000,,,CHEMBL173474,,CHEMBL173474,,0,http://www.openphacts.org/units/Nanomolar,343966,,1,0,,,IC50,nM,,,CHEMBL203,Homo sapiens,Epidermal growth factor receptor,9606,,,IC50,uM,UO_0000065,,
,,720612,[],CHEMBL674015,Tested in vitro for inhibition of EGF-receptor tyrosine kinase,B,,,BAO_0000190,BAO_0000357,single protein format,COc1ccc(-c2cn(-c3ccccc3)c3ncnc(N)c23)cc1,,,CHEMBL1133080,Bioorg Med Chem Lett,2000,"{'bei': '20.41', 'le': '0.37', 'lle': '2.78', 'sei': '9.79'}",,CHEMBL176705,,CHEMBL176705,6.46,0,http://www.openphacts.org/units/Nanomolar,343960,=,1,1,=,,IC50,nM,,350.0,CHEMBL203,Homo sapiens,Epidermal growth factor receptor,9606,,,IC50,uM,UO_0000065,,0.35
,,720617,[],CHEMBL674015,Tested in vitro for inhibition of EGF-receptor tyrosine kinase,B,,,BAO_0000190,BAO_0000357,single protein format,Nc1ncnc2c1c(-c1ccccc1)cn2-c1ccccc1CNCCO,,,CHEMBL1133080,Bioorg Med Chem Lett,2000,"{'bei': '14.45', 'le': '0.26', 'lle': '2.44', 'sei': '5.84'}",,CHEMBL176470,,CHEMBL176470,5.19,0,http://www.openphacts.org/units/Nanomolar,343953,=,1,1,=,,IC50,nM,,6400.0,CHEMBL203,Homo sapiens,Epidermal growth factor receptor,9606,,,IC50,uM,UO_0000065,,6.4
,,721881,[],CHEMBL677212,Inhibition of epidermal growth factor receptor (EGF-R),B,,,BAO_0000190,BAO_0000357,single protein format,CCN(CC)CCNC(=O)c1c(C)[nH]c(/C=C2\C(=O)Nc3ccc(Cl)cc32)c1C,,,CHEMBL1136732,J Med Chem,2003,,,CHEMBL13485,SU-11652,CHEMBL13485,,0,http://www.openphacts.org/units/Nanomolar,13429,>,1,1,>,,IC50,nM,,20000.0,CHEMBL203,Homo sapiens,Epidermal growth factor receptor,9606,,,IC50,uM,UO_0000065,,20.0
,,722125,[],CHEMBL674648,Inhibit of phosphorylation of a tyrosine/glutamic acid copolymer by epidermal growth factor receptor prepared from human A431 carcinoma cell vesicles by immunoaffinity chromatography.,B,,,BAO_0000190,BAO_0000357,single protein format,CN(CCO)CCNc1cc2c(Nc3cccc(Br)c3)ncnc2cn1,,,CHEMBL1131301,J Med Chem,1998,"{'bei': '21.01', 'le': '0.46', 'lle': '5.90', 'sei': '10.17'}",,CHEMBL166255,,CHEMBL166255,8.77,0,http://www.openphacts.org/units/Nanomolar,322289,=,1,1,=,,IC50,nM,,1.7,CHEMBL203,Homo sapiens,Epidermal growth factor receptor,9606,,,IC50,nM,UO_0000065,,1.7
,,722126,[],CHEMBL621853,Inhibition of autophosphorylation of epidermal growth factor receptor in A431 cells in culture,F,,,BAO_0000190,BAO_0000219,cell-based format,CN(CCO)CCNc1cc2c(Nc3cccc(Br)c3)ncnc2cn1,,,CHEMBL1131301,J Med Chem,1998,,,CHEMBL166255,,CHEMBL166255,7.57,0,http://www.openphacts.org/units/Nanomolar,322289,=,1,1,=,,IC50,nM,,27.0,CHEMBL203,Homo sapiens,Epidermal growth factor receptor,9606,,,IC50,nM,UO_0000065,,27.0
,,722128,[],CHEMBL674648,Inhibit of phosphorylation of a tyrosine/glutamic acid copolymer by epidermal growth factor receptor prepared from human A431 carcinoma cell vesicles by immunoaffinity chromatography.,B,,,BAO_0000190,BAO_0000357,single protein format,OCCN(CCO)CCNc1cc2c(Nc3cccc(Br)c3)ncnc2cn1,,,CHEMBL1131301,J Med Chem,1998,"{'bei': '20.19', 'le': '0.44', 'lle': '6.80', 'sei': '8.49'}",,CHEMBL165630,,CHEMBL165630,9.03,0,http://www.openphacts.org/units/Nanomolar,322320,=,1,1,=,,IC50,nM,,0.93,CHEMBL203,Homo sapiens,Epidermal growth factor receptor,9606,,,IC50,nM,UO_0000065,,0.93
,,722129,[],CHEMBL621853,Inhibition of autophosphorylation of epidermal growth factor receptor in A431 cells in culture,F,,,BAO_0000190,BAO_0000219,cell-based format,OCCN(CCO)CCNc1cc2c(Nc3cccc(Br)c3)ncnc2cn1,,,CHEMBL1131301,J Med Chem,1998,,,CHEMBL165630,,CHEMBL165630,7.15,0,http://www.openphacts.org/units/Nanomolar,322320,=,1,1,=,,IC50,nM,,71.0,CHEMBL203,Homo sapiens,Epidermal growth factor receptor,9606,,,IC50,nM,UO_0000065,,71.0
,,722683,[],CHEMBL674015,Tested in vitro for inhibition of EGF-receptor tyrosine kinase,B,,,BAO_0000190,BAO_0000357,single protein format,Nc1ncnc2c1c(-c1cccc(Cl)c1)cn2-c1ccccc1,,,CHEMBL1133080,Bioorg Med Chem Lett,2000,"{'bei': '19.19', 'le': '0.37', 'lle': '1.83', 'sei': '10.85'}",,CHEMBL176309,,CHEMBL176309,6.16,0,http://www.openphacts.org/units/Nanomolar,343968,=,1,1,=,,IC50,nM,,700.0,CHEMBL203,Homo sapiens,Epidermal growth factor receptor,9606,,,IC50,uM,UO_0000065,,0.7
,,723025,[],CHEMBL677212,Inhibition of epidermal growth factor receptor (EGF-R),B,,,BAO_0000190,BAO_0000357,single protein format,Cc1cc(C)c(/C=C2\C(=O)Nc3ccccc32)[nH]1,,,CHEMBL1136732,J Med Chem,2003,,,CHEMBL276711,SEMAXANIB,CHEMBL276711,,1,http://www.openphacts.org/units/Nanomolar,13420,>,1,1,>,,IC50,nM,,100000.0,CHEMBL203,Homo sapiens,Epidermal growth factor receptor,9606,,,IC50,uM,UO_0000065,,100.0
,,723305,[],CHEMBL674648,Inhibit of phosphorylation of a tyrosine/glutamic acid copolymer by epidermal growth factor receptor prepared from human A431 carcinoma cell vesicles by immunoaffinity chromatography.,B,,,BAO_0000190,BAO_0000357,single protein format,Cc1cccc(Nc2ncnc3cnc(N)cc23)c1,,,CHEMBL1131301,J Med Chem,1998,"{'bei': '33.86', 'le': '0.61', 'lle': '5.85', 'sei': '11.09'}",,CHEMBL165495,,CHEMBL165495,8.51,0,http://www.openphacts.org/units/Nanomolar,322307,=,1,1,=,,IC50,nM,,3.1,CHEMBL203,Homo sapiens,Epidermal growth factor receptor,9606,,,IC50,nM,UO_0000065,,3.1
,,724252,[],CHEMBL677212,Inhibition of epidermal growth factor receptor (EGF-R),B,,,BAO_0000190,BAO_0000357,single protein format,Cc1[nH]c(/C=C2\C(=O)Nc3ccc(F)cc32)c(C)c1C(=O)NCCn1cncn1,,,CHEMBL1136732,J Med Chem,2003,,,CHEMBL267293,,CHEMBL267293,,0,http://www.openphacts.org/units/Nanomolar,13422,>,1,1,>,,IC50,nM,,20000.0,CHEMBL203,Homo sapiens,Epidermal growth factor receptor,9606,,,IC50,uM,UO_0000065,,20.0
,,724536,[],CHEMBL674648,Inhibit of phosphorylation of a tyrosine/glutamic acid copolymer by epidermal growth factor receptor prepared from human A431 carcinoma cell vesicles by immunoaffinity chromatography.,B,,,BAO_0000190,BAO_0000357,single protein format,OCCN(CCO)CCCNc1cc2c(Nc3cccc(Br)c3)ncnc2cn1,,,CHEMBL1131301,J Med Chem,1998,"{'bei': '20.50', 'le': '0.45', 'lle': '6.84', 'sei': '8.88'}",,CHEMBL163369,,CHEMBL163369,9.46,0,http://www.openphacts.org/units/Nanomolar,322322,=,1,1,=,,IC50,nM,,0.35,CHEMBL203,Homo sapiens,Epidermal growth factor receptor,9606,,,IC50,nM,UO_0000065,,0.35
,,724537,[],CHEMBL621853,Inhibition of autophosphorylation of epidermal growth factor receptor in A431 cells in culture,F,,,BAO_0000190,BAO_0000219,cell-based format,OCCN(CCO)CCCNc1cc2c(Nc3cccc(Br)c3)ncnc2cn1,,,CHEMBL1131301,J Med Chem,1998,,,CHEMBL163369,,CHEMBL163369,6.64,0,http://www.openphacts.org/units/Nanomolar,322322,=,1,1,=,,IC50,nM,,230.0,CHEMBL203,Homo sapiens,Epidermal growth factor receptor,9606,,,IC50,nM,UO_0000065,,230.0
,,725109,[],CHEMBL674015,Tested in vitro for inhibition of EGF-receptor tyrosine kinase,B,,,BAO_0000190,BAO_0000357,single protein format,CCOC(=O)c1ccc(-c2cn(-c3ccccc3)c3ncnc(N)c23)cc1,,,CHEMBL1133080,Bioorg Med Chem Lett,2000,"{'bei': '16.42', 'le': '0.30', 'lle': '2.04', 'sei': '7.09'}",,CHEMBL369014,,CHEMBL369014,5.89,0,http://www.openphacts.org/units/Nanomolar,343958,=,1,1,=,,IC50,nM,,1300.0,CHEMBL203,Homo sapiens,Epidermal growth factor receptor,9606,,,IC50,uM,UO_0000065,,1.3
,,725650,[],CHEMBL676074,Inhibition of tyrosine/glutamic acid copolymer phosphorylation by epidermal growth factor receptor prepared of human A431,B,,,BAO_0000190,BAO_0000357,single protein format,CNc1cc2c(Nc3cccc(Br)c3)ncnc2cn1,Outside typical range,"Values for this activity type are unusually large/small, so may not be accurate",CHEMBL1131301,J Med Chem,1998,,,CHEMBL53753,,CHEMBL53753,,1,http://www.openphacts.org/units/Nanomolar,322299,=,1,1,=,,IC50,nM,,0.008,CHEMBL203,Homo sapiens,Epidermal growth factor receptor,9606,,,IC50,nM,UO_0000065,,0.008
,,725651,[],CHEMBL621853,Inhibition of autophosphorylation of epidermal growth factor receptor in A431 cells in culture,F,,,BAO_0000190,BAO_0000219,cell-based format,CNc1cc2c(Nc3cccc(Br)c3)ncnc2cn1,,,CHEMBL1131301,J Med Chem,1998,,,CHEMBL53753,,CHEMBL53753,7.89,0,http://www.openphacts.org/units/Nanomolar,322299,=,1,1,=,,IC50,nM,,13.0,CHEMBL203,Homo sapiens,Epidermal growth factor receptor,9606,,,IC50,nM,UO_0000065,,13.0
,,725652,[],CHEMBL621852,Inhibition of EGF-dependent autophosphorylation of EGF-R in A431 cells,F,,,BAO_0000190,BAO_0000219,cell-based format,CNc1cc2c(Nc3cccc(Br)c3)ncnc2cn1,,,CHEMBL1131301,J Med Chem,1998,,,CHEMBL53753,,CHEMBL53753,4.89,0,http://www.openphacts.org/units/Nanomolar,322299,=,1,1,=,,IC50,nM,,13000.0,CHEMBL203,Homo sapiens,Epidermal growth factor receptor,9606,,,IC50,uM,UO_0000065,,13.0
,,726661,[],CHEMBL677212,Inhibition of epidermal growth factor receptor (EGF-R),B,,,BAO_0000190,BAO_0000357,single protein format,CCN(CC)CCNC(=O)c1c(C)[nH]c(/C=C2\C(=O)Nc3ccc(Br)cc32)c1C,,,CHEMBL1136732,J Med Chem,2003,"{'bei': '10.88', 'le': '0.24', 'lle': '1.04', 'sei': '6.47'}",,CHEMBL13629,,CHEMBL13629,5.00,0,http://www.openphacts.org/units/Nanomolar,13430,=,1,1,=,,IC50,nM,,10000.0,CHEMBL203,Homo sapiens,Epidermal growth factor receptor,9606,,,IC50,uM,UO_0000065,,10.0
,,726671,[],CHEMBL677212,Inhibition of epidermal growth factor receptor (EGF-R),B,,,BAO_0000190,BAO_0000357,single protein format,Cc1[nH]c(/C=C2\C(=O)Nc3ccc(F)cc32)c(C)c1C(=O)NCCN1CCCC1,,,CHEMBL1136732,J Med Chem,2003,,,CHEMBL13608,TOCERANIB,CHEMBL13608,,0,http://www.openphacts.org/units/Nanomolar,13421,>,1,1,>,,IC50,nM,,20000.0,CHEMBL203,Homo sapiens,Epidermal growth factor receptor,9606,,,IC50,uM,UO_0000065,,20.0
,,726940,[],CHEMBL674648,Inhibit of phosphorylation of a tyrosine/glutamic acid copolymer by epidermal growth factor receptor prepared from human A431 carcinoma cell vesicles by immunoaffinity chromatography.,B,,,BAO_0000190,BAO_0000357,single protein format,CN1CCN(NCCCNc2cc3c(Nc4cccc(Br)c4)ncnc3cn2)CC1,,,CHEMBL1131301,J Med Chem,1998,"{'bei': '17.84', 'le': '0.38', 'lle': '5.33', 'sei': '10.35'}",,CHEMBL166307,,CHEMBL166307,8.41,0,http://www.openphacts.org/units/Nanomolar,322319,=,1,1,=,,IC50,nM,,3.9,CHEMBL203,Homo sapiens,Epidermal growth factor receptor,9606,,,IC50,nM,UO_0000065,,3.9
,,726941,[],CHEMBL621853,Inhibition of autophosphorylation of epidermal growth factor receptor in A431 cells in culture,F,,,BAO_0000190,BAO_0000219,cell-based format,CN1CCN(NCCCNc2cc3c(Nc4cccc(Br)c4)ncnc3cn2)CC1,,,CHEMBL1131301,J Med Chem,1998,,,CHEMBL166307,,CHEMBL166307,8.05,0,http://www.openphacts.org/units/Nanomolar,322319,=,1,1,=,,IC50,nM,,8.9,CHEMBL203,Homo sapiens,Epidermal growth factor receptor,9606,,,IC50,nM,UO_0000065,,8.9
,,726943,[],CHEMBL674648,Inhibit of phosphorylation of a tyrosine/glutamic acid copolymer by epidermal growth factor receptor prepared from human A431 carcinoma cell vesicles by immunoaffinity chromatography.,B,,,BAO_0000190,BAO_0000357,single protein format,Brc1cccc(Nc2ncnc3cnc(NCCc4ccccn4)cc23)c1,,,CHEMBL1131301,J Med Chem,1998,"{'bei': '21.17', 'le': '0.45', 'lle': '4.34', 'sei': '11.80'}",,CHEMBL162223,,CHEMBL162223,8.92,0,http://www.openphacts.org/units/Nanomolar,322298,=,1,1,=,,IC50,nM,,1.2,CHEMBL203,Homo sapiens,Epidermal growth factor receptor,9606,,,IC50,nM,UO_0000065,,1.2
,,726944,[],CHEMBL621853,Inhibition of autophosphorylation of epidermal growth factor receptor in A431 cells in culture,F,,,BAO_0000190,BAO_0000219,cell-based format,Brc1cccc(Nc2ncnc3cnc(NCCc4ccccn4)cc23)c1,,,CHEMBL1131301,J Med Chem,1998,,,CHEMBL162223,,CHEMBL162223,8.09,0,http://www.openphacts.org/units/Nanomolar,322298,=,1,1,=,,IC50,nM,,8.1,CHEMBL203,Homo sapiens,Epidermal growth factor receptor,9606,,,IC50,nM,UO_0000065,,8.1
,,727654,[],CHEMBL674015,Tested in vitro for inhibition of EGF-receptor tyrosine kinase,B,,,BAO_0000190,BAO_0000357,single protein format,COc1cccc(-c2cn(-c3ccccc3)c3ncnc(N)c23)c1,,,CHEMBL1133080,Bioorg Med Chem Lett,2000,"{'bei': '19.92', 'le': '0.36', 'lle': '2.62', 'sei': '9.55'}",,CHEMBL172973,,CHEMBL172973,6.30,0,http://www.openphacts.org/units/Nanomolar,343969,=,1,1,=,,IC50,nM,,500.0,CHEMBL203,Homo sapiens,Epidermal growth factor receptor,9606,,,IC50,uM,UO_0000065,,0.5
,,727660,[],CHEMBL674012,Tested for inhibition of EGF-receptor tyrosine kinase in intact cells,B,,,BAO_0000190,BAO_0000219,cell-based format,COc1cccc(-c2cn(-c3ccccc3)c3ncnc(N)c23)c1,,,CHEMBL1133080,Bioorg Med Chem Lett,2000,,,CHEMBL172973,,CHEMBL172973,,0,http://www.openphacts.org/units/Nanomolar,343969,>,1,1,>,,IC50,nM,,10000.0,CHEMBL203,Homo sapiens,Epidermal growth factor receptor,9606,,,IC50,uM,UO_0000065,,10.0
,,727663,[],CHEMBL674015,Tested in vitro for inhibition of EGF-receptor tyrosine kinase,B,,,BAO_0000190,BAO_0000357,single protein format,Nc1ncnc2c1c(-c1ccccc1)cn2-c1ccc(CNCCO)cc1,,,CHEMBL1133080,Bioorg Med Chem Lett,2000,"{'bei': '16.29', 'le': '0.30', 'lle': '3.10', 'sei': '6.58'}",,CHEMBL173453,,CHEMBL173453,5.85,0,http://www.openphacts.org/units/Nanomolar,343964,=,1,1,=,,IC50,nM,,1400.0,CHEMBL203,Homo sapiens,Epidermal growth factor receptor,9606,,,IC50,uM,UO_0000065,,1.4
,Not Determined,727669,[],CHEMBL674013,Inhibition of EGF-receptor tyrosine kinase (Not determined),B,,,BAO_0000190,BAO_0000357,single protein format,Nc1ncnc2c1c(-c1ccccc1)cn2-c1ccc(CNCCO)cc1,,,CHEMBL1133080,Bioorg Med Chem Lett,2000,,,CHEMBL173453,,CHEMBL173453,,0,http://www.openphacts.org/units/Nanomolar,343964,,1,0,,,IC50,nM,,,CHEMBL203,Homo sapiens,Epidermal growth factor receptor,9606,,,IC50,uM,UO_0000065,,
,,728236,[],CHEMBL674648,Inhibit of phosphorylation of a tyrosine/glutamic acid copolymer by epidermal growth factor receptor prepared from human A431 carcinoma cell vesicles by immunoaffinity chromatography.,B,,,BAO_0000190,BAO_0000357,single protein format,CN1CCN(c2cc3c(Nc4cccc(Br)c4)ncnc3cn2)CC1,,,CHEMBL1131301,J Med Chem,1998,"{'bei': '20.52', 'le': '0.45', 'lle': '4.91', 'sei': '14.33'}",,CHEMBL162719,,CHEMBL162719,8.19,0,http://www.openphacts.org/units/Nanomolar,322295,=,1,1,=,,IC50,nM,,6.4,CHEMBL203,Homo sapiens,Epidermal growth factor receptor,9606,,,IC50,nM,UO_0000065,,6.4
,,728237,[],CHEMBL621853,Inhibition of autophosphorylation of epidermal growth factor receptor in A431 cells in culture,F,,,BAO_0000190,BAO_0000219,cell-based format,CN1CCN(c2cc3c(Nc4cccc(Br)c4)ncnc3cn2)CC1,,,CHEMBL1131301,J Med Chem,1998,,,CHEMBL162719,,CHEMBL162719,6.99,0,http://www.openphacts.org/units/Nanomolar,322295,=,1,1,=,,IC50,nM,,102.0,CHEMBL203,Homo sapiens,Epidermal growth factor receptor,9606,,,IC50,nM,UO_0000065,,102.0
,,729369,[],CHEMBL676233,Inhibition of tyrosine/glutamic acid copolymer phosphorylation by epidermal growth factor receptor prepared of human A431,B,,,BAO_0000190,BAO_0000357,single protein format,CNc1cc2c(Nc3cccc(C)c3)ncnc2cn1,,,CHEMBL1131301,J Med Chem,1998,"{'bei': '35.23', 'le': '0.64', 'lle': '6.23', 'sei': '14.90'}",,CHEMBL162821,,CHEMBL162821,9.35,0,http://www.openphacts.org/units/Nanomolar,322306,=,1,1,=,,IC50,nM,,0.45,CHEMBL203,Homo sapiens,Epidermal growth factor receptor,9606,,,IC50,nM,UO_0000065,,0.45
,,729370,[],CHEMBL621853,Inhibition of autophosphorylation of epidermal growth factor receptor in A431 cells in culture,F,,,BAO_0000190,BAO_0000219,cell-based format,CNc1cc2c(Nc3cccc(C)c3)ncnc2cn1,,,CHEMBL1131301,J Med Chem,1998,,,CHEMBL162821,,CHEMBL162821,7.64,0,http://www.openphacts.org/units/Nanomolar,322306,=,1,1,=,,IC50,nM,,23.0,CHEMBL203,Homo sapiens,Epidermal growth factor receptor,9606,,,IC50,nM,UO_0000065,,23.0
,,729938,[],CHEMBL674015,Tested in vitro for inhibition of EGF-receptor tyrosine kinase,B,,,BAO_0000190,BAO_0000357,single protein format,COc1cccc(-c2cn(-c3ccc(CCN(C)CCO)cc3)c3ncnc(N)c23)c1,,,CHEMBL1133080,Bioorg Med Chem Lett,2000,"{'bei': '15.62', 'le': '0.29', 'lle': '3.38', 'sei': '7.29'}",,CHEMBL105436,,CHEMBL105436,6.52,0,http://www.openphacts.org/units/Nanomolar,343961,=,1,1,=,,IC50,nM,,300.0,CHEMBL203,Homo sapiens,Epidermal growth factor receptor,9606,,,IC50,uM,UO_0000065,,0.3
,,729944,[],CHEMBL674012,Tested for inhibition of EGF-receptor tyrosine kinase in intact cells,B,,,BAO_0000190,BAO_0000219,cell-based format,COc1cccc(-c2cn(-c3ccc(CCN(C)CCO)cc3)c3ncnc(N)c23)c1,,,CHEMBL1133080,Bioorg Med Chem Lett,2000,"{'bei': '11.98', 'le': '0.22', 'lle': '1.86', 'sei': '5.59'}",,CHEMBL105436,,CHEMBL105436,5.00,0,http://www.openphacts.org/units/Nanomolar,343961,=,1,1,=,,IC50,nM,,10000.0,CHEMBL203,Homo sapiens,Epidermal growth factor receptor,9606,,,IC50,uM,UO_0000065,,10.0
,,730448,[],CHEMBL674648,Inhibit of phosphorylation of a tyrosine/glutamic acid copolymer by epidermal growth factor receptor prepared from human A431 carcinoma cell vesicles by immunoaffinity chromatography.,B,,,BAO_0000190,BAO_0000357,single protein format,CN(C)CCN(C)c1cc2c(Nc3cccc(Br)c3)ncnc2cn1,,,CHEMBL1131301,J Med Chem,1998,"{'bei': '20.16', 'le': '0.44', 'lle': '4.56', 'sei': '14.15'}",,CHEMBL162053,,CHEMBL162053,8.09,0,http://www.openphacts.org/units/Nanomolar,322324,=,1,1,=,,IC50,nM,,8.1,CHEMBL203,Homo sapiens,Epidermal growth factor receptor,9606,,,IC50,nM,UO_0000065,,8.1
,,730449,[],CHEMBL621853,Inhibition of autophosphorylation of epidermal growth factor receptor in A431 cells in culture,F,,,BAO_0000190,BAO_0000219,cell-based format,CN(C)CCN(C)c1cc2c(Nc3cccc(Br)c3)ncnc2cn1,,,CHEMBL1131301,J Med Chem,1998,,,CHEMBL162053,,CHEMBL162053,7.34,0,http://www.openphacts.org/units/Nanomolar,322324,=,1,1,=,,IC50,nM,,46.0,CHEMBL203,Homo sapiens,Epidermal growth factor receptor,9606,,,IC50,nM,UO_0000065,,46.0
,,730451,[],CHEMBL674648,Inhibit of phosphorylation of a tyrosine/glutamic acid copolymer by epidermal growth factor receptor prepared from human A431 carcinoma cell vesicles by immunoaffinity chromatography.,B,,,BAO_0000190,BAO_0000357,single protein format,Brc1cccc(Nc2ncnc3cnc(NCCCN4CCOCC4)cc23)c1,,,CHEMBL1131301,J Med Chem,1998,"{'bei': '20.30', 'le': '0.44', 'lle': '5.33', 'sei': '11.97'}",,CHEMBL165574,,CHEMBL165574,9.00,0,http://www.openphacts.org/units/Nanomolar,322318,=,1,1,=,,IC50,nM,,1.0,CHEMBL203,Homo sapiens,Epidermal growth factor receptor,9606,,,IC50,nM,UO_0000065,,1.0
,,730452,[],CHEMBL621853,Inhibition of autophosphorylation of epidermal growth factor receptor in A431 cells in culture,F,,,BAO_0000190,BAO_0000219,cell-based format,Brc1cccc(Nc2ncnc3cnc(NCCCN4CCOCC4)cc23)c1,,,CHEMBL1131301,J Med Chem,1998,,,CHEMBL165574,,CHEMBL165574,8.23,0,http://www.openphacts.org/units/Nanomolar,322318,=,1,1,=,,IC50,nM,,5.9,CHEMBL203,Homo sapiens,Epidermal growth factor receptor,9606,,,IC50,nM,UO_0000065,,5.9
,Not Determined,732291,[],CHEMBL674016,Inhibition of EGF-receptor tyrosine kinase (Not determined),B,,,BAO_0000190,BAO_0000357,single protein format,Clc1ncnc2c1c(-c1ccccc1)cn2-c1ccccc1,,,CHEMBL1133080,Bioorg Med Chem Lett,2000,,,CHEMBL426229,,CHEMBL426229,,0,http://www.openphacts.org/units/Nanomolar,343965,,1,0,,,IC50,nM,,,CHEMBL203,Homo sapiens,Epidermal growth factor receptor,9606,,,IC50,uM,UO_0000065,,
,,732757,[],CHEMBL674648,Inhibit of phosphorylation of a tyrosine/glutamic acid copolymer by epidermal growth factor receptor prepared from human A431 carcinoma cell vesicles by immunoaffinity chromatography.,B,,,BAO_0000190,BAO_0000357,single protein format,CNc1cc2c(Nc3ccccc3)ncnc2cn1,,,CHEMBL1131301,J Med Chem,1998,"{'bei': '32.02', 'le': '0.58', 'lle': '5.24', 'sei': '12.83'}",,CHEMBL53940,,CHEMBL53940,8.05,1,http://www.openphacts.org/units/Nanomolar,322291,=,1,1,=,,IC50,nM,,9.0,CHEMBL203,Homo sapiens,Epidermal growth factor receptor,9606,,,IC50,nM,UO_0000065,,9.0
,,732758,[],CHEMBL674648,Inhibit of phosphorylation of a tyrosine/glutamic acid copolymer by epidermal growth factor receptor prepared from human A431 carcinoma cell vesicles by immunoaffinity chromatography.,B,,,BAO_0000190,BAO_0000357,single protein format,CNc1cc2c(Nc3cccc(C(F)(F)F)c3)ncnc2cn1,,,CHEMBL1131301,J Med Chem,1998,"{'bei': '28.06', 'le': '0.53', 'lle': '5.13', 'sei': '14.28'}",,CHEMBL165788,,CHEMBL165788,8.96,0,http://www.openphacts.org/units/Nanomolar,322301,=,1,1,=,,IC50,nM,,1.1,CHEMBL203,Homo sapiens,Epidermal growth factor receptor,9606,,,IC50,nM,UO_0000065,,1.1
,,734069,[],CHEMBL674648,Inhibit of phosphorylation of a tyrosine/glutamic acid copolymer by epidermal growth factor receptor prepared from human A431 carcinoma cell vesicles by immunoaffinity chromatography.,B,,,BAO_0000190,BAO_0000357,single protein format,OCC(O)CNc1cc2c(Nc3cccc(Br)c3)ncnc2cn1,,,CHEMBL1131301,J Med Chem,1998,"{'bei': '24.97', 'le': '0.55', 'lle': '7.44', 'sei': '9.44'}",,CHEMBL166093,,CHEMBL166093,9.74,0,http://www.openphacts.org/units/Nanomolar,322314,=,1,1,=,,IC50,nM,,0.18,CHEMBL203,Homo sapiens,Epidermal growth factor receptor,9606,,,IC50,nM,UO_0000065,,0.18
,,735251,[],CHEMBL674648,Inhibit of phosphorylation of a tyrosine/glutamic acid copolymer by epidermal growth factor receptor prepared from human A431 carcinoma cell vesicles by immunoaffinity chromatography.,B,,,BAO_0000190,BAO_0000357,single protein format,CN(C)CCCCNc1cc2c(Nc3cccc(Br)c3)ncnc2cn1,,,CHEMBL1131301,J Med Chem,1998,"{'bei': '21.05', 'le': '0.46', 'lle': '4.46', 'sei': '13.26'}",,CHEMBL349070,,CHEMBL349070,8.74,0,http://www.openphacts.org/units/Nanomolar,322310,=,1,1,=,,IC50,nM,,1.8,CHEMBL203,Homo sapiens,Epidermal growth factor receptor,9606,,,IC50,nM,UO_0000065,,1.8
,,735252,[],CHEMBL621853,Inhibition of autophosphorylation of epidermal growth factor receptor in A431 cells in culture,F,,,BAO_0000190,BAO_0000219,cell-based format,CN(C)CCCCNc1cc2c(Nc3cccc(Br)c3)ncnc2cn1,,,CHEMBL1131301,J Med Chem,1998,,,CHEMBL349070,,CHEMBL349070,7.72,0,http://www.openphacts.org/units/Nanomolar,322310,=,1,1,=,,IC50,nM,,19.0,CHEMBL203,Homo sapiens,Epidermal growth factor receptor,9606,,,IC50,nM,UO_0000065,,19.0
,,735998,[],CHEMBL674015,Tested in vitro for inhibition of EGF-receptor tyrosine kinase,B,,,BAO_0000190,BAO_0000357,single protein format,COc1cccc(-c2cn(-c3ccc(CC(=O)NCCO)cc3)c3ncnc(N)c23)c1,,,CHEMBL1133080,Bioorg Med Chem Lett,2000,"{'bei': '14.60', 'le': '0.27', 'lle': '3.77', 'sei': '5.29'}",,CHEMBL175409,,CHEMBL175409,6.10,0,http://www.openphacts.org/units/Nanomolar,343962,=,1,1,=,,IC50,nM,,800.0,CHEMBL203,Homo sapiens,Epidermal growth factor receptor,9606,,,IC50,uM,UO_0000065,,0.8
,Not Determined,736004,[],CHEMBL674013,Inhibition of EGF-receptor tyrosine kinase (Not determined),B,,,BAO_0000190,BAO_0000357,single protein format,COc1cccc(-c2cn(-c3ccc(CC(=O)NCCO)cc3)c3ncnc(N)c23)c1,,,CHEMBL1133080,Bioorg Med Chem Lett,2000,,,CHEMBL175409,,CHEMBL175409,,0,http://www.openphacts.org/units/Nanomolar,343962,,1,0,,,IC50,nM,,,CHEMBL203,Homo sapiens,Epidermal growth factor receptor,9606,,,IC50,uM,UO_0000065,,
,,736015,[],CHEMBL674025,Inhibition of EGFR kinase,B,,,BAO_0000190,BAO_0000357,single protein format,CN1CCC(O)(c2nc(-c3ccc(F)cc3)c(-c3ccncc3)o2)CC1,,,CHEMBL1132910,Bioorg Med Chem Lett,2000,"{'bei': '17.26', 'le': '0.32', 'lle': '2.64', 'sei': '9.77'}",,CHEMBL22978,,CHEMBL22978,6.10,0,http://www.openphacts.org/units/Nanomolar,30832,=,1,1,=,,IC50,nM,,797.0,CHEMBL203,Homo sapiens,Epidermal growth factor receptor,9606,,,IC50,uM,UO_0000065,,0.797
,,736586,[],CHEMBL674648,Inhibit of phosphorylation of a tyrosine/glutamic acid copolymer by epidermal growth factor receptor prepared from human A431 carcinoma cell vesicles by immunoaffinity chromatography.,B,,,BAO_0000190,BAO_0000357,single protein format,Brc1cccc(Nc2ncnc3cnc(NCCc4c[nH]cn4)cc23)c1,,,CHEMBL1131301,J Med Chem,1998,"{'bei': '22.20', 'le': '0.48', 'lle': '5.20', 'sei': '9.96'}",,CHEMBL162142,,CHEMBL162142,9.11,0,http://www.openphacts.org/units/Nanomolar,322297,=,1,1,=,,IC50,nM,,0.78,CHEMBL203,Homo sapiens,Epidermal growth factor receptor,9606,,,IC50,nM,UO_0000065,,0.78
,,736587,[],CHEMBL621853,Inhibition of autophosphorylation of epidermal growth factor receptor in A431 cells in culture,F,,,BAO_0000190,BAO_0000219,cell-based format,Brc1cccc(Nc2ncnc3cnc(NCCc4c[nH]cn4)cc23)c1,,,CHEMBL1131301,J Med Chem,1998,,,CHEMBL162142,,CHEMBL162142,8.20,0,http://www.openphacts.org/units/Nanomolar,322297,=,1,1,=,,IC50,nM,,6.3,CHEMBL203,Homo sapiens,Epidermal growth factor receptor,9606,,,IC50,nM,UO_0000065,,6.3
,,738031,[],CHEMBL674648,Inhibit of phosphorylation of a tyrosine/glutamic acid copolymer by epidermal growth factor receptor prepared from human A431 carcinoma cell vesicles by immunoaffinity chromatography.,B,,,BAO_0000190,BAO_0000357,single protein format,Brc1cccc(Nc2ncnc3cnc(NCc4cccnc4)cc23)c1,,,CHEMBL1131301,J Med Chem,1998,"{'bei': '21.67', 'le': '0.46', 'lle': '4.28', 'sei': '11.67'}",,CHEMBL165508,,CHEMBL165508,8.82,0,http://www.openphacts.org/units/Nanomolar,322321,=,1,1,=,,IC50,nM,,1.5,CHEMBL203,Homo sapiens,Epidermal growth factor receptor,9606,,,IC50,nM,UO_0000065,,1.5
,,738032,[],CHEMBL621853,Inhibition of autophosphorylation of epidermal growth factor receptor in A431 cells in culture,F,,,BAO_0000190,BAO_0000219,cell-based format,Brc1cccc(Nc2ncnc3cnc(NCc4cccnc4)cc23)c1,,,CHEMBL1131301,J Med Chem,1998,,,CHEMBL165508,,CHEMBL165508,7.89,0,http://www.openphacts.org/units/Nanomolar,322321,=,1,1,=,,IC50,nM,,13.0,CHEMBL203,Homo sapiens,Epidermal growth factor receptor,9606,,,IC50,nM,UO_0000065,,13.0
,,738048,[],CHEMBL674648,Inhibit of phosphorylation of a tyrosine/glutamic acid copolymer by epidermal growth factor receptor prepared from human A431 carcinoma cell vesicles by immunoaffinity chromatography.,B,,,BAO_0000190,BAO_0000357,single protein format,CN(CC(O)CO)c1cc2c(Nc3cccc(Br)c3)ncnc2cn1,,,CHEMBL1131301,J Med Chem,1998,"{'bei': '22.89', 'le': '0.51', 'lle': '6.93', 'sei': '9.80'}",,CHEMBL165547,,CHEMBL165547,9.25,0,http://www.openphacts.org/units/Nanomolar,322313,=,1,1,=,,IC50,nM,,0.56,CHEMBL203,Homo sapiens,Epidermal growth factor receptor,9606,,,IC50,nM,UO_0000065,,0.56
,,739223,[],CHEMBL674648,Inhibit of phosphorylation of a tyrosine/glutamic acid copolymer by epidermal growth factor receptor prepared from human A431 carcinoma cell vesicles by immunoaffinity chromatography.,B,,,BAO_0000190,BAO_0000357,single protein format,OCCNc1cc2c(Nc3cccc(Br)c3)ncnc2cn1,,,CHEMBL1131301,J Med Chem,1998,"{'bei': '26.99', 'le': '0.60', 'lle': '6.78', 'sei': '11.72'}",,CHEMBL165864,,CHEMBL165864,9.72,0,http://www.openphacts.org/units/Nanomolar,322316,=,1,1,=,,IC50,nM,,0.19,CHEMBL203,Homo sapiens,Epidermal growth factor receptor,9606,,,IC50,nM,UO_0000065,,0.19
,,740166,[],CHEMBL677212,Inhibition of epidermal growth factor receptor (EGF-R),B,,,BAO_0000190,BAO_0000357,single protein format,Cc1[nH]c(/C=C2\C(=O)Nc3ccc(F)cc32)c(C)c1C(=O)NCC1CCN(C)CC1,,,CHEMBL1136732,J Med Chem,2003,,,CHEMBL13983,,CHEMBL13983,,0,http://www.openphacts.org/units/Nanomolar,13425,=,1,0,=,,IC50,nM,,,CHEMBL203,Homo sapiens,Epidermal growth factor receptor,9606,,,IC50,uM,UO_0000065,,
,,740499,[],CHEMBL674648,Inhibit of phosphorylation of a tyrosine/glutamic acid copolymer by epidermal growth factor receptor prepared from human A431 carcinoma cell vesicles by immunoaffinity chromatography.,B,,,BAO_0000190,BAO_0000357,single protein format,Cc1cccc(Nc2ncnc3cnc(NCCc4c[nH]cn4)cc23)c1,,,CHEMBL1131301,J Med Chem,1998,"{'bei': '25.73', 'le': '0.47', 'lle': '5.44', 'sei': '9.72'}",,CHEMBL161895,,CHEMBL161895,8.89,0,http://www.openphacts.org/units/Nanomolar,322302,=,1,1,=,,IC50,nM,,1.3,CHEMBL203,Homo sapiens,Epidermal growth factor receptor,9606,,,IC50,nM,UO_0000065,,1.3
,,740501,[],CHEMBL676233,Inhibition of tyrosine/glutamic acid copolymer phosphorylation by epidermal growth factor receptor prepared of human A431,B,,,BAO_0000190,BAO_0000357,single protein format,CCN(CC)CC(O)CNc1cc2c(Nc3cccc(Br)c3)ncnc2cn1,,,CHEMBL1131301,J Med Chem,1998,"{'bei': '18.72', 'le': '0.41', 'lle': '4.69', 'sei': '9.67'}",,CHEMBL433520,,CHEMBL433520,8.34,0,http://www.openphacts.org/units/Nanomolar,322309,=,1,1,=,,IC50,nM,,4.6,CHEMBL203,Homo sapiens,Epidermal growth factor receptor,9606,,,IC50,nM,UO_0000065,,4.6
,,740502,[],CHEMBL621853,Inhibition of autophosphorylation of epidermal growth factor receptor in A431 cells in culture,F,,,BAO_0000190,BAO_0000219,cell-based format,CCN(CC)CC(O)CNc1cc2c(Nc3cccc(Br)c3)ncnc2cn1,,,CHEMBL1131301,J Med Chem,1998,,,CHEMBL433520,,CHEMBL433520,7.55,0,http://www.openphacts.org/units/Nanomolar,322309,=,1,1,=,,IC50,nM,,28.0,CHEMBL203,Homo sapiens,Epidermal growth factor receptor,9606,,,IC50,nM,UO_0000065,,28.0
,,740503,[],CHEMBL621852,Inhibition of EGF-dependent autophosphorylation of EGF-R in A431 cells,F,,,BAO_0000190,BAO_0000219,cell-based format,CCN(CC)CC(O)CNc1cc2c(Nc3cccc(Br)c3)ncnc2cn1,,,CHEMBL1131301,J Med Chem,1998,,,CHEMBL433520,,CHEMBL433520,4.55,0,http://www.openphacts.org/units/Nanomolar,322309,=,1,1,=,,IC50,nM,,28000.0,CHEMBL203,Homo sapiens,Epidermal growth factor receptor,9606,,,IC50,uM,UO_0000065,,28.0
,,740505,[],CHEMBL673924,Inhibition of tyrosine/glutamic acid copolymer phosphorylation by epidermal growth factor receptor prepared of human A431,B,,,BAO_0000190,BAO_0000357,single protein format,CCN(CC)CC(O)CNc1cc2c(Nc3cccc(Br)c3)ncnc2cn1,,,CHEMBL1131301,J Med Chem,1998,"{'bei': '18.72', 'le': '0.41', 'lle': '4.69', 'sei': '9.67'}",,CHEMBL433520,,CHEMBL433520,8.34,0,http://www.openphacts.org/units/Nanomolar,322309,=,1,1,=,,IC50,nM,,4.6,CHEMBL203,Homo sapiens,Epidermal growth factor receptor,9606,,,IC50,uM,UO_0000065,,0.0046
,,741235,[],CHEMBL674015,Tested in vitro for inhibition of EGF-receptor tyrosine kinase,B,,,BAO_0000190,BAO_0000357,single protein format,COc1cccc(-c2cn(-c3cccc(CO)c3)c3ncnc(N)c23)c1,,,CHEMBL1133080,Bioorg Med Chem Lett,2000,"{'bei': '17.60', 'le': '0.32', 'lle': '2.93', 'sei': '7.07'}",,CHEMBL176815,,CHEMBL176815,6.10,0,http://www.openphacts.org/units/Nanomolar,343954,=,1,1,=,,IC50,nM,,800.0,CHEMBL203,Homo sapiens,Epidermal growth factor receptor,9606,,,IC50,uM,UO_0000065,,0.8
,,741240,[],CHEMBL674015,Tested in vitro for inhibition of EGF-receptor tyrosine kinase,B,,,BAO_0000190,BAO_0000357,single protein format,COc1cccc(-c2cn(-c3ccc(CNCCO)cc3)c3ncnc(N)c23)c1,,,CHEMBL1133080,Bioorg Med Chem Lett,2000,"{'bei': '16.75', 'le': '0.31', 'lle': '3.76', 'sei': '6.64'}",,CHEMBL424375,,CHEMBL424375,6.52,0,http://www.openphacts.org/units/Nanomolar,343963,=,1,1,=,,IC50,nM,,300.0,CHEMBL203,Homo sapiens,Epidermal growth factor receptor,9606,,,IC50,uM,UO_0000065,,0.3
,,741246,[],CHEMBL674012,Tested for inhibition of EGF-receptor tyrosine kinase in intact cells,B,,,BAO_0000190,BAO_0000219,cell-based format,COc1cccc(-c2cn(-c3ccc(CNCCO)cc3)c3ncnc(N)c23)c1,,,CHEMBL1133080,Bioorg Med Chem Lett,2000,"{'bei': '13.34', 'le': '0.24', 'lle': '2.43', 'sei': '5.29'}",,CHEMBL424375,,CHEMBL424375,5.19,0,http://www.openphacts.org/units/Nanomolar,343963,=,1,1,=,,IC50,nM,,6400.0,CHEMBL203,Homo sapiens,Epidermal growth factor receptor,9606,,,IC50,uM,UO_0000065,,6.4
,,741555,[],CHEMBL677212,Inhibition of epidermal growth factor receptor (EGF-R),B,,,BAO_0000190,BAO_0000357,single protein format,Cc1[nH]c(/C=C2\C(=O)Nc3ccc(F)cc32)c(C)c1C(=O)NCCN(C)C,,,CHEMBL1136732,J Med Chem,2003,,,CHEMBL13976,,CHEMBL13976,,0,http://www.openphacts.org/units/Nanomolar,13426,>,1,1,>,,IC50,nM,,20000.0,CHEMBL203,Homo sapiens,Epidermal growth factor receptor,9606,,,IC50,uM,UO_0000065,,20.0
,,742603,[],CHEMBL674015,Tested in vitro for inhibition of EGF-receptor tyrosine kinase,B,,,BAO_0000190,BAO_0000357,single protein format,CNc1ncnc2c1c(-c1ccccc1)cn2-c1ccccc1,,,CHEMBL1133080,Bioorg Med Chem Lett,2000,"{'bei': '15.01', 'le': '0.27', 'lle': '0.38', 'sei': '10.55'}",,CHEMBL366831,,CHEMBL366831,4.51,0,http://www.openphacts.org/units/Nanomolar,343967,=,1,1,=,,IC50,nM,,31000.0,CHEMBL203,Homo sapiens,Epidermal growth factor receptor,9606,,,IC50,uM,UO_0000065,,31.0
,,742608,[],CHEMBL674015,Tested in vitro for inhibition of EGF-receptor tyrosine kinase,B,,,BAO_0000190,BAO_0000357,single protein format,Nc1ncnc2c1c(-c1ccccc1)cn2-c1cccc(CO)c1,,,CHEMBL1133080,Bioorg Med Chem Lett,2000,"{'bei': '19.67', 'le': '0.35', 'lle': '3.06', 'sei': '8.08'}",,CHEMBL173478,,CHEMBL173478,6.22,0,http://www.openphacts.org/units/Nanomolar,343956,=,1,1,=,,IC50,nM,,600.0,CHEMBL203,Homo sapiens,Epidermal growth factor receptor,9606,,,IC50,uM,UO_0000065,,0.6
,,742614,[],CHEMBL674012,Tested for inhibition of EGF-receptor tyrosine kinase in intact cells,B,,,BAO_0000190,BAO_0000219,cell-based format,Nc1ncnc2c1c(-c1ccccc1)cn2-c1cccc(CO)c1,,,CHEMBL1133080,Bioorg Med Chem Lett,2000,"{'bei': '15.55', 'le': '0.28', 'lle': '1.76', 'sei': '6.39'}",,CHEMBL173478,,CHEMBL173478,4.92,0,http://www.openphacts.org/units/Nanomolar,343956,=,1,1,=,,IC50,nM,,12000.0,CHEMBL203,Homo sapiens,Epidermal growth factor receptor,9606,,,IC50,uM,UO_0000065,,12.0
,,743244,[],CHEMBL674648,Inhibit of phosphorylation of a tyrosine/glutamic acid copolymer by epidermal growth factor receptor prepared from human A431 carcinoma cell vesicles by immunoaffinity chromatography.,B,,,BAO_0000190,BAO_0000357,single protein format,O=C(O)CNc1cc2c(Nc3cccc(Br)c3)ncnc2cn1,,,CHEMBL1131301,J Med Chem,1998,"{'bei': '25.53', 'le': '0.57', 'lle': '6.52', 'sei': '9.55'}",,CHEMBL355816,,CHEMBL355816,9.55,0,http://www.openphacts.org/units/Nanomolar,322294,=,1,1,=,,IC50,nM,,0.28,CHEMBL203,Homo sapiens,Epidermal growth factor receptor,9606,,,IC50,nM,UO_0000065,,0.28
,,743245,[],CHEMBL674648,Inhibit of phosphorylation of a tyrosine/glutamic acid copolymer by epidermal growth factor receptor prepared from human A431 carcinoma cell vesicles by immunoaffinity chromatography.,B,,,BAO_0000190,BAO_0000357,single protein format,CNc1cc2c(Nc3cccc(Cl)c3)ncnc2cn1,,,CHEMBL1131301,J Med Chem,1998,"{'bei': '34.02', 'le': '0.66', 'lle': '6.26', 'sei': '15.50'}",,CHEMBL166154,,CHEMBL166154,9.72,0,http://www.openphacts.org/units/Nanomolar,322290,=,1,1,=,,IC50,nM,,0.19,CHEMBL203,Homo sapiens,Epidermal growth factor receptor,9606,,,IC50,nM,UO_0000065,,0.19
,,743247,[],CHEMBL674648,Inhibit of phosphorylation of a tyrosine/glutamic acid copolymer by epidermal growth factor receptor prepared from human A431 carcinoma cell vesicles by immunoaffinity chromatography.,B,,,BAO_0000190,BAO_0000357,single protein format,Cc1cccc(Nc2ncnc3cnc(N(C)C)cc23)c1,,,CHEMBL1131301,J Med Chem,1998,"{'bei': '30.62', 'le': '0.56', 'lle': '5.41', 'sei': '15.86'}",,CHEMBL163188,,CHEMBL163188,8.55,0,http://www.openphacts.org/units/Nanomolar,322305,=,1,1,=,,IC50,nM,,2.8,CHEMBL203,Homo sapiens,Epidermal growth factor receptor,9606,,,IC50,nM,UO_0000065,,2.8
,,744557,[],CHEMBL674648,Inhibit of phosphorylation of a tyrosine/glutamic acid copolymer by epidermal growth factor receptor prepared from human A431 carcinoma cell vesicles by immunoaffinity chromatography.,B,,,BAO_0000190,BAO_0000357,single protein format,O=C(O)CCNc1cc2c(Nc3cccc(Br)c3)ncnc2cn1,,,CHEMBL1131301,J Med Chem,1998,"{'bei': '19.50', 'le': '0.43', 'lle': '4.15', 'sei': '7.57'}",,CHEMBL163168,,CHEMBL163168,7.57,0,http://www.openphacts.org/units/Nanomolar,322292,=,1,1,=,,IC50,nM,,27.0,CHEMBL203,Homo sapiens,Epidermal growth factor receptor,9606,,,IC50,nM,UO_0000065,,27.0
,,744558,[],CHEMBL621853,Inhibition of autophosphorylation of epidermal growth factor receptor in A431 cells in culture,F,,,BAO_0000190,BAO_0000219,cell-based format,O=C(O)CCNc1cc2c(Nc3cccc(Br)c3)ncnc2cn1,,,CHEMBL1131301,J Med Chem,1998,,,CHEMBL163168,,CHEMBL163168,6.35,0,http://www.openphacts.org/units/Nanomolar,322292,=,1,1,=,,IC50,nM,,449.0,CHEMBL203,Homo sapiens,Epidermal growth factor receptor,9606,,,IC50,nM,UO_0000065,,449.0
,,745576,[],CHEMBL677212,Inhibition of epidermal growth factor receptor (EGF-R),B,,,BAO_0000190,BAO_0000357,single protein format,CCN(CC)CCNC(=O)c1c(C)[nH]c(/C=C2\C(=O)Nc3ccccc32)c1C,,,CHEMBL1136732,J Med Chem,2003,,,CHEMBL275117,,CHEMBL275117,,0,http://www.openphacts.org/units/Nanomolar,13431,>,1,1,>,,IC50,nM,,20000.0,CHEMBL203,Homo sapiens,Epidermal growth factor receptor,9606,,,IC50,uM,UO_0000065,,20.0
,,746477,[],CHEMBL674015,Tested in vitro for inhibition of EGF-receptor tyrosine kinase,B,,,BAO_0000190,BAO_0000357,single protein format,Nc1ncnc2c1c(-c1ccccc1)cn2-c1ccccc1,,,CHEMBL1133080,Bioorg Med Chem Lett,2000,"{'bei': '22.01', 'le': '0.39', 'lle': '2.63', 'sei': '11.11'}",,CHEMBL169757,,CHEMBL169757,6.30,0,http://www.openphacts.org/units/Nanomolar,343970,=,1,1,=,,IC50,nM,,500.0,CHEMBL203,Homo sapiens,Epidermal growth factor receptor,9606,,,IC50,uM,UO_0000065,,0.5
,,746483,[],CHEMBL674012,Tested for inhibition of EGF-receptor tyrosine kinase in intact cells,B,,,BAO_0000190,BAO_0000219,cell-based format,Nc1ncnc2c1c(-c1ccccc1)cn2-c1ccccc1,,,CHEMBL1133080,Bioorg Med Chem Lett,2000,"{'bei': '19.29', 'le': '0.34', 'lle': '1.85', 'sei': '9.74'}",,CHEMBL169757,,CHEMBL169757,5.52,0,http://www.openphacts.org/units/Nanomolar,343970,=,1,1,=,,IC50,nM,,3000.0,CHEMBL203,Homo sapiens,Epidermal growth factor receptor,9606,,,IC50,uM,UO_0000065,,3.0
,,747072,[],CHEMBL674648,Inhibit of phosphorylation of a tyrosine/glutamic acid copolymer by epidermal growth factor receptor prepared from human A431 carcinoma cell vesicles by immunoaffinity chromatography.,B,,,BAO_0000190,BAO_0000357,single protein format,Cc1cccc(Nc2ncnc3cnc(NCCCN4CCOCC4)cc23)c1,,,CHEMBL1131301,J Med Chem,1998,"{'bei': '23.10', 'le': '0.43', 'lle': '5.53', 'sei': '11.63'}",,CHEMBL162508,,CHEMBL162508,8.74,0,http://www.openphacts.org/units/Nanomolar,322303,=,1,1,=,,IC50,nM,,1.8,CHEMBL203,Homo sapiens,Epidermal growth factor receptor,9606,,,IC50,nM,UO_0000065,,1.8
,,747076,[],CHEMBL674648,Inhibit of phosphorylation of a tyrosine/glutamic acid copolymer by epidermal growth factor receptor prepared from human A431 carcinoma cell vesicles by immunoaffinity chromatography.,B,,,BAO_0000190,BAO_0000357,single protein format,CN(C)CCCNc1cc2c(Nc3cccc(Br)c3)ncnc2cn1,,,CHEMBL1131301,J Med Chem,1998,"{'bei': '22.23', 'le': '0.49', 'lle': '5.03', 'sei': '13.52'}",,CHEMBL166358,,CHEMBL166358,8.92,0,http://www.openphacts.org/units/Nanomolar,322311,=,1,1,=,,IC50,nM,,1.2,CHEMBL203,Homo sapiens,Epidermal growth factor receptor,9606,,,IC50,nM,UO_0000065,,1.2
,,747077,[],CHEMBL621853,Inhibition of autophosphorylation of epidermal growth factor receptor in A431 cells in culture,F,,,BAO_0000190,BAO_0000219,cell-based format,CN(C)CCCNc1cc2c(Nc3cccc(Br)c3)ncnc2cn1,,,CHEMBL1131301,J Med Chem,1998,,,CHEMBL166358,,CHEMBL166358,7.80,0,http://www.openphacts.org/units/Nanomolar,322311,=,1,1,=,,IC50,nM,,16.0,CHEMBL203,Homo sapiens,Epidermal growth factor receptor,9606,,,IC50,nM,UO_0000065,,16.0
,,748418,[],CHEMBL674648,Inhibit of phosphorylation of a tyrosine/glutamic acid copolymer by epidermal growth factor receptor prepared from human A431 carcinoma cell vesicles by immunoaffinity chromatography.,B,,,BAO_0000190,BAO_0000357,single protein format,Brc1cccc(Nc2ncnc3cnc(NCCCn4ccnc4)cc23)c1,,,CHEMBL1131301,J Med Chem,1998,"{'bei': '20.67', 'le': '0.44', 'lle': '4.54', 'sei': '10.89'}",,CHEMBL162981,,CHEMBL162981,8.77,0,http://www.openphacts.org/units/Nanomolar,322296,=,1,1,=,,IC50,nM,,1.7,CHEMBL203,Homo sapiens,Epidermal growth factor receptor,9606,,,IC50,nM,UO_0000065,,1.7
,,748419,[],CHEMBL621853,Inhibition of autophosphorylation of epidermal growth factor receptor in A431 cells in culture,F,,,BAO_0000190,BAO_0000219,cell-based format,Brc1cccc(Nc2ncnc3cnc(NCCCn4ccnc4)cc23)c1,,,CHEMBL1131301,J Med Chem,1998,,,CHEMBL162981,,CHEMBL162981,8.04,0,http://www.openphacts.org/units/Nanomolar,322296,=,1,1,=,,IC50,nM,,9.1,CHEMBL203,Homo sapiens,Epidermal growth factor receptor,9606,,,IC50,nM,UO_0000065,,9.1
,,749597,[],CHEMBL674648,Inhibit of phosphorylation of a tyrosine/glutamic acid copolymer by epidermal growth factor receptor prepared from human A431 carcinoma cell vesicles by immunoaffinity chromatography.,B,,,BAO_0000190,BAO_0000357,single protein format,Nc1cc2c(Nc3cccc(Br)c3)ncnc2cn1,,,CHEMBL1131301,J Med Chem,1998,"{'bei': '31.27', 'le': '0.71', 'lle': '6.78', 'sei': '12.89'}",,CHEMBL51853,,CHEMBL51853,9.89,1,http://www.openphacts.org/units/Nanomolar,322300,=,1,1,=,,IC50,nM,,0.13,CHEMBL203,Homo sapiens,Epidermal growth factor receptor,9606,,,IC50,nM,UO_0000065,,0.13
,,749598,[],CHEMBL621853,Inhibition of autophosphorylation of epidermal growth factor receptor in A431 cells in culture,F,,,BAO_0000190,BAO_0000219,cell-based format,Nc1cc2c(Nc3cccc(Br)c3)ncnc2cn1,,,CHEMBL1131301,J Med Chem,1998,,,CHEMBL51853,,CHEMBL51853,7.80,1,http://www.openphacts.org/units/Nanomolar,322300,=,1,1,=,,IC50,nM,,16.0,CHEMBL203,Homo sapiens,Epidermal growth factor receptor,9606,,,IC50,nM,UO_0000065,,16.0
,,750638,[],CHEMBL674694,Inhibition of Epidermal growth factor receptor,B,,,BAO_0000190,BAO_0000357,single protein format,O=C(Cc1ccc2ccccc2c1)Nc1cc(C2CC2)n[nH]1,,,CHEMBL1148336,J Med Chem,2004,,,CHEMBL115220,,CHEMBL115220,,0,http://www.openphacts.org/units/Nanomolar,215208,>,1,1,>,,IC50,nM,,10000.0,CHEMBL203,Homo sapiens,Epidermal growth factor receptor,9606,,,IC50,nM,UO_0000065,,10000.0
,,751795,[],CHEMBL677212,Inhibition of epidermal growth factor receptor (EGF-R),B,,,BAO_0000190,BAO_0000357,single protein format,CCN(CC)CCNC(=O)c1c(C)[nH]c(/C=C2\C(=O)Nc3ccc(F)cc32)c1C,,,CHEMBL1136732,J Med Chem,2003,,,CHEMBL535,SUNITINIB,CHEMBL535,,0,http://www.openphacts.org/units/Nanomolar,13428,>,1,1,>,,IC50,nM,,20000.0,CHEMBL203,Homo sapiens,Epidermal growth factor receptor,9606,,,IC50,uM,UO_0000065,,20.0
,,752015,[],CHEMBL676074,Inhibition of tyrosine/glutamic acid copolymer phosphorylation by epidermal growth factor receptor prepared of human A431,B,,,BAO_0000190,BAO_0000357,single protein format,CN(C)CCNc1cc2c(Nc3cccc(Br)c3)ncnc2cn1,,,CHEMBL1131301,J Med Chem,1998,"{'bei': '23.13', 'le': '0.51', 'lle': '5.46', 'sei': '13.58'}",,CHEMBL162034,,CHEMBL162034,8.96,0,http://www.openphacts.org/units/Nanomolar,322312,=,1,1,=,,IC50,nM,,1.1,CHEMBL203,Homo sapiens,Epidermal growth factor receptor,9606,,,IC50,nM,UO_0000065,,1.1
,,752016,[],CHEMBL621853,Inhibition of autophosphorylation of epidermal growth factor receptor in A431 cells in culture,F,,,BAO_0000190,BAO_0000219,cell-based format,CN(C)CCNc1cc2c(Nc3cccc(Br)c3)ncnc2cn1,,,CHEMBL1131301,J Med Chem,1998,,,CHEMBL162034,,CHEMBL162034,7.37,0,http://www.openphacts.org/units/Nanomolar,322312,=,1,1,=,,IC50,nM,,43.0,CHEMBL203,Homo sapiens,Epidermal growth factor receptor,9606,,,IC50,nM,UO_0000065,,43.0
,,752017,[],CHEMBL621852,Inhibition of EGF-dependent autophosphorylation of EGF-R in A431 cells,F,,,BAO_0000190,BAO_0000219,cell-based format,CN(C)CCNc1cc2c(Nc3cccc(Br)c3)ncnc2cn1,,,CHEMBL1131301,J Med Chem,1998,,,CHEMBL162034,,CHEMBL162034,4.37,0,http://www.openphacts.org/units/Nanomolar,322312,=,1,1,=,,IC50,nM,,43000.0,CHEMBL203,Homo sapiens,Epidermal growth factor receptor,9606,,,IC50,uM,UO_0000065,,43.0
,,752019,[],CHEMBL673924,Inhibition of tyrosine/glutamic acid copolymer phosphorylation by epidermal growth factor receptor prepared of human A431,B,,,BAO_0000190,BAO_0000357,single protein format,CN(C)CCNc1cc2c(Nc3cccc(Br)c3)ncnc2cn1,,,CHEMBL1131301,J Med Chem,1998,"{'bei': '23.13', 'le': '0.51', 'lle': '5.46', 'sei': '13.58'}",,CHEMBL162034,,CHEMBL162034,8.96,0,http://www.openphacts.org/units/Nanomolar,322312,=,1,1,=,,IC50,nM,,1.1,CHEMBL203,Homo sapiens,Epidermal growth factor receptor,9606,,,IC50,uM,UO_0000065,,0.0011
,,753172,[],CHEMBL674648,Inhibit of phosphorylation of a tyrosine/glutamic acid copolymer by epidermal growth factor receptor prepared from human A431 carcinoma cell vesicles by immunoaffinity chromatography.,B,,,BAO_0000190,BAO_0000357,single protein format,Brc1cccc(Nc2ncnc3cnc(NCCN4CCOCC4)cc23)c1,,,CHEMBL1131301,J Med Chem,1998,"{'bei': '21.40', 'le': '0.46', 'lle': '5.91', 'sei': '12.22'}",,CHEMBL162622,,CHEMBL162622,9.19,0,http://www.openphacts.org/units/Nanomolar,322323,=,1,1,=,,IC50,nM,,0.65,CHEMBL203,Homo sapiens,Epidermal growth factor receptor,9606,,,IC50,nM,UO_0000065,,0.65
,,753173,[],CHEMBL621853,Inhibition of autophosphorylation of epidermal growth factor receptor in A431 cells in culture,F,,,BAO_0000190,BAO_0000219,cell-based format,Brc1cccc(Nc2ncnc3cnc(NCCN4CCOCC4)cc23)c1,,,CHEMBL1131301,J Med Chem,1998,,,CHEMBL162622,,CHEMBL162622,8.10,0,http://www.openphacts.org/units/Nanomolar,322323,=,1,1,=,,IC50,nM,,7.9,CHEMBL203,Homo sapiens,Epidermal growth factor receptor,9606,,,IC50,nM,UO_0000065,,7.9
,,753174,[],CHEMBL621852,Inhibition of EGF-dependent autophosphorylation of EGF-R in A431 cells,F,,,BAO_0000190,BAO_0000219,cell-based format,Brc1cccc(Nc2ncnc3cnc(NCCN4CCOCC4)cc23)c1,,,CHEMBL1131301,J Med Chem,1998,,,CHEMBL162622,,CHEMBL162622,5.10,0,http://www.openphacts.org/units/Nanomolar,322323,=,1,1,=,,IC50,nM,,7900.0,CHEMBL203,Homo sapiens,Epidermal growth factor receptor,9606,,,IC50,uM,UO_0000065,,7.9
,,753176,[],CHEMBL673924,Inhibition of tyrosine/glutamic acid copolymer phosphorylation by epidermal growth factor receptor prepared of human A431,B,,,BAO_0000190,BAO_0000357,single protein format,Brc1cccc(Nc2ncnc3cnc(NCCN4CCOCC4)cc23)c1,,,CHEMBL1131301,J Med Chem,1998,"{'bei': '21.32', 'le': '0.46', 'lle': '5.87', 'sei': '12.17'}",,CHEMBL162622,,CHEMBL162622,9.15,0,http://www.openphacts.org/units/Nanomolar,322323,=,1,1,=,,IC50,nM,,0.7,CHEMBL203,Homo sapiens,Epidermal growth factor receptor,9606,,,IC50,uM,UO_0000065,,0.0007
,,755917,[],CHEMBL677392,Inhibitory concentration against EGF receptor by polyGAT phosphorylation,B,,,BAO_0000190,BAO_0000357,single protein format,COc1cc(/C=C(\C#N)C(N)=O)cc(CSc2ccc(C)cc2)c1O,,,CHEMBL1126897,J Med Chem,1993,"{'bei': '14.28', 'le': '0.28', 'lle': '1.67', 'sei': '5.25'}",,CHEMBL333454,,CHEMBL333454,5.06,0,http://www.openphacts.org/units/Nanomolar,225459,=,1,1,=,,IC50,nM,,8700.0,CHEMBL203,Homo sapiens,Epidermal growth factor receptor,9606,,,IC50,uM,UO_0000065,,8.7
,,755918,[],CHEMBL677393,Inhibitory concentration against EGF receptor by autophosphorylation,B,,,BAO_0000190,BAO_0000357,single protein format,COc1cc(/C=C(\C#N)C(N)=O)cc(CSc2ccc(C)cc2)c1O,,,CHEMBL1126897,J Med Chem,1993,"{'bei': '16.24', 'le': '0.31', 'lle': '2.37', 'sei': '5.98'}",,CHEMBL333454,,CHEMBL333454,5.76,0,http://www.openphacts.org/units/Nanomolar,225459,=,1,1,=,,IC50,nM,,1750.0,CHEMBL203,Homo sapiens,Epidermal growth factor receptor,9606,,,IC50,uM,UO_0000065,,1.75
,,755920,[],CHEMBL689290,Inhibition of HER-14 (human EGFR overexpressing NIH3T3) cell proliferation,F,,,BAO_0000190,BAO_0000219,cell-based format,COc1cc(/C=C(\C#N)C(N)=O)cc(CSc2ccc(C)cc2)c1O,,,CHEMBL1126897,J Med Chem,1993,,,CHEMBL333454,,CHEMBL333454,4.92,0,http://www.openphacts.org/units/Nanomolar,225459,=,1,1,=,,IC50,nM,,12000.0,CHEMBL203,Homo sapiens,Epidermal growth factor receptor,9606,,,IC50,uM,UO_0000065,,12.0
,,755921,[],CHEMBL677392,Inhibitory concentration against EGF receptor by polyGAT phosphorylation,B,,,BAO_0000190,BAO_0000357,single protein format,COc1cc(/C=C(\C#N)C(N)=O)cc(CSCc2ccc(Cl)cc2)c1O,,,CHEMBL1126897,J Med Chem,1993,"{'bei': '12.42', 'le': '0.25', 'lle': '0.95', 'sei': '5.01'}",,CHEMBL119923,,CHEMBL119923,4.83,0,http://www.openphacts.org/units/Nanomolar,225457,=,1,1,=,,IC50,nM,,14800.0,CHEMBL203,Homo sapiens,Epidermal growth factor receptor,9606,,,IC50,uM,UO_0000065,,14.8
,,755922,[],CHEMBL677393,Inhibitory concentration against EGF receptor by autophosphorylation,B,,,BAO_0000190,BAO_0000357,single protein format,COc1cc(/C=C(\C#N)C(N)=O)cc(CSCc2ccc(Cl)cc2)c1O,,,CHEMBL1126897,J Med Chem,1993,"{'bei': '12.33', 'le': '0.25', 'lle': '0.92', 'sei': '4.98'}",,CHEMBL119923,,CHEMBL119923,4.80,0,http://www.openphacts.org/units/Nanomolar,225457,=,1,1,=,,IC50,nM,,16000.0,CHEMBL203,Homo sapiens,Epidermal growth factor receptor,9606,,,IC50,uM,UO_0000065,,16.0
,,755924,[],CHEMBL689290,Inhibition of HER-14 (human EGFR overexpressing NIH3T3) cell proliferation,F,,,BAO_0000190,BAO_0000219,cell-based format,COc1cc(/C=C(\C#N)C(N)=O)cc(CSCc2ccc(Cl)cc2)c1O,,,CHEMBL1126897,J Med Chem,1993,,,CHEMBL119923,,CHEMBL119923,4.70,0,http://www.openphacts.org/units/Nanomolar,225457,=,1,1,=,,IC50,nM,,20000.0,CHEMBL203,Homo sapiens,Epidermal growth factor receptor,9606,,,IC50,uM,UO_0000065,,20.0
,,756378,[],CHEMBL674640,Inhibition of the epidermal growth factor receptor expressed in A431 cell line,B,,,BAO_0000190,BAO_0000219,cell-based format,O=C(O)c1ccc(S(=O)(=O)Oc2ccc(/C=C/[N+](=O)[O-])cc2)cc1,,,CHEMBL1125600,J Med Chem,1991,"{'bei': '17.18', 'le': '0.34', 'lle': '3.60', 'sei': '4.85'}",,CHEMBL76958,,CHEMBL76958,6.00,0,http://www.openphacts.org/units/Nanomolar,135949,=,1,1,=,,IC50,nM,,1000.0,CHEMBL203,Homo sapiens,Epidermal growth factor receptor,9606,,,IC50,uM,UO_0000065,,1.0
,,757020,[],CHEMBL677392,Inhibitory concentration against EGF receptor by polyGAT phosphorylation,B,,,BAO_0000190,BAO_0000357,single protein format,COc1cc(/C=C(\C#N)C(N)=O)cc(CSc2ccc(O)cc2)c1O,,,CHEMBL1126897,J Med Chem,1993,"{'bei': '15.72', 'le': '0.31', 'lle': '2.81', 'sei': '4.81'}",,CHEMBL419047,,CHEMBL419047,5.60,0,http://www.openphacts.org/units/Nanomolar,225448,=,1,1,=,,IC50,nM,,2500.0,CHEMBL203,Homo sapiens,Epidermal growth factor receptor,9606,,,IC50,uM,UO_0000065,,2.5
,,757021,[],CHEMBL677393,Inhibitory concentration against EGF receptor by autophosphorylation,B,,,BAO_0000190,BAO_0000357,single protein format,COc1cc(/C=C(\C#N)C(N)=O)cc(CSc2ccc(O)cc2)c1O,,,CHEMBL1126897,J Med Chem,1993,"{'bei': '15.72', 'le': '0.31', 'lle': '2.81', 'sei': '4.81'}",,CHEMBL419047,,CHEMBL419047,5.60,0,http://www.openphacts.org/units/Nanomolar,225448,=,1,1,=,,IC50,nM,,2500.0,CHEMBL203,Homo sapiens,Epidermal growth factor receptor,9606,,,IC50,uM,UO_0000065,,2.5
,,757023,[],CHEMBL689290,Inhibition of HER-14 (human EGFR overexpressing NIH3T3) cell proliferation,F,,,BAO_0000190,BAO_0000219,cell-based format,COc1cc(/C=C(\C#N)C(N)=O)cc(CSc2ccc(O)cc2)c1O,,,CHEMBL1126897,J Med Chem,1993,,,CHEMBL419047,,CHEMBL419047,5.70,0,http://www.openphacts.org/units/Nanomolar,225448,=,1,1,=,,IC50,nM,,2000.0,CHEMBL203,Homo sapiens,Epidermal growth factor receptor,9606,,,IC50,uM,UO_0000065,,2.0
,,757024,[],CHEMBL677392,Inhibitory concentration against EGF receptor by polyGAT phosphorylation,B,,,BAO_0000190,BAO_0000357,single protein format,N#C/C(=C\c1cc(O)c(O)c(CSc2nc3ccccc3s2)c1)C(N)=O,,,CHEMBL1126897,J Med Chem,1993,"{'bei': '13.53', 'le': '0.27', 'lle': '1.80', 'sei': '4.31'}",,CHEMBL333553,,CHEMBL333553,5.19,0,http://www.openphacts.org/units/Nanomolar,225461,=,1,1,=,,IC50,nM,,6500.0,CHEMBL203,Homo sapiens,Epidermal growth factor receptor,9606,,,IC50,uM,UO_0000065,,6.5
,,757025,[],CHEMBL677393,Inhibitory concentration against EGF receptor by autophosphorylation,B,,,BAO_0000190,BAO_0000357,single protein format,N#C/C(=C\c1cc(O)c(O)c(CSc2nc3ccccc3s2)c1)C(N)=O,,,CHEMBL1126897,J Med Chem,1993,"{'bei': '14.33', 'le': '0.29', 'lle': '2.10', 'sei': '4.57'}",,CHEMBL333553,,CHEMBL333553,5.50,0,http://www.openphacts.org/units/Nanomolar,225461,=,1,1,=,,IC50,nM,,3200.0,CHEMBL203,Homo sapiens,Epidermal growth factor receptor,9606,,,IC50,uM,UO_0000065,,3.2
,,757027,[],CHEMBL689290,Inhibition of HER-14 (human EGFR overexpressing NIH3T3) cell proliferation,F,,,BAO_0000190,BAO_0000219,cell-based format,N#C/C(=C\c1cc(O)c(O)c(CSc2nc3ccccc3s2)c1)C(N)=O,,,CHEMBL1126897,J Med Chem,1993,,,CHEMBL333553,,CHEMBL333553,,0,http://www.openphacts.org/units/Nanomolar,225461,>,1,1,>,,IC50,nM,,50000.0,CHEMBL203,Homo sapiens,Epidermal growth factor receptor,9606,,,IC50,uM,UO_0000065,,50.0
,,757028,[],CHEMBL677392,Inhibitory concentration against EGF receptor by polyGAT phosphorylation,B,,,BAO_0000190,BAO_0000357,single protein format,COc1cc(C=C(C#N)C#N)cc(C)c1O,Outside typical range,"Values for this activity type are unusually large/small, so may not be accurate",CHEMBL1126897,J Med Chem,1993,,,CHEMBL120564,,CHEMBL120564,,0,http://www.openphacts.org/units/Nanomolar,225472,=,1,1,=,,IC50,nM,,2600000.0,CHEMBL203,Homo sapiens,Epidermal growth factor receptor,9606,,,IC50,uM,UO_0000065,,2600.0
,,757029,[],CHEMBL677393,Inhibitory concentration against EGF receptor by autophosphorylation,B,,,BAO_0000190,BAO_0000357,single protein format,COc1cc(C=C(C#N)C#N)cc(C)c1O,,,CHEMBL1126897,J Med Chem,1993,"{'bei': '18.95', 'le': '0.35', 'lle': '1.92', 'sei': '5.27'}",,CHEMBL120564,,CHEMBL120564,4.06,0,http://www.openphacts.org/units/Nanomolar,225472,=,1,1,=,,IC50,nM,,87000.0,CHEMBL203,Homo sapiens,Epidermal growth factor receptor,9606,,,IC50,uM,UO_0000065,,87.0
,Not Determined,757031,[],CHEMBL689292,Inhibition of HER-14 (human EGFR overexpressing NIH3T3) cell proliferation (not determined),F,,,BAO_0000190,BAO_0000219,cell-based format,COc1cc(C=C(C#N)C#N)cc(C)c1O,,,CHEMBL1126897,J Med Chem,1993,,,CHEMBL120564,,CHEMBL120564,,0,http://www.openphacts.org/units/Nanomolar,225472,,1,0,,,IC50,nM,,,CHEMBL203,Homo sapiens,Epidermal growth factor receptor,9606,,,IC50,uM,UO_0000065,,
,,757594,[],CHEMBL674640,Inhibition of the epidermal growth factor receptor expressed in A431 cell line,B,,,BAO_0000190,BAO_0000219,cell-based format,NCCNC(=O)c1ccc(S(=O)(=O)Oc2ccc(/C=C/[N+](=O)[O-])cc2)cc1,,,CHEMBL1125600,J Med Chem,1991,"{'bei': '13.46', 'le': '0.27', 'lle': '3.88', 'sei': '3.72'}",,CHEMBL309075,,CHEMBL309075,5.27,0,http://www.openphacts.org/units/Nanomolar,135960,=,1,1,=,,IC50,nM,,5400.0,CHEMBL203,Homo sapiens,Epidermal growth factor receptor,9606,,,IC50,uM,UO_0000065,,5.4
,,758241,[],CHEMBL689289,Inhibition of polyGAT phosphorylation by EGF receptor,B,,,BAO_0000190,BAO_0000357,single protein format,COc1cc(/C=C(\C#N)C(N)=O)cc(CSCCC(=O)O)c1O,Outside typical range,"Values for this activity type are unusually large/small, so may not be accurate",CHEMBL1126897,J Med Chem,1993,,,CHEMBL424625,,CHEMBL424625,,0,http://www.openphacts.org/units/Nanomolar,225466,=,1,1,=,,IC50,nM,,125000.0,CHEMBL203,Homo sapiens,Epidermal growth factor receptor,9606,,,IC50,uM,UO_0000065,,125.0
,,758242,[],CHEMBL677393,Inhibitory concentration against EGF receptor by autophosphorylation,B,,,BAO_0000190,BAO_0000357,single protein format,COc1cc(/C=C(\C#N)C(N)=O)cc(CSCCC(=O)O)c1O,,,CHEMBL1126897,J Med Chem,1993,,,CHEMBL424625,,CHEMBL424625,,0,http://www.openphacts.org/units/Nanomolar,225466,>,1,1,>,,IC50,nM,,50000.0,CHEMBL203,Homo sapiens,Epidermal growth factor receptor,9606,,,IC50,uM,UO_0000065,,50.0
,Not Determined,758244,[],CHEMBL689296,Inhibitory concentration against EGF receptor by autophosphorylation (Not determined),F,,,BAO_0000190,BAO_0000019,assay format,COc1cc(/C=C(\C#N)C(N)=O)cc(CSCCC(=O)O)c1O,,,CHEMBL1126897,J Med Chem,1993,,,CHEMBL424625,,CHEMBL424625,,0,http://www.openphacts.org/units/Nanomolar,225466,,1,0,,,IC50,nM,,,CHEMBL203,Homo sapiens,Epidermal growth factor receptor,9606,,,IC50,uM,UO_0000065,,
,,758655,[],CHEMBL674640,Inhibition of the epidermal growth factor receptor expressed in A431 cell line,B,,,BAO_0000190,BAO_0000219,cell-based format,CCCCNC(=O)c1ccc(S(=O)(=O)Oc2ccc(C=O)cc2)cc1,,,CHEMBL1125600,J Med Chem,1991,,,CHEMBL74038,,CHEMBL74038,,0,http://www.openphacts.org/units/Nanomolar,135955,>,1,1,>,,IC50,nM,,100000.0,CHEMBL203,Homo sapiens,Epidermal growth factor receptor,9606,,,IC50,uM,UO_0000065,,100.0
,,759231,[],CHEMBL677392,Inhibitory concentration against EGF receptor by polyGAT phosphorylation,B,,,BAO_0000190,BAO_0000357,single protein format,COc1cc(/C=C(\C#N)C(=O)c2ccc(O)c(O)c2)cc(CSCc2ccccc2)c1O,,,CHEMBL1126897,J Med Chem,1993,"{'bei': '13.69', 'le': '0.26', 'lle': '1.08', 'sei': '5.53'}",,CHEMBL116547,,CHEMBL116547,6.12,0,http://www.openphacts.org/units/Nanomolar,225446,=,1,1,=,,IC50,nM,,750.0,CHEMBL203,Homo sapiens,Epidermal growth factor receptor,9606,,,IC50,uM,UO_0000065,,0.75
,,759232,[],CHEMBL677393,Inhibitory concentration against EGF receptor by autophosphorylation,B,,,BAO_0000190,BAO_0000357,single protein format,COc1cc(/C=C(\C#N)C(=O)c2ccc(O)c(O)c2)cc(CSCc2ccccc2)c1O,,,CHEMBL1126897,J Med Chem,1993,"{'bei': '11.95', 'le': '0.23', 'lle': '0.31', 'sei': '4.83'}",,CHEMBL116547,,CHEMBL116547,5.35,0,http://www.openphacts.org/units/Nanomolar,225446,=,1,1,=,,IC50,nM,,4500.0,CHEMBL203,Homo sapiens,Epidermal growth factor receptor,9606,,,IC50,uM,UO_0000065,,4.5
,,759234,[],CHEMBL689290,Inhibition of HER-14 (human EGFR overexpressing NIH3T3) cell proliferation,F,,,BAO_0000190,BAO_0000219,cell-based format,COc1cc(/C=C(\C#N)C(=O)c2ccc(O)c(O)c2)cc(CSCc2ccccc2)c1O,,,CHEMBL1126897,J Med Chem,1993,,,CHEMBL116547,,CHEMBL116547,5.70,0,http://www.openphacts.org/units/Nanomolar,225446,=,1,1,=,,IC50,nM,,2000.0,CHEMBL203,Homo sapiens,Epidermal growth factor receptor,9606,,,IC50,uM,UO_0000065,,2.0
,,759235,[],CHEMBL677392,Inhibitory concentration against EGF receptor by polyGAT phosphorylation,B,,,BAO_0000190,BAO_0000357,single protein format,COc1cc(/C=C(\C#N)C(N)=O)cc(CSc2nc3ccccc3o2)c1O,,,CHEMBL1126897,J Med Chem,1993,"{'bei': '12.86', 'le': '0.25', 'lle': '1.67', 'sei': '4.01'}",,CHEMBL118205,,CHEMBL118205,4.90,0,http://www.openphacts.org/units/Nanomolar,225458,=,1,1,=,,IC50,nM,,12500.0,CHEMBL203,Homo sapiens,Epidermal growth factor receptor,9606,,,IC50,uM,UO_0000065,,12.5
,,759236,[],CHEMBL677393,Inhibitory concentration against EGF receptor by autophosphorylation,B,,,BAO_0000190,BAO_0000357,single protein format,COc1cc(/C=C(\C#N)C(N)=O)cc(CSc2nc3ccccc3o2)c1O,,,CHEMBL1126897,J Med Chem,1993,"{'bei': '13.83', 'le': '0.27', 'lle': '2.05', 'sei': '4.31'}",,CHEMBL118205,,CHEMBL118205,5.28,0,http://www.openphacts.org/units/Nanomolar,225458,=,1,1,=,,IC50,nM,,5300.0,CHEMBL203,Homo sapiens,Epidermal growth factor receptor,9606,,,IC50,uM,UO_0000065,,5.3
,,759238,[],CHEMBL689290,Inhibition of HER-14 (human EGFR overexpressing NIH3T3) cell proliferation,F,,,BAO_0000190,BAO_0000219,cell-based format,COc1cc(/C=C(\C#N)C(N)=O)cc(CSc2nc3ccccc3o2)c1O,,,CHEMBL1126897,J Med Chem,1993,,,CHEMBL118205,,CHEMBL118205,5.22,0,http://www.openphacts.org/units/Nanomolar,225458,=,1,1,=,,IC50,nM,,6000.0,CHEMBL203,Homo sapiens,Epidermal growth factor receptor,9606,,,IC50,uM,UO_0000065,,6.0
,,759239,[],CHEMBL677392,Inhibitory concentration against EGF receptor by polyGAT phosphorylation,B,,,BAO_0000190,BAO_0000357,single protein format,COc1cc(/C=C(\C#N)C(N)=O)cc(CSC2=NCCS2)c1O,,,CHEMBL1126897,J Med Chem,1993,"{'bei': '13.70', 'le': '0.28', 'lle': '2.66', 'sei': '4.40'}",,CHEMBL324030,,CHEMBL324030,4.79,0,http://www.openphacts.org/units/Nanomolar,225456,=,1,1,=,,IC50,nM,,16300.0,CHEMBL203,Homo sapiens,Epidermal growth factor receptor,9606,,,IC50,uM,UO_0000065,,16.3
,,759240,[],CHEMBL677393,Inhibitory concentration against EGF receptor by autophosphorylation,B,,,BAO_0000190,BAO_0000357,single protein format,COc1cc(/C=C(\C#N)C(N)=O)cc(CSC2=NCCS2)c1O,,,CHEMBL1126897,J Med Chem,1993,"{'bei': '14.47', 'le': '0.30', 'lle': '2.93', 'sei': '4.65'}",,CHEMBL324030,,CHEMBL324030,5.06,0,http://www.openphacts.org/units/Nanomolar,225456,=,1,1,=,,IC50,nM,,8800.0,CHEMBL203,Homo sapiens,Epidermal growth factor receptor,9606,,,IC50,uM,UO_0000065,,8.8
,,759242,[],CHEMBL689290,Inhibition of HER-14 (human EGFR overexpressing NIH3T3) cell proliferation,F,,,BAO_0000190,BAO_0000219,cell-based format,COc1cc(/C=C(\C#N)C(N)=O)cc(CSC2=NCCS2)c1O,,,CHEMBL1126897,J Med Chem,1993,,,CHEMBL324030,,CHEMBL324030,,0,http://www.openphacts.org/units/Nanomolar,225456,>,1,1,>,,IC50,nM,,50000.0,CHEMBL203,Homo sapiens,Epidermal growth factor receptor,9606,,,IC50,uM,UO_0000065,,50.0
,,759243,[],CHEMBL677392,Inhibitory concentration against EGF receptor by polyGAT phosphorylation,B,,,BAO_0000190,BAO_0000357,single protein format,COc1cc(/C=C(\C#N)C(N)=O)cc(CSc2ccccn2)c1O,,,CHEMBL1126897,J Med Chem,1993,"{'bei': '13.48', 'le': '0.26', 'lle': '2.12', 'sei': '4.21'}",,CHEMBL119156,,CHEMBL119156,4.60,0,http://www.openphacts.org/units/Nanomolar,225454,=,1,1,=,,IC50,nM,,25000.0,CHEMBL203,Homo sapiens,Epidermal growth factor receptor,9606,,,IC50,uM,UO_0000065,,25.0
,,759244,[],CHEMBL677393,Inhibitory concentration against EGF receptor by autophosphorylation,B,,,BAO_0000190,BAO_0000357,single protein format,COc1cc(/C=C(\C#N)C(N)=O)cc(CSc2ccccn2)c1O,,,CHEMBL1126897,J Med Chem,1993,"{'bei': '16.02', 'le': '0.31', 'lle': '2.99', 'sei': '5.01'}",,CHEMBL119156,,CHEMBL119156,5.47,0,http://www.openphacts.org/units/Nanomolar,225454,=,1,1,=,,IC50,nM,,3400.0,CHEMBL203,Homo sapiens,Epidermal growth factor receptor,9606,,,IC50,uM,UO_0000065,,3.4
,,759246,[],CHEMBL689290,Inhibition of HER-14 (human EGFR overexpressing NIH3T3) cell proliferation,F,,,BAO_0000190,BAO_0000219,cell-based format,COc1cc(/C=C(\C#N)C(N)=O)cc(CSc2ccccn2)c1O,,,CHEMBL1126897,J Med Chem,1993,,,CHEMBL119156,,CHEMBL119156,4.80,0,http://www.openphacts.org/units/Nanomolar,225454,=,1,1,=,,IC50,nM,,16000.0,CHEMBL203,Homo sapiens,Epidermal growth factor receptor,9606,,,IC50,uM,UO_0000065,,16.0
,,761453,[],CHEMBL677392,Inhibitory concentration against EGF receptor by polyGAT phosphorylation,B,,,BAO_0000190,BAO_0000357,single protein format,N#C/C(=C\c1cc(O)c(O)c(CSCc2ccccc2)c1)C(N)=O,,,CHEMBL1126897,J Med Chem,1993,"{'bei': '17.71', 'le': '0.34', 'lle': '3.11', 'sei': '5.61'}",,CHEMBL432428,,CHEMBL432428,6.03,0,http://www.openphacts.org/units/Nanomolar,225450,=,1,1,=,,IC50,nM,,940.0,CHEMBL203,Homo sapiens,Epidermal growth factor receptor,9606,,,IC50,uM,UO_0000065,,0.94
,,761454,[],CHEMBL677393,Inhibitory concentration against EGF receptor by autophosphorylation,B,,,BAO_0000190,BAO_0000357,single protein format,N#C/C(=C\c1cc(O)c(O)c(CSCc2ccccc2)c1)C(N)=O,,,CHEMBL1126897,J Med Chem,1993,"{'bei': '18.20', 'le': '0.35', 'lle': '3.27', 'sei': '5.77'}",,CHEMBL432428,,CHEMBL432428,6.19,0,http://www.openphacts.org/units/Nanomolar,225450,=,1,1,=,,IC50,nM,,640.0,CHEMBL203,Homo sapiens,Epidermal growth factor receptor,9606,,,IC50,uM,UO_0000065,,0.64
,,761456,[],CHEMBL689290,Inhibition of HER-14 (human EGFR overexpressing NIH3T3) cell proliferation,F,,,BAO_0000190,BAO_0000219,cell-based format,N#C/C(=C\c1cc(O)c(O)c(CSCc2ccccc2)c1)C(N)=O,,,CHEMBL1126897,J Med Chem,1993,,,CHEMBL432428,,CHEMBL432428,5.52,0,http://www.openphacts.org/units/Nanomolar,225450,=,1,1,=,,IC50,nM,,3000.0,CHEMBL203,Homo sapiens,Epidermal growth factor receptor,9606,,,IC50,uM,UO_0000065,,3.0
,,761457,[],CHEMBL677392,Inhibitory concentration against EGF receptor by polyGAT phosphorylation,B,,,BAO_0000190,BAO_0000357,single protein format,COc1cc(/C=C(\C#N)C(N)=O)cc(CSCc2ccccc2)c1O,,,CHEMBL1126897,J Med Chem,1993,"{'bei': '16.11', 'le': '0.31', 'lle': '2.48', 'sei': '5.93'}",,CHEMBL326318,,CHEMBL326318,5.71,0,http://www.openphacts.org/units/Nanomolar,225449,=,1,1,=,,IC50,nM,,1950.0,CHEMBL203,Homo sapiens,Epidermal growth factor receptor,9606,,,IC50,uM,UO_0000065,,1.95
,,761458,[],CHEMBL677393,Inhibitory concentration against EGF receptor by autophosphorylation,B,,,BAO_0000190,BAO_0000357,single protein format,COc1cc(/C=C(\C#N)C(N)=O)cc(CSCc2ccccc2)c1O,,,CHEMBL1126897,J Med Chem,1993,"{'bei': '17.06', 'le': '0.33', 'lle': '2.82', 'sei': '6.28'}",,CHEMBL326318,,CHEMBL326318,6.05,0,http://www.openphacts.org/units/Nanomolar,225449,=,1,1,=,,IC50,nM,,900.0,CHEMBL203,Homo sapiens,Epidermal growth factor receptor,9606,,,IC50,uM,UO_0000065,,0.9
,,761460,[],CHEMBL689290,Inhibition of HER-14 (human EGFR overexpressing NIH3T3) cell proliferation,F,,,BAO_0000190,BAO_0000219,cell-based format,COc1cc(/C=C(\C#N)C(N)=O)cc(CSCc2ccccc2)c1O,,,CHEMBL1126897,J Med Chem,1993,,,CHEMBL326318,,CHEMBL326318,4.90,0,http://www.openphacts.org/units/Nanomolar,225449,=,1,1,=,,IC50,nM,,12500.0,CHEMBL203,Homo sapiens,Epidermal growth factor receptor,9606,,,IC50,uM,UO_0000065,,12.5
,,761546,[],CHEMBL673783,Inhibition of erbB-1 receptor tyrosine kinase from A431 human epidermoid carcinoma cells,B,,,BAO_0000190,BAO_0000219,cell-based format,Nc1ncnc2c1ncn2[C@@H]1O[C@H](CO)[C@@H](O)[C@H]1O,Outside typical range,"Values for this activity type are unusually large/small, so may not be accurate",CHEMBL1130008,J Med Chem,1997,,,CHEMBL477,ADENOSINE,CHEMBL477,,0,http://www.openphacts.org/units/Nanomolar,15008,=,1,1,=,,IC50,nM,,195000.0,CHEMBL203,Homo sapiens,Epidermal growth factor receptor,9606,,,IC50,uM,UO_0000065,,195.0
,,761901,[],CHEMBL674640,Inhibition of the epidermal growth factor receptor expressed in A431 cell line,B,,,BAO_0000190,BAO_0000219,cell-based format,O=C(O)c1ccc(S(=O)(=O)Oc2ccc(/C=C/[N+](=O)[O-])cc2)cc1O,,,CHEMBL1125600,J Med Chem,1991,"{'bei': '19.89', 'le': '0.40', 'lle': '5.16', 'sei': '5.05'}",,CHEMBL449093,,CHEMBL449093,7.27,0,http://www.openphacts.org/units/Nanomolar,135950,=,1,1,=,,IC50,nM,,54.0,CHEMBL203,Homo sapiens,Epidermal growth factor receptor,9606,,,IC50,uM,UO_0000065,,0.054
,,761905,[],CHEMBL674640,Inhibition of the epidermal growth factor receptor expressed in A431 cell line,B,,,BAO_0000190,BAO_0000219,cell-based format,CNC(=O)c1ccc(S(=O)(=O)Oc2ccc(/C=C(\C)[N+](=O)[O-])cc2OC)cc1,,,CHEMBL1125600,J Med Chem,1991,"{'bei': '13.28', 'le': '0.26', 'lle': '2.94', 'sei': '4.32'}",,CHEMBL78280,,CHEMBL78280,5.40,0,http://www.openphacts.org/units/Nanomolar,135962,=,1,1,=,,IC50,nM,,4000.0,CHEMBL203,Homo sapiens,Epidermal growth factor receptor,9606,,,IC50,uM,UO_0000065,,4.0
,,762431,[],CHEMBL677392,Inhibitory concentration against EGF receptor by polyGAT phosphorylation,B,,,BAO_0000190,BAO_0000357,single protein format,COc1cc(C=C(C#N)C#N)cc(CSc2ccccc2)c1O,Outside typical range,"Values for this activity type are unusually large/small, so may not be accurate",CHEMBL1126897,J Med Chem,1993,,,CHEMBL122522,,CHEMBL122522,,0,http://www.openphacts.org/units/Nanomolar,225465,=,1,1,=,,IC50,nM,,370000.0,CHEMBL203,Homo sapiens,Epidermal growth factor receptor,9606,,,IC50,uM,UO_0000065,,370.0
,,762432,[],CHEMBL677393,Inhibitory concentration against EGF receptor by autophosphorylation,B,,,BAO_0000190,BAO_0000357,single protein format,COc1cc(C=C(C#N)C#N)cc(CSc2ccccc2)c1O,,,CHEMBL1126897,J Med Chem,1993,"{'bei': '16.05', 'le': '0.31', 'lle': '1.05', 'sei': '6.72'}",,CHEMBL122522,,CHEMBL122522,5.17,0,http://www.openphacts.org/units/Nanomolar,225465,=,1,1,=,,IC50,nM,,6700.0,CHEMBL203,Homo sapiens,Epidermal growth factor receptor,9606,,,IC50,uM,UO_0000065,,6.7
,,762434,[],CHEMBL689290,Inhibition of HER-14 (human EGFR overexpressing NIH3T3) cell proliferation,F,,,BAO_0000190,BAO_0000219,cell-based format,COc1cc(C=C(C#N)C#N)cc(CSc2ccccc2)c1O,,,CHEMBL1126897,J Med Chem,1993,,,CHEMBL122522,,CHEMBL122522,5.22,0,http://www.openphacts.org/units/Nanomolar,225465,=,1,1,=,,IC50,nM,,6000.0,CHEMBL203,Homo sapiens,Epidermal growth factor receptor,9606,,,IC50,uM,UO_0000065,,6.0
,,762840,[],CHEMBL674640,Inhibition of the epidermal growth factor receptor expressed in A431 cell line,B,,,BAO_0000190,BAO_0000219,cell-based format,O=[N+]([O-])/C=C/c1ccc(O)c(O)c1,,,CHEMBL1125600,J Med Chem,1991,"{'bei': '27.91', 'le': '0.53', 'lle': '3.71', 'sei': '6.05'}",,CHEMBL78224,,CHEMBL78224,5.06,0,http://www.openphacts.org/units/Nanomolar,135969,=,1,1,=,,IC50,nM,,8800.0,CHEMBL203,Homo sapiens,Epidermal growth factor receptor,9606,,,IC50,uM,UO_0000065,,8.8
,,763581,[],CHEMBL677392,Inhibitory concentration against EGF receptor by polyGAT phosphorylation,B,,,BAO_0000190,BAO_0000357,single protein format,COc1cc(/C=C(\C#N)C(N)=O)cc(CSc2ccccc2C(=O)O)c1O,,,CHEMBL1126897,J Med Chem,1993,"{'bei': '11.53', 'le': '0.22', 'lle': '1.65', 'sei': '3.32'}",,CHEMBL119987,,CHEMBL119987,4.43,0,http://www.openphacts.org/units/Nanomolar,225470,=,1,1,=,,IC50,nM,,37000.0,CHEMBL203,Homo sapiens,Epidermal growth factor receptor,9606,,,IC50,uM,UO_0000065,,37.0
,,763582,[],CHEMBL677393,Inhibitory concentration against EGF receptor by autophosphorylation,B,,,BAO_0000190,BAO_0000357,single protein format,COc1cc(/C=C(\C#N)C(N)=O)cc(CSc2ccccc2C(=O)O)c1O,,,CHEMBL1126897,J Med Chem,1993,"{'bei': '16.00', 'le': '0.31', 'lle': '3.37', 'sei': '4.60'}",,CHEMBL119987,,CHEMBL119987,6.15,0,http://www.openphacts.org/units/Nanomolar,225470,=,1,1,=,,IC50,nM,,710.0,CHEMBL203,Homo sapiens,Epidermal growth factor receptor,9606,,,IC50,uM,UO_0000065,,0.71
,,763584,[],CHEMBL689290,Inhibition of HER-14 (human EGFR overexpressing NIH3T3) cell proliferation,F,,,BAO_0000190,BAO_0000219,cell-based format,COc1cc(/C=C(\C#N)C(N)=O)cc(CSc2ccccc2C(=O)O)c1O,,,CHEMBL1126897,J Med Chem,1993,,,CHEMBL119987,,CHEMBL119987,,0,http://www.openphacts.org/units/Nanomolar,225470,>,1,1,>,,IC50,nM,,50000.0,CHEMBL203,Homo sapiens,Epidermal growth factor receptor,9606,,,IC50,uM,UO_0000065,,50.0
,,764624,[],CHEMBL689288,Inhibition of polyGAT phosphorylation by EGF receptor,B,,,BAO_0000190,BAO_0000357,single protein format,CCOc1ccc2nc(SCc3cc(/C=C(\C#N)C(N)=O)cc(OC)c3O)sc2c1,,,CHEMBL1126897,J Med Chem,1993,,,CHEMBL117055,,CHEMBL117055,,0,http://www.openphacts.org/units/Nanomolar,225464,>,1,1,>,,IC50,nM,,100000.0,CHEMBL203,Homo sapiens,Epidermal growth factor receptor,9606,,,IC50,uM,UO_0000065,,100.0
,,764625,[],CHEMBL677393,Inhibitory concentration against EGF receptor by autophosphorylation,B,,,BAO_0000190,BAO_0000357,single protein format,CCOc1ccc2nc(SCc3cc(/C=C(\C#N)C(N)=O)cc(OC)c3O)sc2c1,Outside typical range,"Values for this activity type are unusually large/small, so may not be accurate",CHEMBL1126897,J Med Chem,1993,,,CHEMBL117055,,CHEMBL117055,,0,http://www.openphacts.org/units/Nanomolar,225464,>,1,1,>,,IC50,nM,,167000.0,CHEMBL203,Homo sapiens,Epidermal growth factor receptor,9606,,,IC50,uM,UO_0000065,,167.0
,Not Determined,764627,[],CHEMBL689297,Inhibition of HER-14 (human EGFR overexpressing NIH3T3) cell proliferation (not determined),F,,,BAO_0000190,BAO_0000219,cell-based format,CCOc1ccc2nc(SCc3cc(/C=C(\C#N)C(N)=O)cc(OC)c3O)sc2c1,,,CHEMBL1126897,J Med Chem,1993,,,CHEMBL117055,,CHEMBL117055,,0,http://www.openphacts.org/units/Nanomolar,225464,,1,0,,,IC50,nM,,,CHEMBL203,Homo sapiens,Epidermal growth factor receptor,9606,,,IC50,uM,UO_0000065,,
,,765669,[],CHEMBL677530,Inhibition of Epidermal growth factor receptor,B,,,BAO_0000190,BAO_0000357,single protein format,CN[C@@H]1C[C@H]2O[C@@](C)([C@@H]1OC)n1c3ccccc3c3c4c(c5c6ccccc6n2c5c31)C(=O)NC4,,,CHEMBL1136205,Bioorg Med Chem Lett,2003,"{'bei': '15.67', 'le': '0.29', 'lle': '2.96', 'sei': '10.53'}",,CHEMBL388978,STAUROSPORINE,CHEMBL388978,7.31,0,http://www.openphacts.org/units/Nanomolar,193396,=,1,1,=,,IC50,nM,,49.0,CHEMBL203,Homo sapiens,Epidermal growth factor receptor,9606,,,IC50,uM,UO_0000065,,0.049
,,769119,[],CHEMBL677392,Inhibitory concentration against EGF receptor by polyGAT phosphorylation,B,,,BAO_0000190,BAO_0000357,single protein format,COc1cc(/C=C(\C#N)C(N)=O)cc(CSCCCC(=O)O)c1O,,,CHEMBL1126897,J Med Chem,1993,"{'bei': '12.05', 'le': '0.24', 'lle': '2.33', 'sei': '3.16'}",,CHEMBL326044,,CHEMBL326044,4.22,0,http://www.openphacts.org/units/Nanomolar,225469,=,1,1,=,,IC50,nM,,60000.0,CHEMBL203,Homo sapiens,Epidermal growth factor receptor,9606,,,IC50,uM,UO_0000065,,60.0
,,769120,[],CHEMBL677393,Inhibitory concentration against EGF receptor by autophosphorylation,B,,,BAO_0000190,BAO_0000357,single protein format,COc1cc(/C=C(\C#N)C(N)=O)cc(CSCCCC(=O)O)c1O,,,CHEMBL1126897,J Med Chem,1993,"{'bei': '12.33', 'le': '0.25', 'lle': '2.43', 'sei': '3.23'}",,CHEMBL326044,,CHEMBL326044,4.32,0,http://www.openphacts.org/units/Nanomolar,225469,=,1,1,=,,IC50,nM,,48000.0,CHEMBL203,Homo sapiens,Epidermal growth factor receptor,9606,,,IC50,uM,UO_0000065,,48.0
,,769122,[],CHEMBL689290,Inhibition of HER-14 (human EGFR overexpressing NIH3T3) cell proliferation,F,,,BAO_0000190,BAO_0000219,cell-based format,COc1cc(/C=C(\C#N)C(N)=O)cc(CSCCCC(=O)O)c1O,,,CHEMBL1126897,J Med Chem,1993,,,CHEMBL326044,,CHEMBL326044,5.19,0,http://www.openphacts.org/units/Nanomolar,225469,=,1,1,=,,IC50,nM,,6500.0,CHEMBL203,Homo sapiens,Epidermal growth factor receptor,9606,,,IC50,uM,UO_0000065,,6.5
,,770068,[],CHEMBL677392,Inhibitory concentration against EGF receptor by polyGAT phosphorylation,B,,,BAO_0000190,BAO_0000357,single protein format,COc1cc(/C=C(\C#N)C(N)=O)cc(CSc2ccccc2)c1O,,,CHEMBL1126897,J Med Chem,1993,"{'bei': '16.27', 'le': '0.32', 'lle': '2.45', 'sei': '5.75'}",,CHEMBL116595,,CHEMBL116595,5.54,0,http://www.openphacts.org/units/Nanomolar,225451,=,1,1,=,,IC50,nM,,2900.0,CHEMBL203,Homo sapiens,Epidermal growth factor receptor,9606,,,IC50,uM,UO_0000065,,2.9
,,770069,[],CHEMBL677393,Inhibitory concentration against EGF receptor by autophosphorylation,B,,,BAO_0000190,BAO_0000357,single protein format,COc1cc(/C=C(\C#N)C(N)=O)cc(CSc2ccccc2)c1O,,,CHEMBL1126897,J Med Chem,1993,"{'bei': '18.80', 'le': '0.36', 'lle': '3.31', 'sei': '6.64'}",,CHEMBL116595,,CHEMBL116595,6.40,0,http://www.openphacts.org/units/Nanomolar,225451,=,1,1,=,,IC50,nM,,400.0,CHEMBL203,Homo sapiens,Epidermal growth factor receptor,9606,,,IC50,uM,UO_0000065,,0.4
,,770071,[],CHEMBL689290,Inhibition of HER-14 (human EGFR overexpressing NIH3T3) cell proliferation,F,,,BAO_0000190,BAO_0000219,cell-based format,COc1cc(/C=C(\C#N)C(N)=O)cc(CSc2ccccc2)c1O,,,CHEMBL1126897,J Med Chem,1993,,,CHEMBL116595,,CHEMBL116595,4.90,0,http://www.openphacts.org/units/Nanomolar,225451,=,1,1,=,,IC50,nM,,12500.0,CHEMBL203,Homo sapiens,Epidermal growth factor receptor,9606,,,IC50,uM,UO_0000065,,12.5
,,771228,[],CHEMBL677392,Inhibitory concentration against EGF receptor by polyGAT phosphorylation,B,,,BAO_0000190,BAO_0000357,single protein format,COc1cc(C=C(C#N)C#N)cc(CSc2ccccc2C(=O)O)c1O,,,CHEMBL1126897,J Med Chem,1993,"{'bei': '12.13', 'le': '0.23', 'lle': '0.62', 'sei': '3.89'}",,CHEMBL118321,,CHEMBL118321,4.44,0,http://www.openphacts.org/units/Nanomolar,225453,=,1,1,=,,IC50,nM,,36000.0,CHEMBL203,Homo sapiens,Epidermal growth factor receptor,9606,,,IC50,uM,UO_0000065,,36.0
,,771229,[],CHEMBL677393,Inhibitory concentration against EGF receptor by autophosphorylation,B,,,BAO_0000190,BAO_0000357,single protein format,COc1cc(C=C(C#N)C#N)cc(CSc2ccccc2C(=O)O)c1O,,,CHEMBL1126897,J Med Chem,1993,"{'bei': '13.91', 'le': '0.27', 'lle': '1.28', 'sei': '4.46'}",,CHEMBL118321,,CHEMBL118321,5.10,0,http://www.openphacts.org/units/Nanomolar,225453,=,1,1,=,,IC50,nM,,8000.0,CHEMBL203,Homo sapiens,Epidermal growth factor receptor,9606,,,IC50,uM,UO_0000065,,8.0
,,771231,[],CHEMBL689290,Inhibition of HER-14 (human EGFR overexpressing NIH3T3) cell proliferation,F,,,BAO_0000190,BAO_0000219,cell-based format,COc1cc(C=C(C#N)C#N)cc(CSc2ccccc2C(=O)O)c1O,,,CHEMBL1126897,J Med Chem,1993,,,CHEMBL118321,,CHEMBL118321,,0,http://www.openphacts.org/units/Nanomolar,225453,>,1,1,>,,IC50,nM,,50000.0,CHEMBL203,Homo sapiens,Epidermal growth factor receptor,9606,,,IC50,uM,UO_0000065,,50.0
,,771708,[],CHEMBL674640,Inhibition of the epidermal growth factor receptor expressed in A431 cell line,B,,,BAO_0000190,BAO_0000219,cell-based format,COc1cc(/C=C/[N+](=O)[O-])ccc1O,,,CHEMBL1125600,J Med Chem,1991,"{'bei': '26.14', 'le': '0.50', 'lle': '3.45', 'sei': '7.03'}",,CHEMBL309016,,CHEMBL309016,5.10,0,http://www.openphacts.org/units/Nanomolar,135970,=,1,1,=,,IC50,nM,,7900.0,CHEMBL203,Homo sapiens,Epidermal growth factor receptor,9606,,,IC50,uM,UO_0000065,,7.9
,,771712,[],CHEMBL674640,Inhibition of the epidermal growth factor receptor expressed in A431 cell line,B,,,BAO_0000190,BAO_0000219,cell-based format,COc1cc(/C=C(\C)[N+](=O)[O-])ccc1OS(=O)(=O)c1ccc(C(=O)O)cc1,,,CHEMBL1125600,J Med Chem,1991,"{'bei': '14.24', 'le': '0.28', 'lle': '2.80', 'sei': '4.21'}",,CHEMBL77397,,CHEMBL77397,5.60,0,http://www.openphacts.org/units/Nanomolar,135951,=,1,1,=,,IC50,nM,,2500.0,CHEMBL203,Homo sapiens,Epidermal growth factor receptor,9606,,,IC50,uM,UO_0000065,,2.5
,,772959,[],CHEMBL674640,Inhibition of the epidermal growth factor receptor expressed in A431 cell line,B,,,BAO_0000190,BAO_0000219,cell-based format,CC(C)(C)OC(=O)NCCNC(=O)c1ccc(S(=O)(=O)Oc2ccc(/C=C/[N+](=O)[O-])cc2)cc1,,,CHEMBL1125600,J Med Chem,1991,"{'bei': '11.91', 'le': '0.24', 'lle': '2.89', 'sei': '3.80'}",,CHEMBL418906,,CHEMBL418906,5.85,0,http://www.openphacts.org/units/Nanomolar,135961,=,1,1,=,,IC50,nM,,1400.0,CHEMBL203,Homo sapiens,Epidermal growth factor receptor,9606,,,IC50,uM,UO_0000065,,1.4
,,774214,[],CHEMBL674640,Inhibition of the epidermal growth factor receptor expressed in A431 cell line,B,,,BAO_0000190,BAO_0000219,cell-based format,C/C(=C\c1ccc(O)c(O)c1)[N+](=O)[O-],,,CHEMBL1125600,J Med Chem,1991,"{'bei': '25.76', 'le': '0.49', 'lle': '3.29', 'sei': '6.01'}",,CHEMBL78049,,CHEMBL78049,5.03,0,http://www.openphacts.org/units/Nanomolar,135948,=,1,1,=,,IC50,nM,,9400.0,CHEMBL203,Homo sapiens,Epidermal growth factor receptor,9606,,,IC50,uM,UO_0000065,,9.4
,,774218,[],CHEMBL674640,Inhibition of the epidermal growth factor receptor expressed in A431 cell line,B,,,BAO_0000190,BAO_0000219,cell-based format,C[C@@H](NC(=O)c1ccc(S(=O)(=O)Oc2ccc(/C=C/[N+](=O)[O-])cc2)cc1)C(=O)N[C@H](C)C(=O)NCCN,,,CHEMBL1125600,J Med Chem,1991,"{'bei': '8.94', 'le': '0.18', 'lle': '4.37', 'sei': '2.39'}",,CHEMBL309392,,CHEMBL309392,4.77,0,http://www.openphacts.org/units/Nanomolar,135956,=,1,1,=,,IC50,nM,,17000.0,CHEMBL203,Homo sapiens,Epidermal growth factor receptor,9606,,,IC50,uM,UO_0000065,,17.0
,,774819,[],CHEMBL677392,Inhibitory concentration against EGF receptor by polyGAT phosphorylation,B,,,BAO_0000190,BAO_0000357,single protein format,COc1cc(C=C(C#N)C#N)cc(CS(=O)(=O)c2ccc(C)cc2)c1O,,,CHEMBL1126897,J Med Chem,1993,"{'bei': '11.05', 'le': '0.21', 'lle': '0.96', 'sei': '3.66'}",,CHEMBL334032,,CHEMBL334032,4.07,0,http://www.openphacts.org/units/Nanomolar,225462,=,1,1,=,,IC50,nM,,85000.0,CHEMBL203,Homo sapiens,Epidermal growth factor receptor,9606,,,IC50,uM,UO_0000065,,85.0
,,774820,[],CHEMBL677393,Inhibitory concentration against EGF receptor by autophosphorylation,B,,,BAO_0000190,BAO_0000357,single protein format,COc1cc(C=C(C#N)C#N)cc(CS(=O)(=O)c2ccc(C)cc2)c1O,,,CHEMBL1126897,J Med Chem,1993,"{'bei': '12.59', 'le': '0.24', 'lle': '1.53', 'sei': '4.17'}",,CHEMBL334032,,CHEMBL334032,4.64,0,http://www.openphacts.org/units/Nanomolar,225462,=,1,1,=,,IC50,nM,,23000.0,CHEMBL203,Homo sapiens,Epidermal growth factor receptor,9606,,,IC50,uM,UO_0000065,,23.0
,,774822,[],CHEMBL689291,Inhibition of HER-14 (human EGFR overexpressing NIH3T3) cell proliferation,F,,,BAO_0000190,BAO_0000219,cell-based format,COc1cc(C=C(C#N)C#N)cc(CS(=O)(=O)c2ccc(C)cc2)c1O,,,CHEMBL1126897,J Med Chem,1993,,,CHEMBL334032,,CHEMBL334032,4.82,0,http://www.openphacts.org/units/Nanomolar,225462,=,1,1,=,,IC50,nM,,15000.0,CHEMBL203,Homo sapiens,Epidermal growth factor receptor,9606,,,IC50,uM,UO_0000065,,15.0
,,775321,[],CHEMBL674640,Inhibition of the epidermal growth factor receptor expressed in A431 cell line,B,,,BAO_0000190,BAO_0000219,cell-based format,Nc1ncnc2c1ncn2[C@@H]1O[C@H](COC(=O)c2ccc(S(=O)(=O)Oc3ccc(/C=C/[N+](=O)[O-])cc3)cc2)[C@@H](O)[C@H]1O,,,CHEMBL1125600,J Med Chem,1991,"{'bei': '10.39', 'le': '0.20', 'lle': '5.32', 'sei': '2.68'}",,CHEMBL505705,,CHEMBL505705,6.22,0,http://www.openphacts.org/units/Nanomolar,135965,=,1,1,=,,IC50,nM,,600.0,CHEMBL203,Homo sapiens,Epidermal growth factor receptor,9606,,,IC50,uM,UO_0000065,,0.6
,,776799,[],CHEMBL674696,Inhibition of Epidermal growth factor receptor,B,,,BAO_0000190,BAO_0000357,single protein format,CCN1CCOCCn2cc(c3ccccc32)C2=C(C(=O)NC2=O)c2cn(c3ccccc23)CCOCC1,,,CHEMBL1136205,Bioorg Med Chem Lett,2003,,,CHEMBL103055,,CHEMBL103055,,0,http://www.openphacts.org/units/Nanomolar,193393,>,1,1,>,,IC50,nM,,100000.0,CHEMBL203,Homo sapiens,Epidermal growth factor receptor,9606,,,IC50,uM,UO_0000065,,100.0
,,776956,[],CHEMBL677392,Inhibitory concentration against EGF receptor by polyGAT phosphorylation,B,,,BAO_0000190,BAO_0000357,single protein format,COc1cc(/C=C(\C#N)C(N)=O)cc(CSc2nc3cc(Cl)ccc3s2)c1O,,,CHEMBL1126897,J Med Chem,1993,"{'bei': '12.40', 'le': '0.26', 'lle': '1.01', 'sei': '4.90'}",,CHEMBL115519,,CHEMBL115519,5.36,0,http://www.openphacts.org/units/Nanomolar,225473,=,1,1,=,,IC50,nM,,4400.0,CHEMBL203,Homo sapiens,Epidermal growth factor receptor,9606,,,IC50,uM,UO_0000065,,4.4
,,776957,[],CHEMBL677393,Inhibitory concentration against EGF receptor by autophosphorylation,B,,,BAO_0000190,BAO_0000357,single protein format,COc1cc(/C=C(\C#N)C(N)=O)cc(CSc2nc3cc(Cl)ccc3s2)c1O,,,CHEMBL1126897,J Med Chem,1993,,,CHEMBL115519,,CHEMBL115519,,0,http://www.openphacts.org/units/Nanomolar,225473,>,1,1,>,,IC50,nM,,83000.0,CHEMBL203,Homo sapiens,Epidermal growth factor receptor,9606,,,IC50,uM,UO_0000065,,83.0
,,776959,[],CHEMBL689290,Inhibition of HER-14 (human EGFR overexpressing NIH3T3) cell proliferation,F,,,BAO_0000190,BAO_0000219,cell-based format,COc1cc(/C=C(\C#N)C(N)=O)cc(CSc2nc3cc(Cl)ccc3s2)c1O,,,CHEMBL1126897,J Med Chem,1993,,,CHEMBL115519,,CHEMBL115519,5.35,0,http://www.openphacts.org/units/Nanomolar,225473,=,1,1,=,,IC50,nM,,4500.0,CHEMBL203,Homo sapiens,Epidermal growth factor receptor,9606,,,IC50,uM,UO_0000065,,4.5
,,776960,[],CHEMBL677392,Inhibitory concentration against EGF receptor by polyGAT phosphorylation,B,,,BAO_0000190,BAO_0000357,single protein format,COc1cc(/C=C(\C#N)C(N)=O)cc(CSc2ccc3ccccc3c2)c1O,,,CHEMBL1126897,J Med Chem,1993,"{'bei': '13.27', 'le': '0.25', 'lle': '0.94', 'sei': '5.38'}",,CHEMBL330879,,CHEMBL330879,5.18,0,http://www.openphacts.org/units/Nanomolar,225460,=,1,1,=,,IC50,nM,,6600.0,CHEMBL203,Homo sapiens,Epidermal growth factor receptor,9606,,,IC50,uM,UO_0000065,,6.6
,,776961,[],CHEMBL677393,Inhibitory concentration against EGF receptor by autophosphorylation,B,,,BAO_0000190,BAO_0000357,single protein format,COc1cc(/C=C(\C#N)C(N)=O)cc(CSc2ccc3ccccc3c2)c1O,,,CHEMBL1126897,J Med Chem,1993,"{'bei': '14.78', 'le': '0.28', 'lle': '1.53', 'sei': '5.99'}",,CHEMBL330879,,CHEMBL330879,5.77,0,http://www.openphacts.org/units/Nanomolar,225460,=,1,1,=,,IC50,nM,,1700.0,CHEMBL203,Homo sapiens,Epidermal growth factor receptor,9606,,,IC50,uM,UO_0000065,,1.7
,,776963,[],CHEMBL689290,Inhibition of HER-14 (human EGFR overexpressing NIH3T3) cell proliferation,F,,,BAO_0000190,BAO_0000219,cell-based format,COc1cc(/C=C(\C#N)C(N)=O)cc(CSc2ccc3ccccc3c2)c1O,,,CHEMBL1126897,J Med Chem,1993,,,CHEMBL330879,,CHEMBL330879,5.00,0,http://www.openphacts.org/units/Nanomolar,225460,=,1,1,=,,IC50,nM,,10000.0,CHEMBL203,Homo sapiens,Epidermal growth factor receptor,9606,,,IC50,uM,UO_0000065,,10.0
,,778538,[],CHEMBL674640,Inhibition of the epidermal growth factor receptor expressed in A431 cell line,B,,,BAO_0000190,BAO_0000219,cell-based format,COC(=O)c1ccc(S(=O)(=O)Oc2ccc(/C=C/[N+](=O)[O-])cc2)cc1O,,,CHEMBL1125600,J Med Chem,1991,"{'bei': '15.14', 'le': '0.30', 'lle': '3.55', 'sei': '4.32'}",,CHEMBL76929,,CHEMBL76929,5.75,0,http://www.openphacts.org/units/Nanomolar,135952,=,1,1,=,,IC50,nM,,1800.0,CHEMBL203,Homo sapiens,Epidermal growth factor receptor,9606,,,IC50,uM,UO_0000065,,1.8
,,778541,[],CHEMBL674640,Inhibition of the epidermal growth factor receptor expressed in A431 cell line,B,,,BAO_0000190,BAO_0000219,cell-based format,C[C@@H](NC(=O)[C@@H](C)NC(=O)c1ccc(S(=O)(=O)Oc2ccc(/C=C/[N+](=O)[O-])cc2)cc1)C(=O)O,,,CHEMBL1125600,J Med Chem,1991,"{'bei': '10.49', 'le': '0.21', 'lle': '3.74', 'sei': '2.83'}",,CHEMBL311133,,CHEMBL311133,5.16,0,http://www.openphacts.org/units/Nanomolar,135958,=,1,1,=,,IC50,nM,,7000.0,CHEMBL203,Homo sapiens,Epidermal growth factor receptor,9606,,,IC50,uM,UO_0000065,,7.0
,,779149,[],CHEMBL677392,Inhibitory concentration against EGF receptor by polyGAT phosphorylation,B,,,BAO_0000190,BAO_0000357,single protein format,COc1cc(/C=C(\C#N)C(N)=O)cc(CSc2nc3ccccc3s2)c1O,,,CHEMBL1126897,J Med Chem,1993,"{'bei': '11.90', 'le': '0.24', 'lle': '1.03', 'sei': '4.33'}",,CHEMBL118109,,CHEMBL118109,4.73,0,http://www.openphacts.org/units/Nanomolar,225455,=,1,1,=,,IC50,nM,,18600.0,CHEMBL203,Homo sapiens,Epidermal growth factor receptor,9606,,,IC50,uM,UO_0000065,,18.6
,,779150,[],CHEMBL677393,Inhibitory concentration against EGF receptor by autophosphorylation,B,,,BAO_0000190,BAO_0000357,single protein format,COc1cc(/C=C(\C#N)C(N)=O)cc(CSc2nc3ccccc3s2)c1O,,,CHEMBL1126897,J Med Chem,1993,"{'bei': '11.88', 'le': '0.24', 'lle': '1.02', 'sei': '4.32'}",,CHEMBL118109,,CHEMBL118109,4.72,0,http://www.openphacts.org/units/Nanomolar,225455,=,1,1,=,,IC50,nM,,19000.0,CHEMBL203,Homo sapiens,Epidermal growth factor receptor,9606,,,IC50,uM,UO_0000065,,19.0
,,779152,[],CHEMBL689290,Inhibition of HER-14 (human EGFR overexpressing NIH3T3) cell proliferation,F,,,BAO_0000190,BAO_0000219,cell-based format,COc1cc(/C=C(\C#N)C(N)=O)cc(CSc2nc3ccccc3s2)c1O,,,CHEMBL1126897,J Med Chem,1993,,,CHEMBL118109,,CHEMBL118109,4.46,0,http://www.openphacts.org/units/Nanomolar,225455,=,1,1,=,,IC50,nM,,35000.0,CHEMBL203,Homo sapiens,Epidermal growth factor receptor,9606,,,IC50,uM,UO_0000065,,35.0
,,779700,[],CHEMBL674640,Inhibition of the epidermal growth factor receptor expressed in A431 cell line,B,,,BAO_0000190,BAO_0000219,cell-based format,COc1cc(/C=C/[N+](=O)[O-])ccc1OS(=O)(=O)c1ccc(C(=O)O)cc1,,,CHEMBL1125600,J Med Chem,1991,"{'bei': '14.64', 'le': '0.29', 'lle': '3.14', 'sei': '4.17'}",,CHEMBL418907,,CHEMBL418907,5.55,0,http://www.openphacts.org/units/Nanomolar,135968,=,1,1,=,,IC50,nM,,2800.0,CHEMBL203,Homo sapiens,Epidermal growth factor receptor,9606,,,IC50,uM,UO_0000065,,2.8
,,782020,[],CHEMBL674640,Inhibition of the epidermal growth factor receptor expressed in A431 cell line,B,,,BAO_0000190,BAO_0000219,cell-based format,COC(=O)c1ccc(S(=O)(=O)Oc2ccc(/C=C/[N+](=O)[O-])cc2)cc1,,,CHEMBL1125600,J Med Chem,1991,"{'bei': '16.03', 'le': '0.32', 'lle': '3.33', 'sei': '5.16'}",,CHEMBL77401,,CHEMBL77401,5.82,0,http://www.openphacts.org/units/Nanomolar,135966,=,1,1,=,,IC50,nM,,1500.0,CHEMBL203,Homo sapiens,Epidermal growth factor receptor,9606,,,IC50,uM,UO_0000065,,1.5
,,782024,[],CHEMBL674640,Inhibition of the epidermal growth factor receptor expressed in A431 cell line,B,,,BAO_0000190,BAO_0000219,cell-based format,CCCCNC(=O)c1ccc(S(=O)(=O)Oc2ccc(/C=C/[N+](=O)[O-])cc2)cc1,,,CHEMBL1125600,J Med Chem,1991,"{'bei': '13.15', 'le': '0.26', 'lle': '2.09', 'sei': '4.60'}",,CHEMBL77100,,CHEMBL77100,5.32,0,http://www.openphacts.org/units/Nanomolar,135954,=,1,1,=,,IC50,nM,,4800.0,CHEMBL203,Homo sapiens,Epidermal growth factor receptor,9606,,,IC50,uM,UO_0000065,,4.8
,,783054,[],CHEMBL674640,Inhibition of the epidermal growth factor receptor expressed in A431 cell line,B,,,BAO_0000190,BAO_0000219,cell-based format,O=[N+]([O-])/C=C/c1ccc(O)cc1,,,CHEMBL1125600,J Med Chem,1991,"{'bei': '30.25', 'le': '0.57', 'lle': '3.36', 'sei': '7.88'}",,CHEMBL307481,,CHEMBL307481,5.00,0,http://www.openphacts.org/units/Nanomolar,135947,=,1,1,=,,IC50,nM,,10100.0,CHEMBL203,Homo sapiens,Epidermal growth factor receptor,9606,,,IC50,uM,UO_0000065,,10.1
,,784236,[],CHEMBL674640,Inhibition of the epidermal growth factor receptor expressed in A431 cell line,B,,,BAO_0000190,BAO_0000219,cell-based format,CC(C)(C)NC(=O)c1ccc(S(=O)(=O)Oc2ccc(/C=C/[N+](=O)[O-])cc2)cc1,,,CHEMBL1125600,J Med Chem,1991,"{'bei': '14.55', 'le': '0.29', 'lle': '2.66', 'sei': '5.09'}",,CHEMBL78206,,CHEMBL78206,5.89,0,http://www.openphacts.org/units/Nanomolar,135963,=,1,1,=,,IC50,nM,,1300.0,CHEMBL203,Homo sapiens,Epidermal growth factor receptor,9606,,,IC50,uM,UO_0000065,,1.3
,,785277,[],CHEMBL674640,Inhibition of the epidermal growth factor receptor expressed in A431 cell line,B,,,BAO_0000190,BAO_0000219,cell-based format,COc1cc(/C=C/[N+](=O)[O-])ccc1OS(=O)(=O)c1ccc(C(=O)OC[C@H]2O[C@@H](n3cnc4c(N)ncnc43)[C@H](O)[C@@H]2O)cc1,,,CHEMBL1125600,J Med Chem,1991,"{'bei': '10.02', 'le': '0.20', 'lle': '5.39', 'sei': '2.61'}",,CHEMBL453502,,CHEMBL453502,6.30,0,http://www.openphacts.org/units/Nanomolar,135953,=,1,1,=,,IC50,nM,,500.0,CHEMBL203,Homo sapiens,Epidermal growth factor receptor,9606,,,IC50,uM,UO_0000065,,0.5
,,785281,[],CHEMBL674640,Inhibition of the epidermal growth factor receptor expressed in A431 cell line,B,,,BAO_0000190,BAO_0000219,cell-based format,C[C@@H](NC(=O)c1ccc(S(=O)(=O)Oc2ccc(/C=C/[N+](=O)[O-])cc2)cc1)C(=O)N[C@H](C)C(=O)NCCNC(=O)OC(C)(C)C,,,CHEMBL1125600,J Med Chem,1991,,,CHEMBL309073,,CHEMBL309073,,0,http://www.openphacts.org/units/Nanomolar,135957,>,1,1,>,,IC50,nM,,50000.0,CHEMBL203,Homo sapiens,Epidermal growth factor receptor,9606,,,IC50,uM,UO_0000065,,50.0
,,786019,[],CHEMBL677392,Inhibitory concentration against EGF receptor by polyGAT phosphorylation,B,,,BAO_0000190,BAO_0000357,single protein format,COc1cc(/C=C(\C#N)C(N)=O)cc(CSc2ccccc2NC(C)=O)c1O,,,CHEMBL1126897,J Med Chem,1993,"{'bei': '13.21', 'le': '0.26', 'lle': '2.21', 'sei': '4.19'}",,CHEMBL115895,,CHEMBL115895,5.25,0,http://www.openphacts.org/units/Nanomolar,225452,=,1,1,=,,IC50,nM,,5600.0,CHEMBL203,Homo sapiens,Epidermal growth factor receptor,9606,,,IC50,uM,UO_0000065,,5.6
,,786020,[],CHEMBL677393,Inhibitory concentration against EGF receptor by autophosphorylation,B,,,BAO_0000190,BAO_0000357,single protein format,COc1cc(/C=C(\C#N)C(N)=O)cc(CSc2ccccc2NC(C)=O)c1O,,,CHEMBL1126897,J Med Chem,1993,"{'bei': '11.72', 'le': '0.23', 'lle': '1.62', 'sei': '3.71'}",,CHEMBL115895,,CHEMBL115895,4.66,0,http://www.openphacts.org/units/Nanomolar,225452,=,1,1,=,,IC50,nM,,22000.0,CHEMBL203,Homo sapiens,Epidermal growth factor receptor,9606,,,IC50,uM,UO_0000065,,22.0
,,786022,[],CHEMBL689290,Inhibition of HER-14 (human EGFR overexpressing NIH3T3) cell proliferation,F,,,BAO_0000190,BAO_0000219,cell-based format,COc1cc(/C=C(\C#N)C(N)=O)cc(CSc2ccccc2NC(C)=O)c1O,,,CHEMBL1126897,J Med Chem,1993,,,CHEMBL115895,,CHEMBL115895,5.05,0,http://www.openphacts.org/units/Nanomolar,225452,=,1,1,=,,IC50,nM,,9000.0,CHEMBL203,Homo sapiens,Epidermal growth factor receptor,9606,,,IC50,uM,UO_0000065,,9.0
,,786023,[],CHEMBL677392,Inhibitory concentration against EGF receptor by polyGAT phosphorylation,B,,,BAO_0000190,BAO_0000357,single protein format,COc1cc(/C=C(\C#N)C(N)=O)cc(CSc2nc3ccccc3[nH]2)c1O,,,CHEMBL1126897,J Med Chem,1993,"{'bei': '10.84', 'le': '0.21', 'lle': '1.16', 'sei': '3.30'}",,CHEMBL331026,,CHEMBL331026,4.12,0,http://www.openphacts.org/units/Nanomolar,225468,=,1,1,=,,IC50,nM,,75000.0,CHEMBL203,Homo sapiens,Epidermal growth factor receptor,9606,,,IC50,uM,UO_0000065,,75.0
,,786024,[],CHEMBL677393,Inhibitory concentration against EGF receptor by autophosphorylation,B,,,BAO_0000190,BAO_0000357,single protein format,COc1cc(/C=C(\C#N)C(N)=O)cc(CSc2nc3ccccc3[nH]2)c1O,,,CHEMBL1126897,J Med Chem,1993,"{'bei': '12.72', 'le': '0.24', 'lle': '1.88', 'sei': '3.87'}",,CHEMBL331026,,CHEMBL331026,4.84,0,http://www.openphacts.org/units/Nanomolar,225468,=,1,1,=,,IC50,nM,,14500.0,CHEMBL203,Homo sapiens,Epidermal growth factor receptor,9606,,,IC50,uM,UO_0000065,,14.5
,,786026,[],CHEMBL689290,Inhibition of HER-14 (human EGFR overexpressing NIH3T3) cell proliferation,F,,,BAO_0000190,BAO_0000219,cell-based format,COc1cc(/C=C(\C#N)C(N)=O)cc(CSc2nc3ccccc3[nH]2)c1O,,,CHEMBL1126897,J Med Chem,1993,,,CHEMBL331026,,CHEMBL331026,4.46,0,http://www.openphacts.org/units/Nanomolar,225468,=,1,1,=,,IC50,nM,,35000.0,CHEMBL203,Homo sapiens,Epidermal growth factor receptor,9606,,,IC50,uM,UO_0000065,,35.0
,,786027,[],CHEMBL677392,Inhibitory concentration against EGF receptor by polyGAT phosphorylation,B,,,BAO_0000190,BAO_0000357,single protein format,Cc1cc(C=C(C#N)C#N)cc(O)c1O,,,CHEMBL1126897,J Med Chem,1993,"{'bei': '26.23', 'le': '0.48', 'lle': '3.41', 'sei': '5.97'}",,CHEMBL116423,,CHEMBL116423,5.25,0,http://www.openphacts.org/units/Nanomolar,225463,=,1,1,=,,IC50,nM,,5600.0,CHEMBL203,Homo sapiens,Epidermal growth factor receptor,9606,,,IC50,uM,UO_0000065,,5.6
,,786028,[],CHEMBL677393,Inhibitory concentration against EGF receptor by autophosphorylation,B,,,BAO_0000190,BAO_0000357,single protein format,Cc1cc(C=C(C#N)C#N)cc(O)c1O,,,CHEMBL1126897,J Med Chem,1993,"{'bei': '21.02', 'le': '0.38', 'lle': '2.37', 'sei': '4.78'}",,CHEMBL116423,,CHEMBL116423,4.21,0,http://www.openphacts.org/units/Nanomolar,225463,=,1,1,=,,IC50,nM,,62000.0,CHEMBL203,Homo sapiens,Epidermal growth factor receptor,9606,,,IC50,uM,UO_0000065,,62.0
,,786030,[],CHEMBL689291,Inhibition of HER-14 (human EGFR overexpressing NIH3T3) cell proliferation,F,,,BAO_0000190,BAO_0000219,cell-based format,Cc1cc(C=C(C#N)C#N)cc(O)c1O,,,CHEMBL1126897,J Med Chem,1993,,,CHEMBL116423,,CHEMBL116423,4.89,0,http://www.openphacts.org/units/Nanomolar,225463,=,1,1,=,,IC50,nM,,13000.0,CHEMBL203,Homo sapiens,Epidermal growth factor receptor,9606,,,IC50,uM,UO_0000065,,13.0
,,787149,[],CHEMBL677392,Inhibitory concentration against EGF receptor by polyGAT phosphorylation,B,,,BAO_0000190,BAO_0000357,single protein format,COc1cc(/C=C(\C#N)C(N)=O)cc(CSCc2ccccc2Cl)c1O,,,CHEMBL1126897,J Med Chem,1993,"{'bei': '14.41', 'le': '0.29', 'lle': '1.72', 'sei': '5.81'}",,CHEMBL326100,,CHEMBL326100,5.60,0,http://www.openphacts.org/units/Nanomolar,225447,=,1,1,=,,IC50,nM,,2500.0,CHEMBL203,Homo sapiens,Epidermal growth factor receptor,9606,,,IC50,uM,UO_0000065,,2.5
,,787150,[],CHEMBL677393,Inhibitory concentration against EGF receptor by autophosphorylation,B,,,BAO_0000190,BAO_0000357,single protein format,COc1cc(/C=C(\C#N)C(N)=O)cc(CSCc2ccccc2Cl)c1O,,,CHEMBL1126897,J Med Chem,1993,"{'bei': '15.43', 'le': '0.32', 'lle': '2.12', 'sei': '6.23'}",,CHEMBL326100,,CHEMBL326100,6.00,0,http://www.openphacts.org/units/Nanomolar,225447,=,1,1,=,,IC50,nM,,1000.0,CHEMBL203,Homo sapiens,Epidermal growth factor receptor,9606,,,IC50,uM,UO_0000065,,1.0
,,787152,[],CHEMBL689290,Inhibition of HER-14 (human EGFR overexpressing NIH3T3) cell proliferation,F,,,BAO_0000190,BAO_0000219,cell-based format,COc1cc(/C=C(\C#N)C(N)=O)cc(CSCc2ccccc2Cl)c1O,,,CHEMBL1126897,J Med Chem,1993,,,CHEMBL326100,,CHEMBL326100,5.00,0,http://www.openphacts.org/units/Nanomolar,225447,=,1,1,=,,IC50,nM,,10000.0,CHEMBL203,Homo sapiens,Epidermal growth factor receptor,9606,,,IC50,uM,UO_0000065,,10.0
,,787153,[],CHEMBL677392,Inhibitory concentration against EGF receptor by polyGAT phosphorylation,B,,,BAO_0000190,BAO_0000357,single protein format,COc1cc(C=C(C#N)C#N)cc(CSCC(=O)O)c1O,,,CHEMBL1126897,J Med Chem,1993,"{'bei': '13.20', 'le': '0.26', 'lle': '1.87', 'sei': '3.51'}",,CHEMBL120719,,CHEMBL120719,4.02,0,http://www.openphacts.org/units/Nanomolar,225467,=,1,1,=,,IC50,nM,,96000.0,CHEMBL203,Homo sapiens,Epidermal growth factor receptor,9606,,,IC50,uM,UO_0000065,,96.0
,,787154,[],CHEMBL677393,Inhibitory concentration against EGF receptor by autophosphorylation,B,,,BAO_0000190,BAO_0000357,single protein format,COc1cc(C=C(C#N)C#N)cc(CSCC(=O)O)c1O,,,CHEMBL1126897,J Med Chem,1993,"{'bei': '14.02', 'le': '0.28', 'lle': '2.12', 'sei': '3.73'}",,CHEMBL120719,,CHEMBL120719,4.27,0,http://www.openphacts.org/units/Nanomolar,225467,=,1,1,=,,IC50,nM,,54000.0,CHEMBL203,Homo sapiens,Epidermal growth factor receptor,9606,,,IC50,uM,UO_0000065,,54.0
,,787156,[],CHEMBL689290,Inhibition of HER-14 (human EGFR overexpressing NIH3T3) cell proliferation,F,,,BAO_0000190,BAO_0000219,cell-based format,COc1cc(C=C(C#N)C#N)cc(CSCC(=O)O)c1O,,,CHEMBL1126897,J Med Chem,1993,,,CHEMBL120719,,CHEMBL120719,,0,http://www.openphacts.org/units/Nanomolar,225467,>,1,1,>,,IC50,nM,,50000.0,CHEMBL203,Homo sapiens,Epidermal growth factor receptor,9606,,,IC50,uM,UO_0000065,,50.0
,,787623,[],CHEMBL674640,Inhibition of the epidermal growth factor receptor expressed in A431 cell line,B,,,BAO_0000190,BAO_0000219,cell-based format,CNC(=O)c1ccc(S(=O)(=O)Oc2ccc(/C=C/[N+](=O)[O-])cc2)cc1,,,CHEMBL1125600,J Med Chem,1991,"{'bei': '17.66', 'le': '0.35', 'lle': '4.34', 'sei': '5.53'}",,CHEMBL74432,,CHEMBL74432,6.40,0,http://www.openphacts.org/units/Nanomolar,135964,=,1,1,=,,IC50,nM,,400.0,CHEMBL203,Homo sapiens,Epidermal growth factor receptor,9606,,,IC50,uM,UO_0000065,,0.4
,,788630,[],CHEMBL674640,Inhibition of the epidermal growth factor receptor expressed in A431 cell line,B,,,BAO_0000190,BAO_0000219,cell-based format,O=C(O)c1ccc(S(=O)(=O)Oc2ccc(/C=C/[N+](=O)[O-])cc2)c(O)c1,,,CHEMBL1125600,J Med Chem,1991,"{'bei': '17.82', 'le': '0.36', 'lle': '4.40', 'sei': '4.52'}",,CHEMBL77688,,CHEMBL77688,6.51,0,http://www.openphacts.org/units/Nanomolar,135967,=,1,1,=,,IC50,nM,,310.0,CHEMBL203,Homo sapiens,Epidermal growth factor receptor,9606,,,IC50,uM,UO_0000065,,0.31
,,788634,[],CHEMBL674640,Inhibition of the epidermal growth factor receptor expressed in A431 cell line,B,,,BAO_0000190,BAO_0000219,cell-based format,C[C@@H](NC(=O)c1ccc(S(=O)(=O)Oc2ccc(/C=C/[N+](=O)[O-])cc2)cc1)C(=O)N[C@H](C)C(=O)OC(C)(C)C,,,CHEMBL1125600,J Med Chem,1991,"{'bei': '8.03', 'le': '0.16', 'lle': '1.73', 'sei': '2.57'}",,CHEMBL312451,,CHEMBL312451,4.40,0,http://www.openphacts.org/units/Nanomolar,135959,=,1,1,=,,IC50,nM,,40000.0,CHEMBL203,Homo sapiens,Epidermal growth factor receptor,9606,,,IC50,uM,UO_0000065,,40.0
,,789300,[],CHEMBL674020,Inhibition of phosphorylation of a polyglutamic acid/tyrosine random copolymer by EGFR enzyme prepared from human A431 carcinoma cell vesicles by immunoaffinity chromatography,B,,,BAO_0000190,BAO_0000357,single protein format,C=CC(=O)Nc1cc2c(Nc3cccc(Br)c3)ncnc2cc1OCCCn1ccnc1,,,CHEMBL1133162,J Med Chem,2000,"{'bei': '17.27', 'le': '0.36', 'lle': '3.59', 'sei': '9.07'}",,CHEMBL286343,,CHEMBL286343,8.52,0,http://www.openphacts.org/units/Nanomolar,45045,=,1,1,=,,IC50,nM,,3.0,CHEMBL203,Homo sapiens,Epidermal growth factor receptor,9606,,,IC50,nM,UO_0000065,,3.0
,,789301,[],CHEMBL674019,Inhibition of EGF-stimulated autophosphorylation of EGFR enzyme in A431 cells detected by immunoblotting,B,,,BAO_0000190,BAO_0000219,cell-based format,C=CC(=O)Nc1cc2c(Nc3cccc(Br)c3)ncnc2cc1OCCCn1ccnc1,,,CHEMBL1133162,J Med Chem,2000,"{'bei': '15.56', 'le': '0.33', 'lle': '2.75', 'sei': '8.17'}",,CHEMBL286343,,CHEMBL286343,7.68,0,http://www.openphacts.org/units/Nanomolar,45045,=,1,1,=,,IC50,nM,,21.0,CHEMBL203,Homo sapiens,Epidermal growth factor receptor,9606,,,IC50,nM,UO_0000065,,21.0
,,790534,[],CHEMBL674020,Inhibition of phosphorylation of a polyglutamic acid/tyrosine random copolymer by EGFR enzyme prepared from human A431 carcinoma cell vesicles by immunoaffinity chromatography,B,,,BAO_0000190,BAO_0000357,single protein format,C=CC(=O)Nc1cc2c(Nc3ccc(F)c(Cl)c3)ncnc2cc1OCCCN1CCOCC1,,,CHEMBL1133162,J Med Chem,2000,"{'bei': '18.16', 'le': '0.35', 'lle': '4.43', 'sei': '9.96'}",,CHEMBL31965,CANERTINIB,CHEMBL31965,8.82,0,http://www.openphacts.org/units/Nanomolar,45053,=,1,1,=,,IC50,nM,,1.5,CHEMBL203,Homo sapiens,Epidermal growth factor receptor,9606,,,IC50,nM,UO_0000065,,1.5
,,790535,[],CHEMBL674019,Inhibition of EGF-stimulated autophosphorylation of EGFR enzyme in A431 cells detected by immunoblotting,B,,,BAO_0000190,BAO_0000219,cell-based format,C=CC(=O)Nc1cc2c(Nc3ccc(F)c(Cl)c3)ncnc2cc1OCCCN1CCOCC1,,,CHEMBL1133162,J Med Chem,2000,"{'bei': '16.73', 'le': '0.33', 'lle': '3.74', 'sei': '9.18'}",,CHEMBL31965,CANERTINIB,CHEMBL31965,8.13,0,http://www.openphacts.org/units/Nanomolar,45053,=,1,1,=,,IC50,nM,,7.4,CHEMBL203,Homo sapiens,Epidermal growth factor receptor,9606,,,IC50,nM,UO_0000065,,7.4
,,792019,[],CHEMBL674020,Inhibition of phosphorylation of a polyglutamic acid/tyrosine random copolymer by EGFR enzyme prepared from human A431 carcinoma cell vesicles by immunoaffinity chromatography,B,,,BAO_0000190,BAO_0000357,single protein format,C=CC(=O)Nc1ccc2ncnc(Nc3cccc(Br)c3)c2c1,,,CHEMBL1133162,J Med Chem,2000,"{'bei': '24.80', 'le': '0.54', 'lle': '4.89', 'sei': '13.68'}",,CHEMBL285063,,CHEMBL285063,9.15,1,http://www.openphacts.org/units/Nanomolar,45059,=,1,1,=,,IC50,nM,,0.7,CHEMBL203,Homo sapiens,Epidermal growth factor receptor,9606,,,IC50,nM,UO_0000065,,0.7
,,792020,[],CHEMBL674019,Inhibition of EGF-stimulated autophosphorylation of EGFR enzyme in A431 cells detected by immunoblotting,B,,,BAO_0000190,BAO_0000219,cell-based format,C=CC(=O)Nc1ccc2ncnc(Nc3cccc(Br)c3)c2c1,,,CHEMBL1133162,J Med Chem,2000,"{'bei': '23.21', 'le': '0.51', 'lle': '4.31', 'sei': '12.81'}",,CHEMBL285063,,CHEMBL285063,8.57,0,http://www.openphacts.org/units/Nanomolar,45059,=,1,1,=,,IC50,nM,,2.7,CHEMBL203,Homo sapiens,Epidermal growth factor receptor,9606,,,IC50,nM,UO_0000065,,2.7
,,796535,[],CHEMBL674020,Inhibition of phosphorylation of a polyglutamic acid/tyrosine random copolymer by EGFR enzyme prepared from human A431 carcinoma cell vesicles by immunoaffinity chromatography,B,,,BAO_0000190,BAO_0000357,single protein format,C=CC(=O)Nc1cc2c(Nc3ccc(F)c(Br)c3)ncnc2cc1OCCCN1CCOCC1,,,CHEMBL1133162,J Med Chem,2000,"{'bei': '16.49', 'le': '0.35', 'lle': '4.24', 'sei': '9.87'}",,CHEMBL27685,,CHEMBL27685,8.74,0,http://www.openphacts.org/units/Nanomolar,45055,=,1,1,=,,IC50,nM,,1.8,CHEMBL203,Homo sapiens,Epidermal growth factor receptor,9606,,,IC50,nM,UO_0000065,,1.8
,,796536,[],CHEMBL674019,Inhibition of EGF-stimulated autophosphorylation of EGFR enzyme in A431 cells detected by immunoblotting,B,,,BAO_0000190,BAO_0000219,cell-based format,C=CC(=O)Nc1cc2c(Nc3ccc(F)c(Br)c3)ncnc2cc1OCCCN1CCOCC1,,,CHEMBL1133162,J Med Chem,2000,"{'bei': '15.70', 'le': '0.33', 'lle': '3.83', 'sei': '9.40'}",,CHEMBL27685,,CHEMBL27685,8.33,0,http://www.openphacts.org/units/Nanomolar,45055,=,1,1,=,,IC50,nM,,4.7,CHEMBL203,Homo sapiens,Epidermal growth factor receptor,9606,,,IC50,nM,UO_0000065,,4.7
,,796539,[],CHEMBL674020,Inhibition of phosphorylation of a polyglutamic acid/tyrosine random copolymer by EGFR enzyme prepared from human A431 carcinoma cell vesicles by immunoaffinity chromatography,B,,,BAO_0000190,BAO_0000357,single protein format,C=CC(=O)N(C)c1nc2c(Nc3ccc(F)c(Cl)c3)ncnc2cc1OCCCN1CCOCC1,,,CHEMBL1133162,J Med Chem,2000,"{'bei': '15.37', 'le': '0.30', 'lle': '3.89', 'sei': '8.30'}",,CHEMBL31630,,CHEMBL31630,7.70,0,http://www.openphacts.org/units/Nanomolar,45063,=,1,1,=,,IC50,nM,,20.0,CHEMBL203,Homo sapiens,Epidermal growth factor receptor,9606,,,IC50,nM,UO_0000065,,20.0
,,796540,[],CHEMBL674019,Inhibition of EGF-stimulated autophosphorylation of EGFR enzyme in A431 cells detected by immunoblotting,B,,,BAO_0000190,BAO_0000219,cell-based format,C=CC(=O)N(C)c1nc2c(Nc3ccc(F)c(Cl)c3)ncnc2cc1OCCCN1CCOCC1,,,CHEMBL1133162,J Med Chem,2000,"{'bei': '14.08', 'le': '0.28', 'lle': '3.25', 'sei': '7.61'}",,CHEMBL31630,,CHEMBL31630,7.06,0,http://www.openphacts.org/units/Nanomolar,45063,=,1,1,=,,IC50,nM,,88.0,CHEMBL203,Homo sapiens,Epidermal growth factor receptor,9606,,,IC50,nM,UO_0000065,,88.0
,,798854,[],CHEMBL674020,Inhibition of phosphorylation of a polyglutamic acid/tyrosine random copolymer by EGFR enzyme prepared from human A431 carcinoma cell vesicles by immunoaffinity chromatography,B,,,BAO_0000190,BAO_0000357,single protein format,C=CC(=O)Nc1cc2c(Nc3cccc(C)c3)ncnc2cc1OCCCN1CCOCC1,,,CHEMBL1133162,J Med Chem,2000,"{'bei': '19.72', 'le': '0.37', 'lle': '4.91', 'sei': '9.96'}",,CHEMBL27688,,CHEMBL27688,8.82,0,http://www.openphacts.org/units/Nanomolar,45047,=,1,1,=,,IC50,nM,,1.5,CHEMBL203,Homo sapiens,Epidermal growth factor receptor,9606,,,IC50,nM,UO_0000065,,1.5
,,798855,[],CHEMBL674019,Inhibition of EGF-stimulated autophosphorylation of EGFR enzyme in A431 cells detected by immunoblotting,B,,,BAO_0000190,BAO_0000219,cell-based format,C=CC(=O)Nc1cc2c(Nc3cccc(C)c3)ncnc2cc1OCCCN1CCOCC1,,,CHEMBL1133162,J Med Chem,2000,"{'bei': '16.91', 'le': '0.31', 'lle': '3.66', 'sei': '8.54'}",,CHEMBL27688,,CHEMBL27688,7.57,0,http://www.openphacts.org/units/Nanomolar,45047,=,1,1,=,,IC50,nM,,27.0,CHEMBL203,Homo sapiens,Epidermal growth factor receptor,9606,,,IC50,nM,UO_0000065,,27.0
,,800022,[],CHEMBL674020,Inhibition of phosphorylation of a polyglutamic acid/tyrosine random copolymer by EGFR enzyme prepared from human A431 carcinoma cell vesicles by immunoaffinity chromatography,B,,,BAO_0000190,BAO_0000357,single protein format,C=CC(=O)Nc1ccc2ncnc(Nc3ccc(F)c(Cl)c3)c2c1,,,CHEMBL1133162,J Med Chem,2000,"{'bei': '26.62', 'le': '0.52', 'lle': '4.83', 'sei': '13.64'}",,CHEMBL31373,,CHEMBL31373,9.12,1,http://www.openphacts.org/units/Nanomolar,45054,=,1,1,=,,IC50,nM,,0.75,CHEMBL203,Homo sapiens,Epidermal growth factor receptor,9606,,,IC50,nM,UO_0000065,,0.75
,,800023,[],CHEMBL674019,Inhibition of EGF-stimulated autophosphorylation of EGFR enzyme in A431 cells detected by immunoblotting,B,,,BAO_0000190,BAO_0000219,cell-based format,C=CC(=O)Nc1ccc2ncnc(Nc3ccc(F)c(Cl)c3)c2c1,,,CHEMBL1133162,J Med Chem,2000,"{'bei': '24.82', 'le': '0.48', 'lle': '4.22', 'sei': '12.72'}",,CHEMBL31373,,CHEMBL31373,8.51,1,http://www.openphacts.org/units/Nanomolar,45054,=,1,1,=,,IC50,nM,,3.1,CHEMBL203,Homo sapiens,Epidermal growth factor receptor,9606,,,IC50,nM,UO_0000065,,3.1
,,801239,[],CHEMBL674020,Inhibition of phosphorylation of a polyglutamic acid/tyrosine random copolymer by EGFR enzyme prepared from human A431 carcinoma cell vesicles by immunoaffinity chromatography,B,,,BAO_0000190,BAO_0000357,single protein format,C=CC(=O)Nc1nc2c(Nc3ccc(F)c(Cl)c3)ncnc2cc1OC,,,CHEMBL1133162,J Med Chem,2000,"{'bei': '24.14', 'le': '0.47', 'lle': '5.33', 'sei': '10.13'}",,CHEMBL31816,,CHEMBL31816,9.02,0,http://www.openphacts.org/units/Nanomolar,45048,=,1,1,=,,IC50,nM,,0.95,CHEMBL203,Homo sapiens,Epidermal growth factor receptor,9606,,,IC50,nM,UO_0000065,,0.95
,,801240,[],CHEMBL674019,Inhibition of EGF-stimulated autophosphorylation of EGFR enzyme in A431 cells detected by immunoblotting,B,,,BAO_0000190,BAO_0000219,cell-based format,C=CC(=O)Nc1nc2c(Nc3ccc(F)c(Cl)c3)ncnc2cc1OC,,,CHEMBL1133162,J Med Chem,2000,"{'bei': '17.49', 'le': '0.34', 'lle': '2.85', 'sei': '7.34'}",,CHEMBL31816,,CHEMBL31816,6.54,0,http://www.openphacts.org/units/Nanomolar,45048,=,1,1,=,,IC50,nM,,291.0,CHEMBL203,Homo sapiens,Epidermal growth factor receptor,9606,,,IC50,nM,UO_0000065,,291.0
,,802489,[],CHEMBL674020,Inhibition of phosphorylation of a polyglutamic acid/tyrosine random copolymer by EGFR enzyme prepared from human A431 carcinoma cell vesicles by immunoaffinity chromatography,B,,,BAO_0000190,BAO_0000357,single protein format,C=CC(=O)Nc1nc2c(Nc3ccc(F)c(Cl)c3)ncnc2cc1/C=C/CCN1CCOCC1,,,CHEMBL1133162,J Med Chem,2000,"{'bei': '20.28', 'le': '0.39', 'lle': '5.38', 'sei': '10.62'}",,CHEMBL417478,,CHEMBL417478,9.80,0,http://www.openphacts.org/units/Nanomolar,45050,=,1,1,=,,IC50,nM,,0.16,CHEMBL203,Homo sapiens,Epidermal growth factor receptor,9606,,,IC50,nM,UO_0000065,,0.16
,,802490,[],CHEMBL674019,Inhibition of EGF-stimulated autophosphorylation of EGFR enzyme in A431 cells detected by immunoblotting,B,,,BAO_0000190,BAO_0000219,cell-based format,C=CC(=O)Nc1nc2c(Nc3ccc(F)c(Cl)c3)ncnc2cc1/C=C/CCN1CCOCC1,,,CHEMBL1133162,J Med Chem,2000,"{'bei': '14.34', 'le': '0.28', 'lle': '2.50', 'sei': '7.50'}",,CHEMBL417478,,CHEMBL417478,6.92,0,http://www.openphacts.org/units/Nanomolar,45050,=,1,1,=,,IC50,nM,,119.0,CHEMBL203,Homo sapiens,Epidermal growth factor receptor,9606,,,IC50,nM,UO_0000065,,119.0
,,803707,[],CHEMBL674020,Inhibition of phosphorylation of a polyglutamic acid/tyrosine random copolymer by EGFR enzyme prepared from human A431 carcinoma cell vesicles by immunoaffinity chromatography,B,,,BAO_0000190,BAO_0000357,single protein format,C=CC(=O)Nc1cc2c(Nc3cccc(Br)c3)ncnc2cc1OCCCN1CCN(C)CC1,,,CHEMBL1133162,J Med Chem,2000,"{'bei': '16.69', 'le': '0.35', 'lle': '4.49', 'sei': '10.61'}",,CHEMBL32844,,CHEMBL32844,8.77,0,http://www.openphacts.org/units/Nanomolar,45044,=,1,1,=,,IC50,nM,,1.7,CHEMBL203,Homo sapiens,Epidermal growth factor receptor,9606,,,IC50,nM,UO_0000065,,1.7
,,803708,[],CHEMBL674019,Inhibition of EGF-stimulated autophosphorylation of EGFR enzyme in A431 cells detected by immunoblotting,B,,,BAO_0000190,BAO_0000219,cell-based format,C=CC(=O)Nc1cc2c(Nc3cccc(Br)c3)ncnc2cc1OCCCN1CCN(C)CC1,,,CHEMBL1133162,J Med Chem,2000,"{'bei': '16.22', 'le': '0.34', 'lle': '4.24', 'sei': '10.32'}",,CHEMBL32844,,CHEMBL32844,8.52,0,http://www.openphacts.org/units/Nanomolar,45044,=,1,1,=,,IC50,nM,,3.0,CHEMBL203,Homo sapiens,Epidermal growth factor receptor,9606,,,IC50,nM,UO_0000065,,3.0
,,803710,[],CHEMBL674020,Inhibition of phosphorylation of a polyglutamic acid/tyrosine random copolymer by EGFR enzyme prepared from human A431 carcinoma cell vesicles by immunoaffinity chromatography,B,,,BAO_0000190,BAO_0000357,single protein format,C=CC(=O)Nc1cc2c(Nc3cccc(Br)c3)ncnc2cc1OCCCCN(C)C,,,CHEMBL1133162,J Med Chem,2000,"{'bei': '17.36', 'le': '0.37', 'lle': '3.43', 'sei': '10.59'}",,CHEMBL31588,,CHEMBL31588,8.41,0,http://www.openphacts.org/units/Nanomolar,45068,=,1,1,=,,IC50,nM,,3.9,CHEMBL203,Homo sapiens,Epidermal growth factor receptor,9606,,,IC50,nM,UO_0000065,,3.9
,,803711,[],CHEMBL674019,Inhibition of EGF-stimulated autophosphorylation of EGFR enzyme in A431 cells detected by immunoblotting,B,,,BAO_0000190,BAO_0000219,cell-based format,C=CC(=O)Nc1cc2c(Nc3cccc(Br)c3)ncnc2cc1OCCCCN(C)C,,,CHEMBL1133162,J Med Chem,2000,"{'bei': '16.73', 'le': '0.36', 'lle': '3.12', 'sei': '10.21'}",,CHEMBL31588,,CHEMBL31588,8.10,0,http://www.openphacts.org/units/Nanomolar,45068,=,1,1,=,,IC50,nM,,7.9,CHEMBL203,Homo sapiens,Epidermal growth factor receptor,9606,,,IC50,nM,UO_0000065,,7.9
,,803713,[],CHEMBL674020,Inhibition of phosphorylation of a polyglutamic acid/tyrosine random copolymer by EGFR enzyme prepared from human A431 carcinoma cell vesicles by immunoaffinity chromatography,B,,,BAO_0000190,BAO_0000357,single protein format,C=CC(=O)Nc1nc2c(Nc3ccc(F)c(Cl)c3)ncnc2cc1OCCCN1CCOCC1,,,CHEMBL1133162,J Med Chem,2000,"{'bei': '18.12', 'le': '0.35', 'lle': '5.03', 'sei': '8.69'}",,CHEMBL31656,,CHEMBL31656,8.82,0,http://www.openphacts.org/units/Nanomolar,45064,=,1,1,=,,IC50,nM,,1.5,CHEMBL203,Homo sapiens,Epidermal growth factor receptor,9606,,,IC50,nM,UO_0000065,,1.5
,,803714,[],CHEMBL674019,Inhibition of EGF-stimulated autophosphorylation of EGFR enzyme in A431 cells detected by immunoblotting,B,,,BAO_0000190,BAO_0000219,cell-based format,C=CC(=O)Nc1nc2c(Nc3ccc(F)c(Cl)c3)ncnc2cc1OCCCN1CCOCC1,,,CHEMBL1133162,J Med Chem,2000,"{'bei': '13.07', 'le': '0.26', 'lle': '2.57', 'sei': '6.27'}",,CHEMBL31656,,CHEMBL31656,6.36,0,http://www.openphacts.org/units/Nanomolar,45064,=,1,1,=,,IC50,nM,,434.0,CHEMBL203,Homo sapiens,Epidermal growth factor receptor,9606,,,IC50,nM,UO_0000065,,434.0
,,806306,[],CHEMBL674020,Inhibition of phosphorylation of a polyglutamic acid/tyrosine random copolymer by EGFR enzyme prepared from human A431 carcinoma cell vesicles by immunoaffinity chromatography,B,,,BAO_0000190,BAO_0000357,single protein format,C=CC(=O)Nc1cc2c(Nc3cccc(Br)c3)ncnc2cc1OCCCN1CCOCC1,,,CHEMBL1133162,J Med Chem,2000,"{'bei': '16.48', 'le': '0.35', 'lle': '4.08', 'sei': '9.53'}",,CHEMBL31419,,CHEMBL31419,8.44,0,http://www.openphacts.org/units/Nanomolar,45069,=,1,1,=,,IC50,nM,,3.6,CHEMBL203,Homo sapiens,Epidermal growth factor receptor,9606,,,IC50,nM,UO_0000065,,3.6
,,806307,[],CHEMBL674019,Inhibition of EGF-stimulated autophosphorylation of EGFR enzyme in A431 cells detected by immunoblotting,B,,,BAO_0000190,BAO_0000219,cell-based format,C=CC(=O)Nc1cc2c(Nc3cccc(Br)c3)ncnc2cc1OCCCN1CCOCC1,,,CHEMBL1133162,J Med Chem,2000,"{'bei': '16.15', 'le': '0.34', 'lle': '3.92', 'sei': '9.34'}",,CHEMBL31419,,CHEMBL31419,8.28,0,http://www.openphacts.org/units/Nanomolar,45069,=,1,1,=,,IC50,nM,,5.3,CHEMBL203,Homo sapiens,Epidermal growth factor receptor,9606,,,IC50,nM,UO_0000065,,5.3
,,807573,[],CHEMBL674020,Inhibition of phosphorylation of a polyglutamic acid/tyrosine random copolymer by EGFR enzyme prepared from human A431 carcinoma cell vesicles by immunoaffinity chromatography,B,,,BAO_0000190,BAO_0000357,single protein format,C=CC(=O)Nc1cc2c(Nc3cccc(Br)c3)ncnc2cc1SCCCN(CC)CC,,,CHEMBL1133162,J Med Chem,2000,"{'bei': '17.70', 'le': '0.39', 'lle': '3.03', 'sei': '12.98'}",,CHEMBL31326,,CHEMBL31326,9.11,0,http://www.openphacts.org/units/Nanomolar,45067,=,1,1,=,,IC50,nM,,0.78,CHEMBL203,Homo sapiens,Epidermal growth factor receptor,9606,,,IC50,nM,UO_0000065,,0.78
,,807574,[],CHEMBL674019,Inhibition of EGF-stimulated autophosphorylation of EGFR enzyme in A431 cells detected by immunoblotting,B,,,BAO_0000190,BAO_0000219,cell-based format,C=CC(=O)Nc1cc2c(Nc3cccc(Br)c3)ncnc2cc1SCCCN(CC)CC,,,CHEMBL1133162,J Med Chem,2000,"{'bei': '13.04', 'le': '0.29', 'lle': '0.63', 'sei': '9.56'}",,CHEMBL31326,,CHEMBL31326,6.71,0,http://www.openphacts.org/units/Nanomolar,45067,=,1,1,=,,IC50,nM,,196.0,CHEMBL203,Homo sapiens,Epidermal growth factor receptor,9606,,,IC50,nM,UO_0000065,,196.0
,,807576,[],CHEMBL674020,Inhibition of phosphorylation of a polyglutamic acid/tyrosine random copolymer by EGFR enzyme prepared from human A431 carcinoma cell vesicles by immunoaffinity chromatography,B,,,BAO_0000190,BAO_0000357,single protein format,C=CC(=O)Nc1ccc2ncnc(Nc3cccc(C)c3)c2c1,,,CHEMBL1133162,J Med Chem,2000,"{'bei': '30.81', 'le': '0.56', 'lle': '5.57', 'sei': '14.01'}",,CHEMBL31815,,CHEMBL31815,9.38,1,http://www.openphacts.org/units/Nanomolar,45046,=,1,1,=,,IC50,nM,,0.42,CHEMBL203,Homo sapiens,Epidermal growth factor receptor,9606,,,IC50,nM,UO_0000065,,0.42
,,807577,[],CHEMBL674019,Inhibition of EGF-stimulated autophosphorylation of EGFR enzyme in A431 cells detected by immunoblotting,B,,,BAO_0000190,BAO_0000219,cell-based format,C=CC(=O)Nc1ccc2ncnc(Nc3cccc(C)c3)c2c1,,,CHEMBL1133162,J Med Chem,2000,"{'bei': '27.36', 'le': '0.49', 'lle': '4.52', 'sei': '12.45'}",,CHEMBL31815,,CHEMBL31815,8.33,1,http://www.openphacts.org/units/Nanomolar,45046,=,1,1,=,,IC50,nM,,4.7,CHEMBL203,Homo sapiens,Epidermal growth factor receptor,9606,,,IC50,nM,UO_0000065,,4.7
,,811442,[],CHEMBL674020,Inhibition of phosphorylation of a polyglutamic acid/tyrosine random copolymer by EGFR enzyme prepared from human A431 carcinoma cell vesicles by immunoaffinity chromatography,B,,,BAO_0000190,BAO_0000357,single protein format,C=CC(=O)Nc1ccc2ncnc(Nc3ccc(F)c(Br)c3)c2c1,,,CHEMBL1133162,J Med Chem,2000,"{'bei': '23.66', 'le': '0.52', 'lle': '4.76', 'sei': '13.69'}",,CHEMBL280757,,CHEMBL280757,9.16,1,http://www.openphacts.org/units/Nanomolar,45056,=,1,1,=,,IC50,nM,,0.69,CHEMBL203,Homo sapiens,Epidermal growth factor receptor,9606,,,IC50,nM,UO_0000065,,0.69
,,811443,[],CHEMBL674019,Inhibition of EGF-stimulated autophosphorylation of EGFR enzyme in A431 cells detected by immunoblotting,B,,,BAO_0000190,BAO_0000219,cell-based format,C=CC(=O)Nc1ccc2ncnc(Nc3ccc(F)c(Br)c3)c2c1,,,CHEMBL1133162,J Med Chem,2000,"{'bei': '22.13', 'le': '0.49', 'lle': '4.17', 'sei': '12.81'}",,CHEMBL280757,,CHEMBL280757,8.57,1,http://www.openphacts.org/units/Nanomolar,45056,=,1,1,=,,IC50,nM,,2.7,CHEMBL203,Homo sapiens,Epidermal growth factor receptor,9606,,,IC50,nM,UO_0000065,,2.7
,,813921,[],CHEMBL674020,Inhibition of phosphorylation of a polyglutamic acid/tyrosine random copolymer by EGFR enzyme prepared from human A431 carcinoma cell vesicles by immunoaffinity chromatography,B,,,BAO_0000190,BAO_0000357,single protein format,C=CC(=O)Nc1ccc2ncnc(Nc3ccc(F)c(Cl)c3)c2n1,,,CHEMBL1133162,J Med Chem,2000,"{'bei': '26.55', 'le': '0.52', 'lle': '5.43', 'sei': '11.43'}",,CHEMBL28418,,CHEMBL28418,9.12,1,http://www.openphacts.org/units/Nanomolar,45051,=,1,1,=,,IC50,nM,,0.75,CHEMBL203,Homo sapiens,Epidermal growth factor receptor,9606,,,IC50,nM,UO_0000065,,0.75
,,813922,[],CHEMBL674019,Inhibition of EGF-stimulated autophosphorylation of EGFR enzyme in A431 cells detected by immunoblotting,B,,,BAO_0000190,BAO_0000219,cell-based format,C=CC(=O)Nc1ccc2ncnc(Nc3ccc(F)c(Cl)c3)c2n1,,,CHEMBL1133162,J Med Chem,2000,"{'bei': '22.53', 'le': '0.44', 'lle': '4.05', 'sei': '9.71'}",,CHEMBL28418,,CHEMBL28418,7.75,1,http://www.openphacts.org/units/Nanomolar,45051,=,1,1,=,,IC50,nM,,18.0,CHEMBL203,Homo sapiens,Epidermal growth factor receptor,9606,,,IC50,nM,UO_0000065,,18.0
,,816305,[],CHEMBL674020,Inhibition of phosphorylation of a polyglutamic acid/tyrosine random copolymer by EGFR enzyme prepared from human A431 carcinoma cell vesicles by immunoaffinity chromatography,B,,,BAO_0000190,BAO_0000357,single protein format,C=CC(=O)Nc1nc2c(Nc3ccc(F)c(Cl)c3)ncnc2cc1CCCCN1CCOCC1,,,CHEMBL1133162,J Med Chem,2000,"{'bei': '17.67', 'le': '0.34', 'lle': '4.23', 'sei': '9.29'}",,CHEMBL281543,,CHEMBL281543,8.57,0,http://www.openphacts.org/units/Nanomolar,45049,=,1,1,=,,IC50,nM,,2.7,CHEMBL203,Homo sapiens,Epidermal growth factor receptor,9606,,,IC50,nM,UO_0000065,,2.7
,,816306,[],CHEMBL674019,Inhibition of EGF-stimulated autophosphorylation of EGFR enzyme in A431 cells detected by immunoblotting,B,,,BAO_0000190,BAO_0000219,cell-based format,C=CC(=O)Nc1nc2c(Nc3ccc(F)c(Cl)c3)ncnc2cc1CCCCN1CCOCC1,,,CHEMBL1133162,J Med Chem,2000,"{'bei': '10.91', 'le': '0.21', 'lle': '0.95', 'sei': '5.74'}",,CHEMBL281543,,CHEMBL281543,5.29,0,http://www.openphacts.org/units/Nanomolar,45049,=,1,1,=,,IC50,nM,,5100.0,CHEMBL203,Homo sapiens,Epidermal growth factor receptor,9606,,,IC50,nM,UO_0000065,,5100.0
,,816309,[],CHEMBL674020,Inhibition of phosphorylation of a polyglutamic acid/tyrosine random copolymer by EGFR enzyme prepared from human A431 carcinoma cell vesicles by immunoaffinity chromatography,B,,,BAO_0000190,BAO_0000357,single protein format,C=CC(=O)Nc1nc2c(Nc3ccc(F)c(Cl)c3)ncnc2cc1OCCCN1CCN(C)CC1,,,CHEMBL1133162,J Med Chem,2000,"{'bei': '16.36', 'le': '0.32', 'lle': '4.48', 'sei': '8.57'}",,CHEMBL284326,,CHEMBL284326,8.18,0,http://www.openphacts.org/units/Nanomolar,45062,=,1,1,=,,IC50,nM,,6.6,CHEMBL203,Homo sapiens,Epidermal growth factor receptor,9606,,,IC50,nM,UO_0000065,,6.6
,,816310,[],CHEMBL674019,Inhibition of EGF-stimulated autophosphorylation of EGFR enzyme in A431 cells detected by immunoblotting,B,,,BAO_0000190,BAO_0000219,cell-based format,C=CC(=O)Nc1nc2c(Nc3ccc(F)c(Cl)c3)ncnc2cc1OCCCN1CCN(C)CC1,,,CHEMBL1133162,J Med Chem,2000,"{'bei': '13.16', 'le': '0.26', 'lle': '2.88', 'sei': '6.89'}",,CHEMBL284326,,CHEMBL284326,6.58,0,http://www.openphacts.org/units/Nanomolar,45062,=,1,1,=,,IC50,nM,,264.0,CHEMBL203,Homo sapiens,Epidermal growth factor receptor,9606,,,IC50,nM,UO_0000065,,264.0
,,817636,[],CHEMBL674020,Inhibition of phosphorylation of a polyglutamic acid/tyrosine random copolymer by EGFR enzyme prepared from human A431 carcinoma cell vesicles by immunoaffinity chromatography,B,,,BAO_0000190,BAO_0000357,single protein format,C=CC(=O)Nc1cc2c(Nc3ccc(F)c(Cl)c3)ncnc2cc1OCCOCCCCO,,,CHEMBL1133162,J Med Chem,2000,"{'bei': '18.47', 'le': '0.36', 'lle': '4.31', 'sei': '8.30'}",,CHEMBL32079,,CHEMBL32079,8.77,0,http://www.openphacts.org/units/Nanomolar,45052,=,1,1,=,,IC50,nM,,1.7,CHEMBL203,Homo sapiens,Epidermal growth factor receptor,9606,,,IC50,nM,UO_0000065,,1.7
,,819945,[],CHEMBL674020,Inhibition of phosphorylation of a polyglutamic acid/tyrosine random copolymer by EGFR enzyme prepared from human A431 carcinoma cell vesicles by immunoaffinity chromatography,B,,,BAO_0000190,BAO_0000357,single protein format,C=CC(=O)Nc1cc2c(Nc3cccc(C)c3)ncnc2cc1OCCCN1CCN(C)CC1,,,CHEMBL1133162,J Med Chem,2000,"{'bei': '18.89', 'le': '0.35', 'lle': '4.88', 'sei': '10.53'}",,CHEMBL31622,,CHEMBL31622,8.70,0,http://www.openphacts.org/units/Nanomolar,45066,=,1,1,=,,IC50,nM,,2.0,CHEMBL203,Homo sapiens,Epidermal growth factor receptor,9606,,,IC50,nM,UO_0000065,,2.0
,,819946,[],CHEMBL674019,Inhibition of EGF-stimulated autophosphorylation of EGFR enzyme in A431 cells detected by immunoblotting,B,,,BAO_0000190,BAO_0000219,cell-based format,C=CC(=O)Nc1cc2c(Nc3cccc(C)c3)ncnc2cc1OCCCN1CCN(C)CC1,,,CHEMBL1133162,J Med Chem,2000,"{'bei': '16.82', 'le': '0.31', 'lle': '3.92', 'sei': '9.37'}",,CHEMBL31622,,CHEMBL31622,7.75,0,http://www.openphacts.org/units/Nanomolar,45066,=,1,1,=,,IC50,nM,,18.0,CHEMBL203,Homo sapiens,Epidermal growth factor receptor,9606,,,IC50,nM,UO_0000065,,18.0
,,819948,[],CHEMBL674020,Inhibition of phosphorylation of a polyglutamic acid/tyrosine random copolymer by EGFR enzyme prepared from human A431 carcinoma cell vesicles by immunoaffinity chromatography,B,,,BAO_0000190,BAO_0000357,single protein format,C=CC(=O)Nc1nc2c(Nc3ccc(F)c(Cl)c3)ncnc2cc1OCCOC,,,CHEMBL1133162,J Med Chem,2000,"{'bei': '21.57', 'le': '0.42', 'lle': '5.30', 'sei': '9.17'}",,CHEMBL31570,,CHEMBL31570,9.01,0,http://www.openphacts.org/units/Nanomolar,45065,=,1,1,=,,IC50,nM,,0.97,CHEMBL203,Homo sapiens,Epidermal growth factor receptor,9606,,,IC50,nM,UO_0000065,,0.97
,,819949,[],CHEMBL674019,Inhibition of EGF-stimulated autophosphorylation of EGFR enzyme in A431 cells detected by immunoblotting,B,,,BAO_0000190,BAO_0000219,cell-based format,C=CC(=O)Nc1nc2c(Nc3ccc(F)c(Cl)c3)ncnc2cc1OCCOC,,,CHEMBL1133162,J Med Chem,2000,"{'bei': '15.37', 'le': '0.30', 'lle': '2.71', 'sei': '6.54'}",,CHEMBL31570,,CHEMBL31570,6.42,0,http://www.openphacts.org/units/Nanomolar,45065,=,1,1,=,,IC50,nM,,377.0,CHEMBL203,Homo sapiens,Epidermal growth factor receptor,9606,,,IC50,nM,UO_0000065,,377.0
,,824519,[],CHEMBL674020,Inhibition of phosphorylation of a polyglutamic acid/tyrosine random copolymer by EGFR enzyme prepared from human A431 carcinoma cell vesicles by immunoaffinity chromatography,B,,,BAO_0000190,BAO_0000357,single protein format,C=CC(=O)Nc1ccc2ncnc(Nc3ccc(CN(C)C)c(Br)c3)c2c1,,,CHEMBL1133162,J Med Chem,2000,"{'bei': '17.23', 'le': '0.37', 'lle': '3.03', 'sei': '10.47'}",,CHEMBL283201,,CHEMBL283201,7.35,0,http://www.openphacts.org/units/Nanomolar,45058,=,1,1,=,,IC50,nM,,45.0,CHEMBL203,Homo sapiens,Epidermal growth factor receptor,9606,,,IC50,nM,UO_0000065,,45.0
,,824520,[],CHEMBL674019,Inhibition of EGF-stimulated autophosphorylation of EGFR enzyme in A431 cells detected by immunoblotting,B,,,BAO_0000190,BAO_0000219,cell-based format,C=CC(=O)Nc1ccc2ncnc(Nc3ccc(CN(C)C)c(Br)c3)c2c1,,,CHEMBL1133162,J Med Chem,2000,"{'bei': '14.97', 'le': '0.32', 'lle': '2.06', 'sei': '9.10'}",,CHEMBL283201,,CHEMBL283201,6.38,0,http://www.openphacts.org/units/Nanomolar,45058,=,1,1,=,,IC50,nM,,416.0,CHEMBL203,Homo sapiens,Epidermal growth factor receptor,9606,,,IC50,nM,UO_0000065,,416.0
,,824522,[],CHEMBL674020,Inhibition of phosphorylation of a polyglutamic acid/tyrosine random copolymer by EGFR enzyme prepared from human A431 carcinoma cell vesicles by immunoaffinity chromatography,B,,,BAO_0000190,BAO_0000357,single protein format,C=CC(=O)Nc1ccc2ncnc(Nc3ccc(OCCN(C)C)c(Br)c3)c2c1,,,CHEMBL1133162,J Med Chem,2000,"{'bei': '16.59', 'le': '0.36', 'lle': '3.37', 'sei': '9.53'}",,CHEMBL31369,,CHEMBL31369,7.57,0,http://www.openphacts.org/units/Nanomolar,45057,=,1,1,=,,IC50,nM,,27.0,CHEMBL203,Homo sapiens,Epidermal growth factor receptor,9606,,,IC50,nM,UO_0000065,,27.0
,,824523,[],CHEMBL674019,Inhibition of EGF-stimulated autophosphorylation of EGFR enzyme in A431 cells detected by immunoblotting,B,,,BAO_0000190,BAO_0000219,cell-based format,C=CC(=O)Nc1ccc2ncnc(Nc3ccc(OCCN(C)C)c(Br)c3)c2c1,,,CHEMBL1133162,J Med Chem,2000,"{'bei': '11.21', 'le': '0.24', 'lle': '0.91', 'sei': '6.44'}",,CHEMBL31369,,CHEMBL31369,5.11,0,http://www.openphacts.org/units/Nanomolar,45057,=,1,1,=,,IC50,nM,,7693.0,CHEMBL203,Homo sapiens,Epidermal growth factor receptor,9606,,,IC50,nM,UO_0000065,,7693.0
,,838576,[],CHEMBL677885,Inhibition of Epidermal growth factor receptor,B,,,BAO_0000190,BAO_0000357,single protein format,CC(C)(C)NC(=O)Nc1nc2nc(N)ncc2cc1-c1c(Cl)cccc1Cl,,,CHEMBL1130533,Bioorg Med Chem Lett,1997,"{'bei': '15.66', 'le': '0.32', 'lle': '1.85', 'sei': '6.00'}",,CHEMBL57366,,CHEMBL57366,6.35,1,http://www.openphacts.org/units/Nanomolar,143278,=,1,1,=,,IC50,nM,,450.0,CHEMBL203,Homo sapiens,Epidermal growth factor receptor,9606,,,IC50,uM,UO_0000065,,0.45
,,848306,[],CHEMBL674011,Inhibition of EGF-receptor,B,,,BAO_0000190,BAO_0000357,single protein format,Cc1cc(C)c(C)c(-c2cc3cnc(N)nc3nc2NC(=O)NC(C)(C)C)c1C,,,CHEMBL1130533,Bioorg Med Chem Lett,1997,"{'bei': '13.18', 'le': '0.24', 'lle': '0.75', 'sei': '4.89'}",,CHEMBL56236,,CHEMBL56236,5.17,1,http://www.openphacts.org/units/Nanomolar,143284,=,1,1,=,,IC50,nM,,6680.0,CHEMBL203,Homo sapiens,Epidermal growth factor receptor,9606,,,IC50,uM,UO_0000065,,6.68
,,856140,[],CHEMBL677885,Inhibition of Epidermal growth factor receptor,B,,,BAO_0000190,BAO_0000357,single protein format,COc1cc(OC)cc(-c2cc3cnc(N)nc3nc2NC(=O)NC(C)(C)C)c1,,,CHEMBL1130533,Bioorg Med Chem Lett,1997,"{'bei': '10.85', 'le': '0.20', 'lle': '1.09', 'sei': '3.46'}",,CHEMBL299763,,CHEMBL299763,4.30,0,http://www.openphacts.org/units/Nanomolar,143270,=,1,1,=,,IC50,nM,,50000.0,CHEMBL203,Homo sapiens,Epidermal growth factor receptor,9606,,,IC50,uM,UO_0000065,,50.0
,,865808,[],CHEMBL677470,Inhibitory concentration compound against EFGR tyrosine kinase obtained from plasma membrane vesicles from cultured A431 cells,B,,,BAO_0000190,BAO_0000366,cell-free format,Cn1c(SSc2c(C(=O)Nc3ccccc3)c3cc(Cl)ccc3n2C)c(C(=O)Nc2ccccc2)c2cc(Cl)ccc21,,,CHEMBL1128344,J Med Chem,1995,"{'bei': '8.50', 'le': '0.17', 'lle': '-3.91', 'sei': '7.89'}",,CHEMBL293889,,CHEMBL293889,5.37,1,http://www.openphacts.org/units/Nanomolar,312575,=,1,1,=,,IC50,nM,,4300.0,CHEMBL203,Homo sapiens,Epidermal growth factor receptor,9606,,,IC50,uM,UO_0000065,,4.3
,,865810,[],CHEMBL677470,Inhibitory concentration compound against EFGR tyrosine kinase obtained from plasma membrane vesicles from cultured A431 cells,B,,,BAO_0000190,BAO_0000366,cell-free format,Cn1c(SSc2c(C#N)c3ccccc3n2C)c(C#N)c2ccccc21,,,CHEMBL1128344,J Med Chem,1995,"{'bei': '13.78', 'le': '0.27', 'lle': '-0.05', 'sei': '8.99'}",,CHEMBL160566,,CHEMBL160566,5.16,0,http://www.openphacts.org/units/Nanomolar,312608,=,1,1,=,,IC50,nM,,6900.0,CHEMBL203,Homo sapiens,Epidermal growth factor receptor,9606,,,IC50,uM,UO_0000065,,6.9
,,865828,[],CHEMBL677205,Inhibition of Epidermal growth factor receptor from A431 cells,B,,,BAO_0000190,BAO_0000219,cell-based format,O=[N+]([O-])c1cccc2c(NCc3ccccc3)ncnc12,,,CHEMBL1128536,J Med Chem,1995,,,CHEMBL117696,,CHEMBL117696,,0,http://www.openphacts.org/units/Nanomolar,221445,>,1,1,>,,IC50,nM,,10000.0,CHEMBL203,Homo sapiens,Epidermal growth factor receptor,9606,,,IC50,nM,UO_0000065,,10000.0
,,865829,[],CHEMBL677205,Inhibition of Epidermal growth factor receptor from A431 cells,B,,,BAO_0000190,BAO_0000219,cell-based format,Nc1ccc2c(Nc3cccc(Br)c3)ncnc2c1,,,CHEMBL1128536,J Med Chem,1995,"{'bei': '31.73', 'le': '0.72', 'lle': '6.28', 'sei': '15.67'}",,CHEMBL420624,,CHEMBL420624,10.00,0,http://www.openphacts.org/units/Nanomolar,221455,=,1,1,=,,IC50,nM,,0.1,CHEMBL203,Homo sapiens,Epidermal growth factor receptor,9606,,,IC50,nM,UO_0000065,,0.1
,,866294,[],CHEMBL676159,Concentration required to achieve 50% inhibition of tyrosine phosphorylation on human Epidermal growth factor receptor (EGF RTK).,B,,,BAO_0000190,BAO_0000357,single protein format,CC(C)c1cc(/C=C2\C(=O)Nc3ccccc32)cc(C(C)C)c1O,,,CHEMBL1131018,J Med Chem,1998,"{'bei': '14.98', 'le': '0.27', 'lle': '-0.31', 'sei': '9.76'}",,CHEMBL85021,,CHEMBL85021,4.82,0,http://www.openphacts.org/units/Nanomolar,158969,=,1,1,=,,IC50,nM,,15300.0,CHEMBL203,Homo sapiens,Epidermal growth factor receptor,9606,,,IC50,uM,UO_0000065,,15.3
,,866299,[],CHEMBL676159,Concentration required to achieve 50% inhibition of tyrosine phosphorylation on human Epidermal growth factor receptor (EGF RTK).,B,,,BAO_0000190,BAO_0000357,single protein format,Cc1cccc2c1/C(=C/c1ccc[nH]1)C(=O)N2,,,CHEMBL1131018,J Med Chem,1998,,,CHEMBL85403,,CHEMBL85403,,0,http://www.openphacts.org/units/Nanomolar,158964,>,1,1,>,,IC50,nM,,100000.0,CHEMBL203,Homo sapiens,Epidermal growth factor receptor,9606,,,IC50,uM,UO_0000065,,100.0
,,867224,[],CHEMBL677204,Evaluation of inhibitory activity against phospholipase C-gamma1 phosphorylation by Epidermal growth factor receptor enzyme isolated from A431 cells.,B,,,BAO_0000190,BAO_0000219,cell-based format,O=[N+]([O-])c1ccc2ncnc(Nc3cccc(Br)c3)c2c1,,,CHEMBL1128536,J Med Chem,1995,"{'bei': '17.52', 'le': '0.39', 'lle': '2.01', 'sei': '7.47'}",,CHEMBL329161,,CHEMBL329161,6.05,0,http://www.openphacts.org/units/Nanomolar,221464,=,1,1,=,,IC50,nM,,897.0,CHEMBL203,Homo sapiens,Epidermal growth factor receptor,9606,,,IC50,nM,UO_0000065,,897.0
,,867225,[],CHEMBL677204,Evaluation of inhibitory activity against phospholipase C-gamma1 phosphorylation by Epidermal growth factor receptor enzyme isolated from A431 cells.,B,,,BAO_0000190,BAO_0000219,cell-based format,Nc1cccc2c(Nc3cccc(Br)c3)ncnc12,,,CHEMBL1128536,J Med Chem,1995,"{'bei': '22.14', 'le': '0.50', 'lle': '3.26', 'sei': '10.93'}",,CHEMBL333082,,CHEMBL333082,6.98,0,http://www.openphacts.org/units/Nanomolar,221459,=,1,1,=,,IC50,nM,,105.0,CHEMBL203,Homo sapiens,Epidermal growth factor receptor,9606,,,IC50,nM,UO_0000065,,105.0
,,867376,[],CHEMBL856168,Inhibition of phosphorylation of glutamic acid/tyrosine random copolymer by isolated epidermal growth factor receptor (EGFR),B,,,BAO_0000190,BAO_0000357,single protein format,C=CC(=O)Nc1ccc2ncnc(Nc3cccc(C(F)(F)F)c3)c2c1,,,CHEMBL1132213,J Med Chem,1999,"{'bei': '25.23', 'le': '0.47', 'lle': '4.52', 'sei': '13.51'}",,CHEMBL53690,,CHEMBL53690,9.04,0,http://www.openphacts.org/units/Nanomolar,87861,=,1,1,=,,IC50,nM,,0.91,CHEMBL203,Homo sapiens,Epidermal growth factor receptor,9606,,,IC50,nM,UO_0000065,,0.91
,,867377,[],CHEMBL679551,Inhibition of EGF-stimulated autophosphorylation of epidermal growth factor receptor in A431 cells,B,,,BAO_0000190,BAO_0000219,cell-based format,C=CC(=O)Nc1ccc2ncnc(Nc3cccc(C(F)(F)F)c3)c2c1,,,CHEMBL1132213,J Med Chem,1999,"{'bei': '23.29', 'le': '0.44', 'lle': '3.83', 'sei': '12.47'}",,CHEMBL53690,,CHEMBL53690,8.35,0,http://www.openphacts.org/units/Nanomolar,87861,=,1,1,=,,IC50,nM,,4.5,CHEMBL203,Homo sapiens,Epidermal growth factor receptor,9606,,,IC50,nM,UO_0000065,,4.5
,,867964,[],CHEMBL676151,Inhibition of tyrosine kinase Epidermal growth factor receptor,B,,,BAO_0000190,BAO_0000357,single protein format,Cc1ccc(NC(=O)c2ccc(Cl)cc2)cc1Nc1nccc(-c2cccnc2)n1,,,CHEMBL1159186,Bioorg Med Chem Lett,1996,,,CHEMBL21162,,CHEMBL21162,,0,http://www.openphacts.org/units/Nanomolar,26321,>,1,1,>,,IC50,nM,,100000.0,CHEMBL203,Homo sapiens,Epidermal growth factor receptor,9606,,,IC50,uM,UO_0000065,,100.0
,,868402,[],CHEMBL677470,Inhibitory concentration compound against EFGR tyrosine kinase obtained from plasma membrane vesicles from cultured A431 cells,B,,,BAO_0000190,BAO_0000366,cell-free format,Cc1c(SSc2c(C)c3ccccc3n2C)n(C)c2ccccc12,,,CHEMBL1128344,J Med Chem,1995,,,CHEMBL158879,,CHEMBL158879,,0,http://www.openphacts.org/units/Nanomolar,312609,>,1,1,>,,IC50,nM,,100000.0,CHEMBL203,Homo sapiens,Epidermal growth factor receptor,9606,,,IC50,uM,UO_0000065,,100.0
,,868595,[],CHEMBL856168,Inhibition of phosphorylation of glutamic acid/tyrosine random copolymer by isolated epidermal growth factor receptor (EGFR),B,,,BAO_0000190,BAO_0000357,single protein format,C=CC(=O)Nc1ccc2c(Nc3cccc(C)c3)ncnc2c1,,,CHEMBL1132213,J Med Chem,1999,"{'bei': '28.90', 'le': '0.52', 'lle': '4.99', 'sei': '13.15'}",,CHEMBL297968,,CHEMBL297968,8.80,0,http://www.openphacts.org/units/Nanomolar,87864,=,1,1,=,,IC50,nM,,1.6,CHEMBL203,Homo sapiens,Epidermal growth factor receptor,9606,,,IC50,nM,UO_0000065,,1.6
,,868596,[],CHEMBL679551,Inhibition of EGF-stimulated autophosphorylation of epidermal growth factor receptor in A431 cells,B,,,BAO_0000190,BAO_0000219,cell-based format,C=CC(=O)Nc1ccc2c(Nc3cccc(C)c3)ncnc2c1,,,CHEMBL1132213,J Med Chem,1999,"{'bei': '23.15', 'le': '0.42', 'lle': '3.24', 'sei': '10.53'}",,CHEMBL297968,,CHEMBL297968,7.05,0,http://www.openphacts.org/units/Nanomolar,87864,=,1,1,=,,IC50,nM,,90.0,CHEMBL203,Homo sapiens,Epidermal growth factor receptor,9606,,,IC50,nM,UO_0000065,,90.0
,,868682,[],CHEMBL678292,Inhibition of (EGFR) epidermal growth factor receptor tyrosine kinase,B,,,BAO_0000190,BAO_0000357,single protein format,CCOc1cc2ncnc(Nc3cccc(-c4nccs4)c3)c2cc1OCC,,,CHEMBL1135760,J Med Chem,2002,"{'bei': '22.16', 'le': '0.42', 'lle': '3.41', 'sei': '12.58'}",,CHEMBL126192,,CHEMBL126192,8.70,0,http://www.openphacts.org/units/Nanomolar,241562,=,1,1,=,,IC50,nM,,2.0,CHEMBL203,Homo sapiens,Epidermal growth factor receptor,9606,,,IC50,uM,UO_0000065,,0.002
,,868912,[],CHEMBL676159,Concentration required to achieve 50% inhibition of tyrosine phosphorylation on human Epidermal growth factor receptor (EGF RTK).,B,,,BAO_0000190,BAO_0000357,single protein format,O=C1Nc2ccccc2/C1=C/c1ccc[nH]1,,,CHEMBL1131018,J Med Chem,1998,,,CHEMBL86755,,CHEMBL86755,,0,http://www.openphacts.org/units/Nanomolar,158965,>,1,1,>,,IC50,nM,,100000.0,CHEMBL203,Homo sapiens,Epidermal growth factor receptor,9606,,,IC50,uM,UO_0000065,,100.0
,,868917,[],CHEMBL676159,Concentration required to achieve 50% inhibition of tyrosine phosphorylation on human Epidermal growth factor receptor (EGF RTK).,B,,,BAO_0000190,BAO_0000357,single protein format,CCOC(=O)c1c(C)[nH]c(/C=C2\C(=O)Nc3ccccc32)c1C,,,CHEMBL1131018,J Med Chem,1998,,,CHEMBL86943,,CHEMBL86943,,0,http://www.openphacts.org/units/Nanomolar,158972,>,1,1,>,,IC50,nM,,100000.0,CHEMBL203,Homo sapiens,Epidermal growth factor receptor,9606,,,IC50,uM,UO_0000065,,100.0
,,869768,[],CHEMBL677470,Inhibitory concentration compound against EFGR tyrosine kinase obtained from plasma membrane vesicles from cultured A431 cells,B,,,BAO_0000190,BAO_0000366,cell-free format,Cn1c(SSc2c(C(N)=O)c3ccccc3n2C)c(C(N)=O)c2ccccc21,,,CHEMBL1128344,J Med Chem,1995,"{'bei': '12.98', 'le': '0.26', 'lle': '1.66', 'sei': '5.55'}",,CHEMBL157807,,CHEMBL157807,5.33,0,http://www.openphacts.org/units/Nanomolar,312615,=,1,1,=,,IC50,nM,,4700.0,CHEMBL203,Homo sapiens,Epidermal growth factor receptor,9606,,,IC50,uM,UO_0000065,,4.7
,,869792,[],CHEMBL677204,Evaluation of inhibitory activity against phospholipase C-gamma1 phosphorylation by Epidermal growth factor receptor enzyme isolated from A431 cells.,B,,,BAO_0000190,BAO_0000219,cell-based format,Brc1cccc(Nc2nncc3ccccc23)c1,,,CHEMBL1128536,J Med Chem,1995,,,CHEMBL326095,,CHEMBL326095,,0,http://www.openphacts.org/units/Nanomolar,221426,>,1,1,>,,IC50,nM,,100000.0,CHEMBL203,Homo sapiens,Epidermal growth factor receptor,9606,,,IC50,nM,UO_0000065,,100000.0
,,869793,[],CHEMBL677204,Evaluation of inhibitory activity against phospholipase C-gamma1 phosphorylation by Epidermal growth factor receptor enzyme isolated from A431 cells.,B,,,BAO_0000190,BAO_0000219,cell-based format,Nc1cc2ncnc(Nc3cccc(Br)c3)c2cc1N,,,CHEMBL1128536,J Med Chem,1995,"{'bei': '30.05', 'le': '0.68', 'lle': '6.62', 'sei': '11.04'}",,CHEMBL328216,,CHEMBL328216,9.92,0,http://www.openphacts.org/units/Nanomolar,221452,=,1,1,=,,IC50,nM,,0.12,CHEMBL203,Homo sapiens,Epidermal growth factor receptor,9606,,,IC50,nM,UO_0000065,,0.12
,,869803,[],CHEMBL677205,Inhibition of Epidermal growth factor receptor from A431 cells,B,,,BAO_0000190,BAO_0000219,cell-based format,Oc1cc2ncnc(Nc3cccc(Br)c3)c2cc1O,,,CHEMBL1128536,J Med Chem,1995,"{'bei': '29.41', 'le': '0.67', 'lle': '6.22', 'sei': '12.48'}",,CHEMBL93032,,CHEMBL93032,9.77,0,http://www.openphacts.org/units/Nanomolar,221454,=,1,1,=,,IC50,nM,,0.17,CHEMBL203,Homo sapiens,Epidermal growth factor receptor,9606,,,IC50,nM,UO_0000065,,0.17
,,870001,[],CHEMBL678292,Inhibition of (EGFR) epidermal growth factor receptor tyrosine kinase,B,,,BAO_0000190,BAO_0000357,single protein format,CCOc1cc2nc(CC)nc(Nc3cccc(-c4csc(C)n4)c3)c2cc1OCC,,,CHEMBL1135760,J Med Chem,2002,"{'bei': '11.58', 'le': '0.22', 'lle': '-1.14', 'sei': '7.28'}",,CHEMBL126483,,CHEMBL126483,5.03,0,http://www.openphacts.org/units/Nanomolar,241558,=,1,1,=,,IC50,nM,,9300.0,CHEMBL203,Homo sapiens,Epidermal growth factor receptor,9606,,,IC50,uM,UO_0000065,,9.3
,,870189,[],CHEMBL676159,Concentration required to achieve 50% inhibition of tyrosine phosphorylation on human Epidermal growth factor receptor (EGF RTK).,B,,,BAO_0000190,BAO_0000357,single protein format,O=C1Nc2ccc(Br)cc2/C1=C/c1ccc(N2CCOCC2)cc1,,,CHEMBL1131018,J Med Chem,1998,,,CHEMBL87080,,CHEMBL87080,,0,http://www.openphacts.org/units/Nanomolar,159003,>,1,1,>,,IC50,nM,,10000.0,CHEMBL203,Homo sapiens,Epidermal growth factor receptor,9606,,,IC50,uM,UO_0000065,,10.0
,,870194,[],CHEMBL676159,Concentration required to achieve 50% inhibition of tyrosine phosphorylation on human Epidermal growth factor receptor (EGF RTK).,B,,,BAO_0000190,BAO_0000357,single protein format,COc1ccc(/C=C2\C(=O)Nc3ccccc32)cc1C(C)(C)C,,,CHEMBL1131018,J Med Chem,1998,,,CHEMBL86945,,CHEMBL86945,,0,http://www.openphacts.org/units/Nanomolar,158968,>,1,1,>,,IC50,nM,,100000.0,CHEMBL203,Homo sapiens,Epidermal growth factor receptor,9606,,,IC50,uM,UO_0000065,,100.0
,,870936,[],CHEMBL677470,Inhibitory concentration compound against EFGR tyrosine kinase obtained from plasma membrane vesicles from cultured A431 cells,B,,,BAO_0000190,BAO_0000366,cell-free format,NC(Cc1c(SSc2[nH]c3ccccc3c2CC(N)C(=O)NCc2ccccc2)[nH]c2ccccc12)C(=O)NCc1ccccc1,,,CHEMBL1128344,J Med Chem,1995,"{'bei': '8.45', 'le': '0.16', 'lle': '-0.34', 'sei': '3.87'}",,CHEMBL336174,,CHEMBL336174,5.48,0,http://www.openphacts.org/units/Nanomolar,312619,=,1,1,=,,IC50,nM,,3300.0,CHEMBL203,Homo sapiens,Epidermal growth factor receptor,9606,,,IC50,uM,UO_0000065,,3.3
,,870938,[],CHEMBL677470,Inhibitory concentration compound against EFGR tyrosine kinase obtained from plasma membrane vesicles from cultured A431 cells,B,,,BAO_0000190,BAO_0000366,cell-free format,O=C(Nc1ccccc1)c1c(SSc2[nH]c3ccccc3c2C(=O)Nc2ccccc2)[nH]c2ccccc12,,,CHEMBL1128344,J Med Chem,1995,"{'bei': '7.48', 'le': '0.14', 'lle': '-3.95', 'sei': '4.46'}",,CHEMBL345641,,CHEMBL345641,4.00,0,http://www.openphacts.org/units/Nanomolar,312577,=,1,1,=,,IC50,nM,,100000.0,CHEMBL203,Homo sapiens,Epidermal growth factor receptor,9606,,,IC50,uM,UO_0000065,,100.0
,,870944,[],CHEMBL677204,Evaluation of inhibitory activity against phospholipase C-gamma1 phosphorylation by Epidermal growth factor receptor enzyme isolated from A431 cells.,B,,,BAO_0000190,BAO_0000219,cell-based format,c1cncc(Nc2ncnc3ccccc23)c1,,,CHEMBL1128536,J Med Chem,1995,,,CHEMBL117711,,CHEMBL117711,,0,http://www.openphacts.org/units/Nanomolar,221431,>,1,1,>,,IC50,nM,,1000.0,CHEMBL203,Homo sapiens,Epidermal growth factor receptor,9606,,,IC50,nM,UO_0000065,,1000.0
,,870945,[],CHEMBL677204,Evaluation of inhibitory activity against phospholipase C-gamma1 phosphorylation by Epidermal growth factor receptor enzyme isolated from A431 cells.,B,,,BAO_0000190,BAO_0000219,cell-based format,Brc1cccc(Oc2ncnc3ccccc23)c1,,,CHEMBL1128536,J Med Chem,1995,"{'bei': '20.33', 'le': '0.46', 'lle': '1.94', 'sei': '17.48'}",,CHEMBL117710,,CHEMBL117710,6.12,0,http://www.openphacts.org/units/Nanomolar,221430,=,1,1,=,,IC50,nM,,756.0,CHEMBL203,Homo sapiens,Epidermal growth factor receptor,9606,,,IC50,nM,UO_0000065,,756.0
,,870946,[],CHEMBL677204,Evaluation of inhibitory activity against phospholipase C-gamma1 phosphorylation by Epidermal growth factor receptor enzyme isolated from A431 cells.,B,,,BAO_0000190,BAO_0000219,cell-based format,COc1cccc2ncnc(Nc3cccc(Br)c3)c12,,,CHEMBL1128536,J Med Chem,1995,"{'bei': '20.77', 'le': '0.47', 'lle': '2.72', 'sei': '14.58'}",,CHEMBL119033,,CHEMBL119033,6.86,0,http://www.openphacts.org/units/Nanomolar,221465,=,1,1,=,,IC50,nM,,139.0,CHEMBL203,Homo sapiens,Epidermal growth factor receptor,9606,,,IC50,nM,UO_0000065,,139.0
,,870961,[],CHEMBL677205,Inhibition of Epidermal growth factor receptor from A431 cells,B,,,BAO_0000190,BAO_0000219,cell-based format,O=[N+]([O-])c1cccc2ncnc(Nc3cccc(Br)c3)c12,,,CHEMBL1128536,J Med Chem,1995,"{'bei': '18.69', 'le': '0.42', 'lle': '2.41', 'sei': '7.97'}",,CHEMBL116308,,CHEMBL116308,6.45,0,http://www.openphacts.org/units/Nanomolar,221456,=,1,1,=,,IC50,nM,,355.0,CHEMBL203,Homo sapiens,Epidermal growth factor receptor,9606,,,IC50,nM,UO_0000065,,355.0
,,871404,[],CHEMBL676159,Concentration required to achieve 50% inhibition of tyrosine phosphorylation on human Epidermal growth factor receptor (EGF RTK).,B,,,BAO_0000190,BAO_0000357,single protein format,Cc1c[nH]c(/C=C2\C(=O)Nc3ccccc32)c1CCC(=O)O,,,CHEMBL1131018,J Med Chem,1998,,,CHEMBL89363,,CHEMBL89363,,0,http://www.openphacts.org/units/Nanomolar,158978,>,1,1,>,,IC50,nM,,100000.0,CHEMBL203,Homo sapiens,Epidermal growth factor receptor,9606,,,IC50,uM,UO_0000065,,100.0
,,871769,[],CHEMBL676151,Inhibition of tyrosine kinase Epidermal growth factor receptor,B,,,BAO_0000190,BAO_0000357,single protein format,Cc1ccc([N+](=O)[O-])cc1Nc1nccc(-c2cccnc2)n1,,,CHEMBL1159186,Bioorg Med Chem Lett,1996,,,CHEMBL20426,,CHEMBL20426,,0,http://www.openphacts.org/units/Nanomolar,26318,>,1,1,>,,IC50,nM,,100000.0,CHEMBL203,Homo sapiens,Epidermal growth factor receptor,9606,,,IC50,uM,UO_0000065,,100.0
,,872175,[],CHEMBL677470,Inhibitory concentration compound against EFGR tyrosine kinase obtained from plasma membrane vesicles from cultured A431 cells,B,,,BAO_0000190,BAO_0000366,cell-free format,Cn1c(SSc2c(C(=O)Nc3cccc(C(=O)O)c3)c3ccccc3n2C)c(C(=O)Nc2cccc(C(=O)O)c2)c2ccccc21,,,CHEMBL1128344,J Med Chem,1995,"{'bei': '7.56', 'le': '0.15', 'lle': '-2.45', 'sei': '3.45'}",,CHEMBL345837,,CHEMBL345837,4.92,0,http://www.openphacts.org/units/Nanomolar,312587,=,1,1,=,,IC50,nM,,12000.0,CHEMBL203,Homo sapiens,Epidermal growth factor receptor,9606,,,IC50,uM,UO_0000065,,12.0
,,872177,[],CHEMBL677470,Inhibitory concentration compound against EFGR tyrosine kinase obtained from plasma membrane vesicles from cultured A431 cells,B,,,BAO_0000190,BAO_0000366,cell-free format,Cn1c(SSc2c(C(=O)c3ccc(C(=O)O)cc3)c3ccccc3n2C)c(C(=O)c2ccc(C(=O)O)cc2)c2ccccc21,,,CHEMBL1128344,J Med Chem,1995,"{'bei': '8.47', 'le': '0.16', 'lle': '-2.07', 'sei': '4.43'}",,CHEMBL346770,,CHEMBL346770,5.26,0,http://www.openphacts.org/units/Nanomolar,312612,=,1,1,=,,IC50,nM,,5500.0,CHEMBL203,Homo sapiens,Epidermal growth factor receptor,9606,,,IC50,uM,UO_0000065,,5.5
,,872201,[],CHEMBL677204,Evaluation of inhibitory activity against phospholipase C-gamma1 phosphorylation by Epidermal growth factor receptor enzyme isolated from A431 cells.,B,,,BAO_0000190,BAO_0000219,cell-based format,Brc1cccc(Nc2nccc3ccccc23)c1,,,CHEMBL1128536,J Med Chem,1995,,,CHEMBL39563,,CHEMBL39563,,0,http://www.openphacts.org/units/Nanomolar,221428,>,1,1,>,,IC50,nM,,100000.0,CHEMBL203,Homo sapiens,Epidermal growth factor receptor,9606,,,IC50,nM,UO_0000065,,100000.0
,,872202,[],CHEMBL677204,Evaluation of inhibitory activity against phospholipase C-gamma1 phosphorylation by Epidermal growth factor receptor enzyme isolated from A431 cells.,B,,,BAO_0000190,BAO_0000219,cell-based format,COc1ccc(CNc2ncnc3ccccc23)cc1,,,CHEMBL1128536,J Med Chem,1995,"{'bei': '18.85', 'le': '0.34', 'lle': '1.75', 'sei': '10.63'}",,CHEMBL116919,,CHEMBL116919,5.00,0,http://www.openphacts.org/units/Nanomolar,221448,=,1,1,=,,IC50,nM,,10000.0,CHEMBL203,Homo sapiens,Epidermal growth factor receptor,9606,,,IC50,nM,UO_0000065,,10000.0
,,872518,[],CHEMBL678292,Inhibition of (EGFR) epidermal growth factor receptor tyrosine kinase,B,,,BAO_0000190,BAO_0000357,single protein format,CCOc1cc2ncnc(Nc3cccc(-c4csc(N)n4)c3)c2cc1OCC,,,CHEMBL1135760,J Med Chem,2002,"{'bei': '15.34', 'le': '0.29', 'lle': '1.37', 'sei': '6.57'}",,CHEMBL340660,,CHEMBL340660,6.25,0,http://www.openphacts.org/units/Nanomolar,241610,=,1,1,=,,IC50,nM,,560.0,CHEMBL203,Homo sapiens,Epidermal growth factor receptor,9606,,,IC50,uM,UO_0000065,,0.56
,,872548,[],CHEMBL678296,Inhibition of epidermal growth factor receptor,B,,,BAO_0000190,BAO_0000357,single protein format,COc1cc2c(N3CCN(C(=O)Nc4ccc(OC(C)C)cc4)CC3)ncnc2cc1OCCCN1CCCCC1,,,CHEMBL1135998,J Med Chem,2002,,,CHEMBL124660,TANDUTINIB,CHEMBL124660,,0,http://www.openphacts.org/units/Nanomolar,237044,>,1,1,>,,IC50,nM,,30000.0,CHEMBL203,Homo sapiens,Epidermal growth factor receptor,9606,,,IC50,uM,UO_0000065,,30.0
,,872738,[],CHEMBL676159,Concentration required to achieve 50% inhibition of tyrosine phosphorylation on human Epidermal growth factor receptor (EGF RTK).,B,,,BAO_0000190,BAO_0000357,single protein format,O=C1Nc2cc(F)ccc2/C1=C/c1ccc[nH]1,,,CHEMBL1131018,J Med Chem,1998,,,CHEMBL87208,,CHEMBL87208,,0,http://www.openphacts.org/units/Nanomolar,158962,>,1,1,>,,IC50,nM,,100000.0,CHEMBL203,Homo sapiens,Epidermal growth factor receptor,9606,,,IC50,uM,UO_0000065,,100.0
,,873084,[],CHEMBL676151,Inhibition of tyrosine kinase Epidermal growth factor receptor,B,,,BAO_0000190,BAO_0000357,single protein format,COc1ccccc1C(=O)Nc1ccc(C)c(Nc2nccc(-c3cccnc3)n2)c1,,,CHEMBL1159186,Bioorg Med Chem Lett,1996,,,CHEMBL418010,,CHEMBL418010,,0,http://www.openphacts.org/units/Nanomolar,26320,>,1,1,>,,IC50,nM,,100000.0,CHEMBL203,Homo sapiens,Epidermal growth factor receptor,9606,,,IC50,uM,UO_0000065,,100.0
,,873090,[],CHEMBL676151,Inhibition of tyrosine kinase Epidermal growth factor receptor,B,,,BAO_0000190,BAO_0000357,single protein format,Cc1ccc(NC(=O)c2ccccc2)cc1Nc1nccc(-c2ccc[n+]([O-])c2)n1,,,CHEMBL1159186,Bioorg Med Chem Lett,1996,,,CHEMBL21079,,CHEMBL21079,,0,http://www.openphacts.org/units/Nanomolar,26326,>,1,1,>,,IC50,nM,,100000.0,CHEMBL203,Homo sapiens,Epidermal growth factor receptor,9606,,,IC50,uM,UO_0000065,,100.0
,,873416,[],CHEMBL677470,Inhibitory concentration compound against EFGR tyrosine kinase obtained from plasma membrane vesicles from cultured A431 cells,B,,,BAO_0000190,BAO_0000366,cell-free format,Cn1c(SSc2c(C(=O)Nc3ccc(C(=O)O)cc3)c3ccccc3n2C)c(C(=O)Nc2ccc(C(=O)O)cc2)c2ccccc21,,,CHEMBL1128344,J Med Chem,1995,"{'bei': '7.33', 'le': '0.14', 'lle': '-2.60', 'sei': '3.35'}",,CHEMBL347161,,CHEMBL347161,4.77,0,http://www.openphacts.org/units/Nanomolar,312604,=,1,1,=,,IC50,nM,,16900.0,CHEMBL203,Homo sapiens,Epidermal growth factor receptor,9606,,,IC50,uM,UO_0000065,,16.9
,,873430,[],CHEMBL677204,Evaluation of inhibitory activity against phospholipase C-gamma1 phosphorylation by Epidermal growth factor receptor enzyme isolated from A431 cells.,B,,,BAO_0000190,BAO_0000219,cell-based format,COc1cccc2ncnc(NCc3ccccc3)c12,,,CHEMBL1128536,J Med Chem,1995,"{'bei': '20.01', 'le': '0.36', 'lle': '2.06', 'sei': '11.29'}",,CHEMBL330882,,CHEMBL330882,5.31,0,http://www.openphacts.org/units/Nanomolar,221439,=,1,1,=,,IC50,nM,,4900.0,CHEMBL203,Homo sapiens,Epidermal growth factor receptor,9606,,,IC50,nM,UO_0000065,,4900.0
,,873431,[],CHEMBL677204,Evaluation of inhibitory activity against phospholipase C-gamma1 phosphorylation by Epidermal growth factor receptor enzyme isolated from A431 cells.,B,,,BAO_0000190,BAO_0000219,cell-based format,O=[N+]([O-])c1ccc2ncnc(NCc3ccccc3)c2c1,,,CHEMBL1128536,J Med Chem,1995,,,CHEMBL119000,,CHEMBL119000,,0,http://www.openphacts.org/units/Nanomolar,221438,>,1,1,>,,IC50,nM,,10000.0,CHEMBL203,Homo sapiens,Epidermal growth factor receptor,9606,,,IC50,nM,UO_0000065,,10000.0
,,873549,[],CHEMBL674018,Inhibition of phosphorylation of glutamic acid/tyrosine random copolymer by isolated epidermal growth factor receptor (EGFR),B,,,BAO_0000190,BAO_0000357,single protein format,C=CC(=O)Nc1ccc2ncnc(Nc3ccc(F)c(Br)c3)c2c1,,,CHEMBL1132213,J Med Chem,1999,"{'bei': '23.66', 'le': '0.52', 'lle': '4.76', 'sei': '13.69'}",,CHEMBL280757,,CHEMBL280757,9.16,0,http://www.openphacts.org/units/Nanomolar,87869,=,1,1,=,,IC50,nM,,0.69,CHEMBL203,Homo sapiens,Epidermal growth factor receptor,9606,,,IC50,nM,UO_0000065,,0.69
,,873550,[],CHEMBL674017,Inhibition of EGF-stimulated autophosphorylation of epidermal growth factor receptor (EGFR) in A431 cells,B,,,BAO_0000190,BAO_0000219,cell-based format,C=CC(=O)Nc1ccc2ncnc(Nc3ccc(F)c(Br)c3)c2c1,,,CHEMBL1132213,J Med Chem,1999,"{'bei': '22.13', 'le': '0.49', 'lle': '4.17', 'sei': '12.81'}",,CHEMBL280757,,CHEMBL280757,8.57,0,http://www.openphacts.org/units/Nanomolar,87869,=,1,1,=,,IC50,nM,,2.7,CHEMBL203,Homo sapiens,Epidermal growth factor receptor,9606,,,IC50,nM,UO_0000065,,2.7
,,873830,[],CHEMBL676159,Concentration required to achieve 50% inhibition of tyrosine phosphorylation on human Epidermal growth factor receptor (EGF RTK).,B,,,BAO_0000190,BAO_0000357,single protein format,O=C1Nc2ccccc2/C1=C/c1n[nH]cc1Cl,,,CHEMBL1131018,J Med Chem,1998,,,CHEMBL87402,,CHEMBL87402,,0,http://www.openphacts.org/units/Nanomolar,158992,>,1,1,>,,IC50,nM,,100000.0,CHEMBL203,Homo sapiens,Epidermal growth factor receptor,9606,,,IC50,uM,UO_0000065,,100.0
,,874495,[],CHEMBL677204,Evaluation of inhibitory activity against phospholipase C-gamma1 phosphorylation by Epidermal growth factor receptor enzyme isolated from A431 cells.,B,,,BAO_0000190,BAO_0000219,cell-based format,COc1ccc2c(NCc3ccccc3)ncnc2c1,,,CHEMBL1128536,J Med Chem,1995,"{'bei': '27.27', 'le': '0.49', 'lle': '3.99', 'sei': '15.38'}",,CHEMBL326596,,CHEMBL326596,7.24,0,http://www.openphacts.org/units/Nanomolar,221472,=,1,1,=,,IC50,nM,,58.0,CHEMBL203,Homo sapiens,Epidermal growth factor receptor,9606,,,IC50,nM,UO_0000065,,58.0
,,874496,[],CHEMBL677204,Evaluation of inhibitory activity against phospholipase C-gamma1 phosphorylation by Epidermal growth factor receptor enzyme isolated from A431 cells.,B,,,BAO_0000190,BAO_0000219,cell-based format,Nc1cccc2ncnc(Nc3cccc(Br)c3)c12,,,CHEMBL1128536,J Med Chem,1995,"{'bei': '20.17', 'le': '0.46', 'lle': '2.64', 'sei': '9.96'}",,CHEMBL333418,,CHEMBL333418,6.36,0,http://www.openphacts.org/units/Nanomolar,221466,=,1,1,=,,IC50,nM,,439.0,CHEMBL203,Homo sapiens,Epidermal growth factor receptor,9606,,,IC50,nM,UO_0000065,,439.0
,,874984,[],CHEMBL676159,Concentration required to achieve 50% inhibition of tyrosine phosphorylation on human Epidermal growth factor receptor (EGF RTK).,B,,,BAO_0000190,BAO_0000357,single protein format,O=C1Nc2ccccc2/C1=C/c1ccc(Br)cc1,,,CHEMBL1131018,J Med Chem,1998,,,CHEMBL86837,,CHEMBL86837,,0,http://www.openphacts.org/units/Nanomolar,158998,>,1,1,>,,IC50,nM,,100000.0,CHEMBL203,Homo sapiens,Epidermal growth factor receptor,9606,,,IC50,uM,UO_0000065,,100.0
,,875259,[],CHEMBL676151,Inhibition of tyrosine kinase Epidermal growth factor receptor,B,,,BAO_0000190,BAO_0000357,single protein format,COc1ccc(NC(=O)c2ccccc2)cc1Nc1nccc(-c2cccnc2)n1,,,CHEMBL1159186,Bioorg Med Chem Lett,1996,,,CHEMBL21086,,CHEMBL21086,,0,http://www.openphacts.org/units/Nanomolar,26323,>,1,1,>,,IC50,nM,,100000.0,CHEMBL203,Homo sapiens,Epidermal growth factor receptor,9606,,,IC50,uM,UO_0000065,,100.0
,,875638,[],CHEMBL677470,Inhibitory concentration compound against EFGR tyrosine kinase obtained from plasma membrane vesicles from cultured A431 cells,B,,,BAO_0000190,BAO_0000366,cell-free format,COC(=O)c1ccc(CNC(=O)c2c(SSc3c(C(=O)NCc4ccc(C(=O)OC)cc4)c4ccccc4n3C)n(C)c3ccccc23)cc1,,,CHEMBL1128344,J Med Chem,1995,"{'bei': '6.91', 'le': '0.13', 'lle': '-2.01', 'sei': '4.05'}",,CHEMBL347659,,CHEMBL347659,4.89,0,http://www.openphacts.org/units/Nanomolar,312591,=,1,1,=,,IC50,nM,,13000.0,CHEMBL203,Homo sapiens,Epidermal growth factor receptor,9606,,,IC50,uM,UO_0000065,,13.0
,,875640,[],CHEMBL677470,Inhibitory concentration compound against EFGR tyrosine kinase obtained from plasma membrane vesicles from cultured A431 cells,B,,,BAO_0000190,BAO_0000366,cell-free format,COC(=O)c1cccc(NC(=O)c2c(SSc3c(C(=O)Nc4cccc(C(=O)OC)c4)c4ccccc4n3C)n(C)c3ccccc23)c1,,,CHEMBL1128344,J Med Chem,1995,,,CHEMBL158596,,CHEMBL158596,,0,http://www.openphacts.org/units/Nanomolar,312602,>,1,1,>,,IC50,nM,,100000.0,CHEMBL203,Homo sapiens,Epidermal growth factor receptor,9606,,,IC50,uM,UO_0000065,,100.0
,,875660,[],CHEMBL677204,Evaluation of inhibitory activity against phospholipase C-gamma1 phosphorylation by Epidermal growth factor receptor enzyme isolated from A431 cells.,B,,,BAO_0000190,BAO_0000219,cell-based format,Cc1cccc(Nc2ncnc3ccccc23)c1,,,CHEMBL1128536,J Med Chem,1995,"{'bei': '25.67', 'le': '0.46', 'lle': '2.36', 'sei': '15.98'}",,CHEMBL441083,,CHEMBL441083,6.04,0,http://www.openphacts.org/units/Nanomolar,221425,=,1,1,=,,IC50,nM,,910.0,CHEMBL203,Homo sapiens,Epidermal growth factor receptor,9606,,,IC50,nM,UO_0000065,,910.0
,,875661,[],CHEMBL677204,Evaluation of inhibitory activity against phospholipase C-gamma1 phosphorylation by Epidermal growth factor receptor enzyme isolated from A431 cells.,B,,,BAO_0000190,BAO_0000219,cell-based format,Clc1cccc(Nc2ncnc3ccccc23)c1,,,CHEMBL1128536,J Med Chem,1995,"{'bei': '29.87', 'le': '0.58', 'lle': '3.61', 'sei': '20.20'}",,CHEMBL329672,,CHEMBL329672,7.64,0,http://www.openphacts.org/units/Nanomolar,221474,=,1,1,=,,IC50,nM,,23.0,CHEMBL203,Homo sapiens,Epidermal growth factor receptor,9606,,,IC50,nM,UO_0000065,,23.0
,,875861,[],CHEMBL856168,Inhibition of phosphorylation of glutamic acid/tyrosine random copolymer by isolated epidermal growth factor receptor (EGFR),B,,,BAO_0000190,BAO_0000357,single protein format,C=CC(=O)Nc1ccc2ncnc(Nc3ccc(OCc4ccccc4)cc3)c2c1,,,CHEMBL1132213,J Med Chem,1999,"{'bei': '21.30', 'le': '0.38', 'lle': '3.36', 'sei': '11.09'}",,CHEMBL430571,,CHEMBL430571,8.44,0,http://www.openphacts.org/units/Nanomolar,87866,=,1,1,=,,IC50,nM,,3.6,CHEMBL203,Homo sapiens,Epidermal growth factor receptor,9606,,,IC50,nM,UO_0000065,,3.6
,,875862,[],CHEMBL679551,Inhibition of EGF-stimulated autophosphorylation of epidermal growth factor receptor in A431 cells,B,,,BAO_0000190,BAO_0000219,cell-based format,C=CC(=O)Nc1ccc2ncnc(Nc3ccc(OCc4ccccc4)cc3)c2c1,,,CHEMBL1132213,J Med Chem,1999,"{'bei': '21.13', 'le': '0.38', 'lle': '3.30', 'sei': '11.00'}",,CHEMBL430571,,CHEMBL430571,8.38,0,http://www.openphacts.org/units/Nanomolar,87866,=,1,1,=,,IC50,nM,,4.2,CHEMBL203,Homo sapiens,Epidermal growth factor receptor,9606,,,IC50,nM,UO_0000065,,4.2
,,875865,[],CHEMBL856168,Inhibition of phosphorylation of glutamic acid/tyrosine random copolymer by isolated epidermal growth factor receptor (EGFR),B,,,BAO_0000190,BAO_0000357,single protein format,C=CC(=O)Nc1ccc2c(Nc3cccc(Cl)c3)ncnc2c1,,,CHEMBL1132213,J Med Chem,1999,"{'bei': '29.57', 'le': '0.57', 'lle': '5.45', 'sei': '14.35'}",,CHEMBL52913,,CHEMBL52913,9.60,0,http://www.openphacts.org/units/Nanomolar,87865,=,1,1,=,,IC50,nM,,0.25,CHEMBL203,Homo sapiens,Epidermal growth factor receptor,9606,,,IC50,nM,UO_0000065,,0.25
,,875866,[],CHEMBL679551,Inhibition of EGF-stimulated autophosphorylation of epidermal growth factor receptor in A431 cells,B,,,BAO_0000190,BAO_0000219,cell-based format,C=CC(=O)Nc1ccc2c(Nc3cccc(Cl)c3)ncnc2c1,,,CHEMBL1132213,J Med Chem,1999,"{'bei': '22.40', 'le': '0.43', 'lle': '3.13', 'sei': '10.87'}",,CHEMBL52913,,CHEMBL52913,7.28,0,http://www.openphacts.org/units/Nanomolar,87865,=,1,1,=,,IC50,nM,,53.0,CHEMBL203,Homo sapiens,Epidermal growth factor receptor,9606,,,IC50,nM,UO_0000065,,53.0
,,876173,[],CHEMBL676159,Concentration required to achieve 50% inhibition of tyrosine phosphorylation on human Epidermal growth factor receptor (EGF RTK).,B,,,BAO_0000190,BAO_0000357,single protein format,CCc1ccc(/C=C2/C(=O)Nc3ccccc32)o1,,,CHEMBL1131018,J Med Chem,1998,,,CHEMBL328452,,CHEMBL328452,,0,http://www.openphacts.org/units/Nanomolar,158993,>,1,1,>,,IC50,nM,,100000.0,CHEMBL203,Homo sapiens,Epidermal growth factor receptor,9606,,,IC50,uM,UO_0000065,,100.0
,,876977,[],CHEMBL677470,Inhibitory concentration compound against EFGR tyrosine kinase obtained from plasma membrane vesicles from cultured A431 cells,B,,,BAO_0000190,BAO_0000366,cell-free format,Cn1c(SSc2c(C(=O)NCC(O)CO)c3ccccc3n2C)c(C(=O)NCC(O)CO)c2ccccc21,,,CHEMBL1128344,J Med Chem,1995,"{'bei': '7.82', 'le': '0.16', 'lle': '2.73', 'sei': '2.93'}",,CHEMBL158797,,CHEMBL158797,4.37,0,http://www.openphacts.org/units/Nanomolar,312595,=,1,1,=,,IC50,nM,,43000.0,CHEMBL203,Homo sapiens,Epidermal growth factor receptor,9606,,,IC50,uM,UO_0000065,,43.0
,,876979,[],CHEMBL677470,Inhibitory concentration compound against EFGR tyrosine kinase obtained from plasma membrane vesicles from cultured A431 cells,B,,,BAO_0000190,BAO_0000366,cell-free format,COC(=O)c1ccc(NC(=O)c2c(SSc3c(C(=O)Nc4ccc(C(=O)OC)cc4)c4ccccc4n3C)n(C)c3ccccc23)cc1,,,CHEMBL1128344,J Med Chem,1995,,,CHEMBL348069,,CHEMBL348069,,0,http://www.openphacts.org/units/Nanomolar,312601,>,1,1,>,,IC50,nM,,100000.0,CHEMBL203,Homo sapiens,Epidermal growth factor receptor,9606,,,IC50,uM,UO_0000065,,100.0
,,876981,[],CHEMBL677470,Inhibitory concentration compound against EFGR tyrosine kinase obtained from plasma membrane vesicles from cultured A431 cells,B,,,BAO_0000190,BAO_0000366,cell-free format,COC(=O)c1ccc(C(=O)c2c(SSc3c(C(=O)c4ccc(C(=O)OC)cc4)c4ccccc4n3C)n(C)c3ccccc23)cc1,,,CHEMBL1128344,J Med Chem,1995,"{'bei': '8.04', 'le': '0.15', 'lle': '-2.29', 'sei': '5.40'}",,CHEMBL346553,,CHEMBL346553,5.21,0,http://www.openphacts.org/units/Nanomolar,312611,=,1,1,=,,IC50,nM,,6100.0,CHEMBL203,Homo sapiens,Epidermal growth factor receptor,9606,,,IC50,uM,UO_0000065,,6.1
,,876996,[],CHEMBL677204,Evaluation of inhibitory activity against phospholipase C-gamma1 phosphorylation by Epidermal growth factor receptor enzyme isolated from A431 cells.,B,,,BAO_0000190,BAO_0000219,cell-based format,Ic1cccc(Nc2ncnc3ccccc23)c1,,,CHEMBL1128536,J Med Chem,1995,"{'bei': '20.44', 'le': '0.54', 'lle': '3.12', 'sei': '18.77'}",,CHEMBL92825,,CHEMBL92825,7.10,0,http://www.openphacts.org/units/Nanomolar,221433,=,1,1,=,,IC50,nM,,80.0,CHEMBL203,Homo sapiens,Epidermal growth factor receptor,9606,,,IC50,nM,UO_0000065,,80.0
,,876997,[],CHEMBL677204,Evaluation of inhibitory activity against phospholipase C-gamma1 phosphorylation by Epidermal growth factor receptor enzyme isolated from A431 cells.,B,,,BAO_0000190,BAO_0000219,cell-based format,COc1ccc2ncnc(Nc3cccc(Br)c3)c2c1,,,CHEMBL1128536,J Med Chem,1995,"{'bei': '19.56', 'le': '0.44', 'lle': '2.32', 'sei': '13.73'}",,CHEMBL52197,,CHEMBL52197,6.46,0,http://www.openphacts.org/units/Nanomolar,221467,=,1,1,=,,IC50,nM,,348.0,CHEMBL203,Homo sapiens,Epidermal growth factor receptor,9606,,,IC50,nM,UO_0000065,,348.0
,,876998,[],CHEMBL677204,Evaluation of inhibitory activity against phospholipase C-gamma1 phosphorylation by Epidermal growth factor receptor enzyme isolated from A431 cells.,B,,,BAO_0000190,BAO_0000219,cell-based format,COc1cccc(Nc2ncnc3ccccc23)c1,,,CHEMBL1128536,J Med Chem,1995,"{'bei': '24.17', 'le': '0.44', 'lle': '2.69', 'sei': '12.91'}",,CHEMBL117697,,CHEMBL117697,6.08,0,http://www.openphacts.org/units/Nanomolar,221446,=,1,1,=,,IC50,nM,,842.0,CHEMBL203,Homo sapiens,Epidermal growth factor receptor,9606,,,IC50,nM,UO_0000065,,842.0
,,877413,[],CHEMBL676159,Concentration required to achieve 50% inhibition of tyrosine phosphorylation on human Epidermal growth factor receptor (EGF RTK).,B,,,BAO_0000190,BAO_0000357,single protein format,Cc1cccc2c1/C(=C/c1ccc(N3CCN(C=O)CC3)cc1)C(=O)N2,,,CHEMBL1131018,J Med Chem,1998,,,CHEMBL89040,,CHEMBL89040,,0,http://www.openphacts.org/units/Nanomolar,159008,>,1,1,>,,IC50,nM,,100000.0,CHEMBL203,Homo sapiens,Epidermal growth factor receptor,9606,,,IC50,uM,UO_0000065,,100.0
,,877418,[],CHEMBL676159,Concentration required to achieve 50% inhibition of tyrosine phosphorylation on human Epidermal growth factor receptor (EGF RTK).,B,,,BAO_0000190,BAO_0000357,single protein format,CSc1ccc(/C=C2\C(=O)Nc3cccc(C)c32)s1,,,CHEMBL1131018,J Med Chem,1998,,,CHEMBL86432,,CHEMBL86432,,0,http://www.openphacts.org/units/Nanomolar,158982,>,1,1,>,,IC50,nM,,100000.0,CHEMBL203,Homo sapiens,Epidermal growth factor receptor,9606,,,IC50,uM,UO_0000065,,100.0
,,878224,[],CHEMBL677204,Evaluation of inhibitory activity against phospholipase C-gamma1 phosphorylation by Epidermal growth factor receptor enzyme isolated from A431 cells.,B,,,BAO_0000190,BAO_0000219,cell-based format,O=[N+]([O-])c1ccc2c(Nc3cccc(Br)c3)ncnc2c1,,,CHEMBL1128536,J Med Chem,1995,"{'bei': '17.38', 'le': '0.39', 'lle': '1.96', 'sei': '7.41'}",,CHEMBL94275,,CHEMBL94275,6.00,0,http://www.openphacts.org/units/Nanomolar,221462,=,1,1,=,,IC50,nM,,1000.0,CHEMBL203,Homo sapiens,Epidermal growth factor receptor,9606,,,IC50,nM,UO_0000065,,1000.0
,,878345,[],CHEMBL674018,Inhibition of phosphorylation of glutamic acid/tyrosine random copolymer by isolated epidermal growth factor receptor (EGFR),B,,,BAO_0000190,BAO_0000357,single protein format,C=CC(=O)Nc1cc2c(Nc3ccc(F)c(Br)c3)ncnc2cn1,,,CHEMBL1132213,J Med Chem,1999,"{'bei': '23.55', 'le': '0.52', 'lle': '5.35', 'sei': '11.46'}",,CHEMBL54091,,CHEMBL54091,9.14,0,http://www.openphacts.org/units/Nanomolar,87857,=,1,1,=,,IC50,nM,,0.72,CHEMBL203,Homo sapiens,Epidermal growth factor receptor,9606,,,IC50,nM,UO_0000065,,0.72
,,878346,[],CHEMBL674017,Inhibition of EGF-stimulated autophosphorylation of epidermal growth factor receptor (EGFR) in A431 cells,B,,,BAO_0000190,BAO_0000219,cell-based format,C=CC(=O)Nc1cc2c(Nc3ccc(F)c(Br)c3)ncnc2cn1,,,CHEMBL1132213,J Med Chem,1999,"{'bei': '22.35', 'le': '0.49', 'lle': '4.89', 'sei': '10.87'}",,CHEMBL54091,,CHEMBL54091,8.68,0,http://www.openphacts.org/units/Nanomolar,87857,=,1,1,=,,IC50,nM,,2.1,CHEMBL203,Homo sapiens,Epidermal growth factor receptor,9606,,,IC50,nM,UO_0000065,,2.1
,,878682,[],CHEMBL676159,Concentration required to achieve 50% inhibition of tyrosine phosphorylation on human Epidermal growth factor receptor (EGF RTK).,B,,,BAO_0000190,BAO_0000357,single protein format,Cc1cccc2c1/C(=C/c1ccc(N3CCOCC3)cc1)C(=O)N2,,,CHEMBL1131018,J Med Chem,1998,,,CHEMBL90277,,CHEMBL90277,,0,http://www.openphacts.org/units/Nanomolar,159005,>,1,1,>,,IC50,nM,,100000.0,CHEMBL203,Homo sapiens,Epidermal growth factor receptor,9606,,,IC50,uM,UO_0000065,,100.0
,,878687,[],CHEMBL676159,Concentration required to achieve 50% inhibition of tyrosine phosphorylation on human Epidermal growth factor receptor (EGF RTK).,B,,,BAO_0000190,BAO_0000357,single protein format,CC(C)c1cc(/C=C2\C(=O)Nc3ccc(Cl)cc32)cc(C(C)C)c1O,,,CHEMBL1131018,J Med Chem,1998,"{'bei': '14.11', 'le': '0.27', 'lle': '-0.77', 'sei': '10.18'}",,CHEMBL89723,,CHEMBL89723,5.02,0,http://www.openphacts.org/units/Nanomolar,158996,=,1,1,=,,IC50,nM,,9500.0,CHEMBL203,Homo sapiens,Epidermal growth factor receptor,9606,,,IC50,uM,UO_0000065,,9.5
,,879425,[],CHEMBL677470,Inhibitory concentration compound against EFGR tyrosine kinase obtained from plasma membrane vesicles from cultured A431 cells,B,,,BAO_0000190,BAO_0000366,cell-free format,Cn1c(SSc2c(C(=O)Nc3cccnc3)c3ccccc3n2C)c(C(=O)Nc2cccnc2)c2ccccc21,,,CHEMBL1128344,J Med Chem,1995,,,CHEMBL352010,,CHEMBL352010,,0,http://www.openphacts.org/units/Nanomolar,312599,>,1,1,>,,IC50,nM,,100000.0,CHEMBL203,Homo sapiens,Epidermal growth factor receptor,9606,,,IC50,uM,UO_0000065,,100.0
,,879427,[],CHEMBL677470,Inhibitory concentration compound against EFGR tyrosine kinase obtained from plasma membrane vesicles from cultured A431 cells,B,,,BAO_0000190,BAO_0000366,cell-free format,CC(=O)c1c(SSc2c(C(C)=O)c3ccccc3n2C)n(C)c2ccccc12,,,CHEMBL1128344,J Med Chem,1995,"{'bei': '12.85', 'le': '0.26', 'lle': '-0.62', 'sei': '11.94'}",,CHEMBL351920,,CHEMBL351920,5.25,0,http://www.openphacts.org/units/Nanomolar,312596,=,1,1,=,,IC50,nM,,5600.0,CHEMBL203,Homo sapiens,Epidermal growth factor receptor,9606,,,IC50,uM,UO_0000065,,5.6
,,879449,[],CHEMBL677204,Evaluation of inhibitory activity against phospholipase C-gamma1 phosphorylation by Epidermal growth factor receptor enzyme isolated from A431 cells.,B,,,BAO_0000190,BAO_0000219,cell-based format,Nc1ccc2c(NCc3ccccc3)ncnc2c1,,,CHEMBL1128536,J Med Chem,1995,,,CHEMBL330946,,CHEMBL330946,,0,http://www.openphacts.org/units/Nanomolar,221473,>,1,1,>,,IC50,nM,,1000.0,CHEMBL203,Homo sapiens,Epidermal growth factor receptor,9606,,,IC50,nM,UO_0000065,,1000.0
,,879450,[],CHEMBL677204,Evaluation of inhibitory activity against phospholipase C-gamma1 phosphorylation by Epidermal growth factor receptor enzyme isolated from A431 cells.,B,,,BAO_0000190,BAO_0000219,cell-based format,COc1cc2c(NCc3ccccc3)ncnc2cc1O,,,CHEMBL1128536,J Med Chem,1995,"{'bei': '22.15', 'le': '0.41', 'lle': '3.27', 'sei': '9.26'}",,CHEMBL333851,,CHEMBL333851,6.23,0,http://www.openphacts.org/units/Nanomolar,221471,=,1,1,=,,IC50,nM,,588.0,CHEMBL203,Homo sapiens,Epidermal growth factor receptor,9606,,,IC50,nM,UO_0000065,,588.0
,,879562,[],CHEMBL674018,Inhibition of phosphorylation of glutamic acid/tyrosine random copolymer by isolated epidermal growth factor receptor (EGFR),B,,,BAO_0000190,BAO_0000357,single protein format,C=CC(=O)Nc1ccc2ncnc(Nc3ccc(F)c(Br)c3)c2n1,,,CHEMBL1132213,J Med Chem,1999,"{'bei': '22.98', 'le': '0.51', 'lle': '5.13', 'sei': '11.18'}",,CHEMBL53665,,CHEMBL53665,8.92,0,http://www.openphacts.org/units/Nanomolar,87873,=,1,1,=,,IC50,nM,,1.2,CHEMBL203,Homo sapiens,Epidermal growth factor receptor,9606,,,IC50,nM,UO_0000065,,1.2
,,879563,[],CHEMBL674017,Inhibition of EGF-stimulated autophosphorylation of epidermal growth factor receptor (EGFR) in A431 cells,B,,,BAO_0000190,BAO_0000219,cell-based format,C=CC(=O)Nc1ccc2ncnc(Nc3ccc(F)c(Br)c3)c2n1,,,CHEMBL1132213,J Med Chem,1999,"{'bei': '19.95', 'le': '0.44', 'lle': '3.95', 'sei': '9.71'}",,CHEMBL53665,,CHEMBL53665,7.75,0,http://www.openphacts.org/units/Nanomolar,87873,=,1,1,=,,IC50,nM,,18.0,CHEMBL203,Homo sapiens,Epidermal growth factor receptor,9606,,,IC50,nM,UO_0000065,,18.0
,,879690,[],CHEMBL678293,Inhibition of Epidermal growth factor receptor,B,,,BAO_0000190,BAO_0000357,single protein format,CCOc1cc2ncnc(Nc3cccc(-c4csc(C)n4)c3)c2cc1OCC,,,CHEMBL1135760,J Med Chem,2002,"{'bei': '13.08', 'le': '0.25', 'lle': '-0.28', 'sei': '7.69'}",,CHEMBL126456,,CHEMBL126456,5.32,0,http://www.openphacts.org/units/Nanomolar,241534,=,1,1,=,,IC50,nM,,4800.0,CHEMBL203,Homo sapiens,Epidermal growth factor receptor,9606,,,IC50,uM,UO_0000065,,4.8
,,879977,[],CHEMBL676159,Concentration required to achieve 50% inhibition of tyrosine phosphorylation on human Epidermal growth factor receptor (EGF RTK).,B,,,BAO_0000190,BAO_0000357,single protein format,O=C1Nc2ccccc2/C1=C/c1ccc(N2CCOCC2)cc1,,,CHEMBL1131018,J Med Chem,1998,,,CHEMBL86480,,CHEMBL86480,,0,http://www.openphacts.org/units/Nanomolar,159006,>,1,1,>,,IC50,nM,,100000.0,CHEMBL203,Homo sapiens,Epidermal growth factor receptor,9606,,,IC50,uM,UO_0000065,,100.0
,,879982,[],CHEMBL676159,Concentration required to achieve 50% inhibition of tyrosine phosphorylation on human Epidermal growth factor receptor (EGF RTK).,B,,,BAO_0000190,BAO_0000357,single protein format,O=C1Nc2ccccc2/C1=C/c1ccc(N2CCCC2)cc1,,,CHEMBL1131018,J Med Chem,1998,,,CHEMBL314217,,CHEMBL314217,,0,http://www.openphacts.org/units/Nanomolar,159002,>,1,1,>,,IC50,nM,,100000.0,CHEMBL203,Homo sapiens,Epidermal growth factor receptor,9606,,,IC50,uM,UO_0000065,,100.0
,,879987,[],CHEMBL676159,Concentration required to achieve 50% inhibition of tyrosine phosphorylation on human Epidermal growth factor receptor (EGF RTK).,B,,,BAO_0000190,BAO_0000357,single protein format,COc1c(Br)cc(/C=C2\C(=O)Nc3ccccc32)cc1C(C)(C)C,,,CHEMBL1131018,J Med Chem,1998,"{'bei': '12.22', 'le': '0.27', 'lle': '-0.53', 'sei': '12.32'}",,CHEMBL87746,,CHEMBL87746,4.72,0,http://www.openphacts.org/units/Nanomolar,158995,=,1,1,=,,IC50,nM,,19000.0,CHEMBL203,Homo sapiens,Epidermal growth factor receptor,9606,,,IC50,uM,UO_0000065,,19.0
,,880696,[],CHEMBL677204,Evaluation of inhibitory activity against phospholipase C-gamma1 phosphorylation by Epidermal growth factor receptor enzyme isolated from A431 cells.,B,,,BAO_0000190,BAO_0000219,cell-based format,Brc1cccc(Nc2cnnc3ccccc23)c1,,,CHEMBL1128536,J Med Chem,1995,,,CHEMBL118482,,CHEMBL118482,,0,http://www.openphacts.org/units/Nanomolar,221427,>,1,1,>,,IC50,nM,,10000.0,CHEMBL203,Homo sapiens,Epidermal growth factor receptor,9606,,,IC50,nM,UO_0000065,,10000.0
,,881614,[],CHEMBL676151,Inhibition of tyrosine kinase Epidermal growth factor receptor,B,,,BAO_0000190,BAO_0000357,single protein format,Cc1ccc(N)cc1Nc1nccc(-c2cccnc2)n1,,,CHEMBL1159186,Bioorg Med Chem Lett,1996,,,CHEMBL278103,,CHEMBL278103,,0,http://www.openphacts.org/units/Nanomolar,26319,>,1,1,>,,IC50,nM,,100000.0,CHEMBL203,Homo sapiens,Epidermal growth factor receptor,9606,,,IC50,uM,UO_0000065,,100.0
,,882052,[],CHEMBL677204,Evaluation of inhibitory activity against phospholipase C-gamma1 phosphorylation by Epidermal growth factor receptor enzyme isolated from A431 cells.,B,,,BAO_0000190,BAO_0000219,cell-based format,Nc1cccc2ncnc(NCc3ccccc3)c12,,,CHEMBL1128536,J Med Chem,1995,,,CHEMBL119432,,CHEMBL119432,,0,http://www.openphacts.org/units/Nanomolar,221440,>,1,1,>,,IC50,nM,,10000.0,CHEMBL203,Homo sapiens,Epidermal growth factor receptor,9606,,,IC50,nM,UO_0000065,,10000.0
,,882053,[],CHEMBL677204,Evaluation of inhibitory activity against phospholipase C-gamma1 phosphorylation by Epidermal growth factor receptor enzyme isolated from A431 cells.,B,,,BAO_0000190,BAO_0000219,cell-based format,COc1ccc2c(Nc3cccc(Br)c3)ncnc2c1,,,CHEMBL1128536,J Med Chem,1995,"{'bei': '24.23', 'le': '0.55', 'lle': '3.86', 'sei': '17.01'}",,CHEMBL93181,,CHEMBL93181,8.00,0,http://www.openphacts.org/units/Nanomolar,221460,=,1,1,=,,IC50,nM,,10.0,CHEMBL203,Homo sapiens,Epidermal growth factor receptor,9606,,,IC50,nM,UO_0000065,,10.0
,,882416,[],CHEMBL676159,Concentration required to achieve 50% inhibition of tyrosine phosphorylation on human Epidermal growth factor receptor (EGF RTK).,B,,,BAO_0000190,BAO_0000357,single protein format,O=C1Nc2ccccc2/C1=C/c1ccc(O)cc1,,,CHEMBL1131018,J Med Chem,1998,,,CHEMBL313578,,CHEMBL313578,,0,http://www.openphacts.org/units/Nanomolar,159000,>,1,1,>,,IC50,nM,,100000.0,CHEMBL203,Homo sapiens,Epidermal growth factor receptor,9606,,,IC50,uM,UO_0000065,,100.0
,,882421,[],CHEMBL676159,Concentration required to achieve 50% inhibition of tyrosine phosphorylation on human Epidermal growth factor receptor (EGF RTK).,B,,,BAO_0000190,BAO_0000357,single protein format,C/C(=C1\C(=O)Nc2ccccc21)c1ccc(N2CCCCC2)cc1,,,CHEMBL1131018,J Med Chem,1998,,,CHEMBL314798,,CHEMBL314798,,0,http://www.openphacts.org/units/Nanomolar,158966,>,1,1,>,,IC50,nM,,100000.0,CHEMBL203,Homo sapiens,Epidermal growth factor receptor,9606,,,IC50,uM,UO_0000065,,100.0
,,882426,[],CHEMBL676159,Concentration required to achieve 50% inhibition of tyrosine phosphorylation on human Epidermal growth factor receptor (EGF RTK).,B,,,BAO_0000190,BAO_0000357,single protein format,CCOC(=O)c1c[nH]c(/C=C2\C(=O)Nc3ccccc32)c1C,,,CHEMBL1131018,J Med Chem,1998,,,CHEMBL316008,,CHEMBL316008,,0,http://www.openphacts.org/units/Nanomolar,158976,>,1,1,>,,IC50,nM,,100000.0,CHEMBL203,Homo sapiens,Epidermal growth factor receptor,9606,,,IC50,uM,UO_0000065,,100.0
,,882431,[],CHEMBL676159,Concentration required to achieve 50% inhibition of tyrosine phosphorylation on human Epidermal growth factor receptor (EGF RTK).,B,,,BAO_0000190,BAO_0000357,single protein format,O=C1Nc2ccccc2/C1=C/c1sccc1Br,,,CHEMBL1131018,J Med Chem,1998,,,CHEMBL87783,,CHEMBL87783,,0,http://www.openphacts.org/units/Nanomolar,158985,>,1,1,>,,IC50,nM,,100000.0,CHEMBL203,Homo sapiens,Epidermal growth factor receptor,9606,,,IC50,uM,UO_0000065,,100.0
,,882436,[],CHEMBL676159,Concentration required to achieve 50% inhibition of tyrosine phosphorylation on human Epidermal growth factor receptor (EGF RTK).,B,,,BAO_0000190,BAO_0000357,single protein format,O=C1Nc2ccccc2/C1=C/c1cc(Br)cs1,,,CHEMBL1131018,J Med Chem,1998,,,CHEMBL316268,,CHEMBL316268,,0,http://www.openphacts.org/units/Nanomolar,158984,>,1,1,>,,IC50,nM,,100000.0,CHEMBL203,Homo sapiens,Epidermal growth factor receptor,9606,,,IC50,uM,UO_0000065,,100.0
,,882441,[],CHEMBL676159,Concentration required to achieve 50% inhibition of tyrosine phosphorylation on human Epidermal growth factor receptor (EGF RTK).,B,,,BAO_0000190,BAO_0000357,single protein format,O=C1Nc2ccccc2/C1=C\c1ccco1,,,CHEMBL1131018,J Med Chem,1998,,,CHEMBL312826,,CHEMBL312826,,0,http://www.openphacts.org/units/Nanomolar,158980,>,1,1,>,,IC50,nM,,100000.0,CHEMBL203,Homo sapiens,Epidermal growth factor receptor,9606,,,IC50,uM,UO_0000065,,100.0
,,882799,[],CHEMBL676151,Inhibition of tyrosine kinase Epidermal growth factor receptor,B,,,BAO_0000190,BAO_0000357,single protein format,Cc1ccc(N(C)C(=O)c2ccccc2)cc1Nc1nccc(-c2cccnc2)n1,,,CHEMBL1159186,Bioorg Med Chem Lett,1996,"{'bei': '10.90', 'le': '0.20', 'lle': '-0.56', 'sei': '6.07'}",,CHEMBL278287,,CHEMBL278287,4.31,0,http://www.openphacts.org/units/Nanomolar,26327,=,1,1,=,,IC50,nM,,49000.0,CHEMBL203,Homo sapiens,Epidermal growth factor receptor,9606,,,IC50,uM,UO_0000065,,49.0
,,883183,[],CHEMBL677470,Inhibitory concentration compound against EFGR tyrosine kinase obtained from plasma membrane vesicles from cultured A431 cells,B,,,BAO_0000190,BAO_0000366,cell-free format,CNC(=O)c1c(SSc2[nH]c3ccccc3c2C(=O)NC)[nH]c2ccccc12,,,CHEMBL1128344,J Med Chem,1995,"{'bei': '12.70', 'le': '0.25', 'lle': '1.04', 'sei': '5.81'}",,CHEMBL161226,,CHEMBL161226,5.21,0,http://www.openphacts.org/units/Nanomolar,312576,=,1,1,=,,IC50,nM,,6100.0,CHEMBL203,Homo sapiens,Epidermal growth factor receptor,9606,,,IC50,uM,UO_0000065,,6.1
,,883223,[],CHEMBL677205,Inhibition of Epidermal growth factor receptor from A431 cells,B,,,BAO_0000190,BAO_0000219,cell-based format,COc1cccc2c(Nc3cccc(Br)c3)ncnc12,,,CHEMBL1128536,J Med Chem,1995,"{'bei': '18.21', 'le': '0.41', 'lle': '1.87', 'sei': '12.78'}",,CHEMBL289787,,CHEMBL289787,6.01,0,http://www.openphacts.org/units/Nanomolar,221444,=,1,1,=,,IC50,nM,,974.0,CHEMBL203,Homo sapiens,Epidermal growth factor receptor,9606,,,IC50,nM,UO_0000065,,974.0
,,883298,[],CHEMBL674018,Inhibition of phosphorylation of glutamic acid/tyrosine random copolymer by isolated epidermal growth factor receptor (EGFR),B,,,BAO_0000190,BAO_0000357,single protein format,C=CC(=O)Nc1ccc2ncnc(Nc3cccc(Br)c3)c2n1,,,CHEMBL1132213,J Med Chem,1999,"{'bei': '24.20', 'le': '0.53', 'lle': '5.30', 'sei': '11.23'}",,CHEMBL296168,,CHEMBL296168,8.96,0,http://www.openphacts.org/units/Nanomolar,87858,=,1,1,=,,IC50,nM,,1.1,CHEMBL203,Homo sapiens,Epidermal growth factor receptor,9606,,,IC50,nM,UO_0000065,,1.1
,,883299,[],CHEMBL674017,Inhibition of EGF-stimulated autophosphorylation of epidermal growth factor receptor (EGFR) in A431 cells,B,,,BAO_0000190,BAO_0000219,cell-based format,C=CC(=O)Nc1ccc2ncnc(Nc3cccc(Br)c3)c2n1,,,CHEMBL1132213,J Med Chem,1999,"{'bei': '22.29', 'le': '0.49', 'lle': '4.59', 'sei': '10.34'}",,CHEMBL296168,,CHEMBL296168,8.25,0,http://www.openphacts.org/units/Nanomolar,87858,=,1,1,=,,IC50,nM,,5.6,CHEMBL203,Homo sapiens,Epidermal growth factor receptor,9606,,,IC50,nM,UO_0000065,,5.6
,,883301,[],CHEMBL674018,Inhibition of phosphorylation of glutamic acid/tyrosine random copolymer by isolated epidermal growth factor receptor (EGFR),B,,,BAO_0000190,BAO_0000357,single protein format,C=CC(=O)Nc1ccc2ncnc(N3CCc4ccc(Br)cc43)c2c1,,,CHEMBL1132213,J Med Chem,1999,"{'bei': '23.78', 'le': '0.51', 'lle': '5.19', 'sei': '16.17'}",,CHEMBL51741,,CHEMBL51741,9.40,0,http://www.openphacts.org/units/Nanomolar,87872,=,1,1,=,,IC50,nM,,0.4,CHEMBL203,Homo sapiens,Epidermal growth factor receptor,9606,,,IC50,nM,UO_0000065,,0.4
,,883302,[],CHEMBL674017,Inhibition of EGF-stimulated autophosphorylation of epidermal growth factor receptor (EGFR) in A431 cells,B,,,BAO_0000190,BAO_0000219,cell-based format,C=CC(=O)Nc1ccc2ncnc(N3CCc4ccc(Br)cc43)c2c1,,,CHEMBL1132213,J Med Chem,1999,"{'bei': '20.25', 'le': '0.44', 'lle': '3.79', 'sei': '13.77'}",,CHEMBL51741,,CHEMBL51741,8.00,0,http://www.openphacts.org/units/Nanomolar,87872,=,1,1,=,,IC50,nM,,9.9,CHEMBL203,Homo sapiens,Epidermal growth factor receptor,9606,,,IC50,nM,UO_0000065,,9.9
,,883618,[],CHEMBL676159,Concentration required to achieve 50% inhibition of tyrosine phosphorylation on human Epidermal growth factor receptor (EGF RTK).,B,,,BAO_0000190,BAO_0000357,single protein format,CCc1c(/C=C2\C(=O)Nc3ccccc32)[nH]c(C)c1C,,,CHEMBL1131018,J Med Chem,1998,,,CHEMBL313433,,CHEMBL313433,,0,http://www.openphacts.org/units/Nanomolar,158971,>,1,1,>,,IC50,nM,,100000.0,CHEMBL203,Homo sapiens,Epidermal growth factor receptor,9606,,,IC50,uM,UO_0000065,,100.0
,,883858,[],CHEMBL676151,Inhibition of tyrosine kinase Epidermal growth factor receptor,B,,,BAO_0000190,BAO_0000357,single protein format,Cc1ccc(N(C(=O)c2ccccc2)C(=O)c2ccccc2)cc1Nc1nccc(-c2cccnc2)n1,,,CHEMBL1159186,Bioorg Med Chem Lett,1996,"{'bei': '8.50', 'le': '0.15', 'lle': '-1.96', 'sei': '4.68'}",,CHEMBL277430,,CHEMBL277430,4.12,0,http://www.openphacts.org/units/Nanomolar,26329,=,1,1,=,,IC50,nM,,75000.0,CHEMBL203,Homo sapiens,Epidermal growth factor receptor,9606,,,IC50,uM,UO_0000065,,75.0
,,883864,[],CHEMBL676151,Inhibition of tyrosine kinase Epidermal growth factor receptor,B,,,BAO_0000190,BAO_0000357,single protein format,CNc1ccc(C)c(Nc2nccc(-c3cccnc3)n2)c1,,,CHEMBL1159186,Bioorg Med Chem Lett,1996,,,CHEMBL21215,,CHEMBL21215,,0,http://www.openphacts.org/units/Nanomolar,26328,>,1,1,>,,IC50,nM,,100000.0,CHEMBL203,Homo sapiens,Epidermal growth factor receptor,9606,,,IC50,uM,UO_0000065,,100.0
,,884334,[],CHEMBL677470,Inhibitory concentration compound against EFGR tyrosine kinase obtained from plasma membrane vesicles from cultured A431 cells,B,,,BAO_0000190,BAO_0000366,cell-free format,CN(C(=O)c1c(SSc2c(C(=O)N(C)c3ccccc3)c3ccccc3n2C)n(C)c2ccccc12)c1ccccc1,,,CHEMBL1128344,J Med Chem,1995,,,CHEMBL347256,,CHEMBL347256,,0,http://www.openphacts.org/units/Nanomolar,312589,>,1,1,>,,IC50,nM,,100000.0,CHEMBL203,Homo sapiens,Epidermal growth factor receptor,9606,,,IC50,uM,UO_0000065,,100.0
,,884346,[],CHEMBL677204,Evaluation of inhibitory activity against phospholipase C-gamma1 phosphorylation by Epidermal growth factor receptor enzyme isolated from A431 cells.,B,,,BAO_0000190,BAO_0000219,cell-based format,COc1cc2ncnc(NCc3ccccc3)c2cc1OC,,,CHEMBL1128536,J Med Chem,1995,"{'bei': '27.09', 'le': '0.50', 'lle': '4.74', 'sei': '14.22'}",,CHEMBL325245,,CHEMBL325245,8.00,0,http://www.openphacts.org/units/Nanomolar,221468,=,1,1,=,,IC50,nM,,10.0,CHEMBL203,Homo sapiens,Epidermal growth factor receptor,9606,,,IC50,nM,UO_0000065,,10.0
,,885615,[],CHEMBL677470,Inhibitory concentration compound against EFGR tyrosine kinase obtained from plasma membrane vesicles from cultured A431 cells,B,,,BAO_0000190,BAO_0000366,cell-free format,c1ccc(-c2c(SSc3[nH]c4ccccc4c3-c3ccccc3)[nH]c3ccccc23)cc1,,,CHEMBL1128344,J Med Chem,1995,"{'bei': '8.92', 'le': '0.17', 'lle': '-4.78', 'sei': '12.67'}",,CHEMBL422540,,CHEMBL422540,4.00,0,http://www.openphacts.org/units/Nanomolar,312578,=,1,1,=,,IC50,nM,,100000.0,CHEMBL203,Homo sapiens,Epidermal growth factor receptor,9606,,,IC50,uM,UO_0000065,,100.0
,,885639,[],CHEMBL677204,Evaluation of inhibitory activity against phospholipase C-gamma1 phosphorylation by Epidermal growth factor receptor enzyme isolated from A431 cells.,B,,,BAO_0000190,BAO_0000219,cell-based format,Brc1cccc(Nc2ccnc3ccccc23)c1,,,CHEMBL1128536,J Med Chem,1995,"{'bei': '17.58', 'le': '0.40', 'lle': '0.52', 'sei': '21.11'}",,CHEMBL37346,,CHEMBL37346,5.26,0,http://www.openphacts.org/units/Nanomolar,221429,=,1,1,=,,IC50,nM,,5500.0,CHEMBL203,Homo sapiens,Epidermal growth factor receptor,9606,,,IC50,nM,UO_0000065,,5500.0
,,885851,[],CHEMBL674018,Inhibition of phosphorylation of glutamic acid/tyrosine random copolymer by isolated epidermal growth factor receptor (EGFR),B,,,BAO_0000190,BAO_0000357,single protein format,C=CC(=O)Nc1cc2c(Nc3cccc(Br)c3)ncnc2cn1,,,CHEMBL1132213,J Med Chem,1999,"{'bei': '24.42', 'le': '0.54', 'lle': '5.38', 'sei': '11.33'}",,CHEMBL51659,,CHEMBL51659,9.04,0,http://www.openphacts.org/units/Nanomolar,87855,=,1,1,=,,IC50,nM,,0.91,CHEMBL203,Homo sapiens,Epidermal growth factor receptor,9606,,,IC50,nM,UO_0000065,,0.91
,,885852,[],CHEMBL674017,Inhibition of EGF-stimulated autophosphorylation of epidermal growth factor receptor (EGFR) in A431 cells,B,,,BAO_0000190,BAO_0000219,cell-based format,C=CC(=O)Nc1cc2c(Nc3cccc(Br)c3)ncnc2cn1,,,CHEMBL1132213,J Med Chem,1999,"{'bei': '22.87', 'le': '0.50', 'lle': '4.81', 'sei': '10.61'}",,CHEMBL51659,,CHEMBL51659,8.47,0,http://www.openphacts.org/units/Nanomolar,87855,=,1,1,=,,IC50,nM,,3.4,CHEMBL203,Homo sapiens,Epidermal growth factor receptor,9606,,,IC50,nM,UO_0000065,,3.4
,,886268,[],CHEMBL676159,Concentration required to achieve 50% inhibition of tyrosine phosphorylation on human Epidermal growth factor receptor (EGF RTK).,B,,,BAO_0000190,BAO_0000357,single protein format,O=C1Nc2ccccc2/C1=C/c1ccc(N2CCCCC2)cc1,,,CHEMBL1131018,J Med Chem,1998,,,CHEMBL315701,,CHEMBL315701,,0,http://www.openphacts.org/units/Nanomolar,159001,>,1,1,>,,IC50,nM,,100000.0,CHEMBL203,Homo sapiens,Epidermal growth factor receptor,9606,,,IC50,uM,UO_0000065,,100.0
,,886644,[],CHEMBL676151,Inhibition of tyrosine kinase Epidermal growth factor receptor,B,,,BAO_0000190,BAO_0000357,single protein format,O=C(Nc1cccc(Nc2nccc(-c3cccnc3)n2)c1)c1ccccc1,,,CHEMBL1159186,Bioorg Med Chem Lett,1996,,,CHEMBL277931,,CHEMBL277931,,0,http://www.openphacts.org/units/Nanomolar,26317,>,1,1,>,,IC50,nM,,50000.0,CHEMBL203,Homo sapiens,Epidermal growth factor receptor,9606,,,IC50,uM,UO_0000065,,50.0
,,887028,[],CHEMBL677470,Inhibitory concentration compound against EFGR tyrosine kinase obtained from plasma membrane vesicles from cultured A431 cells,B,,,BAO_0000190,BAO_0000366,cell-free format,Cn1c(SSc2c(C(=O)Nc3ccccn3)c3ccccc3n2C)c(C(=O)Nc2ccccn2)c2ccccc21,,,CHEMBL1128344,J Med Chem,1995,"{'bei': '7.66', 'le': '0.15', 'lle': '-2.43', 'sei': '4.61'}",,CHEMBL435054,,CHEMBL435054,4.33,0,http://www.openphacts.org/units/Nanomolar,312600,=,1,1,=,,IC50,nM,,47000.0,CHEMBL203,Homo sapiens,Epidermal growth factor receptor,9606,,,IC50,uM,UO_0000065,,47.0
,,888100,[],CHEMBL677470,Inhibitory concentration compound against EFGR tyrosine kinase obtained from plasma membrane vesicles from cultured A431 cells,B,,,BAO_0000190,BAO_0000366,cell-free format,Cn1c(SSc2c(C(=O)NCC(=O)O)c3ccccc3n2C)c(C(=O)NCC(=O)O)c2ccccc21,,,CHEMBL1128344,J Med Chem,1995,"{'bei': '9.49', 'le': '0.19', 'lle': '1.90', 'sei': '3.50'}",,CHEMBL345211,,CHEMBL345211,5.00,0,http://www.openphacts.org/units/Nanomolar,312580,=,1,1,=,,IC50,nM,,10000.0,CHEMBL203,Homo sapiens,Epidermal growth factor receptor,9606,,,IC50,uM,UO_0000065,,10.0
,,888102,[],CHEMBL677470,Inhibitory concentration compound against EFGR tyrosine kinase obtained from plasma membrane vesicles from cultured A431 cells,B,,,BAO_0000190,BAO_0000366,cell-free format,Cn1c(SSc2c(C(=O)Nc3cccs3)c3ccccc3n2C)c(C(=O)Nc2cccs2)c2ccccc21,,,CHEMBL1128344,J Med Chem,1995,,,CHEMBL345622,,CHEMBL345622,,0,http://www.openphacts.org/units/Nanomolar,312597,>,1,1,>,,IC50,nM,,100000.0,CHEMBL203,Homo sapiens,Epidermal growth factor receptor,9606,,,IC50,uM,UO_0000065,,100.0
,,888111,[],CHEMBL677204,Evaluation of inhibitory activity against phospholipase C-gamma1 phosphorylation by Epidermal growth factor receptor enzyme isolated from A431 cells.,B,,,BAO_0000190,BAO_0000219,cell-based format,Nc1ccc2ncnc(NCc3ccccc3)c2c1,,,CHEMBL1128536,J Med Chem,1995,"{'bei': '23.39', 'le': '0.42', 'lle': '3.03', 'sei': '9.17'}",,CHEMBL332096,,CHEMBL332096,5.85,0,http://www.openphacts.org/units/Nanomolar,221437,=,1,1,=,,IC50,nM,,1400.0,CHEMBL203,Homo sapiens,Epidermal growth factor receptor,9606,,,IC50,nM,UO_0000065,,1400.0
,,888112,[],CHEMBL677204,Evaluation of inhibitory activity against phospholipase C-gamma1 phosphorylation by Epidermal growth factor receptor enzyme isolated from A431 cells.,B,,,BAO_0000190,BAO_0000219,cell-based format,c1ccc(CCNc2ncnc3ccccc23)cc1,,,CHEMBL1128536,J Med Chem,1995,"{'bei': '21.61', 'le': '0.39', 'lle': '2.11', 'sei': '14.25'}",,CHEMBL117804,,CHEMBL117804,5.39,0,http://www.openphacts.org/units/Nanomolar,221451,=,1,1,=,,IC50,nM,,4100.0,CHEMBL203,Homo sapiens,Epidermal growth factor receptor,9606,,,IC50,nM,UO_0000065,,4100.0
,,888113,[],CHEMBL677204,Evaluation of inhibitory activity against phospholipase C-gamma1 phosphorylation by Epidermal growth factor receptor enzyme isolated from A431 cells.,B,,,BAO_0000190,BAO_0000219,cell-based format,CN(c1ccccc1)c1ncnc2ccccc12,,,CHEMBL1128536,J Med Chem,1995,"{'bei': '17.00', 'le': '0.30', 'lle': '0.60', 'sei': '13.78'}",,CHEMBL324371,,CHEMBL324371,4.00,0,http://www.openphacts.org/units/Nanomolar,221450,=,1,1,=,,IC50,nM,,100000.0,CHEMBL203,Homo sapiens,Epidermal growth factor receptor,9606,,,IC50,nM,UO_0000065,,100000.0
,,888400,[],CHEMBL678292,Inhibition of (EGFR) epidermal growth factor receptor tyrosine kinase,B,,,BAO_0000190,BAO_0000357,single protein format,CCOc1cc2ncnc(Nc3cccc(-c4cncs4)c3)c2cc1OCC,,,CHEMBL1135760,J Med Chem,2002,"{'bei': '20.28', 'le': '0.39', 'lle': '2.67', 'sei': '11.51'}",,CHEMBL340862,,CHEMBL340862,7.96,0,http://www.openphacts.org/units/Nanomolar,241607,=,1,1,=,,IC50,nM,,11.0,CHEMBL203,Homo sapiens,Epidermal growth factor receptor,9606,,,IC50,uM,UO_0000065,,0.011
,,888586,[],CHEMBL676159,Concentration required to achieve 50% inhibition of tyrosine phosphorylation on human Epidermal growth factor receptor (EGF RTK).,B,,,BAO_0000190,BAO_0000357,single protein format,COc1ccc(/C=C2\C(=O)Nc3ccccc32)cc1,,,CHEMBL1131018,J Med Chem,1998,,,CHEMBL87810,,CHEMBL87810,,0,http://www.openphacts.org/units/Nanomolar,158999,>,1,1,>,,IC50,nM,,100000.0,CHEMBL203,Homo sapiens,Epidermal growth factor receptor,9606,,,IC50,uM,UO_0000065,,100.0
,,888935,[],CHEMBL676151,Inhibition of tyrosine kinase Epidermal growth factor receptor,B,,,BAO_0000190,BAO_0000357,single protein format,Cc1ccc(C(=O)Nc2ccc(C)c(Nc3nccc(-c4cccnc4)n3)c2)cc1,,,CHEMBL1159186,Bioorg Med Chem Lett,1996,,,CHEMBL20867,,CHEMBL20867,,0,http://www.openphacts.org/units/Nanomolar,26331,>,1,1,>,,IC50,nM,,100000.0,CHEMBL203,Homo sapiens,Epidermal growth factor receptor,9606,,,IC50,uM,UO_0000065,,100.0
,,889314,[],CHEMBL677470,Inhibitory concentration compound against EFGR tyrosine kinase obtained from plasma membrane vesicles from cultured A431 cells,B,,,BAO_0000190,BAO_0000366,cell-free format,Cn1c(SSc2c(C(=O)NCc3ccc(C(=O)O)cc3)c3ccccc3n2C)c(C(=O)NCc2ccc(C(=O)O)cc2)c2ccccc21,,,CHEMBL1128344,J Med Chem,1995,"{'bei': '7.77', 'le': '0.15', 'lle': '-1.45', 'sei': '3.70'}",,CHEMBL158805,,CHEMBL158805,5.28,0,http://www.openphacts.org/units/Nanomolar,312592,=,1,1,=,,IC50,nM,,5300.0,CHEMBL203,Homo sapiens,Epidermal growth factor receptor,9606,,,IC50,uM,UO_0000065,,5.3
,,889316,[],CHEMBL677470,Inhibitory concentration compound against EFGR tyrosine kinase obtained from plasma membrane vesicles from cultured A431 cells,B,,,BAO_0000190,BAO_0000366,cell-free format,Cn1c(SSc2c(C(=O)Nc3ccccc3)c3ccccc3n2C)c(C(=O)Nc2ccccc2)c2ccccc21,,,CHEMBL1128344,J Med Chem,1995,"{'bei': '8.82', 'le': '0.17', 'lle': '-3.01', 'sei': '7.29'}",,CHEMBL304414,,CHEMBL304414,4.96,0,http://www.openphacts.org/units/Nanomolar,312590,=,1,1,=,,IC50,nM,,10900.0,CHEMBL203,Homo sapiens,Epidermal growth factor receptor,9606,,,IC50,uM,UO_0000065,,10.9
,,889331,[],CHEMBL677204,Evaluation of inhibitory activity against phospholipase C-gamma1 phosphorylation by Epidermal growth factor receptor enzyme isolated from A431 cells.,B,,,BAO_0000190,BAO_0000219,cell-based format,O=[N+]([O-])c1ccc2c(NCc3ccccc3)ncnc2c1,,,CHEMBL1128536,J Med Chem,1995,"{'bei': '18.66', 'le': '0.34', 'lle': '2.08', 'sei': '6.46'}",,CHEMBL116748,,CHEMBL116748,5.23,0,http://www.openphacts.org/units/Nanomolar,221435,=,1,1,=,,IC50,nM,,5900.0,CHEMBL203,Homo sapiens,Epidermal growth factor receptor,9606,,,IC50,nM,UO_0000065,,5900.0
,,889332,[],CHEMBL677204,Evaluation of inhibitory activity against phospholipase C-gamma1 phosphorylation by Epidermal growth factor receptor enzyme isolated from A431 cells.,B,,,BAO_0000190,BAO_0000219,cell-based format,COc1cc2ncnc(NCc3ccccc3)c2cc1O,,,CHEMBL1128536,J Med Chem,1995,"{'bei': '25.78', 'le': '0.47', 'lle': '4.29', 'sei': '10.78'}",,CHEMBL115745,,CHEMBL115745,7.25,0,http://www.openphacts.org/units/Nanomolar,221469,=,1,1,=,,IC50,nM,,56.0,CHEMBL203,Homo sapiens,Epidermal growth factor receptor,9606,,,IC50,nM,UO_0000065,,56.0
,,889460,[],CHEMBL674018,Inhibition of phosphorylation of glutamic acid/tyrosine random copolymer by isolated epidermal growth factor receptor (EGFR),B,,,BAO_0000190,BAO_0000357,single protein format,C=CC(=O)Nc1cc2ncnc(Nc3cccc(Br)c3)c2cn1,,,CHEMBL1132213,J Med Chem,1999,"{'bei': '25.03', 'le': '0.55', 'lle': '5.61', 'sei': '11.61'}",,CHEMBL49986,,CHEMBL49986,9.27,0,http://www.openphacts.org/units/Nanomolar,87871,=,1,1,=,,IC50,nM,,0.54,CHEMBL203,Homo sapiens,Epidermal growth factor receptor,9606,,,IC50,nM,UO_0000065,,0.54
,,889461,[],CHEMBL674017,Inhibition of EGF-stimulated autophosphorylation of epidermal growth factor receptor (EGFR) in A431 cells,B,,,BAO_0000190,BAO_0000219,cell-based format,C=CC(=O)Nc1cc2ncnc(Nc3cccc(Br)c3)c2cn1,,,CHEMBL1132213,J Med Chem,1999,"{'bei': '18.82', 'le': '0.41', 'lle': '3.31', 'sei': '8.73'}",,CHEMBL49986,,CHEMBL49986,6.97,0,http://www.openphacts.org/units/Nanomolar,87871,=,1,1,=,,IC50,nM,,108.0,CHEMBL203,Homo sapiens,Epidermal growth factor receptor,9606,,,IC50,nM,UO_0000065,,108.0
,,889804,[],CHEMBL676159,Concentration required to achieve 50% inhibition of tyrosine phosphorylation on human Epidermal growth factor receptor (EGF RTK).,B,,,BAO_0000190,BAO_0000357,single protein format,Cc1cccc2c1/C(=C/c1ccc(N(C)C)cc1)C(=O)N2,,,CHEMBL1131018,J Med Chem,1998,,,CHEMBL89809,,CHEMBL89809,,0,http://www.openphacts.org/units/Nanomolar,158961,>,1,1,>,,IC50,nM,,100000.0,CHEMBL203,Homo sapiens,Epidermal growth factor receptor,9606,,,IC50,uM,UO_0000065,,100.0
,,889809,[],CHEMBL676159,Concentration required to achieve 50% inhibition of tyrosine phosphorylation on human Epidermal growth factor receptor (EGF RTK).,B,,,BAO_0000190,BAO_0000357,single protein format,Cn1cc(Cl)c(/C=C2\C(=O)Nc3ccccc32)n1,,,CHEMBL1131018,J Med Chem,1998,,,CHEMBL89646,,CHEMBL89646,,0,http://www.openphacts.org/units/Nanomolar,158991,>,1,1,>,,IC50,nM,,100000.0,CHEMBL203,Homo sapiens,Epidermal growth factor receptor,9606,,,IC50,uM,UO_0000065,,100.0
,,889814,[],CHEMBL676159,Concentration required to achieve 50% inhibition of tyrosine phosphorylation on human Epidermal growth factor receptor (EGF RTK).,B,,,BAO_0000190,BAO_0000357,single protein format,CC(C)c1ccc(/C=C2/C(=O)Nc3ccccc32)cc1,,,CHEMBL1131018,J Med Chem,1998,"{'bei': '17.97', 'le': '0.32', 'lle': '0.43', 'sei': '16.26'}",,CHEMBL48760,,CHEMBL48760,4.73,0,http://www.openphacts.org/units/Nanomolar,159011,=,1,1,=,,IC50,nM,,18500.0,CHEMBL203,Homo sapiens,Epidermal growth factor receptor,9606,,,IC50,uM,UO_0000065,,18.5
,,890220,[],CHEMBL676151,Inhibition of tyrosine kinase Epidermal growth factor receptor,B,,,BAO_0000190,BAO_0000357,single protein format,Cc1ccc(NC(=O)c2ccc3ccccc3c2)cc1Nc1nccc(-c2cccnc2)n1,,,CHEMBL1159186,Bioorg Med Chem Lett,1996,,,CHEMBL20252,,CHEMBL20252,,0,http://www.openphacts.org/units/Nanomolar,26322,>,1,1,>,,IC50,nM,,100000.0,CHEMBL203,Homo sapiens,Epidermal growth factor receptor,9606,,,IC50,uM,UO_0000065,,100.0
,,890624,[],CHEMBL677470,Inhibitory concentration compound against EFGR tyrosine kinase obtained from plasma membrane vesicles from cultured A431 cells,B,,,BAO_0000190,BAO_0000366,cell-free format,Cn1c(SSc2c(C(=O)Nc3ccccc3C(=O)O)c3ccccc3n2C)c(C(=O)Nc2ccccc2C(=O)O)c2ccccc21,,,CHEMBL1128344,J Med Chem,1995,"{'bei': '6.65', 'le': '0.13', 'lle': '-3.04', 'sei': '3.03'}",,CHEMBL345862,,CHEMBL345862,4.33,0,http://www.openphacts.org/units/Nanomolar,312588,=,1,1,=,,IC50,nM,,47000.0,CHEMBL203,Homo sapiens,Epidermal growth factor receptor,9606,,,IC50,uM,UO_0000065,,47.0
,,890630,[],CHEMBL677204,Evaluation of inhibitory activity against phospholipase C-gamma1 phosphorylation by Epidermal growth factor receptor enzyme isolated from A431 cells.,B,,,BAO_0000190,BAO_0000219,cell-based format,Brc1cccc(Nc2cnc3ccccc3n2)c1,,,CHEMBL1128536,J Med Chem,1995,,,CHEMBL331417,,CHEMBL331417,,0,http://www.openphacts.org/units/Nanomolar,221443,>,1,1,>,,IC50,nM,,100000.0,CHEMBL203,Homo sapiens,Epidermal growth factor receptor,9606,,,IC50,nM,UO_0000065,,100000.0
,,890631,[],CHEMBL677204,Evaluation of inhibitory activity against phospholipase C-gamma1 phosphorylation by Epidermal growth factor receptor enzyme isolated from A431 cells.,B,,,BAO_0000190,BAO_0000219,cell-based format,O=[N+]([O-])c1cccc2ncnc(NCc3ccccc3)c12,,,CHEMBL1128536,J Med Chem,1995,"{'bei': '18.18', 'le': '0.33', 'lle': '1.95', 'sei': '6.30'}",,CHEMBL119708,,CHEMBL119708,5.10,0,http://www.openphacts.org/units/Nanomolar,221441,=,1,1,=,,IC50,nM,,8000.0,CHEMBL203,Homo sapiens,Epidermal growth factor receptor,9606,,,IC50,nM,UO_0000065,,8000.0
,,890632,[],CHEMBL677204,Evaluation of inhibitory activity against phospholipase C-gamma1 phosphorylation by Epidermal growth factor receptor enzyme isolated from A431 cells.,B,,,BAO_0000190,BAO_0000219,cell-based format,COc1cccc2c(NCc3ccccc3)ncnc12,,,CHEMBL1128536,J Med Chem,1995,,,CHEMBL424255,,CHEMBL424255,,0,http://www.openphacts.org/units/Nanomolar,221470,>,1,1,>,,IC50,nM,,10000.0,CHEMBL203,Homo sapiens,Epidermal growth factor receptor,9606,,,IC50,nM,UO_0000065,,10000.0
,,891086,[],CHEMBL676159,Concentration required to achieve 50% inhibition of tyrosine phosphorylation on human Epidermal growth factor receptor (EGF RTK).,B,,,BAO_0000190,BAO_0000357,single protein format,Cc1cc(C)c(/C=C2\C(=O)Nc3ccccc32)[nH]1,,,CHEMBL1131018,J Med Chem,1998,,,CHEMBL276711,SEMAXANIB,CHEMBL276711,,0,http://www.openphacts.org/units/Nanomolar,158975,>,1,1,>,,IC50,nM,,100000.0,CHEMBL203,Homo sapiens,Epidermal growth factor receptor,9606,,,IC50,uM,UO_0000065,,100.0
,,891450,[],CHEMBL676151,Inhibition of tyrosine kinase Epidermal growth factor receptor,B,,,BAO_0000190,BAO_0000357,single protein format,Cc1ccc(NC(=O)c2ccccc2)cc1Nc1nccc(-c2cccnc2)n1,,,CHEMBL1159186,Bioorg Med Chem Lett,1996,,,CHEMBL20926,,CHEMBL20926,,0,http://www.openphacts.org/units/Nanomolar,26332,>,1,1,>,,IC50,nM,,100000.0,CHEMBL203,Homo sapiens,Epidermal growth factor receptor,9606,,,IC50,uM,UO_0000065,,100.0
,,891782,[],CHEMBL677470,Inhibitory concentration compound against EFGR tyrosine kinase obtained from plasma membrane vesicles from cultured A431 cells,B,,,BAO_0000190,BAO_0000366,cell-free format,COC(=O)CCc1c(SSc2c(CCC(=O)OC)c3ccccc3n2C)n(C)c2ccccc12,,,CHEMBL1128344,J Med Chem,1995,,,CHEMBL314029,,CHEMBL314029,,1,http://www.openphacts.org/units/Nanomolar,312574,>,1,1,>,,IC50,nM,,100000.0,CHEMBL203,Homo sapiens,Epidermal growth factor receptor,9606,,,IC50,uM,UO_0000065,,100.0
,,891783,[],CHEMBL677470,Inhibitory concentration compound against EFGR tyrosine kinase obtained from plasma membrane vesicles from cultured A431 cells,B,,,BAO_0000190,BAO_0000366,cell-free format,Cn1c(SSc2c(C(=O)Nc3ccccc3)c3cc(C(F)(F)F)ccc3n2C)c(C(=O)Nc2ccccc2)c2cc(C(F)(F)F)ccc21,,,CHEMBL1128344,J Med Chem,1995,,,CHEMBL61278,,CHEMBL61278,,1,http://www.openphacts.org/units/Nanomolar,312618,>,1,1,>,,IC50,nM,,100000.0,CHEMBL203,Homo sapiens,Epidermal growth factor receptor,9606,,,IC50,uM,UO_0000065,,100.0
,,891785,[],CHEMBL677470,Inhibitory concentration compound against EFGR tyrosine kinase obtained from plasma membrane vesicles from cultured A431 cells,B,,,BAO_0000190,BAO_0000366,cell-free format,Cn1c(SSc2c(C(=O)Nc3ccncc3)c3ccccc3n2C)c(C(=O)Nc2ccncc2)c2ccccc21,,,CHEMBL1128344,J Med Chem,1995,,,CHEMBL156281,,CHEMBL156281,,0,http://www.openphacts.org/units/Nanomolar,312598,>,1,1,>,,IC50,nM,,100000.0,CHEMBL203,Homo sapiens,Epidermal growth factor receptor,9606,,,IC50,uM,UO_0000065,,100.0
,,891804,[],CHEMBL677204,Evaluation of inhibitory activity against phospholipase C-gamma1 phosphorylation by Epidermal growth factor receptor enzyme isolated from A431 cells.,B,,,BAO_0000190,BAO_0000219,cell-based format,COc1ccc2ncnc(NCc3ccccc3)c2c1,,,CHEMBL1128536,J Med Chem,1995,"{'bei': '25.25', 'le': '0.46', 'lle': '3.45', 'sei': '14.24'}",,CHEMBL332938,,CHEMBL332938,6.70,0,http://www.openphacts.org/units/Nanomolar,221436,=,1,1,=,,IC50,nM,,200.0,CHEMBL203,Homo sapiens,Epidermal growth factor receptor,9606,,,IC50,nM,UO_0000065,,200.0
,,891879,[],CHEMBL674018,Inhibition of phosphorylation of glutamic acid/tyrosine random copolymer by isolated epidermal growth factor receptor (EGFR),B,,,BAO_0000190,BAO_0000357,single protein format,C=CC(=O)Nc1ccc2c(Nc3cccc(Br)c3)ncnc2c1,,,CHEMBL1132213,J Med Chem,1999,"{'bei': '25.31', 'le': '0.56', 'lle': '5.09', 'sei': '13.97'}",,CHEMBL443523,,CHEMBL443523,9.35,0,http://www.openphacts.org/units/Nanomolar,87860,=,1,1,=,,IC50,nM,,0.45,CHEMBL203,Homo sapiens,Epidermal growth factor receptor,9606,,,IC50,nM,UO_0000065,,0.45
,,891880,[],CHEMBL674017,Inhibition of EGF-stimulated autophosphorylation of epidermal growth factor receptor (EGFR) in A431 cells,B,,,BAO_0000190,BAO_0000219,cell-based format,C=CC(=O)Nc1ccc2c(Nc3cccc(Br)c3)ncnc2c1,,,CHEMBL1132213,J Med Chem,1999,"{'bei': '21.27', 'le': '0.47', 'lle': '3.59', 'sei': '11.74'}",,CHEMBL443523,,CHEMBL443523,7.85,0,http://www.openphacts.org/units/Nanomolar,87860,=,1,1,=,,IC50,nM,,14.0,CHEMBL203,Homo sapiens,Epidermal growth factor receptor,9606,,,IC50,nM,UO_0000065,,14.0
,,892035,[],CHEMBL678292,Inhibition of (EGFR) epidermal growth factor receptor tyrosine kinase,B,,,BAO_0000190,BAO_0000357,single protein format,CCOc1cc2ncnc(Nc3cccc(-c4cc[nH]n4)c3)c2cc1OCC,,,CHEMBL1135760,J Med Chem,2002,"{'bei': '21.20', 'le': '0.39', 'lle': '3.40', 'sei': '9.37'}",,CHEMBL125920,,CHEMBL125920,7.96,0,http://www.openphacts.org/units/Nanomolar,241603,=,1,1,=,,IC50,nM,,11.0,CHEMBL203,Homo sapiens,Epidermal growth factor receptor,9606,,,IC50,uM,UO_0000065,,0.011
,,892281,[],CHEMBL676159,Concentration required to achieve 50% inhibition of tyrosine phosphorylation on human Epidermal growth factor receptor (EGF RTK).,B,,,BAO_0000190,BAO_0000357,single protein format,CC(C)(C)c1cc(/C=C2\C(=O)Nc3ccccc32)cc(C(C)(C)C)c1O,,,CHEMBL1131018,J Med Chem,1998,"{'bei': '14.60', 'le': '0.27', 'lle': '-0.38', 'sei': '10.34'}",,CHEMBL89505,,CHEMBL89505,5.10,0,http://www.openphacts.org/units/Nanomolar,159012,=,1,1,=,,IC50,nM,,7900.0,CHEMBL203,Homo sapiens,Epidermal growth factor receptor,9606,,,IC50,uM,UO_0000065,,7.9
,,892574,[],CHEMBL676151,Inhibition of tyrosine kinase Epidermal growth factor receptor,B,,,BAO_0000190,BAO_0000357,single protein format,Cc1ccc(NC(=O)c2ccccc2)cc1Nc1nccc(-c2cccs2)n1,,,CHEMBL1159186,Bioorg Med Chem Lett,1996,,,CHEMBL21078,,CHEMBL21078,,0,http://www.openphacts.org/units/Nanomolar,26325,>,1,1,>,,IC50,nM,,100000.0,CHEMBL203,Homo sapiens,Epidermal growth factor receptor,9606,,,IC50,uM,UO_0000065,,100.0
,,893013,[],CHEMBL674018,Inhibition of phosphorylation of glutamic acid/tyrosine random copolymer by isolated epidermal growth factor receptor (EGFR),B,,,BAO_0000190,BAO_0000357,single protein format,C=CC(=O)Nc1ccc2ncnc(Nc3ccc(F)c(Cl)c3)c2n1,,,CHEMBL1132213,J Med Chem,1999,"{'bei': '26.55', 'le': '0.52', 'lle': '5.43', 'sei': '11.43'}",,CHEMBL28418,,CHEMBL28418,9.12,0,http://www.openphacts.org/units/Nanomolar,87859,=,1,1,=,,IC50,nM,,0.75,CHEMBL203,Homo sapiens,Epidermal growth factor receptor,9606,,,IC50,nM,UO_0000065,,0.75
,,893014,[],CHEMBL674017,Inhibition of EGF-stimulated autophosphorylation of epidermal growth factor receptor (EGFR) in A431 cells,B,,,BAO_0000190,BAO_0000219,cell-based format,C=CC(=O)Nc1ccc2ncnc(Nc3ccc(F)c(Cl)c3)c2n1,,,CHEMBL1132213,J Med Chem,1999,"{'bei': '22.53', 'le': '0.44', 'lle': '4.05', 'sei': '9.71'}",,CHEMBL28418,,CHEMBL28418,7.75,0,http://www.openphacts.org/units/Nanomolar,87859,=,1,1,=,,IC50,nM,,18.0,CHEMBL203,Homo sapiens,Epidermal growth factor receptor,9606,,,IC50,nM,UO_0000065,,18.0
,,893121,[],CHEMBL678292,Inhibition of (EGFR) epidermal growth factor receptor tyrosine kinase,B,,,BAO_0000190,BAO_0000357,single protein format,C#Cc1cc(Nc2ncnc3cc(OC)c(OC)cc23)ccc1F,,,CHEMBL1135760,J Med Chem,2002,"{'bei': '25.97', 'le': '0.48', 'lle': '4.89', 'sei': '14.92'}",,CHEMBL65250,,CHEMBL65250,8.40,0,http://www.openphacts.org/units/Nanomolar,241572,=,1,1,=,,IC50,nM,,4.0,CHEMBL203,Homo sapiens,Epidermal growth factor receptor,9606,,,IC50,nM,UO_0000065,,4.0
,,893316,[],CHEMBL676159,Concentration required to achieve 50% inhibition of tyrosine phosphorylation on human Epidermal growth factor receptor (EGF RTK).,B,,,BAO_0000190,BAO_0000357,single protein format,COc1c(Br)cc(/C=C2\C(=O)Nc3ccc(Cl)cc32)cc1C(C)(C)C,,,CHEMBL1131018,J Med Chem,1998,,,CHEMBL86944,,CHEMBL86944,,0,http://www.openphacts.org/units/Nanomolar,158967,>,1,1,>,,IC50,nM,,100000.0,CHEMBL203,Homo sapiens,Epidermal growth factor receptor,9606,,,IC50,uM,UO_0000065,,100.0
,,893321,[],CHEMBL676159,Concentration required to achieve 50% inhibition of tyrosine phosphorylation on human Epidermal growth factor receptor (EGF RTK).,B,,,BAO_0000190,BAO_0000357,single protein format,CSc1ccc(/C=C2\C(=O)Nc3ccccc32)s1,,,CHEMBL1131018,J Med Chem,1998,,,CHEMBL89721,,CHEMBL89721,,0,http://www.openphacts.org/units/Nanomolar,158983,>,1,1,>,,IC50,nM,,100000.0,CHEMBL203,Homo sapiens,Epidermal growth factor receptor,9606,,,IC50,uM,UO_0000065,,100.0
,,893326,[],CHEMBL676159,Concentration required to achieve 50% inhibition of tyrosine phosphorylation on human Epidermal growth factor receptor (EGF RTK).,B,,,BAO_0000190,BAO_0000357,single protein format,CN(C)c1ccc(/C=C2\C(=O)N(C)c3ccccc32)cc1,,,CHEMBL1131018,J Med Chem,1998,,,CHEMBL86921,,CHEMBL86921,,0,http://www.openphacts.org/units/Nanomolar,159014,>,1,1,>,,IC50,nM,,100000.0,CHEMBL203,Homo sapiens,Epidermal growth factor receptor,9606,,,IC50,uM,UO_0000065,,100.0
,,894014,[],CHEMBL677470,Inhibitory concentration compound against EFGR tyrosine kinase obtained from plasma membrane vesicles from cultured A431 cells,B,,,BAO_0000190,BAO_0000366,cell-free format,Cc1ccc(S(=O)(=O)c2c(SSc3[nH]c4ccccc4c3S(=O)(=O)c3ccc(C)cc3)[nH]c3ccccc23)cc1,,,CHEMBL1128344,J Med Chem,1995,"{'bei': '7.51', 'le': '0.16', 'lle': '-3.19', 'sei': '4.55'}",,CHEMBL347854,,CHEMBL347854,4.54,0,http://www.openphacts.org/units/Nanomolar,312616,=,1,1,=,,IC50,nM,,28700.0,CHEMBL203,Homo sapiens,Epidermal growth factor receptor,9606,,,IC50,uM,UO_0000065,,28.7
,,894021,[],CHEMBL677204,Evaluation of inhibitory activity against phospholipase C-gamma1 phosphorylation by Epidermal growth factor receptor enzyme isolated from A431 cells.,B,,,BAO_0000190,BAO_0000219,cell-based format,Brc1cccc(Nc2ncnc3ccccc23)c1,,,CHEMBL1128536,J Med Chem,1995,"{'bei': '25.22', 'le': '0.57', 'lle': '3.43', 'sei': '20.02'}",,CHEMBL290096,,CHEMBL290096,7.57,0,http://www.openphacts.org/units/Nanomolar,221434,=,1,1,=,,IC50,nM,,27.0,CHEMBL203,Homo sapiens,Epidermal growth factor receptor,9606,,,IC50,nM,UO_0000065,,27.0
,,894022,[],CHEMBL677204,Evaluation of inhibitory activity against phospholipase C-gamma1 phosphorylation by Epidermal growth factor receptor enzyme isolated from A431 cells.,B,,,BAO_0000190,BAO_0000219,cell-based format,Brc1cccc(Nc2nnnc3ccccc23)c1,,,CHEMBL1128536,J Med Chem,1995,,,CHEMBL119758,,CHEMBL119758,,0,http://www.openphacts.org/units/Nanomolar,221442,>,1,1,>,,IC50,nM,,1000.0,CHEMBL203,Homo sapiens,Epidermal growth factor receptor,9606,,,IC50,nM,UO_0000065,,1000.0
,,894023,[],CHEMBL677204,Evaluation of inhibitory activity against phospholipase C-gamma1 phosphorylation by Epidermal growth factor receptor enzyme isolated from A431 cells.,B,,,BAO_0000190,BAO_0000219,cell-based format,Nc1ccc2ncnc(Nc3cccc(Br)c3)c2c1,,,CHEMBL1128536,J Med Chem,1995,"{'bei': '28.88', 'le': '0.65', 'lle': '5.38', 'sei': '14.26'}",,CHEMBL52765,,CHEMBL52765,9.10,0,http://www.openphacts.org/units/Nanomolar,221463,=,1,1,=,,IC50,nM,,0.79,CHEMBL203,Homo sapiens,Epidermal growth factor receptor,9606,,,IC50,nM,UO_0000065,,0.79
,,894024,[],CHEMBL677204,Evaluation of inhibitory activity against phospholipase C-gamma1 phosphorylation by Epidermal growth factor receptor enzyme isolated from A431 cells.,B,,,BAO_0000190,BAO_0000219,cell-based format,COc1cc2ncnc(Nc3cccc(Br)c3)c2cc1OC,,,CHEMBL1128536,J Med Chem,1995,"{'bei': '29.25', 'le': '0.65', 'lle': '6.39', 'sei': '18.73'}",,CHEMBL29197,,CHEMBL29197,10.54,0,http://www.openphacts.org/units/Nanomolar,221458,=,1,1,=,,IC50,nM,,0.029,CHEMBL203,Homo sapiens,Epidermal growth factor receptor,9606,,,IC50,nM,UO_0000065,,0.029
,,894025,[],CHEMBL677204,Evaluation of inhibitory activity against phospholipase C-gamma1 phosphorylation by Epidermal growth factor receptor enzyme isolated from A431 cells.,B,,,BAO_0000190,BAO_0000219,cell-based format,Clc1ccc(CNc2ncnc3ccccc23)cc1,,,CHEMBL1128536,J Med Chem,1995,"{'bei': '19.11', 'le': '0.37', 'lle': '1.25', 'sei': '13.63'}",,CHEMBL117554,,CHEMBL117554,5.16,0,http://www.openphacts.org/units/Nanomolar,221449,=,1,1,=,,IC50,nM,,7000.0,CHEMBL203,Homo sapiens,Epidermal growth factor receptor,9606,,,IC50,nM,UO_0000065,,7000.0
,,894026,[],CHEMBL677204,Evaluation of inhibitory activity against phospholipase C-gamma1 phosphorylation by Epidermal growth factor receptor enzyme isolated from A431 cells.,B,,,BAO_0000190,BAO_0000219,cell-based format,c1ccc(Nc2ncnc3ccccc23)cc1,,,CHEMBL1128536,J Med Chem,1995,"{'bei': '29.21', 'le': '0.52', 'lle': '3.09', 'sei': '17.09'}",,CHEMBL289959,,CHEMBL289959,6.46,0,http://www.openphacts.org/units/Nanomolar,221447,=,1,1,=,,IC50,nM,,344.0,CHEMBL203,Homo sapiens,Epidermal growth factor receptor,9606,,,IC50,nM,UO_0000065,,344.0
,,894034,[],CHEMBL677205,Inhibition of Epidermal growth factor receptor from A431 cells,B,,,BAO_0000190,BAO_0000219,cell-based format,c1ccc(CNc2ncnc3ccccc23)cc1,,,CHEMBL1128536,J Med Chem,1995,"{'bei': '27.60', 'le': '0.49', 'lle': '3.25', 'sei': '17.18'}",,CHEMBL102726,,CHEMBL102726,6.50,0,http://www.openphacts.org/units/Nanomolar,221453,=,1,1,=,,IC50,nM,,320.0,CHEMBL203,Homo sapiens,Epidermal growth factor receptor,9606,,,IC50,nM,UO_0000065,,320.0
,,894143,[],CHEMBL674018,Inhibition of phosphorylation of glutamic acid/tyrosine random copolymer by isolated epidermal growth factor receptor (EGFR),B,,,BAO_0000190,BAO_0000357,single protein format,C=CC(=O)Nc1ccc2ncnc(Nc3cccc(Br)c3)c2c1,,,CHEMBL1132213,J Med Chem,1999,"{'bei': '24.80', 'le': '0.54', 'lle': '4.89', 'sei': '13.68'}",,CHEMBL285063,,CHEMBL285063,9.15,0,http://www.openphacts.org/units/Nanomolar,87870,=,1,1,=,,IC50,nM,,0.7,CHEMBL203,Homo sapiens,Epidermal growth factor receptor,9606,,,IC50,nM,UO_0000065,,0.7
,,894144,[],CHEMBL674017,Inhibition of EGF-stimulated autophosphorylation of epidermal growth factor receptor (EGFR) in A431 cells,B,,,BAO_0000190,BAO_0000219,cell-based format,C=CC(=O)Nc1ccc2ncnc(Nc3cccc(Br)c3)c2c1,,,CHEMBL1132213,J Med Chem,1999,"{'bei': '22.66', 'le': '0.50', 'lle': '4.11', 'sei': '12.50'}",,CHEMBL285063,,CHEMBL285063,8.37,0,http://www.openphacts.org/units/Nanomolar,87870,=,1,1,=,,IC50,nM,,4.3,CHEMBL203,Homo sapiens,Epidermal growth factor receptor,9606,,,IC50,nM,UO_0000065,,4.3
,,894163,[],CHEMBL674018,Inhibition of phosphorylation of glutamic acid/tyrosine random copolymer by isolated epidermal growth factor receptor (EGFR),B,,,BAO_0000190,BAO_0000357,single protein format,C=CC(=O)Nc1ccc2ncnc(Nc3ccc(F)c(Cl)c3)c2c1,,,CHEMBL1132213,J Med Chem,1999,"{'bei': '26.62', 'le': '0.52', 'lle': '4.83', 'sei': '13.64'}",,CHEMBL31373,,CHEMBL31373,9.12,0,http://www.openphacts.org/units/Nanomolar,87868,=,1,1,=,,IC50,nM,,0.75,CHEMBL203,Homo sapiens,Epidermal growth factor receptor,9606,,,IC50,nM,UO_0000065,,0.75
,,894164,[],CHEMBL674017,Inhibition of EGF-stimulated autophosphorylation of epidermal growth factor receptor (EGFR) in A431 cells,B,,,BAO_0000190,BAO_0000219,cell-based format,C=CC(=O)Nc1ccc2ncnc(Nc3ccc(F)c(Cl)c3)c2c1,,,CHEMBL1132213,J Med Chem,1999,"{'bei': '24.82', 'le': '0.48', 'lle': '4.22', 'sei': '12.72'}",,CHEMBL31373,,CHEMBL31373,8.51,0,http://www.openphacts.org/units/Nanomolar,87868,=,1,1,=,,IC50,nM,,3.1,CHEMBL203,Homo sapiens,Epidermal growth factor receptor,9606,,,IC50,nM,UO_0000065,,3.1
,,894470,[],CHEMBL676159,Concentration required to achieve 50% inhibition of tyrosine phosphorylation on human Epidermal growth factor receptor (EGF RTK).,B,,,BAO_0000190,BAO_0000357,single protein format,O=CN1CCN(c2ccc(/C=C3\C(=O)Nc4ccccc43)cc2)CC1,,,CHEMBL1131018,J Med Chem,1998,,,CHEMBL315546,,CHEMBL315546,,0,http://www.openphacts.org/units/Nanomolar,159009,>,1,1,>,,IC50,nM,,100000.0,CHEMBL203,Homo sapiens,Epidermal growth factor receptor,9606,,,IC50,uM,UO_0000065,,100.0
,,894475,[],CHEMBL676159,Concentration required to achieve 50% inhibition of tyrosine phosphorylation on human Epidermal growth factor receptor (EGF RTK).,B,,,BAO_0000190,BAO_0000357,single protein format,O=CN1CCN(c2ccc(/C=C3\C(=O)Nc4ccc(Br)cc43)cc2)CC1,,,CHEMBL1131018,J Med Chem,1998,,,CHEMBL88405,,CHEMBL88405,,0,http://www.openphacts.org/units/Nanomolar,159007,>,1,1,>,,IC50,nM,,50000.0,CHEMBL203,Homo sapiens,Epidermal growth factor receptor,9606,,,IC50,uM,UO_0000065,,50.0
,,894480,[],CHEMBL676159,Concentration required to achieve 50% inhibition of tyrosine phosphorylation on human Epidermal growth factor receptor (EGF RTK).,B,,,BAO_0000190,BAO_0000357,single protein format,Cc1cc(C)c(/C=C2\C(=O)Nc3cccc(C)c32)[nH]1,,,CHEMBL1131018,J Med Chem,1998,,,CHEMBL330321,,CHEMBL330321,,0,http://www.openphacts.org/units/Nanomolar,158987,>,1,1,>,,IC50,nM,,100000.0,CHEMBL203,Homo sapiens,Epidermal growth factor receptor,9606,,,IC50,uM,UO_0000065,,100.0
,,894485,[],CHEMBL676159,Concentration required to achieve 50% inhibition of tyrosine phosphorylation on human Epidermal growth factor receptor (EGF RTK).,B,,,BAO_0000190,BAO_0000357,single protein format,CN(C)c1ccc(/C=C2\C(=O)Nc3ccccc32)cc1,,,CHEMBL1131018,J Med Chem,1998,,,CHEMBL328710,,CHEMBL328710,,0,http://www.openphacts.org/units/Nanomolar,159013,>,1,1,>,,IC50,nM,,100000.0,CHEMBL203,Homo sapiens,Epidermal growth factor receptor,9606,,,IC50,uM,UO_0000065,,100.0
,,895111,[],CHEMBL677470,Inhibitory concentration compound against EFGR tyrosine kinase obtained from plasma membrane vesicles from cultured A431 cells,B,,,BAO_0000190,BAO_0000366,cell-free format,Cn1c(SSc2c(C(=O)c3ccccc3)c3ccccc3n2C)c(C(=O)c2ccccc2)c2ccccc21,,,CHEMBL1128344,J Med Chem,1995,,,CHEMBL349322,,CHEMBL349322,,0,http://www.openphacts.org/units/Nanomolar,312613,>,1,1,>,,IC50,nM,,100000.0,CHEMBL203,Homo sapiens,Epidermal growth factor receptor,9606,,,IC50,uM,UO_0000065,,100.0
,,895113,[],CHEMBL677470,Inhibitory concentration compound against EFGR tyrosine kinase obtained from plasma membrane vesicles from cultured A431 cells,B,,,BAO_0000190,BAO_0000366,cell-free format,CCn1c(SSc2c(C(=O)Nc3ccccc3)c3ccccc3n2CC)c(C(=O)Nc2ccccc2)c2ccccc21,,,CHEMBL1128344,J Med Chem,1995,,,CHEMBL156020,,CHEMBL156020,,0,http://www.openphacts.org/units/Nanomolar,312607,>,1,1,>,,IC50,nM,,100000.0,CHEMBL203,Homo sapiens,Epidermal growth factor receptor,9606,,,IC50,uM,UO_0000065,,100.0
,,895450,[],CHEMBL672266,Inhibition of epidermal growth factor receptor,B,,,BAO_0000190,BAO_0000357,single protein format,COc1cc2c(N3CCN(C(=O)Nc4ccc(OC(C)C)cc4)CC3)ncnc2cc1OCCCN1CCOCC1,,,CHEMBL1135998,J Med Chem,2002,,,CHEMBL125898,,CHEMBL125898,,0,http://www.openphacts.org/units/Nanomolar,237043,>,1,1,>,,IC50,nM,,30000.0,CHEMBL203,Homo sapiens,Epidermal growth factor receptor,9606,,,IC50,uM,UO_0000065,,30.0
,,895622,[],CHEMBL676159,Concentration required to achieve 50% inhibition of tyrosine phosphorylation on human Epidermal growth factor receptor (EGF RTK).,B,,,BAO_0000190,BAO_0000357,single protein format,CCc1ccc(/C=C2\C(=O)Nc3ccccc32)s1,,,CHEMBL1131018,J Med Chem,1998,"{'bei': '17.06', 'le': '0.33', 'lle': '0.56', 'sei': '14.97'}",,CHEMBL314146,,CHEMBL314146,4.36,0,http://www.openphacts.org/units/Nanomolar,158981,=,1,1,=,,IC50,nM,,44000.0,CHEMBL203,Homo sapiens,Epidermal growth factor receptor,9606,,,IC50,uM,UO_0000065,,44.0
,,896307,[],CHEMBL677204,Evaluation of inhibitory activity against phospholipase C-gamma1 phosphorylation by Epidermal growth factor receptor enzyme isolated from A431 cells.,B,,,BAO_0000190,BAO_0000219,cell-based format,O=[N+]([O-])c1cccc2c(Nc3cccc(Br)c3)ncnc12,,,CHEMBL1128536,J Med Chem,1995,,,CHEMBL119242,,CHEMBL119242,,0,http://www.openphacts.org/units/Nanomolar,221461,>,1,1,>,,IC50,nM,,10000.0,CHEMBL203,Homo sapiens,Epidermal growth factor receptor,9606,,,IC50,nM,UO_0000065,,10000.0
,,896532,[],CHEMBL674018,Inhibition of phosphorylation of glutamic acid/tyrosine random copolymer by isolated epidermal growth factor receptor (EGFR),B,,,BAO_0000190,BAO_0000357,single protein format,C=CC(=O)Nc1cc2c(Nc3cccc(C)c3)ncnc2cn1,,,CHEMBL1132213,J Med Chem,1999,"{'bei': '30.52', 'le': '0.55', 'lle': '6.12', 'sei': '11.68'}",,CHEMBL54088,,CHEMBL54088,9.32,0,http://www.openphacts.org/units/Nanomolar,87856,=,1,1,=,,IC50,nM,,0.48,CHEMBL203,Homo sapiens,Epidermal growth factor receptor,9606,,,IC50,nM,UO_0000065,,0.48
,,896533,[],CHEMBL674017,Inhibition of EGF-stimulated autophosphorylation of epidermal growth factor receptor (EGFR) in A431 cells,B,,,BAO_0000190,BAO_0000219,cell-based format,C=CC(=O)Nc1cc2c(Nc3cccc(C)c3)ncnc2cn1,,,CHEMBL1132213,J Med Chem,1999,"{'bei': '26.47', 'le': '0.48', 'lle': '4.88', 'sei': '10.13'}",,CHEMBL54088,,CHEMBL54088,8.08,0,http://www.openphacts.org/units/Nanomolar,87856,=,1,1,=,,IC50,nM,,8.3,CHEMBL203,Homo sapiens,Epidermal growth factor receptor,9606,,,IC50,nM,UO_0000065,,8.3
,,896556,[],CHEMBL856168,Inhibition of phosphorylation of glutamic acid/tyrosine random copolymer by isolated epidermal growth factor receptor (EGFR),B,,,BAO_0000190,BAO_0000357,single protein format,C=CC(=O)Nc1ccc2ncnc(Nc3cccc(C)c3)c2c1,,,CHEMBL1132213,J Med Chem,1999,"{'bei': '30.81', 'le': '0.56', 'lle': '5.57', 'sei': '14.01'}",,CHEMBL31815,,CHEMBL31815,9.38,0,http://www.openphacts.org/units/Nanomolar,87862,=,1,1,=,,IC50,nM,,0.42,CHEMBL203,Homo sapiens,Epidermal growth factor receptor,9606,,,IC50,nM,UO_0000065,,0.42
,,896557,[],CHEMBL679551,Inhibition of EGF-stimulated autophosphorylation of epidermal growth factor receptor in A431 cells,B,,,BAO_0000190,BAO_0000219,cell-based format,C=CC(=O)Nc1ccc2ncnc(Nc3cccc(C)c3)c2c1,,,CHEMBL1132213,J Med Chem,1999,"{'bei': '27.36', 'le': '0.49', 'lle': '4.52', 'sei': '12.45'}",,CHEMBL31815,,CHEMBL31815,8.33,0,http://www.openphacts.org/units/Nanomolar,87862,=,1,1,=,,IC50,nM,,4.7,CHEMBL203,Homo sapiens,Epidermal growth factor receptor,9606,,,IC50,nM,UO_0000065,,4.7
,,897194,[],CHEMBL676151,Inhibition of tyrosine kinase Epidermal growth factor receptor,B,,,BAO_0000190,BAO_0000357,single protein format,CC(=O)Nc1ccc(C)c(Nc2nccc(-c3cccnc3)n2)c1,,,CHEMBL1159186,Bioorg Med Chem Lett,1996,,,CHEMBL423288,,CHEMBL423288,,0,http://www.openphacts.org/units/Nanomolar,26330,>,1,1,>,,IC50,nM,,100000.0,CHEMBL203,Homo sapiens,Epidermal growth factor receptor,9606,,,IC50,uM,UO_0000065,,100.0
,,897525,[],CHEMBL677470,Inhibitory concentration compound against EFGR tyrosine kinase obtained from plasma membrane vesicles from cultured A431 cells,B,,,BAO_0000190,BAO_0000366,cell-free format,COC(=O)c1ccccc1NC(=O)c1c(SSc2c(C(=O)Nc3ccccc3C(=O)OC)c3ccccc3n2C)n(C)c2ccccc12,,,CHEMBL1128344,J Med Chem,1995,,,CHEMBL349762,,CHEMBL349762,,0,http://www.openphacts.org/units/Nanomolar,312603,>,1,1,>,,IC50,nM,,100000.0,CHEMBL203,Homo sapiens,Epidermal growth factor receptor,9606,,,IC50,uM,UO_0000065,,100.0
,,897559,[],CHEMBL677205,Inhibition of Epidermal growth factor receptor from A431 cells,B,,,BAO_0000190,BAO_0000219,cell-based format,Nc1cccc2c(NCc3ccccc3)ncnc12,,,CHEMBL1128536,J Med Chem,1995,,,CHEMBL117988,,CHEMBL117988,,0,http://www.openphacts.org/units/Nanomolar,221457,>,1,1,>,,IC50,nM,,10000.0,CHEMBL203,Homo sapiens,Epidermal growth factor receptor,9606,,,IC50,nM,UO_0000065,,10000.0
,,897986,[],CHEMBL676159,Concentration required to achieve 50% inhibition of tyrosine phosphorylation on human Epidermal growth factor receptor (EGF RTK).,B,,,BAO_0000190,BAO_0000357,single protein format,O=C1Nc2ccc(Cl)cc2/C1=C/c1ccc(N2CCOCC2)cc1,,,CHEMBL1131018,J Med Chem,1998,,,CHEMBL421548,,CHEMBL421548,,0,http://www.openphacts.org/units/Nanomolar,159004,>,1,1,>,,IC50,nM,,10000.0,CHEMBL203,Homo sapiens,Epidermal growth factor receptor,9606,,,IC50,uM,UO_0000065,,10.0
,,897991,[],CHEMBL676159,Concentration required to achieve 50% inhibition of tyrosine phosphorylation on human Epidermal growth factor receptor (EGF RTK).,B,,,BAO_0000190,BAO_0000357,single protein format,COc1ccc(/C=C2\C(=O)Nc3ccc(Cl)cc32)cc1C(C)(C)C,,,CHEMBL1131018,J Med Chem,1998,"{'bei': '13.79', 'le': '0.27', 'lle': '-0.43', 'sei': '12.30'}",,CHEMBL86326,,CHEMBL86326,4.71,0,http://www.openphacts.org/units/Nanomolar,158970,=,1,1,=,,IC50,nM,,19300.0,CHEMBL203,Homo sapiens,Epidermal growth factor receptor,9606,,,IC50,uM,UO_0000065,,19.3
,,897996,[],CHEMBL676159,Concentration required to achieve 50% inhibition of tyrosine phosphorylation on human Epidermal growth factor receptor (EGF RTK).,B,,,BAO_0000190,BAO_0000357,single protein format,Cc1ccc2c(c1)/C(=C/c1[nH]c(C)cc1C)C(=O)N2,,,CHEMBL1131018,J Med Chem,1998,,,CHEMBL89483,,CHEMBL89483,,0,http://www.openphacts.org/units/Nanomolar,158986,>,1,1,>,,IC50,nM,,100000.0,CHEMBL203,Homo sapiens,Epidermal growth factor receptor,9606,,,IC50,uM,UO_0000065,,100.0
,,898001,[],CHEMBL676159,Concentration required to achieve 50% inhibition of tyrosine phosphorylation on human Epidermal growth factor receptor (EGF RTK).,B,,,BAO_0000190,BAO_0000357,single protein format,O=C1Nc2ccc([N+](=O)[O-])cc2/C1=C/c1ccc[nH]1,,,CHEMBL1131018,J Med Chem,1998,,,CHEMBL87325,,CHEMBL87325,,0,http://www.openphacts.org/units/Nanomolar,158989,>,1,1,>,,IC50,nM,,100000.0,CHEMBL203,Homo sapiens,Epidermal growth factor receptor,9606,,,IC50,uM,UO_0000065,,100.0
,,898778,[],CHEMBL677470,Inhibitory concentration compound against EFGR tyrosine kinase obtained from plasma membrane vesicles from cultured A431 cells,B,,,BAO_0000190,BAO_0000366,cell-free format,CN(C)C(=O)c1c(SSc2c(C(=O)N(C)C)c3ccccc3n2C)n(C)c2ccccc12,,,CHEMBL1128344,J Med Chem,1995,"{'bei': '10.02', 'le': '0.20', 'lle': '-0.20', 'sei': '9.26'}",,CHEMBL160207,,CHEMBL160207,4.67,0,http://www.openphacts.org/units/Nanomolar,312614,=,1,1,=,,IC50,nM,,21200.0,CHEMBL203,Homo sapiens,Epidermal growth factor receptor,9606,,,IC50,uM,UO_0000065,,21.2
,,898965,[],CHEMBL674018,Inhibition of phosphorylation of glutamic acid/tyrosine random copolymer by isolated epidermal growth factor receptor (EGFR),B,,,BAO_0000190,BAO_0000357,single protein format,C=CC(=O)Nc1cc2c(Nc3ccc(F)c(Cl)c3)ncnc2cn1,,,CHEMBL1132213,J Med Chem,1999,"{'bei': '26.51', 'le': '0.52', 'lle': '5.42', 'sei': '11.42'}",,CHEMBL53555,,CHEMBL53555,9.11,0,http://www.openphacts.org/units/Nanomolar,87874,=,1,1,=,,IC50,nM,,0.77,CHEMBL203,Homo sapiens,Epidermal growth factor receptor,9606,,,IC50,nM,UO_0000065,,0.77
,,898966,[],CHEMBL674017,Inhibition of EGF-stimulated autophosphorylation of epidermal growth factor receptor (EGFR) in A431 cells,B,,,BAO_0000190,BAO_0000219,cell-based format,C=CC(=O)Nc1cc2c(Nc3ccc(F)c(Cl)c3)ncnc2cn1,,,CHEMBL1132213,J Med Chem,1999,"{'bei': '24.67', 'le': '0.48', 'lle': '4.79', 'sei': '10.63'}",,CHEMBL53555,,CHEMBL53555,8.48,0,http://www.openphacts.org/units/Nanomolar,87874,=,1,1,=,,IC50,nM,,3.3,CHEMBL203,Homo sapiens,Epidermal growth factor receptor,9606,,,IC50,nM,UO_0000065,,3.3
,,899026,[],CHEMBL856168,Inhibition of phosphorylation of glutamic acid/tyrosine random copolymer by isolated epidermal growth factor receptor (EGFR),B,,,BAO_0000190,BAO_0000357,single protein format,C=CC(=O)Nc1ccc2ncnc(Nc3cccc(Cl)c3)c2c1,,,CHEMBL1132213,J Med Chem,1999,"{'bei': '27.08', 'le': '0.52', 'lle': '4.65', 'sei': '13.15'}",,CHEMBL53637,,CHEMBL53637,8.80,0,http://www.openphacts.org/units/Nanomolar,87863,=,1,1,=,,IC50,nM,,1.6,CHEMBL203,Homo sapiens,Epidermal growth factor receptor,9606,,,IC50,nM,UO_0000065,,1.6
,,899027,[],CHEMBL679551,Inhibition of EGF-stimulated autophosphorylation of epidermal growth factor receptor in A431 cells,B,,,BAO_0000190,BAO_0000219,cell-based format,C=CC(=O)Nc1ccc2ncnc(Nc3cccc(Cl)c3)c2c1,,,CHEMBL1132213,J Med Chem,1999,"{'bei': '26.60', 'le': '0.51', 'lle': '4.49', 'sei': '12.91'}",,CHEMBL53637,,CHEMBL53637,8.64,0,http://www.openphacts.org/units/Nanomolar,87863,=,1,1,=,,IC50,nM,,2.3,CHEMBL203,Homo sapiens,Epidermal growth factor receptor,9606,,,IC50,nM,UO_0000065,,2.3
,,899092,[],CHEMBL678292,Inhibition of (EGFR) epidermal growth factor receptor tyrosine kinase,B,,,BAO_0000190,BAO_0000357,single protein format,CCOc1cc2ncnc(Nc3cccc(-c4ccco4)c3)c2cc1OCC,,,CHEMBL1135760,J Med Chem,2002,"{'bei': '22.70', 'le': '0.42', 'lle': '3.09', 'sei': '12.28'}",,CHEMBL125086,,CHEMBL125086,8.52,0,http://www.openphacts.org/units/Nanomolar,241538,=,1,1,=,,IC50,nM,,3.0,CHEMBL203,Homo sapiens,Epidermal growth factor receptor,9606,,,IC50,uM,UO_0000065,,0.003
,,899094,[],CHEMBL678292,Inhibition of (EGFR) epidermal growth factor receptor tyrosine kinase,B,,,BAO_0000190,BAO_0000357,single protein format,CCOc1cc2ncnc(Nc3cccc(-c4cscn4)c3)c2cc1OCC,,,CHEMBL1135760,J Med Chem,2002,"{'bei': '19.73', 'le': '0.38', 'lle': '2.45', 'sei': '11.20'}",,CHEMBL127223,,CHEMBL127223,7.75,0,http://www.openphacts.org/units/Nanomolar,241617,=,1,1,=,,IC50,nM,,18.0,CHEMBL203,Homo sapiens,Epidermal growth factor receptor,9606,,,IC50,uM,UO_0000065,,0.018
,,899316,[],CHEMBL676159,Concentration required to achieve 50% inhibition of tyrosine phosphorylation on human Epidermal growth factor receptor (EGF RTK).,B,,,BAO_0000190,BAO_0000357,single protein format,COC(=O)CCc1c[nH]c(/C=C2\C(=O)Nc3ccccc32)c1C,,,CHEMBL1131018,J Med Chem,1998,,,CHEMBL316009,,CHEMBL316009,,0,http://www.openphacts.org/units/Nanomolar,158977,>,1,1,>,,IC50,nM,,100000.0,CHEMBL203,Homo sapiens,Epidermal growth factor receptor,9606,,,IC50,uM,UO_0000065,,100.0
,,899644,[],CHEMBL676151,Inhibition of tyrosine kinase Epidermal growth factor receptor,B,,,BAO_0000190,BAO_0000357,single protein format,O=C(Nc1ccc(Cl)c(Nc2nccc(-c3cccnc3)n2)c1)c1ccccc1,,,CHEMBL1159186,Bioorg Med Chem Lett,1996,,,CHEMBL278630,,CHEMBL278630,,0,http://www.openphacts.org/units/Nanomolar,26324,>,1,1,>,,IC50,nM,,100000.0,CHEMBL203,Homo sapiens,Epidermal growth factor receptor,9606,,,IC50,uM,UO_0000065,,100.0
,,900058,[],CHEMBL677470,Inhibitory concentration compound against EFGR tyrosine kinase obtained from plasma membrane vesicles from cultured A431 cells,B,,,BAO_0000190,BAO_0000366,cell-free format,CNC(=O)c1c(SSc2c(C(=O)NC)c3ccccc3n2C)n(C)c2ccccc12,,,CHEMBL1128344,J Med Chem,1995,"{'bei': '13.10', 'le': '0.26', 'lle': '1.55', 'sei': '8.44'}",,CHEMBL342929,,CHEMBL342929,5.75,0,http://www.openphacts.org/units/Nanomolar,312579,=,1,1,=,,IC50,nM,,1800.0,CHEMBL203,Homo sapiens,Epidermal growth factor receptor,9606,,,IC50,uM,UO_0000065,,1.8
,,900061,[],CHEMBL677470,Inhibitory concentration compound against EFGR tyrosine kinase obtained from plasma membrane vesicles from cultured A431 cells,B,,,BAO_0000190,BAO_0000366,cell-free format,CN(C)CCNC(=O)c1c(SSc2c(C(=O)NCCN(C)C)c3ccccc3n2C)n(C)c2ccccc12,,,CHEMBL1128344,J Med Chem,1995,"{'bei': '8.61', 'le': '0.17', 'lle': '0.71', 'sei': '6.38'}",,CHEMBL348554,,CHEMBL348554,4.76,0,http://www.openphacts.org/units/Nanomolar,312594,=,1,1,=,,IC50,nM,,17500.0,CHEMBL203,Homo sapiens,Epidermal growth factor receptor,9606,,,IC50,uM,UO_0000065,,17.5
,,900240,[],CHEMBL678292,Inhibition of (EGFR) epidermal growth factor receptor tyrosine kinase,B,,,BAO_0000190,BAO_0000357,single protein format,CCOc1cc2ncnc(Nc3cccc(-c4nc[nH]n4)c3)c2cc1OCC,,,CHEMBL1135760,J Med Chem,2002,"{'bei': '17.03', 'le': '0.31', 'lle': '2.45', 'sei': '6.55'}",,CHEMBL127367,,CHEMBL127367,6.41,0,http://www.openphacts.org/units/Nanomolar,241537,=,1,1,=,,IC50,nM,,390.0,CHEMBL203,Homo sapiens,Epidermal growth factor receptor,9606,,,IC50,uM,UO_0000065,,0.39
,,900242,[],CHEMBL678292,Inhibition of (EGFR) epidermal growth factor receptor tyrosine kinase,B,,,BAO_0000190,BAO_0000357,single protein format,CCOc1cc2ncnc(Nc3cccc(-c4cncnc4)c3)c2cc1OCC,,,CHEMBL1135760,J Med Chem,2002,"{'bei': '15.38', 'le': '0.28', 'lle': '1.33', 'sei': '7.26'}",,CHEMBL126974,,CHEMBL126974,5.96,0,http://www.openphacts.org/units/Nanomolar,241536,=,1,1,=,,IC50,nM,,1100.0,CHEMBL203,Homo sapiens,Epidermal growth factor receptor,9606,,,IC50,uM,UO_0000065,,1.1
,,900246,[],CHEMBL678292,Inhibition of (EGFR) epidermal growth factor receptor tyrosine kinase,B,,,BAO_0000190,BAO_0000357,single protein format,CCOc1cc2ncnc(Nc3cccc(-c4cnc(C)o4)c3)c2cc1OCC,,,CHEMBL1135760,J Med Chem,2002,,,CHEMBL126653,,CHEMBL126653,,0,http://www.openphacts.org/units/Nanomolar,241604,>,1,1,>,,IC50,nM,,10000.0,CHEMBL203,Homo sapiens,Epidermal growth factor receptor,9606,,,IC50,uM,UO_0000065,,10.0
,,901220,[],CHEMBL677470,Inhibitory concentration compound against EFGR tyrosine kinase obtained from plasma membrane vesicles from cultured A431 cells,B,,,BAO_0000190,BAO_0000366,cell-free format,Cn1c(SSc2c(C(=O)c3ccco3)c3ccccc3n2C)c(C(=O)c2ccco2)c2ccccc21,,,CHEMBL1128344,J Med Chem,1995,"{'bei': '9.98', 'le': '0.19', 'lle': '-2.01', 'sei': '7.28'}",,CHEMBL160935,,CHEMBL160935,5.11,0,http://www.openphacts.org/units/Nanomolar,312610,=,1,1,=,,IC50,nM,,7700.0,CHEMBL203,Homo sapiens,Epidermal growth factor receptor,9606,,,IC50,uM,UO_0000065,,7.7
,,901498,[],CHEMBL678292,Inhibition of (EGFR) epidermal growth factor receptor tyrosine kinase,B,,,BAO_0000190,BAO_0000357,single protein format,CCOc1cc2nc(C)nc(Nc3cccc(-c4csc(C)n4)c3)c2cc1OCC,,,CHEMBL1135760,J Med Chem,2002,"{'bei': '12.00', 'le': '0.23', 'lle': '-0.86', 'sei': '7.30'}",,CHEMBL128027,,CHEMBL128027,5.05,0,http://www.openphacts.org/units/Nanomolar,241559,=,1,1,=,,IC50,nM,,9000.0,CHEMBL203,Homo sapiens,Epidermal growth factor receptor,9606,,,IC50,uM,UO_0000065,,9.0
,,901705,[],CHEMBL676159,Concentration required to achieve 50% inhibition of tyrosine phosphorylation on human Epidermal growth factor receptor (EGF RTK).,B,,,BAO_0000190,BAO_0000357,single protein format,CN1C(=O)/C(=C\c2ccc(Br)cc2)c2ccccc21,,,CHEMBL1131018,J Med Chem,1998,,,CHEMBL314021,,CHEMBL314021,,0,http://www.openphacts.org/units/Nanomolar,158990,>,1,1,>,,IC50,nM,,100000.0,CHEMBL203,Homo sapiens,Epidermal growth factor receptor,9606,,,IC50,uM,UO_0000065,,100.0
,,902565,[],CHEMBL677470,Inhibitory concentration compound against EFGR tyrosine kinase obtained from plasma membrane vesicles from cultured A431 cells,B,,,BAO_0000190,BAO_0000366,cell-free format,O=C(NCc1ccccc1)c1c(SSc2[nH]c3ccccc3c2C(=O)NCc2ccccc2)[nH]c2ccccc12,,,CHEMBL1128344,J Med Chem,1995,"{'bei': '8.57', 'le': '0.16', 'lle': '-2.49', 'sei': '5.37'}",,CHEMBL347160,,CHEMBL347160,4.82,0,http://www.openphacts.org/units/Nanomolar,312617,=,1,1,=,,IC50,nM,,15000.0,CHEMBL203,Homo sapiens,Epidermal growth factor receptor,9606,,,IC50,uM,UO_0000065,,15.0
,,902741,[],CHEMBL679676,Inhibition of phosphorylation of glutamic acid/tyrosine random copolymer by isolated epidermal growth factor receptor (EGFR),B,,,BAO_0000190,BAO_0000357,single protein format,C=CC(=O)Nc1ccc2ncnc(Nc3ccc(Oc4ccccc4)cc3)c2c1,,,CHEMBL1132213,J Med Chem,1999,"{'bei': '21.54', 'le': '0.39', 'lle': '2.95', 'sei': '10.82'}",,CHEMBL53203,,CHEMBL53203,8.24,0,http://www.openphacts.org/units/Nanomolar,87867,=,1,1,=,,IC50,nM,,5.8,CHEMBL203,Homo sapiens,Epidermal growth factor receptor,9606,,,IC50,nM,UO_0000065,,5.8
,,902742,[],CHEMBL679550,Inhibition of EGF-stimulated autophosphorylation of Epidermal growth factor receptor in A431 cells,B,,,BAO_0000190,BAO_0000219,cell-based format,C=CC(=O)Nc1ccc2ncnc(Nc3ccc(Oc4ccccc4)cc3)c2c1,,,CHEMBL1132213,J Med Chem,1999,"{'bei': '21.75', 'le': '0.39', 'lle': '3.03', 'sei': '10.93'}",,CHEMBL53203,,CHEMBL53203,8.32,0,http://www.openphacts.org/units/Nanomolar,87867,=,1,1,=,,IC50,nM,,4.8,CHEMBL203,Homo sapiens,Epidermal growth factor receptor,9606,,,IC50,nM,UO_0000065,,4.8
,,902993,[],CHEMBL676159,Concentration required to achieve 50% inhibition of tyrosine phosphorylation on human Epidermal growth factor receptor (EGF RTK).,B,,,BAO_0000190,BAO_0000357,single protein format,CCc1c(C)[nH]c(/C=C2\C(=O)Nc3ccccc32)c1C,,,CHEMBL1131018,J Med Chem,1998,,,CHEMBL420411,,CHEMBL420411,,0,http://www.openphacts.org/units/Nanomolar,158973,>,1,1,>,,IC50,nM,,100000.0,CHEMBL203,Homo sapiens,Epidermal growth factor receptor,9606,,,IC50,uM,UO_0000065,,100.0
,,902998,[],CHEMBL676159,Concentration required to achieve 50% inhibition of tyrosine phosphorylation on human Epidermal growth factor receptor (EGF RTK).,B,,,BAO_0000190,BAO_0000357,single protein format,Cn1cccc1/C=C1\C(=O)Nc2ccccc21,,,CHEMBL1131018,J Med Chem,1998,,,CHEMBL86631,,CHEMBL86631,,0,http://www.openphacts.org/units/Nanomolar,158988,>,1,1,>,,IC50,nM,,100000.0,CHEMBL203,Homo sapiens,Epidermal growth factor receptor,9606,,,IC50,uM,UO_0000065,,100.0
,,903740,[],CHEMBL677470,Inhibitory concentration compound against EFGR tyrosine kinase obtained from plasma membrane vesicles from cultured A431 cells,B,,,BAO_0000190,BAO_0000366,cell-free format,O=C(O)CCc1c(SSc2[nH]c3ccccc3c2CCC(=O)O)[nH]c2ccccc12,,,CHEMBL1128344,J Med Chem,1995,"{'bei': '12.20', 'le': '0.24', 'lle': '-0.10', 'sei': '5.06'}",,CHEMBL79704,,CHEMBL79704,5.38,1,http://www.openphacts.org/units/Nanomolar,312573,=,1,1,=,,IC50,nM,,4200.0,CHEMBL203,Homo sapiens,Epidermal growth factor receptor,9606,,,IC50,uM,UO_0000065,,4.2
,,903742,[],CHEMBL677470,Inhibitory concentration compound against EFGR tyrosine kinase obtained from plasma membrane vesicles from cultured A431 cells,B,,,BAO_0000190,BAO_0000366,cell-free format,Cn1c(SSc2c(C(=O)NCc3ccccc3)c3ccccc3n2C)c(C(=O)NCc2ccccc2)c2ccccc21,,,CHEMBL1128344,J Med Chem,1995,"{'bei': '9.77', 'le': '0.19', 'lle': '-1.56', 'sei': '8.48'}",,CHEMBL158275,,CHEMBL158275,5.77,0,http://www.openphacts.org/units/Nanomolar,312593,=,1,1,=,,IC50,nM,,1700.0,CHEMBL203,Homo sapiens,Epidermal growth factor receptor,9606,,,IC50,uM,UO_0000065,,1.7
,,903749,[],CHEMBL677204,Evaluation of inhibitory activity against phospholipase C-gamma1 phosphorylation by Epidermal growth factor receptor enzyme isolated from A431 cells.,B,,,BAO_0000190,BAO_0000219,cell-based format,FC(F)(F)c1cccc(Nc2ncnc3ccccc23)c1,,,CHEMBL1128536,J Med Chem,1995,"{'bei': '21.57', 'le': '0.41', 'lle': '1.85', 'sei': '16.50'}",,CHEMBL92824,,CHEMBL92824,6.24,0,http://www.openphacts.org/units/Nanomolar,221432,=,1,1,=,,IC50,nM,,577.0,CHEMBL203,Homo sapiens,Epidermal growth factor receptor,9606,,,IC50,nM,UO_0000065,,577.0
,,903968,[],CHEMBL678292,Inhibition of (EGFR) epidermal growth factor receptor tyrosine kinase,B,,,BAO_0000190,BAO_0000357,single protein format,CCOc1cc2ncnc(Nc3cccc(-c4cocn4)c3)c2cc1OCC,,,CHEMBL1135760,J Med Chem,2002,"{'bei': '16.32', 'le': '0.30', 'lle': '1.31', 'sei': '7.46'}",,CHEMBL126996,,CHEMBL126996,6.14,0,http://www.openphacts.org/units/Nanomolar,241606,=,1,1,=,,IC50,nM,,720.0,CHEMBL203,Homo sapiens,Epidermal growth factor receptor,9606,,,IC50,uM,UO_0000065,,0.72
,,904137,[],CHEMBL676159,Concentration required to achieve 50% inhibition of tyrosine phosphorylation on human Epidermal growth factor receptor (EGF RTK).,B,,,BAO_0000190,BAO_0000357,single protein format,CN(C)c1ccc(/C=C2\C(=O)Nc3cc(F)ccc32)cc1,,,CHEMBL1131018,J Med Chem,1998,,,CHEMBL329367,,CHEMBL329367,,0,http://www.openphacts.org/units/Nanomolar,159010,>,1,1,>,,IC50,nM,,100000.0,CHEMBL203,Homo sapiens,Epidermal growth factor receptor,9606,,,IC50,uM,UO_0000065,,100.0
,,904142,[],CHEMBL676159,Concentration required to achieve 50% inhibition of tyrosine phosphorylation on human Epidermal growth factor receptor (EGF RTK).,B,,,BAO_0000190,BAO_0000357,single protein format,O=C1Nc2ccccc2/C1=C/c1ccc(C(=O)O)cc1,,,CHEMBL1131018,J Med Chem,1998,,,CHEMBL313259,,CHEMBL313259,,0,http://www.openphacts.org/units/Nanomolar,158997,>,1,1,>,,IC50,nM,,100000.0,CHEMBL203,Homo sapiens,Epidermal growth factor receptor,9606,,,IC50,uM,UO_0000065,,100.0
,,904147,[],CHEMBL676159,Concentration required to achieve 50% inhibition of tyrosine phosphorylation on human Epidermal growth factor receptor (EGF RTK).,B,,,BAO_0000190,BAO_0000357,single protein format,O=C1Nc2ccc(Cl)cc2/C1=C/c1ccc[nH]1,,,CHEMBL1131018,J Med Chem,1998,,,CHEMBL431025,,CHEMBL431025,,0,http://www.openphacts.org/units/Nanomolar,158963,>,1,1,>,,IC50,nM,,100000.0,CHEMBL203,Homo sapiens,Epidermal growth factor receptor,9606,,,IC50,uM,UO_0000065,,100.0
,,904152,[],CHEMBL676159,Concentration required to achieve 50% inhibition of tyrosine phosphorylation on human Epidermal growth factor receptor (EGF RTK).,B,,,BAO_0000190,BAO_0000357,single protein format,Cc1c[nH]c(/C=C2\C(=O)Nc3ccccc32)c1C,,,CHEMBL1131018,J Med Chem,1998,,,CHEMBL316020,,CHEMBL316020,,0,http://www.openphacts.org/units/Nanomolar,158979,>,1,1,>,,IC50,nM,,100000.0,CHEMBL203,Homo sapiens,Epidermal growth factor receptor,9606,,,IC50,uM,UO_0000065,,100.0
,,904157,[],CHEMBL676159,Concentration required to achieve 50% inhibition of tyrosine phosphorylation on human Epidermal growth factor receptor (EGF RTK).,B,,,BAO_0000190,BAO_0000357,single protein format,Cc1cc(C)c(/C=C2\C(=O)Nc3cc(F)ccc32)[nH]1,,,CHEMBL1131018,J Med Chem,1998,,,CHEMBL87324,,CHEMBL87324,,0,http://www.openphacts.org/units/Nanomolar,158974,>,1,1,>,,IC50,nM,,100000.0,CHEMBL203,Homo sapiens,Epidermal growth factor receptor,9606,,,IC50,uM,UO_0000065,,100.0
,,904162,[],CHEMBL676159,Concentration required to achieve 50% inhibition of tyrosine phosphorylation on human Epidermal growth factor receptor (EGF RTK).,B,,,BAO_0000190,BAO_0000357,single protein format,Cc1ccc(/C=C2/C(=O)Nc3ccccc32)o1,,,CHEMBL1131018,J Med Chem,1998,,,CHEMBL89697,,CHEMBL89697,,0,http://www.openphacts.org/units/Nanomolar,158994,>,1,1,>,,IC50,nM,,100000.0,CHEMBL203,Homo sapiens,Epidermal growth factor receptor,9606,,,IC50,uM,UO_0000065,,100.0
,,905960,[],CHEMBL675381,In vitro activity against Epidermal growth factor receptor (using poly(Glu4Tyr1) as a substrate),B,,,BAO_0000190,BAO_0000357,single protein format,O=C1c2c(c3c4cccc(O)c4n(C4OC(CO)C(O)C(O)C4O)c3c3[nH]c4c(O)cccc4c23)C(=O)N1NCC(O)CO,Outside typical range,"Values for this activity type are unusually large/small, so may not be accurate",CHEMBL1131686,Bioorg Med Chem Lett,1999,,,CHEMBL266182,,CHEMBL266182,,0,http://www.openphacts.org/units/Nanomolar,26117,=,1,1,=,,IC50,nM,,180000.0,CHEMBL203,Homo sapiens,Epidermal growth factor receptor,9606,,,IC50,uM,UO_0000065,,180.0
,,905992,[],CHEMBL675386,Inhibition of the epidermal growth factor receptor.,B,,,BAO_0000190,BAO_0000357,single protein format,O=[N+]([O-])c1cccc(Nc2nccc(-c3ccccn3)n2)c1,,,CHEMBL1130562,Bioorg Med Chem Lett,1997,,,CHEMBL60816,,CHEMBL60816,,0,http://www.openphacts.org/units/Nanomolar,97902,>,1,1,>,,IC50,nM,,100000.0,CHEMBL203,Homo sapiens,Epidermal growth factor receptor,9606,,,IC50,uM,UO_0000065,,100.0
,,907475,[],CHEMBL675386,Inhibition of the epidermal growth factor receptor.,B,,,BAO_0000190,BAO_0000357,single protein format,Cc1ccc(C(=O)Nc2ccc(C)c(Nc3nccc(-c4cccnc4)n3)c2)cc1,,,CHEMBL1130562,Bioorg Med Chem Lett,1997,,,CHEMBL20867,,CHEMBL20867,,1,http://www.openphacts.org/units/Nanomolar,97896,>,1,1,>,,IC50,nM,,100000.0,CHEMBL203,Homo sapiens,Epidermal growth factor receptor,9606,,,IC50,uM,UO_0000065,,100.0
,,908509,[],CHEMBL675381,In vitro activity against Epidermal growth factor receptor (using poly(Glu4Tyr1) as a substrate),B,,,BAO_0000190,BAO_0000357,single protein format,CNN1C(=O)c2c(c3c4cccc(O)c4n(C4OC(CO)C(O)C(O)C4O)c3c3[nH]c4c(O)cccc4c23)C1=O,,,CHEMBL1131686,Bioorg Med Chem Lett,1999,"{'bei': '7.29', 'le': '0.14', 'lle': '3.46', 'sei': '1.99'}",,CHEMBL277667,,CHEMBL277667,4.00,0,http://www.openphacts.org/units/Nanomolar,26123,=,1,1,=,,IC50,nM,,100000.0,CHEMBL203,Homo sapiens,Epidermal growth factor receptor,9606,,,IC50,uM,UO_0000065,,100.0
,,909930,[],CHEMBL675381,In vitro activity against Epidermal growth factor receptor (using poly(Glu4Tyr1) as a substrate),B,,,BAO_0000190,BAO_0000357,single protein format,O=C1c2c(c3c4cccc(O)c4n(C4OC(CO)C(O)C(O)C4O)c3c3[nH]c4c(O)cccc4c23)C(=O)N1NCCO,Outside typical range,"Values for this activity type are unusually large/small, so may not be accurate",CHEMBL1131686,Bioorg Med Chem Lett,1999,,,CHEMBL20811,,CHEMBL20811,,0,http://www.openphacts.org/units/Nanomolar,26118,>,1,1,>,,IC50,nM,,200000.0,CHEMBL203,Homo sapiens,Epidermal growth factor receptor,9606,,,IC50,uM,UO_0000065,,200.0
,,909964,[],CHEMBL675386,Inhibition of the epidermal growth factor receptor.,B,,,BAO_0000190,BAO_0000357,single protein format,Cc1ccc(NC(=O)c2ccc(CN3CCN(C)CC3)cc2)cc1Nc1nccc(-c2cccnc2)n1,,,CHEMBL1130562,Bioorg Med Chem Lett,1997,,,CHEMBL941,IMATINIB,CHEMBL941,,0,http://www.openphacts.org/units/Nanomolar,97892,>,1,1,>,,IC50,nM,,100000.0,CHEMBL203,Homo sapiens,Epidermal growth factor receptor,9606,,,IC50,uM,UO_0000065,,100.0
,,909973,[],CHEMBL675386,Inhibition of the epidermal growth factor receptor.,B,,,BAO_0000190,BAO_0000357,single protein format,FC(F)C(F)(F)Oc1cccc(Nc2nccc(-c3ccc(Cl)cc3)n2)c1,,,CHEMBL1130562,Bioorg Med Chem Lett,1997,,,CHEMBL57581,,CHEMBL57581,,0,http://www.openphacts.org/units/Nanomolar,97916,>,1,1,>,,IC50,nM,,100000.0,CHEMBL203,Homo sapiens,Epidermal growth factor receptor,9606,,,IC50,uM,UO_0000065,,100.0
,,911218,[],CHEMBL675381,In vitro activity against Epidermal growth factor receptor (using poly(Glu4Tyr1) as a substrate),B,,,BAO_0000190,BAO_0000357,single protein format,Cc1ccc(S(=O)(=O)NN2C(=O)c3c(c4c5cccc(O)c5n(C5OC(CO)C(O)C(O)C5O)c4c4[nH]c5c(O)cccc5c34)C2=O)cc1,Outside typical range,"Values for this activity type are unusually large/small, so may not be accurate",CHEMBL1131686,Bioorg Med Chem Lett,1999,,,CHEMBL21267,,CHEMBL21267,,0,http://www.openphacts.org/units/Nanomolar,26130,>,1,1,>,,IC50,nM,,200000.0,CHEMBL203,Homo sapiens,Epidermal growth factor receptor,9606,,,IC50,uM,UO_0000065,,200.0
,,911833,[],CHEMBL677531,Selectivity against Epidermal growth factor receptor,B,,,BAO_0000190,BAO_0000357,single protein format,Cc1ccc(-n2nc(C(C)(C)C)cc2NC(=O)Nc2ccc(OCCN3CCOCC3)c3ccccc23)cc1,,,CHEMBL1135498,J Med Chem,2002,,,CHEMBL103667,DORAMAPIMOD,CHEMBL103667,,0,http://www.openphacts.org/units/Nanomolar,190383,>,1,1,>,,IC50,nM,,20000.0,CHEMBL203,Homo sapiens,Epidermal growth factor receptor,9606,,,IC50,uM,UO_0000065,,20.0
,,912525,[],CHEMBL675386,Inhibition of the epidermal growth factor receptor.,B,,,BAO_0000190,BAO_0000357,single protein format,Cc1ccc(NC(=O)c2ccc(Cl)cc2)cc1Nc1nccc(-c2cccnc2)n1,,,CHEMBL1130562,Bioorg Med Chem Lett,1997,,,CHEMBL21162,,CHEMBL21162,,1,http://www.openphacts.org/units/Nanomolar,97905,>,1,1,>,,IC50,nM,,100000.0,CHEMBL203,Homo sapiens,Epidermal growth factor receptor,9606,,,IC50,uM,UO_0000065,,100.0
,,912532,[],CHEMBL675386,Inhibition of the epidermal growth factor receptor.,B,,,BAO_0000190,BAO_0000357,single protein format,Clc1cccc(Nc2nccc(-c3cccnc3)n2)c1,,,CHEMBL1130562,Bioorg Med Chem Lett,1997,,,CHEMBL300817,,CHEMBL300817,,0,http://www.openphacts.org/units/Nanomolar,97911,>,1,1,>,,IC50,nM,,100000.0,CHEMBL203,Homo sapiens,Epidermal growth factor receptor,9606,,,IC50,uM,UO_0000065,,100.0
,,913857,[],CHEMBL675381,In vitro activity against Epidermal growth factor receptor (using poly(Glu4Tyr1) as a substrate),B,,,BAO_0000190,BAO_0000357,single protein format,O=C(NN1C(=O)c2c(c3c4cccc(O)c4n(C4OC(CO)C(O)C(O)C4O)c3c3[nH]c4c(O)cccc4c23)C1=O)c1ccccn1,Outside typical range,"Values for this activity type are unusually large/small, so may not be accurate",CHEMBL1131686,Bioorg Med Chem Lett,1999,,,CHEMBL20255,,CHEMBL20255,,0,http://www.openphacts.org/units/Nanomolar,26135,>,1,1,>,,IC50,nM,,200000.0,CHEMBL203,Homo sapiens,Epidermal growth factor receptor,9606,,,IC50,uM,UO_0000065,,200.0
,,913864,[],CHEMBL675381,In vitro activity against Epidermal growth factor receptor (using poly(Glu4Tyr1) as a substrate),B,,,BAO_0000190,BAO_0000357,single protein format,O=C(Nc1ccccc1)NN1C(=O)c2c(c3c4cccc(O)c4n(C4OC(CO)C(O)C(O)C4O)c3c3[nH]c4c(O)cccc4c23)C1=O,,,CHEMBL1131686,Bioorg Med Chem Lett,1999,"{'bei': '6.15', 'le': '0.11', 'lle': '1.87', 'sei': '1.75'}",,CHEMBL19978,,CHEMBL19978,4.02,0,http://www.openphacts.org/units/Nanomolar,26125,=,1,1,=,,IC50,nM,,95000.0,CHEMBL203,Homo sapiens,Epidermal growth factor receptor,9606,,,IC50,uM,UO_0000065,,95.0
,,913910,[],CHEMBL675386,Inhibition of the epidermal growth factor receptor.,B,,,BAO_0000190,BAO_0000357,single protein format,O=C(Nc1cccc(Nc2nccc(-c3cccnc3)n2)c1)c1ccccc1,,,CHEMBL1130562,Bioorg Med Chem Lett,1997,,,CHEMBL277931,,CHEMBL277931,,1,http://www.openphacts.org/units/Nanomolar,97926,>,1,1,>,,IC50,nM,,50000.0,CHEMBL203,Homo sapiens,Epidermal growth factor receptor,9606,,,IC50,uM,UO_0000065,,50.0
,Not Determined,913917,[],CHEMBL675387,Inhibition of the epidermal growth factor receptor (not determined),B,,,BAO_0000190,BAO_0000357,single protein format,O=C(O)c1cccc(Nc2nccc(-c3cccnc3)n2)c1,,,CHEMBL1130562,Bioorg Med Chem Lett,1997,,,CHEMBL57556,,CHEMBL57556,,0,http://www.openphacts.org/units/Nanomolar,97918,,1,0,,,IC50,nM,,,CHEMBL203,Homo sapiens,Epidermal growth factor receptor,9606,,,IC50,uM,UO_0000065,,
,,915174,[],CHEMBL675381,In vitro activity against Epidermal growth factor receptor (using poly(Glu4Tyr1) as a substrate),B,,,BAO_0000190,BAO_0000357,single protein format,O=C(CO)NN1C(=O)c2c(c3c4cccc(O)c4n(C4OC(CO)C(O)C(O)C4O)c3c3[nH]c4c(O)cccc4c23)C1=O,Outside typical range,"Values for this activity type are unusually large/small, so may not be accurate",CHEMBL1131686,Bioorg Med Chem Lett,1999,,,CHEMBL21221,,CHEMBL21221,,0,http://www.openphacts.org/units/Nanomolar,26133,>,1,1,>,,IC50,nM,,200000.0,CHEMBL203,Homo sapiens,Epidermal growth factor receptor,9606,,,IC50,uM,UO_0000065,,200.0
,,917702,[],CHEMBL675381,In vitro activity against Epidermal growth factor receptor (using poly(Glu4Tyr1) as a substrate),B,,,BAO_0000190,BAO_0000357,single protein format,CN(C)CC(=O)NN1C(=O)c2c(c3c4cccc(O)c4n(C4OC(CO)C(O)C(O)C4O)c3c3[nH]c4c(O)cccc4c23)C1=O,Outside typical range,"Values for this activity type are unusually large/small, so may not be accurate",CHEMBL1131686,Bioorg Med Chem Lett,1999,,,CHEMBL278757,,CHEMBL278757,,0,http://www.openphacts.org/units/Nanomolar,26132,>,1,1,>,,IC50,nM,,200000.0,CHEMBL203,Homo sapiens,Epidermal growth factor receptor,9606,,,IC50,uM,UO_0000065,,200.0
,,917716,[],CHEMBL675386,Inhibition of the epidermal growth factor receptor.,B,,,BAO_0000190,BAO_0000357,single protein format,Cc1ccc(NC(=O)c2ccc3ccccc3c2)cc1Nc1nccc(-c2cccnc2)n1,,,CHEMBL1130562,Bioorg Med Chem Lett,1997,,,CHEMBL20252,,CHEMBL20252,,1,http://www.openphacts.org/units/Nanomolar,97895,>,1,1,>,,IC50,nM,,100000.0,CHEMBL203,Homo sapiens,Epidermal growth factor receptor,9606,,,IC50,uM,UO_0000065,,100.0
,,917723,[],CHEMBL675386,Inhibition of the epidermal growth factor receptor.,B,,,BAO_0000190,BAO_0000357,single protein format,CC(=O)Nc1ccc(C)c(Nc2nccc(-c3cccnc3)n2)c1,,,CHEMBL1130562,Bioorg Med Chem Lett,1997,,,CHEMBL423288,,CHEMBL423288,,1,http://www.openphacts.org/units/Nanomolar,97919,>,1,1,>,,IC50,nM,,100000.0,CHEMBL203,Homo sapiens,Epidermal growth factor receptor,9606,,,IC50,uM,UO_0000065,,100.0
,,919026,[],CHEMBL675381,In vitro activity against Epidermal growth factor receptor (using poly(Glu4Tyr1) as a substrate),B,,,BAO_0000190,BAO_0000357,single protein format,CN(C)N1C(=O)c2c(c3c4cccc(O)c4n(C4OC(CO)C(O)C(O)C4O)c3c3[nH]c4c(O)cccc4c23)C1=O,Outside typical range,"Values for this activity type are unusually large/small, so may not be accurate",CHEMBL1131686,Bioorg Med Chem Lett,1999,,,CHEMBL278071,,CHEMBL278071,,0,http://www.openphacts.org/units/Nanomolar,26124,>,1,1,>,,IC50,nM,,200000.0,CHEMBL203,Homo sapiens,Epidermal growth factor receptor,9606,,,IC50,uM,UO_0000065,,200.0
,,919033,[],CHEMBL675381,In vitro activity against Epidermal growth factor receptor (using poly(Glu4Tyr1) as a substrate),B,,,BAO_0000190,BAO_0000357,single protein format,O=C(O)CNN1C(=O)c2c(c3c4cccc(O)c4n(C4OC(CO)C(O)C(O)C4O)c3c3[nH]c4c(O)cccc4c23)C1=O,Outside typical range,"Values for this activity type are unusually large/small, so may not be accurate",CHEMBL1131686,Bioorg Med Chem Lett,1999,,,CHEMBL21263,,CHEMBL21263,,0,http://www.openphacts.org/units/Nanomolar,26126,>,1,1,>,,IC50,nM,,200000.0,CHEMBL203,Homo sapiens,Epidermal growth factor receptor,9606,,,IC50,uM,UO_0000065,,200.0
,,919070,[],CHEMBL675386,Inhibition of the epidermal growth factor receptor.,B,,,BAO_0000190,BAO_0000357,single protein format,O=C(Nc1cccc(Nc2nccc(-c3cccnc3)n2)c1)c1ccc(F)cc1,,,CHEMBL1130562,Bioorg Med Chem Lett,1997,,,CHEMBL418279,,CHEMBL418279,,0,http://www.openphacts.org/units/Nanomolar,97898,>,1,1,>,,IC50,nM,,50000.0,CHEMBL203,Homo sapiens,Epidermal growth factor receptor,9606,,,IC50,uM,UO_0000065,,50.0
,,919077,[],CHEMBL675386,Inhibition of the epidermal growth factor receptor.,B,,,BAO_0000190,BAO_0000357,single protein format,O=[N+]([O-])c1cccc(Nc2nccc(-c3ccncc3)n2)c1,,,CHEMBL1130562,Bioorg Med Chem Lett,1997,,,CHEMBL55683,,CHEMBL55683,,0,http://www.openphacts.org/units/Nanomolar,97915,>,1,1,>,,IC50,nM,,100000.0,CHEMBL203,Homo sapiens,Epidermal growth factor receptor,9606,,,IC50,uM,UO_0000065,,100.0
,,921265,[],CHEMBL675381,In vitro activity against Epidermal growth factor receptor (using poly(Glu4Tyr1) as a substrate),B,,,BAO_0000190,BAO_0000357,single protein format,NN1C(=O)c2c(c3c4cccc(O)c4n(C4OC(CO)C(O)C(O)C4O)c3c3[nH]c4c(O)cccc4c23)C1=O,Outside typical range,"Values for this activity type are unusually large/small, so may not be accurate",CHEMBL1131686,Bioorg Med Chem Lett,1999,,,CHEMBL21265,,CHEMBL21265,,0,http://www.openphacts.org/units/Nanomolar,26138,>,1,1,>,,IC50,nM,,200000.0,CHEMBL203,Homo sapiens,Epidermal growth factor receptor,9606,,,IC50,uM,UO_0000065,,200.0
,,921272,[],CHEMBL675381,In vitro activity against Epidermal growth factor receptor (using poly(Glu4Tyr1) as a substrate),B,,,BAO_0000190,BAO_0000357,single protein format,N#CCC(=O)NN1C(=O)c2c(c3c4cccc(O)c4n(C4OC(CO)C(O)C(O)C4O)c3c3[nH]c4c(O)cccc4c23)C1=O,Outside typical range,"Values for this activity type are unusually large/small, so may not be accurate",CHEMBL1131686,Bioorg Med Chem Lett,1999,,,CHEMBL278526,,CHEMBL278526,,0,http://www.openphacts.org/units/Nanomolar,26134,>,1,1,>,,IC50,nM,,200000.0,CHEMBL203,Homo sapiens,Epidermal growth factor receptor,9606,,,IC50,uM,UO_0000065,,200.0
,,921287,[],CHEMBL675386,Inhibition of the epidermal growth factor receptor.,B,,,BAO_0000190,BAO_0000357,single protein format,NCCCNC(=O)c1cccc(Nc2nccc(-c3cccnc3)n2)c1,,,CHEMBL1130562,Bioorg Med Chem Lett,1997,"{'bei': '12.48', 'le': '0.23', 'lle': '1.99', 'sei': '4.11'}",,CHEMBL59099,,CHEMBL59099,4.35,0,http://www.openphacts.org/units/Nanomolar,97924,=,1,1,=,,IC50,nM,,45000.0,CHEMBL203,Homo sapiens,Epidermal growth factor receptor,9606,,,IC50,uM,UO_0000065,,45.0
,,922521,[],CHEMBL675381,In vitro activity against Epidermal growth factor receptor (using poly(Glu4Tyr1) as a substrate),B,,,BAO_0000190,BAO_0000357,single protein format,O=C(O)c1ccc(NN2C(=O)c3c(c4c5cccc(O)c5n(C5OC(CO)C(O)C(O)C5O)c4c4[nH]c5c(O)cccc5c34)C2=O)cc1,,,CHEMBL1131686,Bioorg Med Chem Lett,1999,"{'bei': '6.18', 'le': '0.12', 'lle': '1.92', 'sei': '1.70'}",,CHEMBL279035,,CHEMBL279035,4.05,0,http://www.openphacts.org/units/Nanomolar,26127,=,1,1,=,,IC50,nM,,90000.0,CHEMBL203,Homo sapiens,Epidermal growth factor receptor,9606,,,IC50,uM,UO_0000065,,90.0
,Not Determined,922563,[],CHEMBL675387,Inhibition of the epidermal growth factor receptor (not determined),B,,,BAO_0000190,BAO_0000357,single protein format,Nc1cccc(Nc2nccc(-c3ccncc3)n2)c1,,,CHEMBL1130562,Bioorg Med Chem Lett,1997,,,CHEMBL57443,,CHEMBL57443,,0,http://www.openphacts.org/units/Nanomolar,97908,,1,0,,,IC50,nM,,,CHEMBL203,Homo sapiens,Epidermal growth factor receptor,9606,,,IC50,uM,UO_0000065,,
,,925207,[],CHEMBL675381,In vitro activity against Epidermal growth factor receptor (using poly(Glu4Tyr1) as a substrate),B,,,BAO_0000190,BAO_0000357,single protein format,CCCNN1C(=O)c2c(c3c4cccc(O)c4n(C4OC(CO)C(O)C(O)C4O)c3c3[nH]c4c(O)cccc4c23)C1=O,,,CHEMBL1131686,Bioorg Med Chem Lett,1999,"{'bei': '7.34', 'le': '0.14', 'lle': '2.91', 'sei': '2.11'}",,CHEMBL21096,,CHEMBL21096,4.23,0,http://www.openphacts.org/units/Nanomolar,26121,=,1,1,=,,IC50,nM,,59000.0,CHEMBL203,Homo sapiens,Epidermal growth factor receptor,9606,,,IC50,uM,UO_0000065,,59.0
,,926577,[],CHEMBL675381,In vitro activity against Epidermal growth factor receptor (using poly(Glu4Tyr1) as a substrate),B,,,BAO_0000190,BAO_0000357,single protein format,O=C1NC(=O)c2c1c1c3cccc(O)c3[nH]c1c1[nH]c3c(O)cccc3c21,,,CHEMBL1131686,Bioorg Med Chem Lett,1999,"{'bei': '12.70', 'le': '0.23', 'lle': '1.29', 'sei': '3.84'}",,CHEMBL279481,,CHEMBL279481,4.54,0,http://www.openphacts.org/units/Nanomolar,26113,=,1,1,=,,IC50,nM,,29000.0,CHEMBL203,Homo sapiens,Epidermal growth factor receptor,9606,,,IC50,uM,UO_0000065,,29.0
,,926584,[],CHEMBL675381,In vitro activity against Epidermal growth factor receptor (using poly(Glu4Tyr1) as a substrate),B,,,BAO_0000190,BAO_0000357,single protein format,O=C1NC(=O)c2c1c1c3cccc(O)c3[nH]c1c1c2c2cccc(O)c2n1C1OC(CO)C(O)C(O)C1O,,,CHEMBL1131686,Bioorg Med Chem Lett,1999,"{'bei': '7.79', 'le': '0.15', 'lle': '3.35', 'sei': '2.05'}",,CHEMBL21108,,CHEMBL21108,4.05,0,http://www.openphacts.org/units/Nanomolar,26114,=,1,1,=,,IC50,nM,,90000.0,CHEMBL203,Homo sapiens,Epidermal growth factor receptor,9606,,,IC50,uM,UO_0000065,,90.0
,,926591,[],CHEMBL675381,In vitro activity against Epidermal growth factor receptor (using poly(Glu4Tyr1) as a substrate),B,,,BAO_0000190,BAO_0000357,single protein format,O=CNN1C(=O)c2c(c3c4cccc(O)c4n(C4OC(CO)C(O)C(O)C4O)c3c3[nH]c4c(O)cccc4c23)C1=O,Outside typical range,"Values for this activity type are unusually large/small, so may not be accurate",CHEMBL1131686,Bioorg Med Chem Lett,1999,,,CHEMBL282436,,CHEMBL282436,,0,http://www.openphacts.org/units/Nanomolar,26115,>,1,1,>,,IC50,nM,,200000.0,CHEMBL203,Homo sapiens,Epidermal growth factor receptor,9606,,,IC50,uM,UO_0000065,,200.0
,,926602,[],CHEMBL675381,In vitro activity against Epidermal growth factor receptor (using poly(Glu4Tyr1) as a substrate),B,,,BAO_0000190,BAO_0000357,single protein format,N#CCCNN1C(=O)c2c(c3c4cccc(O)c4n(C4OC(CO)C(O)C(O)C4O)c3c3[nH]c4c(O)cccc4c23)C1=O,Outside typical range,"Values for this activity type are unusually large/small, so may not be accurate",CHEMBL1131686,Bioorg Med Chem Lett,1999,,,CHEMBL283766,,CHEMBL283766,,0,http://www.openphacts.org/units/Nanomolar,26119,>,1,1,>,,IC50,nM,,200000.0,CHEMBL203,Homo sapiens,Epidermal growth factor receptor,9606,,,IC50,uM,UO_0000065,,200.0
,,926653,[],CHEMBL675386,Inhibition of the epidermal growth factor receptor.,B,,,BAO_0000190,BAO_0000357,single protein format,CCCCCC(=O)Nc1cccc(Nc2nccc(-c3cccnc3)n2)c1,,,CHEMBL1130562,Bioorg Med Chem Lett,1997,,,CHEMBL56669,,CHEMBL56669,,0,http://www.openphacts.org/units/Nanomolar,97894,>,1,1,>,,IC50,nM,,100000.0,CHEMBL203,Homo sapiens,Epidermal growth factor receptor,9606,,,IC50,uM,UO_0000065,,100.0
,,928030,[],CHEMBL675381,In vitro activity against Epidermal growth factor receptor (using poly(Glu4Tyr1) as a substrate),B,,,BAO_0000190,BAO_0000357,single protein format,NC(=O)NN1C(=O)c2c(c3c4cccc(O)c4n(C4OC(CO)C(O)C(O)C4O)c3c3[nH]c4c(O)cccc4c23)C1=O,Outside typical range,"Values for this activity type are unusually large/small, so may not be accurate",CHEMBL1131686,Bioorg Med Chem Lett,1999,,,CHEMBL277039,,CHEMBL277039,,0,http://www.openphacts.org/units/Nanomolar,26129,>,1,1,>,,IC50,nM,,200000.0,CHEMBL203,Homo sapiens,Epidermal growth factor receptor,9606,,,IC50,uM,UO_0000065,,200.0
,,928092,[],CHEMBL675386,Inhibition of the epidermal growth factor receptor.,B,,,BAO_0000190,BAO_0000357,single protein format,c1cc(Nc2nccc(-c3cccnc3)n2)cc(OCCn2ccnc2)c1,,,CHEMBL1130562,Bioorg Med Chem Lett,1997,"{'bei': '14.37', 'le': '0.26', 'lle': '1.59', 'sei': '6.62'}",,CHEMBL58436,,CHEMBL58436,5.15,0,http://www.openphacts.org/units/Nanomolar,97904,=,1,1,=,,IC50,nM,,7100.0,CHEMBL203,Homo sapiens,Epidermal growth factor receptor,9606,,,IC50,uM,UO_0000065,,7.1
,,928099,[],CHEMBL675386,Inhibition of the epidermal growth factor receptor.,B,,,BAO_0000190,BAO_0000357,single protein format,Cc1ccc(C(=O)Nc2cccc(Nc3nccc(-c4cccnc4)n3)c2)cc1,,,CHEMBL1130562,Bioorg Med Chem Lett,1997,,,CHEMBL59036,,CHEMBL59036,,0,http://www.openphacts.org/units/Nanomolar,97903,>,1,1,>,,IC50,nM,,100000.0,CHEMBL203,Homo sapiens,Epidermal growth factor receptor,9606,,,IC50,uM,UO_0000065,,100.0
,,929355,[],CHEMBL675386,Inhibition of the epidermal growth factor receptor.,B,,,BAO_0000190,BAO_0000357,single protein format,COc1ccccc1C(=O)Nc1cccc(Nc2nccc(-c3cccnc3)n2)c1,,,CHEMBL1130562,Bioorg Med Chem Lett,1997,"{'bei': '10.06', 'le': '0.18', 'lle': '-0.54', 'sei': '4.49'}",,CHEMBL299707,,CHEMBL299707,4.00,0,http://www.openphacts.org/units/Nanomolar,97923,=,1,1,=,,IC50,nM,,100000.0,CHEMBL203,Homo sapiens,Epidermal growth factor receptor,9606,,,IC50,uM,UO_0000065,,100.0
,,929362,[],CHEMBL675386,Inhibition of the epidermal growth factor receptor.,B,,,BAO_0000190,BAO_0000357,single protein format,c1cncc(-c2ccnc(Nc3cccc(-n4ccnc4)c3)n2)c1,,,CHEMBL1130562,Bioorg Med Chem Lett,1997,,,CHEMBL291963,,CHEMBL291963,,0,http://www.openphacts.org/units/Nanomolar,97921,>,1,1,>,,IC50,nM,,100000.0,CHEMBL203,Homo sapiens,Epidermal growth factor receptor,9606,,,IC50,uM,UO_0000065,,100.0
,Not Determined,929369,[],CHEMBL675387,Inhibition of the epidermal growth factor receptor (not determined),B,,,BAO_0000190,BAO_0000357,single protein format,O=C(Nc1cccc(Nc2nccc(-c3cccnc3)n2)c1)c1ccccn1,,,CHEMBL1130562,Bioorg Med Chem Lett,1997,,,CHEMBL292866,,CHEMBL292866,,0,http://www.openphacts.org/units/Nanomolar,97909,,1,0,,,IC50,nM,,,CHEMBL203,Homo sapiens,Epidermal growth factor receptor,9606,,,IC50,uM,UO_0000065,,
,,930587,[],CHEMBL675381,In vitro activity against Epidermal growth factor receptor (using poly(Glu4Tyr1) as a substrate),B,,,BAO_0000190,BAO_0000357,single protein format,CCC(=O)NN1C(=O)c2c(c3c4cccc(O)c4n(C4OC(CO)C(O)C(O)C4O)c3c3[nH]c4c(O)cccc4c23)C1=O,Outside typical range,"Values for this activity type are unusually large/small, so may not be accurate",CHEMBL1131686,Bioorg Med Chem Lett,1999,,,CHEMBL278101,,CHEMBL278101,,0,http://www.openphacts.org/units/Nanomolar,26116,>,1,1,>,,IC50,nM,,200000.0,CHEMBL203,Homo sapiens,Epidermal growth factor receptor,9606,,,IC50,uM,UO_0000065,,200.0
,,930594,[],CHEMBL675381,In vitro activity against Epidermal growth factor receptor (using poly(Glu4Tyr1) as a substrate),B,,,BAO_0000190,BAO_0000357,single protein format,CS(=O)(=O)NN1C(=O)c2c(c3c4cccc(O)c4n(C4OC(CO)C(O)C(O)C4O)c3c3[nH]c4c(O)cccc4c23)C1=O,Outside typical range,"Values for this activity type are unusually large/small, so may not be accurate",CHEMBL1131686,Bioorg Med Chem Lett,1999,,,CHEMBL277408,,CHEMBL277408,,0,http://www.openphacts.org/units/Nanomolar,26131,>,1,1,>,,IC50,nM,,200000.0,CHEMBL203,Homo sapiens,Epidermal growth factor receptor,9606,,,IC50,uM,UO_0000065,,200.0
,Not Determined,930628,[],CHEMBL675387,Inhibition of the epidermal growth factor receptor (not determined),B,,,BAO_0000190,BAO_0000357,single protein format,COC(=O)c1cccc(Nc2nccc(-c3cccnc3)n2)c1,,,CHEMBL1130562,Bioorg Med Chem Lett,1997,,,CHEMBL56671,,CHEMBL56671,,0,http://www.openphacts.org/units/Nanomolar,97920,,1,0,,,IC50,nM,,,CHEMBL203,Homo sapiens,Epidermal growth factor receptor,9606,,,IC50,uM,UO_0000065,,
,,931960,[],CHEMBL675381,In vitro activity against Epidermal growth factor receptor (using poly(Glu4Tyr1) as a substrate),B,,,BAO_0000190,BAO_0000357,single protein format,O=C1c2c(c3c4cccc(O)c4n(C4OC(CO)C(O)C(O)C4O)c3c3[nH]c4c(O)cccc4c23)C(=O)N1NCc1cccc(O)c1,Outside typical range,"Values for this activity type are unusually large/small, so may not be accurate",CHEMBL1131686,Bioorg Med Chem Lett,1999,,,CHEMBL282655,,CHEMBL282655,,0,http://www.openphacts.org/units/Nanomolar,26120,>,1,1,>,,IC50,nM,,200000.0,CHEMBL203,Homo sapiens,Epidermal growth factor receptor,9606,,,IC50,uM,UO_0000065,,200.0
,,931991,[],CHEMBL675386,Inhibition of the epidermal growth factor receptor.,B,,,BAO_0000190,BAO_0000357,single protein format,FC(F)C(F)(F)Oc1cccc(Nc2nccc(-c3c[nH]c4ccccc34)n2)c1,,,CHEMBL1130562,Bioorg Med Chem Lett,1997,"{'bei': '14.28', 'le': '0.27', 'lle': '0.13', 'sei': '9.14'}",,CHEMBL55379,,CHEMBL55379,5.75,0,http://www.openphacts.org/units/Nanomolar,97927,=,1,1,=,,IC50,nM,,1800.0,CHEMBL203,Homo sapiens,Epidermal growth factor receptor,9606,,,IC50,uM,UO_0000065,,1.8
,Not Determined,931998,[],CHEMBL675387,Inhibition of the epidermal growth factor receptor (not determined),B,,,BAO_0000190,BAO_0000357,single protein format,O=C(O)c1ccccc1C(=O)Nc1cccc(Nc2nccc(-c3cccnc3)n2)c1,,,CHEMBL1130562,Bioorg Med Chem Lett,1997,,,CHEMBL55742,,CHEMBL55742,,0,http://www.openphacts.org/units/Nanomolar,97922,,1,0,,,IC50,nM,,,CHEMBL203,Homo sapiens,Epidermal growth factor receptor,9606,,,IC50,uM,UO_0000065,,
,,933462,[],CHEMBL675386,Inhibition of the epidermal growth factor receptor.,B,,,BAO_0000190,BAO_0000357,single protein format,CN1CCN(Cc2ccc(C(=O)Nc3cccc(Nc4nccc(-c5cccnc5)n4)c3)cc2)CC1,,,CHEMBL1130562,Bioorg Med Chem Lett,1997,,,CHEMBL56904,,CHEMBL56904,,0,http://www.openphacts.org/units/Nanomolar,97893,>,1,1,>,,IC50,nM,,100000.0,CHEMBL203,Homo sapiens,Epidermal growth factor receptor,9606,,,IC50,uM,UO_0000065,,100.0
,,933470,[],CHEMBL675386,Inhibition of the epidermal growth factor receptor.,B,,,BAO_0000190,BAO_0000357,single protein format,O=C(Nc1cccc(Nc2nccc(-c3cccnc3)n2)c1)c1cccnc1,,,CHEMBL1130562,Bioorg Med Chem Lett,1997,,,CHEMBL418270,,CHEMBL418270,,0,http://www.openphacts.org/units/Nanomolar,97897,>,1,1,>,,IC50,nM,,100000.0,CHEMBL203,Homo sapiens,Epidermal growth factor receptor,9606,,,IC50,uM,UO_0000065,,100.0
,,933478,[],CHEMBL675386,Inhibition of the epidermal growth factor receptor.,B,,,BAO_0000190,BAO_0000357,single protein format,NCCCn1ccc2c(-c3ccnc(Nc4cccc(OC(F)(F)C(F)F)c4)n3)cccc21,,,CHEMBL1130562,Bioorg Med Chem Lett,1997,"{'bei': '13.66', 'le': '0.26', 'lle': '0.85', 'sei': '8.05'}",,CHEMBL293991,,CHEMBL293991,6.28,0,http://www.openphacts.org/units/Nanomolar,97899,=,1,1,=,,IC50,nM,,530.0,CHEMBL203,Homo sapiens,Epidermal growth factor receptor,9606,,,IC50,uM,UO_0000065,,0.53
,,933485,[],CHEMBL675386,Inhibition of the epidermal growth factor receptor.,B,,,BAO_0000190,BAO_0000357,single protein format,COc1ccccc1C(=O)Nc1ccc(C)c(Nc2nccc(-c3cccnc3)n2)c1,,,CHEMBL1130562,Bioorg Med Chem Lett,1997,,,CHEMBL418010,,CHEMBL418010,,1,http://www.openphacts.org/units/Nanomolar,97906,>,1,1,>,,IC50,nM,,100000.0,CHEMBL203,Homo sapiens,Epidermal growth factor receptor,9606,,,IC50,uM,UO_0000065,,100.0
,,936346,[],CHEMBL675386,Inhibition of the epidermal growth factor receptor.,B,,,BAO_0000190,BAO_0000357,single protein format,O=C(Nc1cccc(Nc2nccc(-c3cccnc3)n2)c1)c1cccs1,,,CHEMBL1130562,Bioorg Med Chem Lett,1997,,,CHEMBL56359,,CHEMBL56359,,0,http://www.openphacts.org/units/Nanomolar,97928,>,1,1,>,,IC50,nM,,50000.0,CHEMBL203,Homo sapiens,Epidermal growth factor receptor,9606,,,IC50,uM,UO_0000065,,50.0
,,937781,[],CHEMBL675381,In vitro activity against Epidermal growth factor receptor (using poly(Glu4Tyr1) as a substrate),B,,,BAO_0000190,BAO_0000357,single protein format,CC(=O)NN1C(=O)c2c(c3c4cccc(O)c4n(C4OC(CO)C(O)C(O)C4O)c3c3[nH]c4c(O)cccc4c23)C1=O,Outside typical range,"Values for this activity type are unusually large/small, so may not be accurate",CHEMBL1131686,Bioorg Med Chem Lett,1999,,,CHEMBL428453,,CHEMBL428453,,0,http://www.openphacts.org/units/Nanomolar,26137,>,1,1,>,,IC50,nM,,200000.0,CHEMBL203,Homo sapiens,Epidermal growth factor receptor,9606,,,IC50,uM,UO_0000065,,200.0
,,937788,[],CHEMBL675381,In vitro activity against Epidermal growth factor receptor (using poly(Glu4Tyr1) as a substrate),B,,,BAO_0000190,BAO_0000357,single protein format,CCNN1C(=O)c2c(c3c4cccc(O)c4n(C4OC(CO)C(O)C(O)C4O)c3c3[nH]c4c(O)cccc4c23)C1=O,Outside typical range,"Values for this activity type are unusually large/small, so may not be accurate",CHEMBL1131686,Bioorg Med Chem Lett,1999,,,CHEMBL277011,,CHEMBL277011,,0,http://www.openphacts.org/units/Nanomolar,26122,>,1,1,>,,IC50,nM,,200000.0,CHEMBL203,Homo sapiens,Epidermal growth factor receptor,9606,,,IC50,uM,UO_0000065,,200.0
,,937799,[],CHEMBL675381,In vitro activity against Epidermal growth factor receptor (using poly(Glu4Tyr1) as a substrate),B,,,BAO_0000190,BAO_0000357,single protein format,O=C1c2c(c3c4cccc(O)c4n(C4OC(CO)C(O)C(O)C4O)c3c3[nH]c4c(O)cccc4c23)C(=O)N1NC(CO)CO,Outside typical range,"Values for this activity type are unusually large/small, so may not be accurate",CHEMBL1131686,Bioorg Med Chem Lett,1999,,,CHEMBL277008,,CHEMBL277008,,0,http://www.openphacts.org/units/Nanomolar,26128,>,1,1,>,,IC50,nM,,200000.0,CHEMBL203,Homo sapiens,Epidermal growth factor receptor,9606,,,IC50,uM,UO_0000065,,200.0
,,937850,[],CHEMBL675386,Inhibition of the epidermal growth factor receptor.,B,,,BAO_0000190,BAO_0000357,single protein format,Cc1ccc(NC(=O)c2ccccc2)cc1Nc1nccc(-c2cccnc2)n1,,,CHEMBL1130562,Bioorg Med Chem Lett,1997,"{'bei': '10.98', 'le': '0.20', 'lle': '-0.65', 'sei': '5.25'}",,CHEMBL20926,,CHEMBL20926,4.19,0,http://www.openphacts.org/units/Nanomolar,97925,=,1,1,=,,IC50,nM,,65000.0,CHEMBL203,Homo sapiens,Epidermal growth factor receptor,9606,,,IC50,uM,UO_0000065,,65.0
,,939136,[],CHEMBL675386,Inhibition of the epidermal growth factor receptor.,B,,,BAO_0000190,BAO_0000357,single protein format,Cc1ccc(N)cc1Nc1nccc(-c2cccnc2)n1,,,CHEMBL1130562,Bioorg Med Chem Lett,1997,,,CHEMBL278103,,CHEMBL278103,,1,http://www.openphacts.org/units/Nanomolar,97900,>,1,1,>,,IC50,nM,,100000.0,CHEMBL203,Homo sapiens,Epidermal growth factor receptor,9606,,,IC50,uM,UO_0000065,,100.0
,,939143,[],CHEMBL675386,Inhibition of the epidermal growth factor receptor.,B,,,BAO_0000190,BAO_0000357,single protein format,c1ccc(Nc2nccc(-c3cccnc3)n2)cc1,,,CHEMBL1130562,Bioorg Med Chem Lett,1997,"{'bei': '16.11', 'le': '0.29', 'lle': '0.72', 'sei': '7.89'}",,CHEMBL57690,,CHEMBL57690,4.00,0,http://www.openphacts.org/units/Nanomolar,97910,=,1,1,=,,IC50,nM,,100000.0,CHEMBL203,Homo sapiens,Epidermal growth factor receptor,9606,,,IC50,uM,UO_0000065,,100.0
,,940389,[],CHEMBL675386,Inhibition of the epidermal growth factor receptor.,B,,,BAO_0000190,BAO_0000357,single protein format,FC(F)C(F)(F)Oc1cccc(Nc2nccc(-c3ccncc3)n2)c1,,,CHEMBL1130562,Bioorg Med Chem Lett,1997,,,CHEMBL55662,,CHEMBL55662,,0,http://www.openphacts.org/units/Nanomolar,97914,>,1,1,>,,IC50,nM,,100000.0,CHEMBL203,Homo sapiens,Epidermal growth factor receptor,9606,,,IC50,uM,UO_0000065,,100.0
,,941674,[],CHEMBL675381,In vitro activity against Epidermal growth factor receptor (using poly(Glu4Tyr1) as a substrate),B,,,BAO_0000190,BAO_0000357,single protein format,O=C(NN1C(=O)c2c(c3c4cccc(O)c4n(C4OC(CO)C(O)C(O)C4O)c3c3[nH]c4c(O)cccc4c23)C1=O)c1ccccc1,Outside typical range,"Values for this activity type are unusually large/small, so may not be accurate",CHEMBL1131686,Bioorg Med Chem Lett,1999,,,CHEMBL277432,,CHEMBL277432,,0,http://www.openphacts.org/units/Nanomolar,26136,>,1,1,>,,IC50,nM,,200000.0,CHEMBL203,Homo sapiens,Epidermal growth factor receptor,9606,,,IC50,uM,UO_0000065,,200.0
,,941709,[],CHEMBL675386,Inhibition of the epidermal growth factor receptor.,B,,,BAO_0000190,BAO_0000357,single protein format,O=C(Nc1cccc(Nc2nccc(-c3cccnc3)n2)c1)c1ccncc1,,,CHEMBL1130562,Bioorg Med Chem Lett,1997,,,CHEMBL55592,,CHEMBL55592,,0,http://www.openphacts.org/units/Nanomolar,97912,>,1,1,>,,IC50,nM,,100000.0,CHEMBL203,Homo sapiens,Epidermal growth factor receptor,9606,,,IC50,uM,UO_0000065,,100.0
,,941716,[],CHEMBL675386,Inhibition of the epidermal growth factor receptor.,B,,,BAO_0000190,BAO_0000357,single protein format,Nc1cccc(Nc2nccc(-c3cccnc3)n2)c1,,,CHEMBL1130562,Bioorg Med Chem Lett,1997,"{'bei': '16.34', 'le': '0.29', 'lle': '1.44', 'sei': '5.61'}",,CHEMBL57553,,CHEMBL57553,4.30,0,http://www.openphacts.org/units/Nanomolar,97907,=,1,1,=,,IC50,nM,,50000.0,CHEMBL203,Homo sapiens,Epidermal growth factor receptor,9606,,,IC50,uM,UO_0000065,,50.0
,,942927,[],CHEMBL675386,Inhibition of the epidermal growth factor receptor.,B,,,BAO_0000190,BAO_0000357,single protein format,O=[N+]([O-])c1cccc(Nc2nccc(-c3cccnc3)n2)c1,,,CHEMBL1130562,Bioorg Med Chem Lett,1997,"{'bei': '13.64', 'le': '0.25', 'lle': '0.81', 'sei': '4.26'}",,CHEMBL56081,,CHEMBL56081,4.00,0,http://www.openphacts.org/units/Nanomolar,97917,=,1,1,=,,IC50,nM,,100000.0,CHEMBL203,Homo sapiens,Epidermal growth factor receptor,9606,,,IC50,uM,UO_0000065,,100.0
,,944415,[],CHEMBL675386,Inhibition of the epidermal growth factor receptor.,B,,,BAO_0000190,BAO_0000357,single protein format,O=C(Nc1cccc(Nc2nccc(-c3cccnc3)n2)c1)C1CCCCC1,,,CHEMBL1130562,Bioorg Med Chem Lett,1997,,,CHEMBL58142,,CHEMBL58142,,0,http://www.openphacts.org/units/Nanomolar,97913,>,1,1,>,,IC50,nM,,100000.0,CHEMBL203,Homo sapiens,Epidermal growth factor receptor,9606,,,IC50,uM,UO_0000065,,100.0
,,945631,[],CHEMBL675386,Inhibition of the epidermal growth factor receptor.,B,,,BAO_0000190,BAO_0000357,single protein format,N#Cc1ccc(C(=O)Nc2cccc(Nc3nccc(-c4cccnc4)n3)c2)cc1,,,CHEMBL1130562,Bioorg Med Chem Lett,1997,,,CHEMBL58580,,CHEMBL58580,,0,http://www.openphacts.org/units/Nanomolar,97901,>,1,1,>,,IC50,nM,,100000.0,CHEMBL203,Homo sapiens,Epidermal growth factor receptor,9606,,,IC50,uM,UO_0000065,,100.0
,,946785,[],CHEMBL873595,Inhibition of epidermal growth factor receptor (EGFR),B,,,BAO_0000190,BAO_0000357,single protein format,O=C(NCCc1ccccc1)c1cc2ccc(O)c(O)c2cn1,,,CHEMBL1126211,Bioorg Med Chem Lett,1992,"{'bei': '18.99', 'le': '0.35', 'lle': '3.23', 'sei': '7.10'}",,CHEMBL49350,,CHEMBL49350,5.85,0,http://www.openphacts.org/units/Nanomolar,83799,=,1,1,=,,IC50,nM,,1400.0,CHEMBL203,Homo sapiens,Epidermal growth factor receptor,9606,,,IC50,uM,UO_0000065,,1.4
