molecule_chembl_id,canonical_smiles,standard_value,pIC50,Molecular_Weight,LogP
CHEMBL68920,Cc1cc(C)c(/C=C2\C(=O)Nc3ncnc(Nc4ccc(F)c(Cl)c4)c32)[nH]1,41.0,7.3872161432802645,383.814,4.450340000000002
CHEMBL69960,Cc1cc(C(=O)N2CCOCC2)[nH]c1/C=C1\C(=O)Nc2ncnc(Nc3ccc(F)c(Cl)c3)c21,170.0,6.769551078621726,482.9030000000001,3.614320000000001
CHEMBL137635,CN(c1ccccc1)c1ncnc2ccc(N/N=N/Cc3ccccn3)cc12,9300.0,5.031517051446065,369.43200000000013,4.772000000000004
CHEMBL306988,CC(=C(C#N)C#N)c1ccc(NC(=O)CCC(=O)O)cc1,500000.0,3.3010299956639813,283.287,2.3105600000000006
CHEMBL66879,O=C(O)/C=C/c1ccc(O)cc1,3000000.0,2.5228787452803374,164.16,1.49
CHEMBL77085,N#CC(C#N)=Cc1cc(O)ccc1[N+](=O)[O-],96000.0,4.017728766960431,215.16799999999998,1.73096
CHEMBL443268,Cc1cc(C(=O)NCCN2CCOCC2)[nH]c1/C=C1\C(=O)N(C)c2ncnc(Nc3ccc(F)c(Cl)c3)c21,5310.0,5.274905478918531,539.9990000000001,3.228220000000002
CHEMBL76979,COc1cc(/C=C(\C#N)C(=O)O)cc(OC)c1O,264000.0,3.5783960731301687,249.22199999999998,1.40098
CHEMBL76589,N#CC(C#N)=C(N)/C(C#N)=C/c1ccc(O)cc1,125.0,6.903089986991944,236.234,1.55914
CHEMBL77724,COc1cc(C=C(C#N)C#N)cc(OC)c1,1250000.0,2.9030899869919438,214.224,2.13436
CHEMBL420385,N#CC(C#N)=Cc1ccc(N2CCOCC2)cc1,625000.0,3.2041199826559246,239.2779999999999,1.95376
CHEMBL76904,N#CC(C#N)=Cc1ccc(O)c(O)c1,35000.0,4.455931955649724,186.17,1.52836
CHEMBL1009,N[C@@H](Cc1ccc(O)c(O)c1)C(=O)O,900000.0,3.0457574905606752,197.18999999999997,0.052200000000000135
CHEMBL304271,CCN(CC)CC(O)CNC(=O)c1cc(C)c(/C=C2\C(=O)Nc3ncnc(Nc4ccc(F)c(Cl)c4)c32)[nH]1,0.45,9.346787486224656,542.0150000000001,3.57442
CHEMBL296407,N#C/C(=C\c1ccc(O)c(O)c1)C(N)=O,10000.0,5.0,204.18499999999997,0.4900799999999999
CHEMBL309625,N#CC(C#N)=C(N)/C(C#N)=C/c1ccc(O)c([N+](=O)[O-])c1,60000.0,4.221848749616356,281.231,1.4673399999999999
CHEMBL77825,COc1ccc(NN=C(C#N)C#N)cc1,600000.0,3.221848749616356,200.20100000000002,1.5102599999999997
CHEMBL421877,COc1cc(C=C(C#N)C#N)cc(OC)c1O,850000.0,3.070581074285707,230.22299999999998,1.83996
CHEMBL310798,N#CC(C#N)=Cc1cc(O)c(O)c(O)c1,3000.0,5.522878745280337,202.16899999999998,1.2339599999999997
CHEMBL135592,C/N=N/Nc1ccc2ncnc(N(C)c3ccccc3)c2c1,8000.0,5.096910013008056,292.34600000000006,3.806600000000002
CHEMBL309866,N#C/C(=C\c1ccc([N+](=O)[O-])cc1)C(=O)O,1300000.0,2.886056647693163,218.16799999999998,1.5863800000000001
CHEMBL77381,N#C/C(=C/c1ccc[nH]1)C(=O)O,1360000.0,2.8664610916297826,162.14799999999997,1.0062799999999998
CHEMBL76602,N#C/C(=C\c1ccc(O)cc1)C(=O)O,165000.0,3.7825160557860937,189.17,1.3837799999999998
CHEMBL77737,N#CC(C#N)=Cc1ccncc1,250000.0,3.6020599913279625,155.15999999999997,1.51216
CHEMBL76983,N#CC(C#N)=Cc1ccc(F)cc1,1250000.0,2.9030899869919438,172.16199999999998,2.25626
CHEMBL308134,N#CC(C#N)=Cc1ccc(O)c([N+](=O)[O-])c1,125000.0,3.9030899869919438,215.16799999999998,1.7309600000000003
CHEMBL136491,CN(C)/N=N/c1ccc2ncnc(Nc3cccc(Cl)c3)c2c1,14.0,7.853871964321762,326.791,4.587100000000003
CHEMBL77280,CC(=C(C#N)C#N)c1ccc(N)cc1,1250000.0,2.9030899869919438,183.214,2.08946
CHEMBL76557,N#CCNC(=O)/C(C#N)=C/c1ccc(O)cc1,625000.0,3.2041199826559246,227.223,0.93896
CHEMBL336113,Cc1cccc(Nc2ncnc3ccc(N)cc23)c1,1000.0,6.0,250.30500000000004,3.2640200000000004
CHEMBL133024,C/N=N/Nc1ccc2ncnc(Nc3cccc(Cl)c3)c2c1,100.0,7.0,312.76400000000007,4.435700000000002
CHEMBL344652,CN(C)/N=N/c1ccc2ncnc(N(C)c3ccccc3)c2c1,13350.0,4.874518734299406,306.373,3.958000000000003
CHEMBL77814,N#CC(C#N)=CNc1ccc(O)cc1,350000.0,3.4559319556497243,185.186,1.7351599999999998
CHEMBL47986,O=CN/C=C/c1cc(O)ccc1O,14000.0,4.853871964321762,179.17499999999998,0.8144999999999998
CHEMBL138125,Brc1cccc(Nc2ncnc3ccc(N/N=N/Cc4ccccn4)cc23)c1,238.0,6.623423042943488,434.30100000000016,5.510200000000003
CHEMBL137364,Brc1cccc(Nc2ncnc3ccc(N/N=N/CCN4CCOCC4)cc23)c1,64.0,7.1938200260161125,456.34800000000035,4.247200000000003
CHEMBL308339,N#CC(C#N)=C1C(=O)NC(=O)NC1=O,1400000.0,2.853871964321762,190.118,-1.30384
CHEMBL78174,N#CC(C#N)=Cc1ccc(C(=O)O)cc1,430000.0,3.3665315444204134,198.18099999999998,1.81536
CHEMBL302552,O=C1Nc2ncnc(Nc3ccc(F)c(Cl)c3)c2/C1=C/c1ccc(C(=O)NCCN2CCOCC2)[nH]1,22.0,7.657577319177793,511.9450000000004,2.895500000000001
CHEMBL309598,N#CC(C#N)=C(O)c1cc(O)c(O)c(O)c1,13500.0,4.8696662315049934,218.16799999999998,1.1196599999999999
CHEMBL78302,COc1ccc(C=C(C#N)C#N)cc1O,250000.0,3.6020599913279625,200.19699999999997,1.8313599999999997
CHEMBL67057,Cc1cc(C(=O)N2CCOCC2)[nH]c1/C=C1\C(=O)Nc2ncnc(Nc3ccc4c(ccn4Cc4ccccc4)c3)c21,4.5,8.346787486224656,559.6300000000002,4.824820000000003
CHEMBL332096,Nc1ccc2ncnc(NCc3ccccc3)c2c1,508.0,6.29413628771608,250.30500000000004,2.8241000000000014
CHEMBL77387,N#CC(C#N)=Cc1ccc([N+](=O)[O-])c(O)c1,450000.0,3.3467874862246565,215.16799999999995,1.7309599999999998
CHEMBL432903,CCN(CC)CCNC(=O)c1c(C)[nH]c(/C=C2\C(=O)Nc3ncnc(Nc4ccc(F)c(Cl)c4)c32)c1C,200.0,6.698970004336019,526.0160000000002,4.5219400000000025
CHEMBL69964,Cc1cc(/C=C2\C(=O)Nc3ncnc(Nc4ccc(F)c(Cl)c4)c32)[nH]c1C(=O)N1CCN(C)CC1,210.0,6.6777807052660805,495.94600000000037,3.5295200000000015
CHEMBL65848,Cc1cc(C(=O)N2CCOCC2)[nH]c1/C=C1\C(=O)Nc2ncnc(Nc3ccc4c(c3)CCC4)c21,1410.0,5.85078088734462,470.53300000000024,3.3105200000000012
CHEMBL78184,N#C/C(=C\c1ccc(F)cc1)C(=O)O,833000.0,3.0793549985932125,191.161,1.8172799999999998
CHEMBL76985,N#C/C(=C\c1ccc(C=O)cc1)C(=O)O,47000.0,4.327902142064283,201.18099999999998,1.49068
CHEMBL145,O=C(O)/C=C/c1ccc(O)c(O)c1,1200000.0,2.9208187539523753,180.159,1.1956
CHEMBL69629,Cc1cc(C(=O)NCCN2CCOCC2)[nH]c1/C=C1\C(=O)Nc2ncnc(Nc3ccc(F)c(Cl)c3)c21,6.5,8.187086643357144,525.9720000000001,3.203920000000001
CHEMBL136492,CN(c1ccccc1)c1ncnc2ccc(N)cc12,8400.0,5.075720713938118,250.30499999999998,2.9799000000000007
CHEMBL77197,COc1cc(/C(C)=C(\C#N)C(=O)O)ccc1O,1100000.0,2.958607314841775,233.22299999999998,1.78248
CHEMBL305695,N#CC(C#N)=Cc1ccc(O)cc1,560000.0,3.2518119729937993,170.171,1.82276
CHEMBL68258,Cc1cc(C(=O)N2CCOCC2)[nH]c1/C=C1\C(=O)Nc2ncnc(N3CCCCC3)c21,20000.0,4.698970004336019,422.48900000000026,2.0685199999999995
CHEMBL76587,N#CC(C#N)Cc1ccc(O)cc1,6500000.0,2.1870866433571443,172.187,1.5980599999999998
CHEMBL77456,COc1ccc(C=C(C#N)C#N)cc1,1250000.0,2.9030899869919438,184.19799999999998,2.1257600000000005
CHEMBL66570,CCN1CCN(C(=O)c2cc(C)c(/C=C3\C(=O)Nc4ncnc(Nc5ccc(F)c(Cl)c5)c43)[nH]2)CC1,13.0,7.886056647693163,509.97300000000024,3.919620000000001
CHEMBL308048,N#C/C(=C\c1ccc(O)cc1)C(N)=O,800000.0,3.0969100130080562,188.18599999999998,0.7844799999999998
CHEMBL311119,N#CC(C#N)=Cc1ccc(C=O)cc1,60000.0,4.221848749616356,182.182,1.9296599999999997
CHEMBL76905,N#CC(C#N)=Cc1cc(O)cc(O)c1,37000.0,4.431798275933005,186.17,1.52836
CHEMBL77524,COc1ccc(/C=C(\C#N)C(=O)O)cc1,833000.0,3.0793549985932125,203.19699999999997,1.68678
CHEMBL305194,Cc1cc(C(=O)O)[nH]c1/C=C1\C(=O)Nc2ncnc(Nc3ccc(F)c(Cl)c3)c21,29.0,7.5376020021010435,413.7960000000001,3.8401200000000006
CHEMBL307250,COc1cc(/C=C(\C#N)C(=O)O)ccc1O,325000.0,3.4881166390211256,219.196,1.39238
CHEMBL80155,COc1cc(C=C(C#N)C#N)cc(O)c1O,6000.0,5.221848749616356,216.196,1.53696
CHEMBL343352,Nc1ccc2ncnc(Nc3cccc(Cl)c3)c2c1,200.0,6.698970004336019,270.72300000000007,3.609000000000001
CHEMBL52765,Nc1ccc2ncnc(Nc3cccc(Br)c3)c2c1,44.0,7.356547323513812,315.17400000000004,3.7181000000000015
CHEMBL311564,COc1ccc(C(O)=C(C#N)C#N)cc1,450000.0,3.3467874862246565,200.197,2.0114600000000005
CHEMBL76642,N#C/C(=C/c1cc(O)ccc1O)C(=O)O,75000.0,4.1249387366083,205.16899999999998,1.0893799999999998
CHEMBL308645,Cc1cc(CCC(=O)O)[nH]c1/C=C1\C(=O)Nc2ncnc(Nc3ccc(F)c(Cl)c3)c21,4.7,8.327902142064282,441.8500000000001,4.1591200000000015
CHEMBL67003,Cc1cc(C(=O)N2CCOCC2)[nH]c1/C=C1\C(=O)Nc2ncnc(Nc3ccc4c(cnn4Cc4ccccc4)c3)c21,1.8,8.744727494896694,560.6180000000002,4.219820000000002
CHEMBL307248,N#CC(C#N)=Cc1ccc(NC(=O)CCC(=O)O)cc1,640000.0,3.193820026016113,269.25999999999993,1.9204599999999998
CHEMBL310958,N#CC(C#N)=NNc1ccc(O)cc1,225000.0,3.6478174818886373,186.174,1.20726
CHEMBL78005,N#CC(C#N)=Cc1ccc2c(c1)OCO2,350000.0,3.4559319556497243,198.18099999999995,1.84586
CHEMBL134312,CN(C)/N=N/c1ccc2ncnc(Nc3cccc(Br)c3)c2c1,11.0,7.958607314841775,371.242,4.696200000000003
CHEMBL77243,CCCCc1cc(/C=C(\C#N)C(N)=O)cc(CCCC)c1O,55000.0,4.259637310505756,300.402,3.4696800000000017
CHEMBL80745,COc1cc(/C=C(\C#N)C(N)=C(C#N)C#N)cc(O)c1O,1200.0,5.920818753952375,282.259,1.27334
CHEMBL77778,N#CC(C#N)=Cc1ccc(/C=C/C(=O)O)cc1,450000.0,3.3467874862246565,224.219,2.2149599999999996
CHEMBL305246,Cc1cc(C(=O)N2CCN(C)CC2)[nH]c1/C=C1\C(=O)Nc2ncnc(Nc3ccc(F)c(Cl)c3)c21,2.8,8.55284196865778,495.9460000000001,3.5295200000000007
CHEMBL69966,C#Cc1cccc(Nc2ncnc3c2/C(=C/c2[nH]c(C(=O)NCCN4CCOCC4)cc2C)C(=O)N3)c1,18.0,7.7447274948966935,497.5590000000004,2.3927199999999997
CHEMBL47940,Nc1ncnc2c1c(-c1ccc(Oc3ccccc3)cc1)cn2C1CCCC1,3200.0,5.494850021680094,370.4560000000002,5.587900000000003
CHEMBL57712,N#CC(C#N)=Cc1cc[n+]([O-])cc1,1300000.0,2.886056647693163,171.15899999999996,0.75056
CHEMBL77869,COc1cc(C=C(C#N)C#N)ccc1O,200000.0,3.6989700043360187,200.197,1.8313599999999997
CHEMBL69358,CCN(CC)CCNC(=O)c1cc(C)c(/C=C2\C(=O)Nc3ncnc(Nc4ccc(F)c(Cl)c4)c32)[nH]1,1.2,8.920818753952375,511.9890000000001,4.213520000000002
CHEMBL137189,C/N=N/Nc1ccc2ncnc(Nc3cccc(C)c3)c2c1,200.0,6.698970004336019,292.34600000000006,4.090720000000002
CHEMBL137617,C/N=N/Nc1ccc2ncnc(Nc3cccc(Br)c3)c2c1,39.0,7.4089353929735005,357.2150000000001,4.544800000000002
CHEMBL137027,CN(C)/N=N/c1ccc2ncnc(NCc3ccccc3)c2c1,482.0,6.31695296176115,306.373,3.802200000000002
CHEMBL78257,N#CC(C#N)=C(N)/C(C#N)=C/c1cc(O)c(O)c(O)c1,800.0,6.096910013008056,268.23199999999997,0.9703399999999998
CHEMBL76082,N#CC(C#N)=Cc1cc2c(cc1[N+](=O)[O-])OCO2,560000.0,3.2518119729937993,243.17799999999994,1.7540600000000002
CHEMBL77595,N#C/C(=C\c1ccccc1)C(=O)O,850000.0,3.070581074285707,173.17099999999996,1.6781799999999996
CHEMBL309334,N#CC(C#N)=C(N)/C(C#N)=C/c1ccc(O)c(O)c1,2500.0,5.6020599913279625,252.233,1.2647399999999998
CHEMBL310514,N#CC(C#N)=Cc1ccc[nH]1,260000.0,3.585026652029182,143.14899999999997,1.4452599999999998
CHEMBL304971,Cc1c(C(=O)N2CCN(C)CC2)c[nH]c1/C=C1\C(=O)Nc2ncnc(Nc3ccc(F)c(Cl)c3)c21,410.0,6.3872161432802645,495.9460000000002,3.5295200000000007
CHEMBL69071,Cc1cc(C(=O)N2CC(C)NC(C)C2)[nH]c1/C=C1\C(=O)Nc2ncnc(Nc3ccc(F)c(Cl)c3)c21,5.9,8.229147988357855,509.97300000000024,3.9643200000000016
CHEMBL137534,CN(C)CC/N=N/Nc1ccc2ncnc(Nc3cccc(Br)c3)c2c1,38.0,7.42021640338319,414.3110000000001,4.476600000000003
CHEMBL137788,C/N=N/Nc1ccc2ncnc(NCc3ccccc3)c2c1,335.0,6.474955192963154,292.34600000000006,3.650800000000002
CHEMBL69709,Cc1cc(C)c(/C=C2\C(=O)N(C)c3ncnc(Nc4ccc(F)c(Cl)c4)c32)[nH]1,20000.0,4.698970004336019,397.84100000000007,4.4746400000000035
CHEMBL424093,Brc1cccc(Nc2ncnc3ccc(N/N=N/Cc4ccccc4)cc23)c1,25.0,7.6020599913279625,433.31300000000016,6.115200000000003
CHEMBL77030,N#C/C(=C\c1ccc(O)c(O)c1)C(N)=S,2400.0,5.619788758288394,220.253,1.2908799999999998
CHEMBL78150,CC(C)(C)c1cc(C=C(C#N)C#N)cc(C(C)(C)C)c1O,460000.0,3.337242168318426,282.387,4.417760000000005
CHEMBL69106,O=C1Nc2ncnc(Nc3ccc(F)c(Cl)c3)c2/C1=C/c1ccc[nH]1,20000.0,4.698970004336019,355.76000000000005,3.8335000000000017
CHEMBL264382,Cc1cc(C(=O)NCCN2CCOCC2)[nH]c1/C=C1\C(=O)Nc2ncnc(Nc3ccc4c(ccn4Cc4ccccc4)c3)c21,1.1,8.958607314841775,602.6990000000002,4.4144200000000025
CHEMBL308133,O=C(O)C(=Cc1ccc(O)cc1)C(=O)O,1500000.0,2.8239087409443187,208.16899999999998,0.9448000000000001
CHEMBL307179,COc1cc(C=C(C#N)C#N)cc([N+](=O)[O-])c1O,160000.0,3.795880017344075,245.194,1.73956
CHEMBL305782,Cc1[nH]c(/C=C2\C(=O)Nc3ncnc(Nc4ccc(F)c(Cl)c4)c32)c(C)c1CCC(=O)O,180.0,6.7447274948966935,455.8770000000003,4.467540000000002
CHEMBL308672,CCN(CC)CCNC(=O)c1cc(C)c(/C=C2\C(=O)Nc3ncnc(Nc4ccc(Cl)cc4F)c32)[nH]1,450.0,6.346787486224656,511.9890000000001,4.213520000000002
CHEMBL133023,Cc1cccc(Nc2ncnc3ccc(/N=N/N(C)C)cc23)c1,24.0,7.619788758288394,306.3730000000001,4.2421200000000026
CHEMBL310400,N#CC(C#N)=Cc1cccc(O)c1,375000.0,3.425968732272281,170.17099999999996,1.8227599999999997
CHEMBL136674,COCC/N=N/Nc1ccc2ncnc(Nc3cccc(Br)c3)c2c1,71.0,7.1487416512809245,401.2680000000001,4.561400000000003
CHEMBL73820,N#C/C(=C\c1ccc(O)c(O)c1)C(=O)O,25000.0,4.6020599913279625,205.16899999999998,1.0893799999999998
CHEMBL79064,N#CC(C#N)=C(O)c1ccc(O)cc1,230000.0,3.638272163982407,186.17,1.7084599999999999
CHEMBL77803,N#CC(C#N)=C(N)/C(C#N)=C/c1cc(O)c(O)c(Br)c1,500.0,6.301029995663981,331.129,2.027240000000001
CHEMBL75718,N#C/C=C/c1ccc(O)cc1,2400000.0,2.619788758288394,145.161,1.9289799999999997
CHEMBL77298,COc1cc(C=C(C#N)C#N)cc(Br)c1O,153000.0,3.815308569182401,279.093,2.5938600000000007
CHEMBL432941,COc1cccc(-c2ccc3c(c2)NC(=O)/C3=C\c2[nH]c3c(c2CCC(=O)O)CCCC3)c1,8880.0,5.051587034221399,442.5150000000003,5.079000000000003
CHEMBL420609,COc1ccc2c(c1)NC(=O)/C2=C\c1[nH]c2c(c1CCC(=O)O)CCCC2,100000.0,4.0,366.4170000000002,3.4120000000000017
CHEMBL419682,COc1cccc(-c2ccc3c(c2)NC(=O)/C3=C\c2cc3c([nH]2)CCCC3)c1,100000.0,4.0,370.45200000000017,5.061800000000003
CHEMBL322395,COc1cc(Nc2c(C#N)cnc3cc(-c4ccc(CN5CCOCC5)cc4)ccc23)c(Cl)cc1Cl,3000.0,5.522878745280337,519.4320000000004,6.664680000000005
CHEMBL88462,COc1ccccc1-c1ccc2c(c1)NC(=O)/C2=C\c1cc2c([nH]1)CCCC2,100000.0,4.0,370.4520000000002,5.061800000000003
CHEMBL431996,O=C(O)CCc1c(/C=C2\C(=O)Nc3ccc(C(=O)O)cc32)[nH]c2c1CCCC2,56500.0,4.247951552180561,380.4000000000002,3.101600000000002
CHEMBL91250,COc1ccc2c(c1)NC(=O)/C2=C\c1cc2c([nH]1)CCCC2,100000.0,4.0,294.3540000000001,3.394800000000002
CHEMBL88771,O=C(O)CCc1c(/C=C2\C(=O)Nc3cc(-c4ccccc4)ccc32)[nH]c2c1CCCC2,100000.0,4.0,412.48900000000026,5.070400000000004
CHEMBL91815,COc1ccc(-c2ccc3c(c2)NC(=O)/C3=C\c2[nH]c3c(c2CCC(=O)O)CCCC3)cc1,100000.0,4.0,442.5150000000004,5.079000000000003
CHEMBL328029,O=C1Nc2ccccc2/C1=C/c1cc2c([nH]1)CCCC2,100000.0,4.0,264.328,3.3862000000000023
CHEMBL314995,O=C(O)CCc1c(/C=C2\C(=O)Nc3ccc(Br)cc32)[nH]c2c1CCCC2,100000.0,4.0,415.2870000000002,4.165900000000002
CHEMBL88483,NS(=O)(=O)c1ccc2c(c1)/C(=C/c1cc3c([nH]1)CCCC3)C(=O)N2,100000.0,4.0,343.4080000000002,2.0336000000000003
CHEMBL313746,O=C1Nc2cc(-c3ccccc3)ccc2/C1=C/c1cc2c([nH]1)CCCC2,100000.0,4.0,340.4260000000002,5.053200000000004
CHEMBL89363,Cc1c[nH]c(/C=C2\C(=O)Nc3ccccc32)c1CCC(=O)O,100000.0,4.0,296.326,2.8330200000000003
CHEMBL276711,Cc1cc(C)c(/C=C2\C(=O)Nc3ccccc32)[nH]1,100000.0,4.0,238.29000000000002,3.1242400000000004
CHEMBL313500,COc1ccc(-c2ccc3c(c2)NC(=O)/C3=C\c2cc3c([nH]2)CCCC3)cc1,100000.0,4.0,370.45200000000017,5.061800000000003
CHEMBL89010,O=C1Nc2ccc(C(=O)O)cc2/C1=C/c1cc2c([nH]1)CCCC2,100000.0,4.0,308.33700000000016,3.0844000000000014
CHEMBL86531,NS(=O)(=O)c1ccc2c(c1)/C(=C/c1[nH]c3c(c1CCC(=O)O)CCCC3)C(=O)N2,29100.0,4.536107011014093,415.4710000000003,2.0508
CHEMBL315753,O=C(O)CCc1c(/C=C2\C(=O)Nc3ccccc32)[nH]c2c1CCCC2,100000.0,4.0,336.39100000000025,3.403400000000002
CHEMBL88606,O=C1Nc2ccc(Br)cc2/C1=C/c1cc2c([nH]1)CCCC2,100000.0,4.0,343.22400000000016,4.1487000000000025
CHEMBL313821,COc1ccccc1-c1ccc2c(c1)NC(=O)/C2=C\c1[nH]c2c(c1CCC(=O)O)CCCC2,100000.0,4.0,442.5150000000004,5.079000000000003
CHEMBL266969,O=C1NC(=O)c2cc(NC3CCCCC3)c(NC3CCCCC3)cc21,50000.0,4.301029995663981,341.45500000000015,4.059400000000003
CHEMBL138691,C=CC(=O)N(CCN(C)C)c1cc2c(Nc3cccc(Br)c3)ncnc2cn1,4.2,8.3767507096021,441.3330000000001,3.6115000000000013
CHEMBL52829,Cc1cccc(Nc2ncnc3cnc(N(C)C)nc23)c1,4.0,8.397940008672037,280.33500000000004,2.53782
CHEMBL52823,Cc1cccc(Nc2ncnc3cnc(Cl)nc23)c1,380.0,6.42021640338319,271.71100000000007,3.1252200000000014
CHEMBL8000,O=C1c2cc(Nc3ccccc3)c(Nc3ccccc3)cc2C(=O)N1c1ccccc1,100000.0,4.0,405.45700000000016,5.974400000000004
CHEMBL139307,C=CC(=O)N(CCCN1CCOCC1)c1ccc2ncnc(Nc3cccc(Br)c3)c2c1,3.3,8.481486060122112,496.40900000000005,4.377200000000003
CHEMBL322298,CCn1c(=O)c(-c2c(Cl)cccc2Cl)cc2cnc(Nc3ccccc3)nc21,200.0,6.698970004336019,411.2920000000001,5.528800000000003
CHEMBL111434,Cn1c(=O)c(-c2c(Cl)cccc2Cl)cc2cnc(Nc3cccc(Br)c3)nc21,670.0,6.173925197299173,476.1610000000001,5.8084000000000024
CHEMBL111197,COc1cccc(Nc2ncc3cc(-c4c(Cl)cccc4Cl)c(=O)n(C)c3n2)c1,30.0,7.522878745280337,427.2910000000001,5.054500000000003
CHEMBL291667,Cn1c(SSc2c(C(=O)Nc3ccccc3)c3cccc(Cl)c3n2C)c(C(=O)Nc2ccccc2)c2cccc(Cl)c21,100000.0,4.0,631.6100000000001,9.280799999999996
CHEMBL8091,COC(=O)c1cc(Nc2ccc(F)cc2)c(Nc2ccc(F)cc2)cc1C(=O)OC,100000.0,4.0,412.39200000000017,5.0252000000000026
CHEMBL136058,O=C(/C=C/C(=O)Nc1cc2c(Nc3cccc(Br)c3)ncnc2cn1)NCCCN1CCOCC1,0.81,9.09151498112135,540.4220000000001,2.8641000000000005
CHEMBL113128,Cn1c(=O)c(-c2c(Cl)cccc2Cl)cc2cnc(NC3CCCCC3)nc21,50000.0,4.301029995663981,403.3130000000003,5.0469000000000035
CHEMBL51854,COc1ncc2ncnc(Nc3cccc(Br)c3)c2n1,3.8,8.42021640338319,332.16100000000006,2.9345
CHEMBL939,COc1cc2ncnc(Nc3ccc(F)c(Cl)c3)c2cc1OCCCN1CCOCC1,515.0,6.288192770958809,446.9100000000004,4.275600000000003
CHEMBL95320,C#Cc1cccc(Nc2c(C#N)cnc3cc(OCCOC)c(OCCOC)cc23)c1,850.0,6.070581074285707,417.46500000000026,3.8817800000000027
CHEMBL8271,O=C1NC(=O)c2cc(Sc3ccccc3)c(Sc3ccccc3)cc21,100000.0,4.0,363.4630000000001,4.872600000000003
CHEMBL298931,Cc1cccc(Nc2ncnc3cnc(N)nc23)c1,17.0,7.769551078621726,252.28100000000003,2.0540199999999995
CHEMBL292323,COc1cccc2c(C(=O)Nc3ccccc3)c(SSc3c(C(=O)Nc4ccccc4)c4cccc(OC)c4n3C)n(C)c12,6500.0,5.187086643357144,622.7719999999999,7.991200000000005
CHEMBL334334,COC(=O)c1cccc(NCc2cc(O)ccc2O)c1,9000.0,5.045757490560675,273.28799999999995,2.4965
CHEMBL316764,O=C(O)c1cc(/N=C/c2cc(O)ccc2O)ccc1O,100000.0,4.0,273.244,2.2521999999999998
CHEMBL545315,C=CC(=O)Nc1cc2c(Nc3ccc(F)c(Cl)c3)ncnc2cc1OCCCN1CCOCC1.Cl.Cl,1.5,8.823908740944319,558.8690000000005,5.235100000000005
CHEMBL111365,COc1ccc(Nc2ncc3cc(-c4c(Cl)cccc4Cl)c(=O)n(C)c3n2)cn1,1300.0,5.886056647693163,428.2790000000001,4.449500000000002
CHEMBL52591,CNc1ncc2ncnc(Nc3cccc(C)c3)c2n1,4.3,8.366531544420413,266.308,2.5135200000000006
CHEMBL64459,Cc1ccc2c(C(=O)Nc3ccccc3)c(SSc3c(C(=O)Nc4ccccc4)c4ccc(C)cc4n3C)n(C)c2c1,100000.0,4.0,590.7740000000001,8.590840000000002
CHEMBL129989,COC(=O)c1cc(/N=C/c2cc(O)ccc2O)ccc1OC,100000.0,4.0,301.29800000000006,2.6436
CHEMBL132907,COC(=O)c1cc(NCc2ccccc2O)ccc1O,20000.0,4.698970004336019,273.28800000000007,2.4965000000000006
CHEMBL268368,O=C1NC(=O)c2c1c1c3ccccc3[nH]c1c1[nH]c3ccccc3c21,100000.0,4.0,325.32700000000006,3.839200000000001
CHEMBL422292,CCOC(=O)/C=C/C(=O)Nc1cc2c(Nc3cccc(Br)c3)ncnc2cn1,1.5,8.823908740944319,442.2730000000001,3.588700000000001
CHEMBL110034,Cn1c(=O)c(-c2c(Cl)cccc2Cl)cc2cnc(NCc3cccnc3)nc21,5000.0,5.301029995663981,412.28000000000014,4.309400000000003
CHEMBL113023,COc1ccc(Nc2ncc3cc(-c4c(Cl)cccc4Cl)c(=O)n(C)c3n2)cc1C,250.0,6.6020599913279625,441.31800000000015,5.3629200000000035
CHEMBL417420,Brc1cccc(Nc2ncnc3cnc(NCCCN4CCOCC4)nc23)c1,2.9,8.537602002101044,444.3370000000004,3.0601000000000003
CHEMBL304414,Cn1c(SSc2c(C(=O)Nc3ccccc3)c3ccccc3n2C)c(C(=O)Nc2ccccc2)c2ccccc21,10000.0,5.0,562.7200000000003,7.9740000000000055
CHEMBL106232,CN1CCN(CCCCCNc2ncc3cc(-c4c(Cl)cccc4Cl)c(=O)n(C)c3n2)CC1,4500.0,5.346787486224656,489.4510000000003,4.131900000000003
CHEMBL327127,Cn1c(=O)c(-c2c(Cl)cccc2Cl)cc2cnc(Nc3cccc(CO)c3)nc21,90.0,7.045757490560675,427.29100000000017,4.538200000000003
CHEMBL294475,Brc1cccc(Nc2ncnc3cnc(NCCN4CCOCC4)nc23)c1,0.81,9.09151498112135,430.31000000000034,2.67
CHEMBL266487,O=C1NC(=O)C(c2c[nH]c3ccccc23)=C1c1c[nH]c2ccccc12,50000.0,4.301029995663981,327.3430000000001,3.216400000000001
CHEMBL293261,O=C(CCc1c(SSc2[nH]c3ccccc3c2CCC(=O)NCc2ccccc2)[nH]c2ccccc12)NCc1ccccc1,850.0,6.070581074285707,618.8280000000002,7.946600000000007
CHEMBL53310,CNc1ncc2ncnc(Nc3ccccc3)c2n1,13.0,7.886056647693163,252.28100000000003,2.2051
CHEMBL267019,O=C1NC(=O)c2cc(Nc3ccc(O)cc3)c(Nc3ccc(O)cc3)cc21,2500.0,5.6020599913279625,361.3570000000001,3.4686000000000003
CHEMBL285063,C=CC(=O)Nc1ccc2ncnc(Nc3cccc(Br)c3)c2c1,0.7,9.154901959985743,369.22200000000004,4.260400000000002
CHEMBL136404,C/C=C/C(=O)Nc1cc2c(Nc3cccc(Br)c3)ncnc2cn1,0.5,9.301029995663981,384.2370000000001,4.045500000000002
CHEMBL113356,Cn1c(=O)c(-c2c(Cl)cccc2Cl)cc2cnc(NCc3ccccc3)nc21,50000.0,4.301029995663981,411.29200000000014,4.914400000000003
CHEMBL291979,Cn1c(SSc2c(C(=O)Nc3ccccc3)c3cc(C#N)ccc3n2C)c(C(=O)Nc2ccccc2)c2cc(C#N)ccc21,54100.0,4.266802734893431,612.7400000000001,7.717360000000005
CHEMBL62843,Cn1c(SSc2c(C(=O)Nc3ccccc3)c3cccc(O)c3n2C)c(C(=O)Nc2ccccc2)c2cccc(O)c21,100000.0,4.0,594.7180000000003,7.3852000000000055
CHEMBL63009,CN1C(=S)C(C)(C(=O)Nc2ccccc2)c2ccccc21,100000.0,4.0,296.39500000000004,3.3602000000000016
CHEMBL267941,CN(c1ccccc1)c1cc2c(cc1N(C)c1ccccc1)C(=O)NC2=O,50000.0,4.301029995663981,357.41300000000007,4.106000000000003
CHEMBL334697,C=CC(=O)N(C)c1cc2c(Nc3cccc(Br)c3)ncnc2cn1,0.17,9.769551078621726,384.2370000000001,3.679700000000002
CHEMBL434827,CCN(CC)CCCNC(=O)/C=C/C(=O)Nc1cc2c(Nc3cccc(Br)c3)ncnc2cn1,0.73,9.136677139879543,526.4390000000001,3.8737000000000013
CHEMBL292287,Cc1cccc2c1c(C(=O)Nc1ccccc1)c(SSc1c(C(=O)Nc3ccccc3)c3c(C)cccc3n1C)n2C,100000.0,4.0,590.7740000000001,8.590840000000002
CHEMBL64430,Cn1c(SSc2c(C(=O)Nc3ccccc3)c3cc([N+](=O)[O-])ccc3n2C)c(C(=O)Nc2ccccc2)c2cc([N+](=O)[O-])ccc21,5000.0,5.301029995663981,652.7140000000003,7.790400000000005
CHEMBL64068,CC(=O)Oc1ccc2c(C(=O)Nc3ccccc3)c(SSc3c(C(=O)Nc4ccccc4)c4ccc(OC(C)=O)cc4n3C)n(C)c2c1,100000.0,4.0,678.7919999999999,7.8246000000000056
CHEMBL62067,CN1C(=S)C(C(=O)Nc2ccccc2)c2cc(Cl)ccc21,100000.0,4.0,316.81300000000005,3.839500000000002
CHEMBL64814,CSc1c(C(=O)Nc2ccccc2)c2ccccc2n1C,100000.0,4.0,296.3950000000001,4.1525000000000025
CHEMBL137082,C=CC(=O)N(CCCN1CCOCC1)c1cc2c(Nc3cccc(Br)c3)ncnc2cn1,2.7,8.568636235841012,497.39700000000005,3.7722000000000024
CHEMBL299347,CN(C)c1ncc2cc(-c3c(Cl)cccc3Cl)c(=O)n(C)c2n1,50000.0,4.301029995663981,349.22100000000006,3.3683000000000023
CHEMBL324926,COc1cc(Nc2ncc3cc(-c4c(Cl)cccc4Cl)c(=O)n(C)c3n2)cc(OC)c1,330.0,6.481486060122113,457.3170000000002,5.063100000000004
CHEMBL53311,Clc1ncc2ncnc(Nc3cccc(Br)c3)c2n1,82.0,7.086186147616283,336.58000000000004,3.579300000000001
CHEMBL62176,CN1C(=S)C(C(=O)Nc2ccccc2)c2ccccc21,1000.0,6.0,282.36800000000005,3.1861000000000015
CHEMBL130694,O=C(O)c1cc(/N=C/c2ccccc2O)ccc1O,20000.0,4.698970004336019,257.245,2.546600000000001
CHEMBL423159,COC(=O)c1cc(NCc2cccc(O)c2)ccc1O,21000.0,4.6777807052660805,273.28800000000007,2.4965000000000006
CHEMBL109759,CC(C)Nc1ncc2cc(-c3c(Cl)cccc3Cl)c(=O)n(C)c2n1,5000.0,5.301029995663981,363.2480000000001,4.122600000000003
CHEMBL299622,CNc1ncc2ncnc(Nc3cccc(Br)c3)c2n1,0.76,9.119186407719209,331.177,2.967600000000001
CHEMBL138363,C=C(C)C(=O)Nc1cc2c(Nc3cccc(Br)c3)ncnc2cn1,1.6,8.795880017344075,384.2370000000001,4.045500000000002
CHEMBL93464,C/C=C/C(=O)Nc1ccc2ncnc(Nc3cccc(Br)c3)c2c1,0.55,9.259637310505756,383.2490000000001,4.650500000000003
CHEMBL53831,Nc1ncc2ncnc(Nc3cccc(Br)c3)c2n1,1.5,8.823908740944319,317.15000000000003,2.5081000000000007
CHEMBL299881,Cc1cccc(Nc2ncnc3cnc(NCCN4CCOCC4)nc23)c1,2.3,8.638272163982407,365.44100000000026,2.2159199999999997
CHEMBL50027,Clc1ncc2ncnc(Nc3ccccc3)c2n1,2550.0,5.5934598195660445,257.684,2.8168000000000006
CHEMBL31965,C=CC(=O)Nc1cc2c(Nc3ccc(F)c(Cl)c3)ncnc2cc1OCCCN1CCOCC1,74.0,7.130768280269024,485.9470000000004,4.391500000000003
CHEMBL344486,CCOC(=O)/C=C/C(=O)Nc1ccc2ncnc(Nc3cccc(Br)c3)c2c1,2.7,8.568636235841012,441.2850000000001,4.193700000000002
CHEMBL138940,O=C(/C=C/C(=O)Nc1cc2c(Nc3ccc(F)c(Cl)c3)ncnc2cn1)NCCCN1CCOCC1,0.61,9.214670164989233,513.9610000000004,2.894100000000001
CHEMBL321193,Cn1c(=O)c(-c2c(Cl)cccc2Cl)cc2cnc(Nc3cccc(O)c3)nc21,150.0,6.823908740944319,413.2640000000001,4.751500000000003
CHEMBL419022,CCOC(=O)CCCc1ccc(Nc2ncc3cc(-c4c(Cl)cccc4Cl)c(=O)n(C)c3n2)cc1,700.0,6.154901959985743,511.4090000000003,5.931700000000005
CHEMBL53426,Brc1cccc(Nc2ncnc3cnc(NCCc4c[nH]cn4)nc23)c1,0.25,9.602059991327963,411.26700000000017,3.3035999999999994
CHEMBL53711,CN(C)c1cc2c(Nc3cccc(Br)c3)ncnc2cn1,2.6,8.585026652029182,344.216,3.5969000000000015
CHEMBL344177,O=C(/C=C/Cl)Nc1cc2c(Nc3cccc(Br)c3)ncnc2cn1,0.69,9.161150909262744,404.6550000000001,4.2219000000000015
CHEMBL136178,CC(=O)/C=C/C(=O)Nc1ccc2ncnc(Nc3cccc(Br)c3)c2c1,1.2,8.920818753952375,411.25900000000007,4.2196000000000025
CHEMBL136511,C=CS(=O)(=O)Nc1ccc2ncnc(Nc3cccc(Br)c3)c2c1,1.4,8.853871964321762,405.2770000000001,4.0211000000000015
CHEMBL416307,Cc1cccc(Nc2ncnc3cnc(NCCc4c[nH]cn4)nc23)c1,3.0,8.522878745280337,346.398,2.84952
CHEMBL64165,Cc1cccc2c(C(=O)Nc3ccccc3)c(SSc3c(C(=O)Nc4ccccc4)c4cccc(C)c4n3C)n(C)c12,100000.0,4.0,590.774,8.590840000000002
CHEMBL130116,O=C(O)c1cccc(/N=C/c2cc(O)ccc2O)c1,20000.0,4.698970004336019,257.245,2.5465999999999998
CHEMBL44,O=c1c(-c2ccc(O)cc2)coc2cc(O)cc(O)c12,1000.0,6.0,270.24,2.576800000000001
CHEMBL136102,CN(C)CCCNC(=O)/C=C/C(=O)N(C)c1cc2c(Nc3cccc(Br)c3)ncnc2cn1,1.45,8.838631997765026,512.412,3.117800000000001
CHEMBL336264,C=CS(=O)(=O)c1cc2c(Nc3cccc(Br)c3)ncnc2cn1,0.43,9.366531544420413,391.25000000000006,3.448100000000002
CHEMBL104153,COc1ccc(Nc2ncc3cc(-c4c(Cl)cccc4Cl)c(=O)n(C)c3n2)cc1,220.0,6.657577319177793,427.2910000000001,5.054500000000003
CHEMBL53156,CNc1ccc2ncnc(Nc3cccc(Br)c3)c2n1,3.1,8.508638306165727,330.1890000000001,3.5726000000000013
CHEMBL95774,C=CC(=O)Nc1cc2c(Nc3ccc(F)c(Cl)c3)c(C#N)cnc2cc1OCCCN1CCOCC1,80.0,7.096910013008056,509.96900000000045,4.868180000000005
CHEMBL130893,COC(=O)c1ccc(/N=C/c2cc(O)ccc2O)cc1O,10000.0,5.0,287.271,2.3406000000000007
CHEMBL129907,O=C(O)c1cccc(NCc2cc(O)ccc2O)c1,20000.0,4.698970004336019,259.26099999999997,2.4081
CHEMBL131653,COC(=O)c1cc(NCc2cc(O)ccc2O)ccc1O,9000.0,5.045757490560675,289.28700000000003,2.2021
CHEMBL268868,O=C1NC(=O)c2cc(Nc3ccccc3)c(Nc3ccccc3)cc21,300.0,6.522878745280337,329.35900000000004,4.057400000000001
CHEMBL7352,COc1ccc(Nc2cc3c(cc2Nc2ccc(OC)cc2)C(=O)NC3=O)cc1,50000.0,4.301029995663981,389.4110000000001,4.074600000000001
CHEMBL7775,CN(c1ccccc1)c1cc2c(cc1Nc1ccccc1)C(=O)NC2=O,8700.0,5.060480747381382,343.3860000000001,4.081700000000002
CHEMBL8222,COC(=O)c1cc(Nc2ccccc2)c(Nc2ccccc2)cc1C(=O)OC,100000.0,4.0,376.41200000000015,4.747000000000003
CHEMBL60200,Cc1ccc2c(c1)c(C(=O)Nc1ccccc1)c(SSc1c(C(=O)Nc3ccccc3)c3cc(C)ccc3n1C)n2C,100000.0,4.0,590.7740000000001,8.590840000000002
CHEMBL61119,CC(=O)Oc1ccc2c(c1)c(C(=O)Nc1ccccc1)c(SSc1c(C(=O)Nc3ccccc3)c3cc(OC(C)=O)ccc3n1C)n2C,5300.0,5.275724130399211,678.792,7.824600000000006
CHEMBL64231,Cn1c(SSCc2ccccc2)c(C(=O)Nc2ccccc2)c2ccccc21,100000.0,4.0,404.5600000000002,6.371100000000004
CHEMBL335440,O=S(=O)(CCO)c1cc2c(Nc3cccc(Br)c3)ncnc2cn1,93.5,7.029188389127482,409.2650000000001,2.2969
CHEMBL50647,Cn1c(=O)c(-c2c(Cl)cccc2Cl)cc2cnc(Nc3ccc(CC(=O)O)cc3)nc21,220.0,6.657577319177793,455.3010000000002,4.673000000000004
CHEMBL320705,COc1ccccc1Nc1ncc2cc(-c3c(Cl)cccc3Cl)c(=O)n(C)c2n1,66.0,7.180456064458132,427.2910000000001,5.054500000000003
CHEMBL51228,Brc1cccc(Nc2ncnc3cnc(NCCCn4ccnc4)nc23)c1,2.3,8.638272163982407,425.2940000000002,3.6246
CHEMBL130117,COC(=O)c1cc(/N=C/c2ccc(O)cc2)ccc1O,10000.0,5.0,271.272,2.635000000000001
CHEMBL129930,COC(=O)c1cc(NCc2cc(O)ccc2O)ccc1OC,9500.0,5.022276394711152,303.3140000000001,2.5051000000000005
CHEMBL48172,Cn1c(=O)c(-c2c(Cl)cccc2Cl)cc2cnc(NCCCN3CCOCC3)nc21,5000.0,5.301029995663981,448.3540000000004,3.4365000000000014
CHEMBL113863,Cn1c(=O)c(-c2c(Cl)cccc2Cl)cc2cnc(NCCCCCC(=O)O)nc21,1000.0,6.0,435.3110000000003,4.359200000000002
CHEMBL553,C#Cc1cccc(Nc2ncnc3cc(OCCOC)c(OCCOC)cc23)c1,1450.0,5.838631997765025,393.4430000000002,3.405100000000002
CHEMBL62699,CN1C(=S)C(C(=O)Nc2ccccc2)c2cccnc21,100000.0,4.0,283.35600000000005,2.581100000000001
CHEMBL92086,C=C(C)C(=O)Nc1ccc2ncnc(Nc3cccc(Br)c3)c2c1,1.2,8.920818753952375,383.249,4.650500000000003
CHEMBL109631,Cn1c(=O)c(-c2c(Cl)cccc2Cl)cc2cnc(Nc3cccc(C(=O)O)c3)nc21,190.0,6.721246399047171,441.27400000000017,4.744100000000002
CHEMBL52015,CN(C)c1ccc2ncnc(Nc3cccc(Br)c3)c2c1,84.0,7.075720713938118,343.228,4.201900000000003
CHEMBL53796,CN(C)c1ccc2ncnc(Nc3cccc(Br)c3)c2n1,9.6,8.017728766960431,344.216,3.5969000000000015
CHEMBL51853,Nc1cc2c(Nc3cccc(Br)c3)ncnc2cn1,0.13,9.886056647693163,316.16200000000003,3.113100000000001
CHEMBL294205,COc1cccc2c1c(C(=O)Nc1ccccc1)c(SSc1c(C(=O)Nc3ccccc3)c3c(OC)cccc3n1C)n2C,100000.0,4.0,622.772,7.9912000000000045
CHEMBL293913,Cn1c(SSc2c(C(=O)Nc3ccccc3)c3ccc(O)cc3n2C)c(C(=O)Nc2ccccc2)c2ccc(O)cc21,44000.0,4.356547323513812,594.7180000000003,7.3852000000000055
CHEMBL133283,COC(=O)c1ccc(NCc2cc(O)ccc2O)cc1O,10000.0,5.0,289.28700000000003,2.2021
CHEMBL7914,Cc1ccc(Nc2cc3c(cc2Nc2ccc(C)cc2)C(=O)NC3=O)cc1,2500.0,5.6020599913279625,357.4130000000001,4.674240000000003
CHEMBL7929,O=C1NC(=O)c2cc(Nc3ccc(-c4ccccc4)cc3)c(Nc3ccc(-c4ccccc4)cc3)cc21,50000.0,4.301029995663981,481.5550000000002,7.391400000000005
CHEMBL334801,CN(C)CCCNC(=O)/C=C/C(=O)Nc1cc2c(Nc3cccc(Br)c3)ncnc2cn1,1.1,8.958607314841775,498.3850000000001,3.0935000000000006
CHEMBL111618,Cn1c(=O)c(-c2c(Cl)cccc2Cl)cc2cnc(NCCO)nc21,5000.0,5.301029995663981,365.22000000000014,2.7065000000000006
CHEMBL325589,Cn1c(=O)c(-c2c(Cl)cccc2Cl)cc2cnc(Nc3cccnc3)nc21,510.0,6.292429823902063,398.2530000000001,4.440900000000003
CHEMBL99024,COc1cc2ncc(C#N)c(Nc3ccc(F)c(Cl)c3)c2cc1OCCCN1CCOCC1,1040.0,5.982966660701219,470.9320000000004,4.752280000000004
CHEMBL59812,CC(=O)Oc1cccc2c1c(C(=O)Nc1ccccc1)c(SSc1c(C(=O)Nc3ccccc3)c3c(OC(C)=O)cccc3n1C)n2C,20000.0,4.698970004336019,678.792,7.824600000000006
CHEMBL130337,COC(=O)c1cc(NCc2ccc(O)cc2)ccc1O,10000.0,5.0,273.28800000000007,2.4965000000000006
CHEMBL434828,O=C(/C=C/c1ccccc1)Nc1cc2c(Nc3cccc(Br)c3)ncnc2cn1,9.1,8.040958607678906,446.3080000000001,5.182800000000003
CHEMBL49596,Cn1c(=O)c(-c2c(Cl)cccc2Cl)cc2cnc(N)nc21,5600.0,5.251811972993799,321.1670000000001,2.8845
CHEMBL50519,COc1ccc2ncnc(Nc3cccc(Br)c3)c2n1,4.3,8.366531544420413,331.17300000000006,3.539500000000002
CHEMBL63455,Cn1c(SSc2c(C(=O)Nc3ccccc3)c3cc(F)ccc3n2C)c(C(=O)Nc2ccccc2)c2cc(F)ccc21,100000.0,4.0,598.7000000000003,8.252200000000002
CHEMBL293250,Cn1c(SSc2c(C(=O)Nc3ccccc3)c3cc(O)ccc3n2C)c(C(=O)Nc2ccccc2)c2cc(O)ccc21,40500.0,4.392544976785332,594.7180000000003,7.3852000000000055
CHEMBL62701,Cn1c(SSc2c(C(=O)Nc3ccccc3)c3cccnc3n2C)c(C(=O)Nc2ccccc2)c2cccnc21,22300.0,4.651695136951839,564.6960000000003,6.764000000000005
CHEMBL51659,C=CC(=O)Nc1cc2c(Nc3cccc(Br)c3)ncnc2cn1,0.91,9.040958607678906,370.21000000000004,3.655400000000002
CHEMBL135142,O=C(/C=C/C(F)(F)F)Nc1ccc2ncnc(Nc3cccc(Br)c3)c2c1,1.75,8.756961951313706,437.21900000000016,5.192900000000002
CHEMBL343722,C=C=CC(=O)Nc1ccc2ncnc(Nc3cccc(Br)c3)c2c1,1.6,8.795880017344075,381.23300000000006,4.415500000000002
CHEMBL448154,CCn1c(=O)c(-c2c(Cl)cccc2Cl)cc2cnc(Nc3ccncc3)nc21,490.0,6.309803919971486,412.2800000000001,4.923800000000003
CHEMBL303127,Cn1c(SSc2c(C(=O)Nc3ccccc3)c3ccc(Cl)cc3n2C)c(C(=O)Nc2ccccc2)c2ccc(Cl)cc21,100000.0,4.0,631.6100000000001,9.280799999999996
CHEMBL50470,CCN(CC)CCCNc1ncc2cc(-c3c(Cl)cccc3Cl)c(=O)n(C)c2n1,1400.0,5.853871964321762,434.37100000000015,4.446100000000003
CHEMBL104244,CN1CCN(CCCCNc2ncc3cc(-c4c(Cl)cccc4Cl)c(=O)n(C)c3n2)CC1,210.0,6.6777807052660805,475.42400000000026,3.7418000000000013
CHEMBL53777,CN(C)c1ncc2ncnc(Nc3cccc(Br)c3)c2n1,0.95,9.022276394711152,345.20400000000006,2.9919000000000002
CHEMBL293889,Cn1c(SSc2c(C(=O)Nc3ccccc3)c3cc(Cl)ccc3n2C)c(C(=O)Nc2ccccc2)c2cc(Cl)ccc21,4300.0,5.366531544420414,631.6100000000001,9.280799999999996
CHEMBL61278,Cn1c(SSc2c(C(=O)Nc3ccccc3)c3cc(C(F)(F)F)ccc3n2C)c(C(=O)Nc2ccccc2)c2cc(C(F)(F)F)ccc21,100000.0,4.0,698.7140000000003,10.011599999999993
CHEMBL267869,N#Cc1ccc(Nc2cc3c(cc2Nc2ccc(C#N)cc2)C(=O)NC3=O)cc1,100000.0,4.0,379.3790000000001,3.800760000000002
CHEMBL140561,CN(C)CCCOC(=O)/C=C/C(=O)Nc1ccc2ncnc(Nc3cccc(Br)c3)c2c1,2.4,8.619788758288394,498.38100000000014,4.125500000000002
CHEMBL345077,C=C[S+]([O-])c1cc2c(Nc3cccc(Br)c3)ncnc2cn1,4.6,8.337242168318426,375.25100000000003,3.782000000000002
CHEMBL107472,CNc1ncc2cc(-c3c(Cl)cccc3Cl)c(=O)n(C)c2n1,7500.0,5.1249387366083,335.1940000000001,3.344000000000001
CHEMBL326041,Cn1c(=O)c(-c2c(Cl)cccc2Cl)cc2cnc(NCc3ccccn3)nc21,5000.0,5.301029995663981,412.28000000000014,4.309400000000003
CHEMBL111247,Cn1c(=O)c(-c2c(Cl)cccc2Cl)cc2cnc(Nc3ccc(Cl)cc3)nc21,5000.0,5.301029995663981,431.71000000000015,5.699300000000003
CHEMBL139044,C=C/C=C/C(=O)Nc1cc2c(Nc3cccc(Br)c3)ncnc2cn1,1.1,8.958607314841775,396.24800000000005,4.2116000000000025
CHEMBL139095,C=CS(=O)(=O)Nc1cc2c(Nc3cccc(Br)c3)ncnc2cn1,0.76,9.119186407719209,406.2650000000001,3.416100000000001
CHEMBL113070,Cn1c(=O)c(-c2c(Cl)cccc2Cl)cc2cnc(Nc3ccc(CCCC(=O)O)cc3)nc21,80.0,7.096910013008056,483.3550000000003,5.453200000000004
CHEMBL104779,Cn1c(=O)c(-c2c(Cl)cccc2Cl)cc2cnc(Nc3ccncc3)nc21,910.0,6.040958607678906,398.2530000000001,4.440900000000003
CHEMBL64781,Cn1c(SSc2ccccc2)c(C(=O)Nc2ccccc2)c2ccccc21,100000.0,4.0,390.53300000000013,6.230000000000004
CHEMBL319620,O=C(O)c1cc(NCc2cc(O)ccc2O)ccc1O,92000.0,4.036212172654444,275.26000000000005,2.1137
CHEMBL266255,O=C1NC(=O)c2cc3c(cc21)N(c1ccccc1)CCN3c1ccccc1,100000.0,4.0,355.3970000000001,3.860000000000003
CHEMBL134371,O=C(O)/C=C/C(=O)Nc1ccc2ncnc(Nc3cccc(Br)c3)c2c1,0.37,9.431798275933005,413.2310000000001,3.715200000000001
CHEMBL301612,Cn1c(=O)c(-c2c(Cl)cccc2Cl)cc2cnc(Nc3ccccc3)nc21,260.0,6.585026652029182,397.2650000000001,5.045900000000003
CHEMBL50344,CNc1ccc2ncnc(Nc3cccc(Br)c3)c2c1,11.0,7.958607314841775,329.2010000000001,4.177600000000002
CHEMBL293251,Cn1c(SSc2c(C(=O)Nc3ccccc3)c3cc(Br)ccc3n2C)c(C(=O)Nc2ccccc2)c2cc(Br)ccc21,11400.0,4.943095148663527,720.5120000000002,9.498999999999995
CHEMBL294341,COc1ccc2c(c1)c(C(=O)Nc1ccccc1)c(SSc1c(C(=O)Nc3ccccc3)c3cc(OC)ccc3n1C)n2C,100000.0,4.0,622.772,7.9912000000000045
CHEMBL60472,COc1ccc2c(C(=O)Nc3ccccc3)c(SSc3c(C(=O)Nc4ccccc4)c4ccc(OC)cc4n3C)n(C)c2c1,3600.0,5.443697499232712,622.772,7.991200000000006
CHEMBL131407,O=C(O)c1cc(NCc2ccccc2O)ccc1O,20000.0,4.698970004336019,259.261,2.4081000000000006
CHEMBL342828,O=C(/C=C/C(=O)Nc1cc2c(Nc3cccc(Br)c3)ncnc2cn1)NCCCn1ccnc1,0.56,9.2518119729938,521.3790000000002,3.428600000000001
CHEMBL299194,CN1CCN(CCCNc2ncc3cc(-c4c(Cl)cccc4Cl)c(=O)n(C)c3n2)CC1,8700.0,5.060480747381382,461.3970000000002,3.351700000000001
CHEMBL323699,Cn1c(=O)c(-c2c(Cl)cccc2Cl)cc2cnc(NCCc3ccccn3)nc21,5000.0,5.301029995663981,426.3070000000002,4.351900000000003
CHEMBL54067,CN(C)CCNc1ncc2ncnc(Nc3cccc(Br)c3)c2n1,35.0,7.455931955649724,388.2730000000001,2.8994
CHEMBL291359,CC(=O)Oc1cccc2c(C(=O)Nc3ccccc3)c(SSc3c(C(=O)Nc4ccccc4)c4cccc(OC(C)=O)c4n3C)n(C)c12,9900.0,5.00436480540245,678.7919999999999,7.824600000000006
CHEMBL335074,COC(=O)c1cc(/N=C/c2ccccc2O)ccc1O,10000.0,5.0,271.272,2.635000000000001
CHEMBL109296,CCNc1ncc2cc(-c3c(Cl)cccc3Cl)c(=O)n(C)c2n1,4500.0,5.346787486224656,349.22100000000006,3.7341000000000015
CHEMBL111339,Cc1ccc(Nc2ncc3cc(-c4c(Cl)cccc4Cl)c(=O)n(C)c3n2)cc1,480.0,6.318758762624412,411.2920000000002,5.354320000000003
CHEMBL52197,COc1ccc2ncnc(Nc3cccc(Br)c3)c2c1,30.0,7.522878745280337,330.18500000000006,4.1445000000000025
CHEMBL109525,CCOC(=O)c1ccc(Nc2ncc3cc(-c4c(Cl)cccc4Cl)c(=O)n(C)c3n2)cc1,50000.0,4.301029995663981,469.32800000000015,5.2226000000000035
CHEMBL7939,O=C1NC(=O)c2cc(Nc3ccc(F)cc3)c(Nc3ccc(F)cc3)cc21,700.0,6.154901959985743,365.33900000000006,4.335600000000002
CHEMBL8163,O=C1NC(=O)c2cc(Nc3ccc(I)cc3)c(Nc3ccc(I)cc3)cc21,50000.0,4.301029995663981,581.1510000000001,5.266600000000002
CHEMBL8095,COc1ccc(Nc2cc3c(cc2Nc2ccccc2)C(=O)NC3=O)cc1,2000.0,5.698970004336019,359.3850000000001,4.066000000000002
CHEMBL268441,CC(=O)N(c1ccccc1)c1cc2c(cc1Nc1ccccc1)C(=O)NC2=O,50000.0,4.301029995663981,371.3960000000001,3.998400000000002
CHEMBL345109,CN(C)CCCNC(=O)/C=C/C(=O)Nc1ccc2ncnc(Nc3cccc(Br)c3)c2c1,0.44,9.356547323513812,497.3970000000001,3.698500000000001
CHEMBL607707,CCOc1cc2ncc(C#N)c(Nc3ccc(F)c(Cl)c3)c2cc1NC(=O)/C=C/CN(C)C,83.0,7.080921907623926,467.9320000000002,5.097580000000004
CHEMBL293986,Cn1c(SSc2c(C(=O)Nc3ccccc3)c3c(Cl)cccc3n2C)c(C(=O)Nc2ccccc2)c2c(Cl)cccc21,100000.0,4.0,631.6100000000001,9.280799999999996
CHEMBL8223,CCN(CC)c1ccc(Nc2cc3c(cc2Nc2ccc(N(CC)CC)cc2)C(=O)NC3=O)cc1,50000.0,4.301029995663981,471.60500000000025,5.749800000000005
CHEMBL8036,CN1C(=O)c2cc(Nc3ccccc3)c(Nc3ccccc3)cc2C1=O,50000.0,4.301029995663981,343.38600000000014,4.399600000000002
CHEMBL332269,CCCCNc1ncc2cc(-c3c(Cl)cccc3Cl)c(=O)n(C)c2n1,4400.0,5.356547323513812,377.27500000000015,4.514300000000003
CHEMBL300217,Nc1ccc2ncnc(Nc3cccc(Br)c3)c2n1,7.6,8.119186407719209,316.16200000000003,3.113100000000001
CHEMBL53753,CNc1cc2c(Nc3cccc(Br)c3)ncnc2cn1,0.008,11.096910013008056,330.189,3.572600000000002
CHEMBL300936,CC(C)(C)c1cnc(CSc2cnc(NC(=O)Cc3ccc(CNC(CO)CO)cc3)s2)o1,25000.0,4.6020599913279625,490.65100000000024,3.3449000000000018
CHEMBL428690,CN1CC[C@H](c2c(O)cc(O)c3c(=O)cc(-c4ccccc4Cl)oc23)[C@H](O)C1,7600.0,5.119186407719209,401.8460000000001,3.3046000000000015
CHEMBL14932,Oc1ccc2ncnc(Nc3ccc(OCc4ccccc4)cc3)c2c1,98.0,7.008773924307505,343.386,4.658000000000003
CHEMBL48085,Oc1cc(O)c2nc(-c3ccc(O)c(O)c3)sc2c1,130000.0,3.886056647693163,275.285,2.7857000000000003
CHEMBL38199,Brc1cccc(Nc2ncnc3cc4c(cnn4CCN4CCOCC4)cc23)c1,3.7,8.431798275933005,453.34400000000034,3.817800000000002
CHEMBL29197,COc1cc2ncnc(Nc3cccc(Br)c3)c2cc1OC,0.025,10.602059991327963,360.2110000000001,4.153100000000003
CHEMBL287007,CN(C)Cc1c[nH]c2cc3ncnc(Nc4cccc(Br)c4)c3cc12,2.6,8.585026652029182,396.2920000000001,4.6788000000000025
CHEMBL37346,Brc1cccc(Nc2ccnc3ccccc23)c1,5500.0,5.259637310505756,299.17100000000005,4.740900000000003
CHEMBL39563,Brc1cccc(Nc2nccc3ccccc23)c1,100000.0,4.0,299.17100000000005,4.740900000000003
CHEMBL15346,CS(=O)(=O)CCNCCCCOc1ccc2ncnc(Nc3ccc(OCc4ccccc4)cc3)c2c1,74.0,7.130768280269024,520.6550000000002,4.745600000000003
CHEMBL15202,COc1ccc2ncnc(Nc3ccc(OCc4ccccc4)cc3)c2c1,68.0,7.167491087293763,357.41300000000007,4.961000000000003
CHEMBL554,CS(=O)(=O)CCNCc1ccc(-c2ccc3ncnc(Nc4ccc(OCc5cccc(F)c5)c(Cl)c4)c3c2)o1,10.0,8.0,581.0690000000002,6.139100000000005
CHEMBL36819,O=C(O)Cn1ncc2cc3c(Nc4cccc(Br)c4)ncnc3cc21,53.0,7.275724130399211,398.2200000000001,3.5702000000000016
CHEMBL40130,Brc1cccc(Nc2ncnc3cc4c(ccn4CCN4CCOCC4)cc23)c1,3.7,8.431798275933005,452.35600000000034,4.422800000000003
CHEMBL35820,CCOc1cc2ncnc(Nc3cccc(Br)c3)c2cc1OCC,0.006,11.221848749616356,388.26500000000016,4.933300000000004
CHEMBL14627,O=C(NCCCCOc1ccc2ncnc(Nc3ccc(OCc4ccccc4)cc3)c2c1)C(F)(F)F,74.0,7.130768280269024,510.5160000000002,5.789900000000005
CHEMBL290096,Brc1cccc(Nc2ncnc3ccccc23)c1,27.0,7.568636235841013,300.15900000000005,4.135900000000001
CHEMBL289787,COc1cccc2c(Nc3cccc(Br)c3)ncnc12,10000.0,5.0,330.185,4.144500000000002
CHEMBL45564,Oc1ccc(-c2nc3c(O)cc(O)cc3s2)cc1,300000.0,3.5228787452803374,259.286,3.0801
CHEMBL37099,Cc1nc(Nc2cccc(Br)c2)c2ccccc2n1,10000.0,5.0,314.186,4.444320000000002
CHEMBL460731,CS(=O)(=O)CCNCCCCOc1ccc2ncnc(Nc3ccc(F)c(Cl)c3)c2c1,20.0,7.698970004336019,466.96600000000007,3.959100000000002
CHEMBL50,O=c1c(O)c(-c2ccc(O)c(O)c2)oc2cc(O)cc(O)c12,190000.0,3.721246399047171,302.23800000000006,1.988
CHEMBL37543,OCC(O)Cn1ncc2cc3c(Nc4cccc(Br)c4)ncnc3cc21,12.0,7.920818753952375,414.26300000000015,2.8388
CHEMBL287289,CN(C)CCCn1ccc2cc3c(Nc4cccc(Br)c4)ncnc3cc21,21.0,7.6777807052660805,424.3460000000001,5.042300000000004
CHEMBL514436,CS(=O)(=O)CCNCCCCOc1ccc2ncnc(Nc3ccc(OCc4cccc(F)c4)c(Cl)c3)c2c1,27.0,7.568636235841013,573.0900000000001,5.5381000000000045
CHEMBL39320,Cn1ncc2cc3c(Nc4cccc(Br)c4)ncnc3cc21,0.37,9.431798275933005,354.21100000000007,4.022600000000002
CHEMBL289162,O=C(O)Cn1ccc2cc3c(Nc4cccc(Br)c4)ncnc3cc21,5.1,8.292429823902063,397.2320000000001,4.175200000000002
CHEMBL14952,CS(=O)(=O)CCNCCCOc1ccc2ncnc(Nc3ccc(OCc4ccccc4)cc3)c2c1,104.0,6.982966660701219,506.6280000000002,4.355500000000003
CHEMBL37373,CN(C)CCn1ccc2cc3c(Nc4cccc(Br)c4)ncnc3cc21,41.0,7.3872161432802645,410.3190000000001,4.652200000000003
CHEMBL39715,COC(=O)CN(C)Cc1c[nH]c2cc3ncnc(Nc4cccc(Br)c4)c3cc12,3.4,8.468521082957745,454.32800000000015,4.222000000000002
CHEMBL289213,CN(CC(=O)O)Cc1c[nH]c2cc3ncnc(Nc4cccc(Br)c4)c3cc12,0.72,9.142667503568731,440.3010000000001,4.133600000000002
CHEMBL273789,CS(=O)(=O)CCN(CCCCOc1ccc2ncnc(Nc3ccc(OCc4ccccc4)cc3)c2c1)C(=O)C(F)(F)F,263.0,6.580044251510242,616.6620000000004,5.546900000000005
CHEMBL517907,C#Cc1cccc(Nc2ncnc3ccc(OCCCCNCCS(C)(=O)=O)cc23)c1,11.0,7.958607314841775,438.5530000000002,3.1479000000000017
CHEMBL460732,CS(=O)(=O)CCNCCCCOc1ccc2ncnc(Nc3ccc(S(=O)(=O)c4ccccc4)cc3)c2c1,93.0,7.031517051446065,554.6940000000002,3.9994000000000023
CHEMBL540701,C=CCOc1ccc2ncnc(Nc3ccc(OCc4ccccc4)cc3)c2c1,79.0,7.102372908709558,383.4510000000001,5.517200000000004
CHEMBL287832,CN(C)CCn1ncc2cc3c(Nc4cccc(Br)c4)ncnc3cc21,40.0,7.3979400086720375,411.30700000000013,4.047200000000002
CHEMBL39337,Brc1cccc(Nc2ncnc3cc4[nH]ncc4cc23)c1,0.44,9.356547323513812,340.184,4.012200000000001
CHEMBL40734,Brc1cccc(Nc2ncnc3cc4[nH]ccc4cc23)c1,0.44,9.356547323513812,339.196,4.617200000000001
CHEMBL39811,CN(C)CCN(C)Cc1c[nH]c2cc3ncnc(Nc4cccc(Br)c4)c3cc12,7.5,8.1249387366083,453.38800000000015,4.6106000000000025
CHEMBL36727,Cn1ccc2cc3c(Nc4cccc(Br)c4)ncnc3cc21,0.8,9.096910013008056,353.22300000000007,4.627600000000002
CHEMBL39355,Brc1cccc(Nc2ncnc3cc4c(cnn4CCCN4CCOCC4)cc23)c1,8.8,8.05551732784983,467.3710000000004,4.207900000000002
CHEMBL493428,CS(=O)(=O)CCNCCCCOc1ccc2ncnc(Nc3ccc4c(cnn4Cc4cccc(F)c4)c3)c2c1,24.0,7.619788758288394,562.6710000000002,4.703700000000003
CHEMBL44227,Oc1ccc(-c2nc3ccc(O)cc3s2)cc1,130000.0,3.886056647693163,243.28700000000003,3.3745000000000003
CHEMBL289959,c1ccc(Nc2ncnc3ccccc23)cc1,346.0,6.460923901207224,221.26300000000003,3.373400000000001
CHEMBL47966,Oc1ccc(/N=N/c2ccc(O)cc2O)cc1,58000.0,4.236572006437063,230.22300000000004,3.2188000000000008
CHEMBL14874,CN(CCCOc1ccc2ncnc(Nc3ccc(OCc4ccccc4)cc3)c2c1)CCS(C)(=O)=O,830.0,6.080921907623926,520.6550000000003,4.697700000000004
CHEMBL416611,OCC(O)Cn1ccc2cc3c(Nc4cccc(Br)c4)ncnc3cc21,1.6,8.795880017344075,413.2750000000001,3.4438000000000013
CHEMBL36967,Brc1cccc(Nc2ncnc3cc4[nH]cc(CN5CCOCC5)c4cc23)c1,4.8,8.318758762624412,438.3290000000003,4.4494000000000025
CHEMBL36164,OCCN(CCO)Cc1c[nH]c2cc3ncnc(Nc4cccc(Br)c4)c3cc12,3.5,8.455931955649724,456.3440000000001,3.4038000000000004
CHEMBL133498,CN1CC[C@H](c2c(O)cc(O)c3c(=O)cc(Oc4ccccc4Cl)oc23)[C@H](O)C1,50000.0,4.301029995663981,417.84500000000014,3.4299000000000017
CHEMBL334881,CN1CC[C@H](c2c(O)cc(O)c3c(=O)cc(Sc4ccccc4Cl)oc23)[C@H](O)C1,50000.0,4.301029995663981,433.9130000000001,3.788800000000001
CHEMBL1242973,COC(=O)[C@@]1(Cc2ccc(O)c(CC=C(C)C)c2)OC(=O)C(O)=C1c1ccc(O)cc1,590000.0,3.2291479883578558,424.4490000000002,3.5869000000000018
CHEMBL280074,Cn1cnc2c(NCc3ccccc3)nc(NCCO)nc21,440000.0,3.3565473235138126,298.35,1.3795999999999995
CHEMBL338448,CO[C@H]1[C@@H](N(C)C(=O)c2ccccc2)C[C@@H]2O[C@@]1(C)n1c3ccccc3c3c4c(c5c6ccccc6n2c5c31)C(=O)NC4,1900.0,5.721246399047171,570.6490000000002,5.906800000000007
CHEMBL131715,CO[C@H]1[C@@H](N(C)C(=O)c2ccc(Cl)cc2)C[C@@H]2O[C@@]1(C)n1c3ccccc3c3c4c(c5c6ccccc6n2c5c31)C(=O)NC4,7000.0,5.154901959985743,605.0940000000002,6.560200000000006
CHEMBL435809,CO[C@H]1[C@@H](N(C)C(=O)c2ccc(C(=O)O)cc2)C[C@@H]2O[C@@]1(C)n1c3ccccc3c3c4c(c5c6ccccc6n2c5c31)C(=O)NC4,110.0,6.958607314841775,614.658,5.605000000000006
CHEMBL57323,Cc1cccc(C)c1-c1cc2cnc(N)nc2nc1NC(=O)NC(C)(C)C,610.0,6.214670164989233,364.4530000000001,3.8108400000000016
CHEMBL57347,CN1CCN(CCCNc2ncc3cc(-c4c(Cl)cccc4Cl)c(NC(=O)NC(C)(C)C)nc3n2)CC1,150.0,6.823908740944319,545.519,4.968000000000003
CHEMBL75188,Cc1cc(C)c(C)c(-c2cc3cnc(NCCCN4CCN(C)CC4)nc3nc2NC(=O)NC(C)(C)C)c1C,7000.0,5.154901959985743,532.7370000000003,4.894880000000003
CHEMBL131020,CO[C@H]1[C@@H](N(C)S(C)(=O)=O)C[C@@H]2O[C@@]1(C)n1c3ccccc3c3c4c(c5c6ccccc6n2c5c31)C(=O)NC4,1100.0,5.958607314841775,544.6330000000002,4.0260000000000025
CHEMBL131590,CO[C@H]1[C@@H](N(C)C(=O)c2ccccc2Cl)C[C@@H]2O[C@@]1(C)n1c3ccccc3c3c4c(c5c6ccccc6n2c5c31)C(=O)NC4,4700.0,5.327902142064283,605.0940000000002,6.560200000000006
CHEMBL160846,CS(=O)(=O)CCNc1nc(-c2ccc3ncnc(Nc4ccc(OCc5ccccc5)c(Cl)c4)c3c2)cs1,8.0,8.096910013008056,566.1080000000003,6.185800000000005
CHEMBL26001,O=P(O)(O)C(O)c1ccc2ccccc2c1,250000.0,3.6020599913279625,238.179,2.008399999999999
CHEMBL444337,COC(=O)CN(C)[C@H]1C[C@@H]2O[C@](C)([C@H]1OC)n1c3ccccc3c3c4c(c5c6ccccc6n2c5c31)C(=O)NC4,1300.0,5.886056647693163,538.6040000000003,4.239400000000003
CHEMBL422347,CS(=O)(=O)CCNc1nc(-c2ccc3ncnc(Nc4ccc(OCc5ccccc5)cc4)c3c2)cs1,82.0,7.086186147616283,531.6630000000002,5.532400000000004
CHEMBL131426,CO[C@H]1[C@@H](N(C)CCC#N)C[C@@H]2O[C@@]1(C)n1c3ccccc3c3c4c(c5c6ccccc6n2c5c31)C(=O)NC4,1100.0,5.958607314841775,519.6050000000002,4.9800800000000045
CHEMBL160303,CS(=O)(=O)CCNc1nc(-c2ccc3ncnc(Nc4ccc5c(cnn5Cc5ccccc5)c4)c3c2)cs1,71.0,7.1487416512809245,555.6890000000003,5.351400000000004
CHEMBL338935,CO[C@H]1[C@@H](N(C)C(=O)CN)C[C@@H]2O[C@@]1(C)n1c3ccccc3c3c4c(c5c6ccccc6n2c5c31)C(=O)NC4,220.0,6.657577319177793,523.5930000000002,3.551700000000003
CHEMBL269620,CS(=O)(=O)CCNc1nc(-c2ccc3ncnc(Nc4ccc(OCc5cccc(C(F)(F)F)c5)cc4)c3c2)cs1,540.0,6.267606240177032,599.6600000000002,6.551200000000005
CHEMBL335012,CO[C@H]1[C@@H](N(C)C(=O)c2cccnc2)C[C@@H]2O[C@@]1(C)n1c3ccccc3c3c4c(c5c6ccccc6n2c5c31)C(=O)NC4,8180.0,5.087246696328677,571.6370000000002,5.301800000000005
CHEMBL76599,CC(C)(C)NC(=O)Nc1nc2nc(N)ncc2cc1-c1ccccc1,5530.0,5.257274868695301,336.39900000000006,3.194000000000001
CHEMBL299026,CCN(CC)CCCNc1ncc2cc(-c3c(Cl)cccc3Cl)c(NC(=O)NC(C)(C)C)nc2n1,6200.0,5.207608310501746,518.4930000000002,6.062400000000005
CHEMBL132348,CO[C@H]1[C@@H](N(C)CC(=O)O)C[C@@H]2O[C@@]1(C)n1c3ccccc3c3c4c(c5c6ccccc6n2c5c31)C(=O)NC4,31.0,7.508638306165727,524.5770000000002,4.1510000000000025
CHEMBL132169,COc1ccc(C(=O)N(C)[C@H]2C[C@@H]3O[C@](C)([C@H]2OC)n2c4ccccc4c4c5c(c6c7ccccc7n3c6c42)C(=O)NC5)cc1,3600.0,5.443697499232712,600.6750000000002,5.915400000000006
CHEMBL335648,CO[C@H]1[C@@H]([N+](C)(C)C)C[C@@H]2O[C@@]1(C)n1c3ccccc3c3c4c(c5c6ccccc6n2c5c31)C(=O)NC4,19.0,7.721246399047171,495.6030000000003,4.840800000000004
CHEMBL299763,COc1cc(OC)cc(-c2cc3cnc(N)nc3nc2NC(=O)NC(C)(C)C)c1,50000.0,4.301029995663981,396.45100000000014,3.2112000000000016
CHEMBL155761,CS(=O)(=O)CCNc1nc(-c2ccc3ncnc(Nc4ccc(OCc5cccc(F)c5)c(Cl)c4)c3c2)cs1,10.0,8.0,584.0980000000002,6.324900000000005
CHEMBL45827,CCN(CC)CCCCNc1ncc2cc(-c3c(Cl)cccc3Cl)c(NC(=O)NC(C)(C)C)nc2n1,240.0,6.619788758288394,532.5200000000002,6.452500000000005
CHEMBL335718,CCCCC(O)CN(C)[C@H]1C[C@@H]2O[C@](C)([C@H]1OC)n1c3ccccc3c3c4c(c5c6ccccc6n2c5c31)C(=O)NC4,1300.0,5.886056647693163,566.7020000000002,5.617500000000005
CHEMBL130163,CO[C@H]1[C@@H](N(C)C(C)=O)C[C@@H]2O[C@@]1(C)n1c3ccccc3c3c4c(c5c6ccccc6n2c5c31)C(=O)NC4,2600.0,5.585026652029182,508.5780000000003,4.612900000000003
CHEMBL335932,CO[C@H]1[C@@H](N(C)C(=O)C(F)(F)F)C[C@@H]2O[C@@]1(C)n1c3ccccc3c3c4c(c5c6ccccc6n2c5c31)C(=O)NC4,6400.0,5.1938200260161125,562.5480000000001,5.155300000000005
CHEMBL336192,COC(=O)c1ccc(C(=O)N(C)[C@H]2C[C@@H]3O[C@](C)([C@H]2OC)n2c4ccccc4c4c5c(c6c7ccccc7n3c6c42)C(=O)NC5)cc1,7400.0,5.130768280269024,628.6850000000001,5.693400000000006
CHEMBL157084,CS(=O)(=O)CCNc1nc(-c2ccc3ncnc(Nc4ccc(F)c(Cl)c4)c3c2)cs1,35.0,7.455931955649724,477.9740000000001,4.7459000000000024
CHEMBL388978,CN[C@@H]1C[C@H]2O[C@@](C)([C@@H]1OC)n1c3ccccc3c3c4c(c5c6ccccc6n2c5c31)C(=O)NC4,100.0,7.0,466.5410000000003,4.354000000000003
CHEMBL129946,CCN(C)[C@H]1C[C@@H]2O[C@](C)([C@H]1OC)n1c3ccccc3c3c4c(c5c6ccccc6n2c5c31)C(=O)NC4,330.0,6.481486060122113,494.5950000000003,5.086300000000004
CHEMBL337027,CO[C@H]1[C@@H](N(C)C(=O)CCC(=O)O)C[C@@H]2O[C@@]1(C)n1c3ccccc3c3c4c(c5c6ccccc6n2c5c31)C(=O)NC4,160.0,6.795880017344075,566.6140000000001,4.457800000000002
CHEMBL338449,CO[C@H]1[C@@H](N(C)C(=O)OC(C)(C)C)C[C@@H]2O[C@@]1(C)n1c3ccccc3c3c4c(c5c6ccccc6n2c5c31)C(=O)NC4,13500.0,4.8696662315049934,566.6580000000001,6.001500000000006
CHEMBL130049,COC(=O)N(C)[C@H]1C[C@@H]2O[C@](C)([C@H]1OC)n1c3ccccc3c3c4c(c5c6ccccc6n2c5c31)C(=O)NC4,2400.0,5.619788758288394,524.5770000000002,4.832800000000003
CHEMBL56236,Cc1cc(C)c(C)c(-c2cc3cnc(N)nc3nc2NC(=O)NC(C)(C)C)c1C,6680.0,5.175223537524454,392.5070000000002,4.427680000000001
CHEMBL335931,CO[C@H]1[C@@H](N(C)C(=O)CNC(=O)OC(C)(C)C)C[C@@H]2O[C@@]1(C)n1c3ccccc3c3c4c(c5c6ccccc6n2c5c31)C(=O)NC4,3500.0,5.455931955649724,623.71,5.117700000000004
CHEMBL132170,CO[C@H]1[C@@H](N(C)C(=O)c2cc([N+](=O)[O-])cc([N+](=O)[O-])c2)C[C@@H]2O[C@@]1(C)n1c3ccccc3c3c4c(c5c6ccccc6n2c5c31)C(=O)NC4,70000.0,4.154901959985743,660.6430000000001,5.7232000000000065
CHEMBL337026,CN[C@H]1C[C@@H]2O[C@](C)([C@H]1OC)n1c3ccccc3c3c4c(c5c6ccccc6n2c5c31)C(=O)NC4=O,200.0,6.698970004336019,480.5240000000003,3.994200000000002
CHEMBL340611,CC[N+](C)(C)[C@H]1C[C@@H]2O[C@](C)([C@H]1OC)n1c3ccccc3c3c4c(c5c6ccccc6n2c5c31)C(=O)NC4,43.0,7.366531544420414,509.6300000000003,5.2309000000000045
CHEMBL56543,N#C/C(=C\c1ccc(O)c(O)c1)C(=O)NCc1ccccc1,7000.0,5.154901959985743,294.31,2.32118
CHEMBL131456,COC(=O)CN1Cc2c(c3c4ccccc4n4c3c3c2c2ccccc2n3[C@]2(C)O[C@H]4C[C@H](N(C)C(=O)c3ccccc3)[C@@H]2OC)C1=O,100000.0,4.0,642.7120000000003,5.792200000000006
CHEMBL338944,CO[C@H]1[C@@H](N(C)C(=O)c2cccc(Cl)c2)C[C@@H]2O[C@@]1(C)n1c3ccccc3c3c4c(c5c6ccccc6n2c5c31)C(=O)NC4,4600.0,5.337242168318426,605.0940000000002,6.560200000000006
CHEMBL57366,CC(C)(C)NC(=O)Nc1nc2nc(N)ncc2cc1-c1c(Cl)cccc1Cl,450.0,6.346787486224656,405.2890000000001,4.500800000000003
CHEMBL337297,CO[C@H]1[C@@H](N(C)C(=O)c2cnccn2)C[C@@H]2O[C@@]1(C)n1c3ccccc3c3c4c(c5c6ccccc6n2c5c31)C(=O)NC4,8180.0,5.087246696328677,572.6250000000002,4.696800000000004
CHEMBL338049,CN[C@H]1C[C@@H]2O[C@](C)([C@H]1OC)n1c3ccccc3c3c4c(c5c6ccccc6n2c5c31)C(=O)N[C@@H]4O,17.0,7.769551078621726,482.54000000000025,3.844900000000002
CHEMBL432738,CCNC(=O)Nc1nc2nc(N)ncc2cc1-c1c(Cl)cccc1Cl,1360.0,5.866461091629782,377.235,3.7222000000000017
CHEMBL131193,CO[C@H]1[C@@H](N(C)Cc2ccccc2)C[C@@H]2O[C@@]1(C)n1c3ccccc3c3c4c(c5c6ccccc6n2c5c31)C(=O)NC4,910.0,6.040958607678906,556.6660000000002,6.2666000000000075
CHEMBL337035,CNC(=S)N(C)[C@H]1C[C@@H]2O[C@](C)([C@H]1OC)n1c3ccccc3c3c4c(c5c6ccccc6n2c5c31)C(=O)NC4,12500.0,4.903089986991944,539.6610000000003,4.570700000000003
CHEMBL415233,CO[C@H]1[C@@H](N(C)C(=O)c2ccccc2)C[C@@H]2O[C@@]1(C)n1c3ccccc3c3c4c(c5c6ccccc6n2c5c31)C(=O)N(Cc1ccccc1)C4,100000.0,4.0,660.7740000000001,7.81940000000001
CHEMBL338155,CN[C@H]1C[C@@H]2O[C@](C)([C@H]1OC)n1c3ccccc3c3c4c(c5c6ccccc6n2c5c31)[C@H](O)NC4=O,260.0,6.585026652029182,482.54000000000025,3.844900000000002
CHEMBL301483,CCNC(=O)Nc1nc2nc(NCCCCN(CC)CC)ncc2cc1-c1c(Cl)cccc1Cl,1260.0,5.8996294548824375,504.46600000000024,5.673900000000004
CHEMBL130208,CO[C@H]1[C@@H](N(C)C(=O)c2cccc([N+](=O)[O-])c2)C[C@@H]2O[C@@]1(C)n1c3ccccc3c3c4c(c5c6ccccc6n2c5c31)C(=O)NC4,4800.0,5.318758762624412,615.6460000000001,5.815000000000007
CHEMBL304668,COc1cc2cc(-c3cccnc3)cnc2cc1OC,25000.0,4.6020599913279625,266.3,3.314000000000002
CHEMBL55993,Cc1cc(C)c(C(=O)/C(C#N)=C/c2ccc(O)c(O)c2)c(C)c1,19054.61,4.719999935717911,307.34900000000005,3.812940000000003
CHEMBL66925,COc1ccc(-c2cnc3cc(OC)c(OC)cc3c2)cc1C,20000.0,4.698970004336019,309.36500000000007,4.2360200000000034
CHEMBL55360,Cc1cccc(C)c1NC(=O)/C(C#N)=C/c1ccc(O)c(O)c1,10232.93,4.989999996723885,308.33700000000005,3.260320000000002
CHEMBL56731,N#C/C(=C\c1ccc(O)c(O)c1)C(=O)Nc1ccccc1,1258.93,5.899998417198648,280.283,2.6434800000000003
CHEMBL333454,COc1cc(/C=C(\C#N)C(N)=O)cc(CSc2ccc(C)cc2)c1O,1737.8,5.760000207113128,354.43100000000004,3.393800000000003
CHEMBL122522,COc1cc(C=C(C#N)C#N)cc(CSc2ccccc2)c1O,6760.83,5.169999984192581,322.389,4.123660000000004
CHEMBL56219,N#C/C(=C\c1ccc(O)c(O)c1)C(=O)Nc1ccccc1Cl,2089.3,5.679999195735272,314.72800000000007,3.2968800000000007
CHEMBL118205,COc1cc(/C=C(\C#N)C(N)=O)cc(CSc2nc3ccccc3o2)c1O,5248.07,5.280000380871156,381.41300000000007,3.2265800000000016
CHEMBL2448064,COc1cc2c(Nc3ccc(Cl)cc3F)ncnc2cc1OCC1CCNCC1.Cl,300.0,6.522878745280337,453.3450000000003,4.974700000000005
CHEMBL308879,COc1cc2cc(O)cnc2cc1OC,20000.0,4.698970004336019,205.21299999999997,1.9575999999999996
CHEMBL417740,COc1cc2cc(-c3ccc4ccccc4c3)cnc2cc1OC,20000.0,4.698970004336019,315.3720000000001,5.072200000000004
CHEMBL70130,COc1ccc(-c2cnc3cc(OC)c(OC)cc3c2)cc1,20000.0,4.698970004336019,295.338,3.9276000000000026
CHEMBL66107,COc1cc2cc(-c3cc(OC)c(OC)c(OC)c3)cnc2cc1OC,20000.0,4.698970004336019,355.39000000000004,3.9448000000000025
CHEMBL25579,COc1cc2c(Nc3ccc(Cl)cc3F)ncnc2cc1OCCN(C)c1ccncc1,300.0,6.522878745280337,453.90500000000026,5.084700000000005
CHEMBL24026,COc1cc2c(Nc3ccc(C#N)cc3F)ncnc2cc1OC/C=C/CN1CCCC1,800.0,6.096910013008056,433.48700000000036,4.423580000000003
CHEMBL66705,COc1cc2cccnc2cc1OC,20000.0,4.698970004336019,189.21399999999997,2.252
CHEMBL116595,COc1cc(/C=C(\C#N)C(N)=O)cc(CSc2ccccc2)c1O,398.11,6.399996913372259,340.404,3.085380000000002
CHEMBL324030,COc1cc(/C=C(\C#N)C(N)=O)cc(CSC2=NCCS2)c1O,8709.64,5.059999795537068,349.43700000000007,2.1290800000000005
CHEMBL307093,Fc1ccc2cc(-c3ccsc3)cnc2c1,20000.0,4.698970004336019,229.27900000000002,4.102400000000002
CHEMBL417941,N#C/C(=C\c1ccc(O)c(O)c1)C(=O)NC1CCCCC1,5888.44,5.229999745811777,286.3310000000001,2.4536800000000003
CHEMBL326100,COc1cc(/C=C(\C#N)C(N)=O)cc(CSCc2ccccc2Cl)c1O,1000.0,6.0,388.8760000000001,3.879880000000003
CHEMBL304336,COc1cc2cc(-c3cccs3)cnc2cc1OC,20000.0,4.698970004336019,271.34100000000007,3.980500000000003
CHEMBL68185,COc1ccc2cc(-c3ccsc3)cnc2c1,20000.0,4.698970004336019,241.31500000000003,3.9719000000000024
CHEMBL56542,N#C/C(=C\c1ccc(O)c(O)c1)C(=O)N1CCc2ccccc21,12022.64,4.920000156997057,306.32099999999997,2.594080000000001
CHEMBL293749,N#C/C(=C\c1ccc(O)c(O)c1)C(=O)NCCc1ccccc1,616.6,6.209996479609511,308.337,2.3636799999999996
CHEMBL143212,COc1cc(/C=C(\C#N)C(N)=O)cc(CSc2cccc3ccccc23)c1O,1698.24,5.770000934050708,390.46400000000006,4.238580000000003
CHEMBL135861,CNC(=O)c1c([Se][Se]c2[nH]c3ccccc3c2C(=O)NC)[nH]c2ccccc12,13000.0,4.886056647693163,504.3100000000001,0.6426000000000013
CHEMBL66100,COc1ccc(-c2cnc3cc(OC)c(OC)cc3c2)cc1OC,20000.0,4.698970004336019,325.3640000000001,3.936200000000003
CHEMBL303704,COc1cc2cc(-c3ccc(O)cc3)cnc2cc1OC,20000.0,4.698970004336019,281.31100000000004,3.6246000000000027
CHEMBL66787,COc1ccc(CCc2cnc3cc(OC)c(OC)cc3c2)cc1,20000.0,4.698970004336019,323.39200000000005,4.0458000000000025
CHEMBL440298,N#C/C(=C\c1ccc(O)c(O)c1)C(=O)NCCCCc1ccccc1,5011.87,5.300000202445418,336.391,3.143880000000001
CHEMBL428534,COc1cc2c(Nc3ccc(C)cc3F)ncnc2cc1OCC1CCNCC1,500.0,6.301029995663981,396.4660000000003,4.207920000000003
CHEMBL326318,COc1cc(/C=C(\C#N)C(N)=O)cc(CSCc2ccccc2)c1O,891.25,6.050000457140078,354.43100000000004,3.2264800000000027
CHEMBL1161234,COc1cc(/C=C(\C#N)C(N)=O)cc(SCCCC(=O)O)c1O,47863.01,4.319999993033794,336.3690000000001,1.7499799999999999
CHEMBL69378,c1cc(-c2cnc3cc4c(cc3c2)OCO4)cs1,20000.0,4.698970004336019,255.29799999999997,3.692000000000001
CHEMBL306234,COc1cc2cc(-c3sccc3Cl)cnc2cc1OC,20000.0,4.698970004336019,305.78600000000006,4.633900000000002
CHEMBL281872,COc1cc2c(Nc3ccc(Br)cc3F)ncnc2cc1OCCn1ccnn1,400.0,6.3979400086720375,459.2790000000002,3.954100000000003
CHEMBL281990,COc1cc2c(Nc3ccc(C)cc3F)ncnc2cc1OCC1CCN(C)CC1,1000.0,6.0,410.49300000000034,4.550120000000004
CHEMBL422758,COc1cc2c(Nc3c(F)cc(Cl)cc3F)ncnc2cc1OCC1CCN(C)CC1,450.0,6.346787486224656,448.9010000000003,5.034200000000005
CHEMBL25450,COc1cc2c(Nc3c(F)cc(Cl)cc3F)ncnc2cc1OCC1CCNCC1,500.0,6.301029995663981,434.87400000000025,4.692000000000004
CHEMBL1907763,COc1cc2c(Nc3ccc(Cl)cc3F)ncnc2cc1OC[C@@H]1CCCN(C)C1,100.0,7.0,430.91100000000034,4.895100000000005
CHEMBL24137,COc1cc2c(Nc3ccc(Cl)cc3F)ncnc2cc1OCCCN1CCOCC1,100.0,7.0,446.9100000000004,4.275600000000004
CHEMBL263666,CCN(CC)CCNC(=O)c1c([Se][Se]c2c(C(=O)NCCN(CC)CC)c3ccccc3n2C)n(C)c2ccccc12,4700.0,5.327902142064283,702.6640000000001,2.0874000000000037
CHEMBL67219,COc1cc2cc(-c3ccc(C)cc3)cnc2cc1OC,20000.0,4.698970004336019,279.33900000000006,4.227420000000003
CHEMBL67170,COc1cc2cc(-c3ccc(OC)c([N+](=O)[O-])c3)cnc2cc1OC,20000.0,4.698970004336019,340.3350000000001,3.8358000000000025
CHEMBL116423,Cc1cc(C=C(C#N)C#N)cc(O)c1O,61659.5,4.210000001311122,200.197,1.836780000000001
CHEMBL24828,COc1cc2/c(=N/c3ccc(Br)cc3F)nc[nH]c2cc1OCC1CCN(C)CC1,200.0,6.698970004336019,475.3620000000003,4.426100000000003
CHEMBL308210,COc1cc2cc(-c3ccc(OCc4ccccc4)cc3)cnc2cc1OC,20000.0,4.698970004336019,371.4360000000001,5.498000000000005
CHEMBL430605,COc1ccc2cc(-c3c[nH]c4ccccc34)cnc2c1OC,20000.0,4.698970004336019,304.3490000000001,4.400300000000002
CHEMBL308466,COc1cccc(-c2cnc3cc(OC)c(OC)cc3c2)c1,20000.0,4.698970004336019,295.33799999999997,3.9276000000000026
CHEMBL67059,COc1cc2cc(C#Cc3ccccc3)cnc2cc1OC,20000.0,4.698970004336019,289.33400000000006,3.6518000000000024
CHEMBL66785,COc1cc2cc(C3CCCC3)cnc2cc1OC,20000.0,4.698970004336019,257.3329999999999,3.909600000000003
CHEMBL303184,COc1ccc2ncc(-c3ccsc3)cc2c1,20000.0,4.698970004336019,241.31500000000003,3.9719000000000024
CHEMBL303037,COc1cc2cc(N)cnc2cc1OC,20000.0,4.698970004336019,204.22899999999998,1.8341999999999998
CHEMBL56319,CCOC(=O)C(Cc1ccccc1)NC(=O)/C(C#N)=C/c1ccc(O)c(O)c1,48977.88,4.3100000171743025,380.4000000000001,2.2953800000000006
CHEMBL53898,N#C/C(=C\c1ccc(O)c(O)c1)C(=O)NCCCc1ccccc1,707.95,6.149997413907539,322.364,2.753780000000001
CHEMBL66786,COc1cc2cc(CCC3CCCCC3)cnc2cc1OC,20000.0,4.698970004336019,299.414,4.764900000000004
CHEMBL56393,N#C/C(=C\c1ccc(O)c(O)c1)C(=O)c1ccc(O)c(O)c1,5011.87,5.300000202445418,297.266,2.2988800000000005
CHEMBL1161236,COc1cc(C=C(C#N)C#N)cc(SCC(=O)O)c1O,53703.18,4.2699999970646445,290.3,2.00806
CHEMBL143805,N#C/C(=C\c1ccc(O)c(O)c1)C(=O)NCc1ccc(O)cc1,3019.95,5.5200002474083645,310.309,2.0267799999999996
CHEMBL1744349,COc1cc2c(Nc3ccc(Cl)cc3F)ncnc2cc1OC/C=C/CN1CCCC1.Cl,90.0,7.045757490560675,479.3830000000003,5.627100000000006
CHEMBL24979,COc1cc2c(Nc3ccc(Br)cc3F)ncnc2cc1OCCC1CCN(C)CC1,200.0,6.698970004336019,489.3890000000004,5.394300000000006
CHEMBL2448065,COc1cc2c(Nc3ccc(Cl)cc3F)ncnc2cc1OCC1CCN(C)CC1.Cl,300.0,6.522878745280337,467.37200000000036,5.316900000000006
CHEMBL302745,COc1ccc(-c2cnc3cc(OC)c(OC)cc3c2)s1,20000.0,4.698970004336019,301.367,3.989100000000003
CHEMBL70149,COc1cc2cc(/C=C/c3ccccc3)cnc2cc1OC,20000.0,4.698970004336019,291.3500000000001,4.422400000000004
CHEMBL63356,Oc1cc2cc(-c3cccnc3)cnc2cc1O,500.0,6.301029995663981,238.246,2.7080000000000006
CHEMBL65850,COc1cc2cc(NCc3ccccc3)cnc2cc1OC,20000.0,4.698970004336019,294.3540000000001,3.8641000000000023
CHEMBL1907764,COc1cc2c(Nc3ccc(Br)cc3F)ncnc2cc1OC[C@@H]1CCCN(C)C1,200.0,6.698970004336019,475.36200000000036,5.004200000000005
CHEMBL66071,COc1cc(OC)c2cc(-c3ccsc3)cnc2c1,20000.0,4.698970004336019,271.341,3.980500000000003
CHEMBL67991,COc1ccc(-c2cnc3cc(OC)c(OC)cc3c2)c(OC)c1,20000.0,4.698970004336019,325.3640000000001,3.936200000000003
CHEMBL303391,COc1ccc2cc(-c3cccnc3)cnc2c1OC,25000.0,4.6020599913279625,266.3,3.314000000000001
CHEMBL118321,COc1cc(C=C(C#N)C#N)cc(CSc2ccccc2C(=O)O)c1O,7943.28,5.100000128334196,366.3980000000001,3.8218600000000023
CHEMBL115895,COc1cc(/C=C(\C#N)C(N)=O)cc(CSc2ccccc2NC(C)=O)c1O,21877.62,4.659999925349902,397.4560000000001,3.043780000000002
CHEMBL283088,COc1cc2c(Nc3ccc(Cl)cc3F)ncnc2cc1OCCN1CCN(C)CC1,200.0,6.698970004336019,445.9260000000004,3.8007000000000035
CHEMBL2448067,COc1cc2c(Nc3ccc(Cl)cc3F)ncnc2cc1OCCCN1CCCC1.Cl,100.0,7.0,467.37200000000036,5.461000000000006
CHEMBL56879,N#C/C(=C\c1ccc(O)c(O)c1)C(=O)c1ccc([N+](=O)[O-])cc1,10964.78,4.960000077688649,310.26500000000004,2.7958800000000013
CHEMBL331026,COc1cc(/C=C(\C#N)C(N)=O)cc(CSc2nc3ccccc3[nH]2)c1O,14454.4,4.8399999311187,380.42900000000003,2.9616800000000016
CHEMBL1202477,COc1cc2c(Nc3ccc(Br)cc3F)ncnc2cc1OCCCN1CCN(C)CC1.Cl,100.0,7.0,540.8650000000005,4.721700000000006
CHEMBL416191,COc1cc2c(Nc3c(F)cc(Br)cc3F)ncnc2cc1OCC1CCN(C)CC1,300.0,6.522878745280337,493.3520000000003,5.143300000000004
CHEMBL66618,COc1cc2cc(C3=CCCC3)cnc2cc1OC,20000.0,4.698970004336019,255.31699999999995,3.819300000000002
CHEMBL67027,COc1ccc(/C=C(\C#N)c2cccnc2)cc1OC,700.0,6.154901959985743,266.3,3.162980000000001
CHEMBL140213,CC(C)(C)Oc1cc(/C=C(\C#N)C(=N)S)cc(C(C)(C)C)c1O,501187.23,3.300000003143145,332.4690000000001,4.681050000000004
CHEMBL533849,COc1cc2c(Nc3ccc(Br)cc3F)ncnc2cc1OCC1CCN(C)CC1.Cl,500.0,6.301029995663981,511.8230000000004,5.4260000000000055
CHEMBL1907944,COc1cc2c(Nc3ccc(Br)cc3F)ncnc2cc1OC[C@H]1CCCN(C)C1,100.0,7.0,475.36200000000036,5.004200000000005
CHEMBL336409,N[C@H](Cc1c([Se][Se]c2[nH]c3ccccc3c2C[C@H](N)C(=O)NCc2ccccc2)[nH]c2ccccc12)C(=O)NCc1ccccc1,900.0,6.045757490560675,742.6440000000001,2.295800000000005
CHEMBL303872,Cc1ccc(C)c2ncc(-c3ccsc3)cc12,20000.0,4.698970004336019,239.34300000000002,4.580140000000003
CHEMBL302491,COc1cc2cc(-c3cccc(F)c3)cnc2cc1OC,20000.0,4.698970004336019,283.302,4.058100000000003
CHEMBL304333,Cc1cc(C)c2cc(-c3ccsc3)cnc2c1,20000.0,4.698970004336019,239.34300000000002,4.580140000000003
CHEMBL66924,COc1cc2cc(-c3cc(F)c(OC)c(F)c3)cnc2cc1OC,20000.0,4.698970004336019,331.31800000000004,4.2058000000000035
CHEMBL342929,CNC(=O)c1c(SSc2c(C(=O)NC)c3ccccc3n2C)n(C)c2ccccc12,6900.0,5.161150909262744,438.57800000000015,4.188600000000004
CHEMBL135577,CCN(CC)CCNC(=O)c1c([Se][Se]c2[nH]c3ccccc3c2C(=O)NCCN(CC)CC)[nH]c2ccccc12,4600.0,5.337242168318426,674.6099999999999,2.066600000000003
CHEMBL419248,COc1cc2cc(-c3ccccc3OC)cnc2cc1OC,20000.0,4.698970004336019,295.3380000000001,3.9276000000000026
CHEMBL66932,COc1cc2cc(OCc3ccccc3)cnc2cc1OC,20000.0,4.698970004336019,295.3380000000001,3.831000000000002
CHEMBL115519,COc1cc(/C=C(\C#N)C(N)=O)cc(CSc2nc3cc(Cl)ccc3s2)c1O,83176.38,4.079999984911641,431.9260000000001,4.348480000000002
CHEMBL119156,COc1cc(/C=C(\C#N)C(N)=O)cc(CSc2ccccn2)c1O,3388.44,5.470000200122707,341.392,2.4803800000000016
CHEMBL119987,COc1cc(/C=C(\C#N)C(N)=O)cc(CSc2ccccc2C(=O)O)c1O,707.95,6.149997413907539,384.41300000000007,2.783580000000001
CHEMBL54471,Cc1ccc(C(=O)/C(C#N)=C/c2ccc(O)c(O)c2)cc1,15135.61,4.820000071285178,279.295,3.196100000000002
CHEMBL1744347,COc1cc2c(Nc3ccc(Cl)cc3F)ncnc2cc1OCCCN1CCN(C)CC1.Cl,75.0,7.1249387366083,496.4140000000004,4.612600000000006
CHEMBL334915,Cn1c([Se][Se]c2c(C(=O)O)c3ccccc3n2C)c(C(=O)O)c2ccccc21,3500.0,5.455931955649724,506.2780000000002,1.3405999999999996
CHEMBL66063,COc1cc2cc(-c3ccccc3)cnc2cc1OC,20000.0,4.698970004336019,265.312,3.919000000000003
CHEMBL69820,COc1cc2cc(-c3ccc(Cl)s3)cnc2cc1OC,20000.0,4.698970004336019,305.78600000000006,4.633900000000002
CHEMBL55979,CC(NC(=O)/C(C#N)=C/c1ccc(O)c(O)c1)c1ccccc1,2511.89,5.59999938302362,308.337,2.8821800000000017
CHEMBL25610,COc1cc2c(Nc3ccc(Cl)cc3F)ncnc2cc1OCCN1CCOCC1,400.0,6.3979400086720375,432.8830000000004,3.885500000000004
CHEMBL137422,CNC(=O)c1c([Se][Se]c2c(C(=O)NC)c3ccccc3n2C)n(C)c2ccccc12,6100.0,5.214670164989233,532.3640000000001,0.6634000000000013
CHEMBL66643,COc1cc2cc(-c3ccsc3)cnc2cc1OC,20000.0,4.698970004336019,271.34100000000007,3.980500000000003
CHEMBL66981,COc1cc2cc(-c3ccc(O)nc3)cnc2cc1OC,20000.0,4.698970004336019,282.29900000000004,3.0196000000000014
CHEMBL141238,Cc1cc(C)c(NC(=O)/C(C#N)=C/c2ccc(O)c(O)c2)c(C)c1,19054.61,4.719999935717911,322.36400000000003,3.5687400000000027
CHEMBL336174,NC(Cc1c(SSc2[nH]c3ccccc3c2CC(N)C(=O)NCc2ccccc2)[nH]c2ccccc12)C(=O)NCc1ccccc1,7400.0,5.130768280269024,648.8580000000002,5.821000000000004
CHEMBL67424,COc1cc2cc(-c3ccc(F)c(F)c3)cnc2cc1OC,20000.0,4.698970004336019,301.29200000000003,4.197200000000003
CHEMBL68401,COc1cc2cc(-c3ccc(F)cc3)cnc2cc1OC,20000.0,4.698970004336019,283.302,4.058100000000003
CHEMBL26641,COc1cc2c(Nc3ccc(Br)cc3F)ncnc2cc1OCCC1CCNCC1,200.0,6.698970004336019,475.36200000000036,5.052100000000005
CHEMBL334439,CCN(CC)CCn1c([Se][Se]c2c(C(=O)NC)c3ccccc3n2CCN(CC)CC)c(C(=O)NC)c2ccccc21,6900.0,5.161150909262744,702.664,2.2730000000000024
CHEMBL66612,COc1ccc(-c2cnc3cc(OC)c(OC)cc3c2)cn1,20000.0,4.698970004336019,296.326,3.3226000000000013
CHEMBL66502,COc1cc2cc(-c3ccc(N(C)C)cc3)cnc2cc1OC,20000.0,4.698970004336019,308.3810000000001,3.985000000000003
CHEMBL66101,COc1ccc(/C=C/c2cnc3cc(OC)c(OC)cc3c2)cc1,20000.0,4.698970004336019,321.376,4.431000000000004
CHEMBL66329,COc1cc2cc(-c3ccc(-c4ccccc4)cc3)cnc2cc1OC,20000.0,4.698970004336019,341.41000000000014,5.586000000000005
CHEMBL67702,COc1cc2cc(-c3ccc(Cl)c(Cl)c3)cnc2cc1OC,20000.0,4.698970004336019,334.2020000000001,5.225800000000002
CHEMBL304310,c1ccc2ncc(-c3ccsc3)cc2c1,20000.0,4.698970004336019,211.289,3.963300000000002
CHEMBL59145,N#C/C(=C\c1ccc(O)c(O)c1)C(=O)c1ccccc1Cl,6606.93,5.180000294489514,299.71299999999997,3.541080000000001
CHEMBL118109,COc1cc(/C=C(\C#N)C(N)=O)cc(CSc2nc3ccccc3s2)c1O,19054.61,4.719999935717911,397.48100000000005,3.695080000000002
CHEMBL343875,CCOc1ccc2sc(SCc3cc(/C=C(\C#N)C(N)=O)cc(OC)c3O)nc2c1,165958.69,3.7800000019463225,441.5340000000002,4.093780000000002
CHEMBL334973,Cn1c([Se][Se]c2c(C(=O)OC(C)(C)C)c3ccccc3n2C)c(C(=O)OC(C)(C)C)c2ccccc21,100000.0,4.0,618.4940000000001,3.8548000000000027
CHEMBL66008,COc1cc2cc([N+](=O)[O-])cnc2cc1OC,20000.0,4.698970004336019,234.21099999999998,2.1601999999999997
CHEMBL279459,COc1cc2c(Nc3c(F)cc(Br)cc3F)ncnc2cc1OCC1CCNCC1,450.0,6.346787486224656,479.3250000000003,4.8011000000000035
CHEMBL135241,O=C(NCc1ccccc1)[C@H](Cc1c([Se]c2[nH]c3ccccc3c2C[C@@H](NC(=O)C(F)(F)F)C(=O)NCc2ccccc2)[nH]c2ccccc12)NC(=O)C(F)(F)F,50000.0,4.301029995663981,855.6980000000001,4.116200000000001
CHEMBL65858,C(=C/c1cnc2ccccc2c1)\c1ccccc1,20000.0,4.698970004336019,231.298,4.405200000000003
CHEMBL55994,N#C/C(=C\c1ccc(O)c(O)c1)C(=O)c1cccs1,30902.95,4.510000060783275,271.29699999999997,2.949180000000001
CHEMBL334032,COc1cc(C=C(C#N)C#N)cc(CS(=O)(=O)c2ccc(C)cc2)c1O,22908.68,4.639999934172963,368.4140000000001,3.1136800000000027
CHEMBL1202473,COc1cc2c(Nc3cc(O)c(C)cc3F)ncnc2cc1OCC1CCN(C)CC1.Cl,300.0,6.522878745280337,462.95300000000026,4.677520000000005
CHEMBL25425,COc1cc2c(Nc3ccc(Cl)cc3F)ncnc2cc1OCCC1CCN(C)CC1,300.0,6.522878745280337,444.9380000000004,5.285200000000006
CHEMBL67436,COc1ccc(-c2cnc3cc(OC)c(OC)cc3c2)cc1F,20000.0,4.698970004336019,313.32800000000003,4.066700000000003
CHEMBL55204,N#C/C(=C\c1ccc(O)c(O)c1)C(=O)c1ccc(F)cc1,5128.61,5.290000325166601,283.258,3.0267800000000014
CHEMBL286160,COCCOc1cc2ncnc(Nc3ccc(Cl)cc3F)c2cc1OC,100.0,7.0,377.80300000000017,4.1997000000000035
CHEMBL2448066,COc1cc2c(Nc3cc(O)c(Cl)cc3F)ncnc2cc1OCC1CCN(C)CC1.Cl,100.0,7.0,483.37100000000027,5.022500000000004
CHEMBL302545,COc1cc2cc(-c3c[nH]c4ccccc34)cnc2cc1OC,20000.0,4.698970004336019,304.34900000000005,4.400300000000003
CHEMBL57251,COc1ccc(NC(=O)/C(C#N)=C/c2ccc(O)c(O)c2)c(OC)c1,25118.86,4.600000074606178,340.3350000000001,2.660680000000001
CHEMBL309116,c1ccc2ncc(-c3c[nH]c4ccccc34)cc2c1,20000.0,4.698970004336019,244.297,4.3831000000000016
CHEMBL63575,COc1cc2cc(C#CC3CCCCC3)cnc2cc1OC,20000.0,4.698970004336019,295.382,4.183800000000003
CHEMBL56132,N#C/C(=C\c1ccc(O)c(O)c1)C(=O)c1ccccc1,14125.38,4.849999859991125,265.268,2.8876800000000014
CHEMBL120564,COc1cc(C=C(C#N)C#N)cc(C)c1O,87096.36,4.059999994991732,214.224,2.1397800000000005
CHEMBL1202478,COc1cc2c(Nc3ccc(Br)cc3F)ncnc2cc1OC/C=C/CN1CCCC1.Cl,100.0,7.0,523.8340000000004,5.7362000000000055
CHEMBL66718,Clc1cc2cc(-c3ccsc3)cnc2cc1Cl,20000.0,4.698970004336019,280.179,5.270100000000002
CHEMBL432428,N#C/C(=C\c1cc(O)c(O)c(CSCc2ccccc2)c1)C(N)=O,645.65,6.190002844637807,340.40400000000005,2.9234800000000014
CHEMBL141175,COc1cc(/C=C(/C#N)C(N)=O)cc(CSCc2ccc(Cl)cc2)c1O,15848.93,4.800000052738446,388.8760000000001,3.879880000000003
CHEMBL69585,COc1cc2cc(-c3ccc([N+](=O)[O-])cc3)cnc2cc1OC,20000.0,4.698970004336019,310.3090000000001,3.827200000000003
CHEMBL336410,O=C(NCc1ccccc1)[C@H](Cc1c([Se][Se]c2[nH]c3ccccc3c2C[C@@H](NC(=O)C(F)(F)F)C(=O)NCc2ccccc2)[nH]c2ccccc12)NC(=O)C(F)(F)F,7000.0,5.154901959985743,934.6580000000001,3.735400000000001
CHEMBL419280,COC(=O)CCCc1c(SSc2c(CCCC(=O)OC)c3ccccc3n2C)n(C)c2ccccc12,100000.0,4.0,524.7080000000002,6.460800000000006
CHEMBL113996,COc1cc2ncc(C#N)c(Nc3ccc(F)c(Cl)c3)c2cc1NC(=O)/C=C/CN1CCOCC1,13570.0,4.867420152340263,495.94200000000035,4.478080000000003
CHEMBL80001,COC(=O)CC1C(=S)N(C)c2ccccc21,100000.0,4.0,235.30800000000002,2.1105
CHEMBL325156,CCN(CC)C(C)/C=C/C(=O)Nc1cc2c(Nc3ccc(F)c(Cl)c3)c(C#N)cnc2cc1OC,4840.0,5.315154638355588,495.98600000000016,5.876180000000006
CHEMBL126384,Brc1cccc(Nc2ncnc3cc(NCCCCN4CCOCC4)ncc23)c1,5.4,8.267606240177031,457.3760000000004,4.055200000000002
CHEMBL129509,Cc1cccc(Nc2ncnc3cc(NCCCN4CCOCC4)ncc23)c1,9.3,8.031517051446064,378.48000000000025,3.2110200000000013
CHEMBL83390,CN1C(=S)C(CCCC(=O)O)c2ccccc21,100000.0,4.0,249.335,2.8023000000000007
CHEMBL84512,COC(=O)CCCC1C(=S)N(C)c2ccccc21,100000.0,4.0,263.362,2.8907000000000016
CHEMBL314029,COC(=O)CCc1c(SSc2c(CCC(=O)OC)c3ccccc3n2C)n(C)c2ccccc12,100000.0,4.0,496.6540000000002,5.6806000000000045
CHEMBL420400,COC(=O)CCCc1c(SSc2[nH]c3ccccc3c2CCCC(=O)OC)[nH]c2ccccc12,100000.0,4.0,496.65400000000034,6.440000000000006
CHEMBL114593,COCC#CC(=O)Nc1ccc2ncc(C#N)c(Nc3cccc(Br)c3)c2c1,960.0,6.017728766960431,435.2810000000001,4.200880000000002
CHEMBL126137,CN(C)CCN(C)c1cc2ncnc(Nc3cccc(Br)c3)c2cn1,40.0,7.3979400086720375,401.31200000000007,3.5287000000000015
CHEMBL128987,Brc1cccc(Nc2ncnc3cc(NCCN4CCOCC4)ncc23)c1,3.2,8.494850021680094,429.3220000000003,3.2750000000000012
CHEMBL435993,OCCN(CCO)CCNc1cc2ncnc(Nc3cccc(Br)c3)c2cn1,9.2,8.036212172654444,447.3370000000001,2.229399999999999
CHEMBL340898,Cc1cccc(Nc2ncnc3cc(NCCCn4ccnc4)ncc23)c1,3.5,8.455931955649724,359.43700000000007,3.775520000000002
CHEMBL338215,Cc1cccc(Nc2ncnc3cc(NCCCCN(C)C)ncc23)c1,5.4,8.267606240177031,350.4700000000001,3.8305200000000026
CHEMBL309765,CN1C(=S)C(CCC(=O)O)c2ccccc21,6700.0,5.173925197299173,235.30800000000002,2.4122000000000003
CHEMBL309716,COC(=O)CCC1C(S)=Nc2ccccc21,100000.0,4.0,235.30800000000002,2.6968000000000005
CHEMBL311811,COC(=O)Cc1c(Sc2c(CC(=O)OC)c3ccccc3n2C)n(C)c2ccccc12,100000.0,4.0,436.53300000000013,4.252200000000004
CHEMBL116857,COc1cc(NC(=O)/C=C/CN(C)C)cc2c(Nc3cccc(Br)c3)c(C#N)cnc12,2880.0,5.540607512240769,480.36600000000016,4.677480000000004
CHEMBL340484,CN1CCN(CCCNc2cc3ncnc(Nc4cccc(Br)c4)c3cn2)CC1,4.9,8.309803919971486,456.39200000000017,3.580300000000001
CHEMBL127058,OCCN(CCO)CCCNc1cc2ncnc(Nc3cccc(Br)c3)c2cn1,1.2,8.920818753952375,461.3640000000001,2.6194999999999995
CHEMBL128467,O=S(=O)(O)CCNc1cc2ncnc(Nc3cccc(Br)c3)c2cn1,1.4,8.853871964321762,424.2800000000001,2.8306000000000004
CHEMBL326280,COCC#CC(=O)Nc1cc2c(Nc3cccc(Br)c3)c(C#N)cnc2cc1OC,790.0,6.102372908709558,465.3070000000002,4.209480000000003
CHEMBL117326,C=C(CN(C)C)C(=O)Nc1cc2c(Nc3ccc(F)c(Cl)c3)c(C#N)cnc2cc1OCC,560.0,6.251811972993799,467.9320000000002,5.097580000000004
CHEMBL340700,CN(CC(O)CO)c1cc2ncnc(Nc3cccc(Br)c3)c2cn1,3.2,8.494850021680094,404.2680000000001,2.3202999999999996
CHEMBL338114,Brc1cccc(Nc2ncnc3cc(NCCc4c[nH]cn4)ncc23)c1,0.91,9.040958607678906,410.2790000000001,3.9086
CHEMBL312402,COC(=O)CCCC1C(S)=Nc2ccccc21,100000.0,4.0,249.33500000000004,3.0869000000000018
CHEMBL341319,CN(CCO)c1cc2ncnc(Nc3cccc(Br)c3)c2cn1,2.6,8.585026652029182,374.2420000000001,2.9594000000000005
CHEMBL340508,NNc1cc2ncnc(Nc3cccc(Br)c3)c2cn1,7.1,8.148741651280925,331.177,2.8165000000000004
CHEMBL115440,COCCOCC#CC(=O)Nc1ccc2ncc(C#N)c(Nc3cccc(Br)c3)c2c1,930.0,6.031517051446065,479.3340000000001,4.217480000000002
CHEMBL84513,O=C(O)CCCC1C(S)=Nc2ccccc21,6700.0,5.173925197299173,235.30800000000002,2.9985000000000017
CHEMBL83559,Cc1ccc2[nH]c(SSc3[nH]c4ccc(C)cc4c3CCC(=O)O)c(CCC(=O)O)c2c1,8400.0,5.075720713938118,468.6000000000004,6.099840000000005
CHEMBL79531,O=C(O)CCCc1c(SSc2[nH]c3ccccc3c2CCCC(=O)O)[nH]c2ccccc12,18000.0,4.7447274948966935,468.6000000000003,6.263200000000004
CHEMBL127041,OCCNc1cc2ncnc(Nc3cccc(Br)c3)c2cn1,0.24,9.619788758288394,360.21500000000003,2.9351000000000003
CHEMBL79808,COC(=O)CCc1c(SSc2[nH]c3ccccc3c2CCC(=O)OC)[nH]c2ccccc12,21000.0,4.6777807052660805,468.6000000000003,5.659800000000004
CHEMBL116012,CCOc1cc2ncc(C#N)c(Nc3cccc(Br)c3)c2cc1NC(=O)/C=C/CN1CCOCC1,10320.0,4.986320302708807,536.4300000000002,4.838180000000003
CHEMBL126791,Brc1cccc(Nc2ncnc3cc(NCCCn4ccnc4)ncc23)c1,0.51,9.292429823902063,424.30600000000015,4.229600000000001
CHEMBL54400,CNc1cc2ncnc(Nc3cccc(Br)c3)c2cn1,0.13,9.886056647693163,330.1890000000001,3.5726000000000013
CHEMBL128468,O=C(O)CCCNc1cc2ncnc(Nc3cccc(Br)c3)c2cn1,0.28,9.55284196865778,402.25200000000007,3.8076000000000016
CHEMBL341522,Cc1cccc(Nc2ncnc3cc(NCCCN4CCN(C)CC4)ncc23)c1,5.6,8.2518119729938,391.52300000000025,3.1262200000000018
CHEMBL83837,COC(=O)Cc1c(SSc2c(CC(=O)OC)c3ccccc3n2C)n(C)c2ccccc12,33000.0,4.481486060122112,468.60000000000014,4.900400000000004
CHEMBL111038,COc1cc2ncc(C#N)c(Nc3cccc(Br)c3)c2cc1OC,190.0,6.721246399047171,384.2330000000001,4.629780000000003
CHEMBL339416,[O-][N+]1(CCCNc2cc3ncnc(Nc4cccc(Br)c4)c3cn2)CCOCC1,0.74,9.130768280269024,459.34800000000024,3.6777000000000024
CHEMBL30973,CN(C)C/C=C/C(=O)Nc1ccc2ncc(C#N)c(Nc3cccc(Br)c3)c2c1,310.0,6.508638306165727,450.34000000000003,4.668880000000003
CHEMBL113985,COc1cc(NC(=O)/C=C/CN2CCOCC2)cc2c(Nc3cccc(Br)c3)c(C#N)cnc12,5390.0,5.268411234813262,522.4030000000001,4.448080000000003
CHEMBL419650,O=C(O)Cc1c(SSc2[nH]c3ccccc3c2CC(=O)O)[nH]c2ccccc12,10200.0,4.991399828238082,412.4920000000002,4.702800000000002
CHEMBL327023,N#Cc1cnc2ccc(NC(=O)C#CCN3CCSCC3)cc2c1Nc1cccc(Br)c1,550.0,6.259637310505756,506.4290000000001,4.603280000000003
CHEMBL314416,CN1C(=S)C(CC(=O)O)c2ccccc21,100000.0,4.0,221.281,2.0221
CHEMBL311609,COC(=O)CCC1C(=S)N(C)c2ccccc21,100000.0,4.0,249.335,2.5006000000000004
CHEMBL115187,CCCN(CC#CC(=O)Nc1ccc2ncc(C#N)c(Nc3cccc(Br)c3)c2c1)CCC,130.0,6.886056647693163,504.4320000000002,5.676480000000005
CHEMBL92812,CNc1ccc2c(Nc3cccc(Br)c3)ncnc2c1,4.0,8.397940008672037,329.201,4.177600000000002
CHEMBL309276,O=C(O)CCC1C(S)=Nc2ccccc21,1620.0,5.790484985457369,221.28100000000003,2.6084000000000005
CHEMBL283682,CC#CC(=O)Nc1ccc2ncc(C#N)c(Nc3cccc(Br)c3)c2c1,940.0,6.026872146400302,405.25500000000005,4.574380000000002
CHEMBL129825,CN(C)CCCCNc1cc2ncnc(Nc3cccc(Br)c3)c2cn1,7.4,8.130768280269024,415.3390000000001,4.284600000000003
CHEMBL420624,Nc1ccc2c(Nc3cccc(Br)c3)ncnc2c1,0.1,10.0,315.17400000000004,3.7181000000000015
CHEMBL332497,COc1cc2ncc(C#N)c(Nc3cccc(Br)c3)c2cc1NC(=O)/C=C/CN1CCOCC1,3830.0,5.416801226031377,522.4030000000002,4.448080000000003
CHEMBL421047,CN(C)C/C=C/C(=O)Nc1cc2c(Nc3ccc(F)c(Cl)c3)c(C#N)cnc2cc1OC(F)(F)F,2640.0,5.578396073130169,507.8750000000001,5.597480000000003
CHEMBL113901,COc1cc2ncc(C#N)c(Nc3ccc(F)c(Cl)c3)c2cc1NC(=O)/C=C/C(C)N(C)C,5220.0,5.282329496997738,467.9320000000002,5.095980000000004
CHEMBL281300,C=CC(=O)Nc1ccc2ncc(C#N)c(Nc3cccc(Br)c3)c2c1,590.0,6.229147988357855,393.244,4.737080000000002
CHEMBL129579,OCC(O)C(O)C(O)C(O)CNc1cc2ncnc(Nc3cccc(Br)c3)c2cn1,4.8,8.318758762624412,480.31900000000013,0.37869999999999987
CHEMBL126893,CN(C)CCCNc1cc2ncnc(Nc3cccc(Br)c3)c2cn1,8.8,8.05551732784983,401.31200000000007,3.8945000000000016
CHEMBL127082,CNc1cc2ncnc(Nc3cccc(C)c3)c2cn1,1.4,8.853871964321762,265.32,3.118520000000001
CHEMBL309513,COC(=O)CCN1C(=S)C(CCC(=O)OC)(CCC(=O)OC)c2ccccc21,100000.0,4.0,407.4880000000002,2.5412999999999997
CHEMBL79970,O=C(O)Cc1c(SSSc2[nH]c3ccccc3c2CC(=O)O)[nH]c2ccccc12,9300.0,5.031517051446065,444.55900000000025,5.351000000000003
CHEMBL81480,Cc1ccc2c(CCC(=O)O)c(SSc3[nH]c4cc(C)ccc4c3CCC(=O)O)[nH]c2c1,2900.0,5.5376020021010435,468.6000000000003,6.099840000000005
CHEMBL82214,Cn1c(SSc2c(CCCC(=O)O)c3ccccc3n2C)c(CCCC(=O)O)c2ccccc21,8300.0,5.080921907623926,496.6540000000003,6.284000000000004
CHEMBL128759,OCCN(CCO)c1cc2ncnc(Nc3cccc(Br)c3)c2cn1,12.0,7.920818753952375,404.2680000000001,2.3218999999999994
CHEMBL79621,COC(=O)Cc1c(SSSc2[nH]c3ccccc3c2CC(=O)OC)[nH]c2ccccc12,35000.0,4.455931955649724,472.6130000000003,5.5278000000000045
CHEMBL84141,Cn1c(SSc2c(CC(=O)O)c3ccccc3n2C)c(CC(=O)O)c2ccccc21,53000.0,4.275724130399211,440.5460000000002,4.723600000000003
CHEMBL126372,OCC(O)CNc1cc2ncnc(Nc3cccc(Br)c3)c2cn1,0.92,9.036212172654444,390.2410000000001,2.2960000000000003
CHEMBL157128,COCC1CCCN1CC#CC(=O)Nc1ccc2ncc(C#N)c(Nc3cccc(Br)c3)c2c1,150.0,6.823908740944319,518.4150000000002,4.665280000000004
CHEMBL116853,COc1cc2ncc(C#N)c(Nc3cccc(Br)c3)c2cc1NC(=O)C#CCN(C)C,90.0,7.045757490560675,478.35000000000025,4.124680000000002
CHEMBL114728,CCOc1cc2ncc(C#N)c(Nc3cccc(Br)c3)c2cc1NC(=O)/C=C/CN(C)C,1600.0,5.795880017344075,494.3930000000002,5.067580000000004
CHEMBL326811,C/C=C/C(=O)Nc1ccc2ncc(C#N)c(Nc3cccc(Br)c3)c2c1,1620.0,5.790484985457369,407.2710000000001,5.127180000000003
CHEMBL53428,CN(C)c1cc2ncnc(Nc3cccc(Br)c3)c2cn1,0.09,10.045757490560675,344.216,3.5969000000000015
CHEMBL125568,OCC(CO)Nc1cc2ncnc(Nc3cccc(Br)c3)c2cn1,14.0,7.853871964321762,390.24100000000004,2.2959999999999994
CHEMBL129824,CN(C)CCCCCNc1cc2ncnc(Nc3cccc(Br)c3)c2cn1,8.4,8.075720713938118,429.3660000000001,4.674700000000003
CHEMBL114073,COc1cc2ncc(C#N)c(Nc3ccc(F)c(Cl)c3)c2cc1NC(=O)/C=C/C(C)N1CCOCC1,10590.0,4.975104039892515,509.96900000000034,4.8665800000000035
CHEMBL128432,CN(C)CCNc1cc2ncnc(Nc3cccc(Br)c3)c2cn1,45.0,7.346787486224656,387.2850000000001,3.5044000000000013
CHEMBL79704,O=C(O)CCc1c(SSc2[nH]c3ccccc3c2CCC(=O)O)[nH]c2ccccc12,4200.0,5.376750709602099,440.5460000000003,5.483000000000003
CHEMBL116525,CC#CC(=O)Nc1cc2c(Nc3cccc(Br)c3)c(C#N)cnc2cc1OC,910.0,6.040958607678906,435.2810000000002,4.582980000000004
CHEMBL323630,CN(C)C/C=C/C(=O)Nc1ccc2ncc(C#N)c(Nc3ccc(F)c(Cl)c3)c2c1,650.0,6.187086643357144,423.8790000000001,4.6988800000000035
CHEMBL312247,COC(=O)CCC1(CCC(=O)OC)C(S)=Nc2ccccc21,100000.0,4.0,321.3980000000001,2.8042000000000007
CHEMBL424252,CCN(CC)C/C=C/C(=O)Nc1cc2c(Nc3ccc(F)c(Cl)c3)c(C#N)cnc2cc1OC,1910.0,5.718966632752273,481.95900000000023,5.487680000000005
CHEMBL324718,C=CC(=O)Nc1cc2c(Nc3cccc(Br)c3)c(C#N)cnc2cc1OC,810.0,6.0915149811213505,423.27000000000015,4.745680000000003
CHEMBL114490,COc1cc2ncc(C#N)c(Nc3ccc(F)c(Cl)c3)c2cc1NC(=O)/C=C/CN(C)C,2320.0,5.634512015109101,453.9050000000002,4.707480000000004
CHEMBL113902,C/C=C/C(=O)Nc1cc2c(Nc3ccc(F)c(Cl)c3)c(C#N)cnc2cc1OCC,7500.0,5.1249387366083,424.8630000000002,5.555880000000004
CHEMBL114392,C=C(CN1CCOCC1)C(=O)Nc1ccc2ncc(C#N)c(Nc3ccc(F)c(Cl)c3)c2c1,2700.0,5.568636235841013,465.9160000000002,4.469480000000003
CHEMBL94061,CN(C)C/C=C/C(=O)Nc1ccc2ncnc(Nc3cccc(Br)c3)c2c1,11.0,7.958607314841775,426.3180000000001,4.192200000000002
CHEMBL340399,Cc1cccc(Nc2ncnc3cc(NCCc4c[nH]cn4)ncc23)c1,7.2,8.142667503568731,345.41,3.4545200000000014
CHEMBL52076,Nc1cc2ncnc(Nc3cccc(Br)c3)c2cn1,10.0,8.0,316.16200000000003,3.113100000000001
CHEMBL127611,CN(CC(O)C(O)C(O)C(O)CO)c1cc2ncnc(Nc3cccc(Br)c3)c2cn1,3.2,8.494850021680094,494.3460000000001,0.40300000000000075
CHEMBL82640,O=C(O)CCC1(CCC(=O)O)C(S)=Nc2ccccc21,100000.0,4.0,293.34400000000005,2.6274000000000006
CHEMBL81664,Cc1cccc2c(CCC(=O)O)c(SSc3[nH]c4c(C)cccc4c3CCC(=O)O)[nH]c12,1500.0,5.823908740944319,468.60000000000025,6.099840000000005
CHEMBL113900,CC(C)N(CC#CC(=O)Nc1ccc2ncc(C#N)c(Nc3cccc(Br)c3)c2c1)C(C)C,250.0,6.6020599913279625,504.43200000000013,5.6732800000000045
CHEMBL118000,N#Cc1cnc2ccc(NC(=O)/C=C/CN3CCOCC3)cc2c1Nc1ccc(F)c(Cl)c1,2290.0,5.640164517660112,465.91600000000017,4.469480000000003
CHEMBL126623,Brc1cccc(Nc2ncnc3cc(NCCCN4CCOCC4)ncc23)c1,1.9,8.721246399047171,443.34900000000033,3.6651000000000016
CHEMBL126903,CN(CC(=O)O)c1cc2ncnc(Nc3cccc(Br)c3)c2cn1,16.0,7.795880017344075,388.225,3.051700000000001
CHEMBL84143,Cn1c(SSc2c(CCC(=O)O)c3ccccc3n2C)c(CCC(=O)O)c2ccccc21,3100.0,5.508638306165727,468.60000000000025,5.503800000000004
CHEMBL127086,O=C(O)CCNc1cc2ncnc(Nc3cccc(Br)c3)c2cn1,0.61,9.214670164989233,388.2250000000001,3.4175000000000013
CHEMBL83429,O=C(O)CC1C(S)=Nc2ccccc21,14900.0,4.826813731587726,207.254,2.2183
CHEMBL312001,COC(=O)CC1C(S)=Nc2ccccc21,100000.0,4.0,221.28100000000003,2.3067
CHEMBL263788,COc1cc2ncc(C#N)c(Nc3cccc(Br)c3)c2cc1NC(=O)/C=C/CN(C)C,790.0,6.102372908709558,480.3660000000002,4.677480000000003
CHEMBL338175,O=C(O)CNc1cc2ncnc(Nc3cccc(Br)c3)c2cn1,1.5,8.823908740944319,374.1980000000001,3.027400000000001
CHEMBL83838,COC(=O)Cc1c(SSc2[nH]c3ccccc3c2CC(=O)OC)[nH]c2ccccc12,18000.0,4.7447274948966935,440.5460000000003,4.879600000000003
CHEMBL414631,COCOC#CC(=O)Nc1ccc2ncc(C#N)c(Nc3cccc(Br)c3)c2c1,330.0,6.481486060122113,451.2800000000001,4.132480000000003
CHEMBL355330,Nc1ncnc2c1c(-c1cccc(O)c1)cn2C1CCC1,300.0,6.522878745280337,280.3310000000001,3.1111000000000013
CHEMBL543457,CN(C)CCNc1[nH]cnc2c3ccccc3nc1-2.Cl,100000.0,4.0,291.786,2.4580000000000006
CHEMBL170724,COc1ccc(-c2cn(C3CCCC3)c3ncnc(N)c23)cc1,570.0,6.2441251443275085,308.385,3.8042000000000016
CHEMBL168550,COc1cccc(-c2cn(C3CC(CNCCO)C3)c3ncnc(N)c23)c1,490.0,6.309803919971486,367.4530000000001,2.2220999999999993
CHEMBL153525,Brc1cccc(Nc2ncnc3ccc4cc[nH]c4c23)c1,1.24,8.906578314837764,339.1960000000001,4.617200000000001
CHEMBL3085277,C[C@H](Nc1ncnc2c1sc1ccccc12)c1ccccc1,538.0,6.269217724333611,305.406,5.017600000000003
CHEMBL152905,Nc1ccc2sc3c(Nc4cccc(Br)c4)ncnc3c2c1,0.27,9.568636235841012,371.2630000000001,4.932800000000002
CHEMBL100714,COc1ccc(Nc2ncnc3cc(OC)c(OC)cc23)cc1OC,2800.0,5.552841968657781,341.36700000000013,3.4078000000000017
CHEMBL168555,COc1ccc(CC(CO)n2cc(-c3cccc(OC)c3)c3c(N)ncnc32)cc1,9700.0,5.013228265733755,404.4700000000002,3.4738000000000016
CHEMBL168382,COc1cccc(-c2cn(C3CCCC3)c3ncnc(N)c23)c1,460.0,6.337242168318426,308.385,3.8042000000000016
CHEMBL168285,Nc1ncnc2c1c(-c1ccccc1)cn2C1CCC(O)C1,790.0,6.102372908709558,294.35800000000006,2.766400000000001
CHEMBL352801,COc1cccc(-c2cn(C3CC(CO)C3)c3ncnc(N)c23)c1,420.0,6.376750709602099,324.384,2.6324999999999994
CHEMBL95692,COc1nccc(-c2c(-c3ccc(F)cc3)ncn2C2CCNCC2)n1,10.0,8.0,353.4010000000002,3.079300000000001
CHEMBL357326,CCOC(C)=O.CN(C)CCNc1[nH]cnc2nc3ccccc3c1-2,10000.0,5.0,343.4310000000001,2.6056
CHEMBL448730,CCN(CC)CCn1c2ccccc2c2c(Nc3cccc(Br)c3)ncnc21,4100.0,5.3872161432802645,438.3730000000001,5.432400000000005
CHEMBL544867,Cc1cccc(Nc2ncnc3c2sc2ccc([N+](=O)[O-])cc23)c1.Cl,11.0,7.958607314841775,372.83700000000005,5.226520000000003
CHEMBL538814,Cl.O=[N+]([O-])c1ccc2sc3c(Nc4cccc(C(F)(F)F)c4)ncnc3c2c1,460.0,6.337242168318426,426.8070000000001,5.936900000000002
CHEMBL431818,COc1ccc(Oc2ncnc3cc(OC)c(OC)cc23)cc1OC,100000.0,4.0,342.3510000000001,3.456500000000002
CHEMBL5195327,c1ccc2c(c1)[nH]c1c(NC3CCCCC3)ncnc12,100000.0,4.0,266.34799999999996,3.8557000000000015
CHEMBL542755,COc1cccc2sc3c(Nc4cccc(Br)c4)ncnc3c12.Cl,20.0,7.698970004336019,422.73500000000007,5.781000000000003
CHEMBL153206,COc1ccc2[nH]c3ncnc(Nc4cccc(Br)c4)c3c2c1,1.2,8.920818753952375,369.2220000000001,4.625800000000003
CHEMBL346846,COc1ccc2c(c1)sc1c(Nc3cccc(Br)c3)ncnc12,80.0,7.096910013008056,386.27400000000006,5.359200000000003
CHEMBL169467,COc1ccc(CC(CO)n2cc(-c3cccc(O)c3)c3c(N)ncnc32)cc1,3400.0,5.468521082957745,390.44300000000015,3.1708000000000007
CHEMBL168266,Nc1ncnc2c1c(-c1ccccc1)cn2C1CC(O)C1,2820.0,5.549750891680639,280.3310000000001,2.3763000000000005
CHEMBL153739,CN(C)c1ccc2sc3c(Nc4cccc(Br)c4)ncnc3c2c1,19.8,7.703334809738469,399.31700000000006,5.416600000000003
CHEMBL354310,COc1cccc(-c2cn(C3CC(C(=O)NCCO)C3)c3ncnc(N)c23)c1,330.0,6.481486060122113,381.4360000000001,1.7486999999999997
CHEMBL152984,Cn1c2ccccc2c2c(Nc3cccc(Br)c3)ncnc21,742.0,6.129596094720973,353.223,4.627600000000002
CHEMBL555739,Cc1nc(Nc2cccc(Br)c2)c2c(n1)[nH]c1ccccc12.Cl,10000.0,5.0,389.684,5.347420000000003
CHEMBL544640,Cl.c1ccc(Nc2[nH]cnc3c4ccccc4nc2-3)cc1,2110.0,5.675717544702307,296.7610000000001,4.228100000000002
CHEMBL150280,c1ccc(Nc2[nH]cnc3nc4ccccc4c2-3)cc1,264.0,6.578396073130169,260.3,3.806300000000001
CHEMBL553351,Cl.O=[N+]([O-])c1ccc2sc3c(Nc4cccc(Br)c4)ncnc3c2c1,12.3,7.910094888560602,437.7060000000001,5.680600000000002
CHEMBL150390,Clc1cccc(Nc2ncnc3c2sc2ncccc23)c1,1000.0,6.0,312.785,4.636500000000002
CHEMBL98248,COc1cc2nccc(Nc3cccc(Br)c3)c2cc1OC,370.0,6.431798275933005,359.2230000000001,4.758100000000003
CHEMBL98798,COc1cc2ncnc(Oc3cccc(Br)c3)c2cc1OC,70.0,7.154901959985743,361.1950000000001,4.201800000000003
CHEMBL423224,Brc1cccc(Nc2[nH]cnc3nc4ccccc4c2-3)c1,31.0,7.508638306165727,339.1960000000001,4.568800000000001
CHEMBL347282,Nc1ccc2sc3c(Nc4cccc(C(F)(F)F)c4)ncnc3c2c1,47.0,7.327902142064283,360.3640000000001,5.189100000000002
CHEMBL5173075,c1ccc(CNc2ncnc3c2[nH]c2ccccc23)cc1,460.0,6.337242168318426,274.327,3.723200000000001
CHEMBL346863,Brc1cccc(Nc2ncnc3c2sc2ncsc23)c1.CO,40.0,7.3979400086720375,395.3070000000001,4.415600000000002
CHEMBL101581,COc1cc2nccc(Oc3cccc(Br)c3)c2cc1OC,2500.0,5.6020599913279625,360.2070000000001,4.806800000000003
CHEMBL169570,Nc1ncnc2c1c(-c1ccc(O)cc1)cn2C1CCCC1,250.0,6.6020599913279625,294.3580000000001,3.5012000000000016
CHEMBL415738,Cc1cccc(Nc2cc(NCCO)ncn2)c1,1.0,9.0,244.298,1.9328199999999995
CHEMBL153409,Brc1cccc(Nc2ncnc3c2sc2ncccc23)c1,732.0,6.135488918941608,357.23600000000005,4.745600000000001
CHEMBL171256,COc1ccc(CC(CO)n2cc(-c3ccccc3)c3c(N)ncnc32)cc1,14400.0,4.841637507904751,374.44400000000013,3.465200000000001
CHEMBL329672,Clc1cccc(Nc2ncnc3ccccc23)c1,23.0,7.638272163982407,255.708,4.0268000000000015
CHEMBL166765,Nc1ncnc2c1c(-c1ccc(O)cc1)cn2C1CCC1,600.0,6.221848749616356,280.3310000000001,3.1111000000000013
CHEMBL553137,Cl.Cn1c2ccccc2c2ncnc(Nc3cccc(Br)c3)c21,132.0,6.87942606879415,389.6840000000001,5.049400000000002
CHEMBL169390,Nc1ncnc2c1c(-c1cccc(O)c1)cn2C1CCCC1,80.0,7.096910013008056,294.3580000000001,3.5012000000000016
CHEMBL153170,Brc1cccc(Nc2ncnc3ccc4[nH]cnc4c23)c1,29.0,7.5376020021010435,340.1840000000001,4.012200000000001
CHEMBL355982,Brc1cccc(Nc2ncnc3sccc23)c1,35.0,7.455931955649724,306.18800000000005,4.197400000000001
CHEMBL345988,Nc1nc(Nc2cccc(Br)c2)c2c(n1)[nH]c1ccccc12,147.0,6.8326826652518236,354.211,4.199400000000001
CHEMBL153518,CCN(CC)CCn1c2ccc(OC)cc2c2c(Nc3cccc(Br)c3)ncnc21,4270.0,5.369572124974976,468.39900000000006,5.441000000000005
CHEMBL544868,Cl.O=[N+]([O-])c1ccc2sc3c(Nc4ccccc4)ncnc3c2c1,58.0,7.236572006437063,358.81000000000006,4.918100000000003
CHEMBL97162,COc1nccc(-c2c(-c3ccc(F)cc3)ncn2[C@H]2CC[C@H](O)CC2)n1,83.0,7.080921907623926,368.4120000000002,3.6308000000000016
CHEMBL345294,Brc1cccc(Nc2ncnc3ccsc23)c1,11.0,7.958607314841775,306.18800000000005,4.197400000000001
CHEMBL2093928,C[C@H](Nc1[nH]cnc2c3ccccc3nc1-2)c1ccccc1.Cl,419.0,6.377785977033705,324.815,4.657600000000003
CHEMBL155278,Cc1cccc(Nc2ncnc3c2sc2ccc(N)cc23)c1,2.1,8.67778070526608,306.39400000000006,4.478720000000003
CHEMBL149512,Brc1cccc(Nc2ncnc3c2oc2ccccc23)c1,740.0,6.130768280269024,340.18000000000006,4.882100000000002
CHEMBL98137,COc1ccc(Nc2ccnc3cc(OC)c(OC)cc23)cc1OC,80500.0,4.094204119632131,340.3790000000001,4.012800000000003
CHEMBL170438,Nc1ncnc2c1c(-c1ccccc1)cn2C(CO)Cc1ccc(O)cc1,13200.0,4.87942606879415,360.41700000000014,3.1622000000000012
CHEMBL539822,Cl.Nc1ccc2c(c1)sc1c(Nc3cccc(Br)c3)ncnc12,0.47,9.327902142064282,407.72400000000005,5.354600000000002
CHEMBL540082,Cl.O=[N+]([O-])c1cccc2c1sc1c(Nc3cccc(Br)c3)ncnc12,158.0,6.801342913045577,437.7060000000001,5.680600000000002
CHEMBL356850,Brc1cccc(Nc2ncnc3c2sc2ccccc23)c1,1.8,8.744727494896694,356.24800000000005,5.350600000000002
CHEMBL357367,CCO.Nc1ccc2sc3c(Nc4ccccc4)ncnc3c2c1,9.4,8.0268721464003,338.43600000000004,4.168900000000002
CHEMBL151593,CO.Nc1cccc2c1sc1c(Nc3cccc(Br)c3)ncnc12,2.7,8.568636235841012,403.305,4.5413000000000014
CHEMBL153419,c1ccc(CNc2ncnc3c2sc2ccccc23)cc1,191.0,6.718966632752273,291.379,4.456600000000003
CHEMBL153573,Nc1cc2sc3c(Nc4cccc(Br)c4)ncnc3c2cc1F,1.0,9.0,389.2530000000001,5.071900000000001
CHEMBL357570,CCNc1cc2sc3c(Nc4cccc(Br)c4)ncnc3c2cc1F.CCO,7.9,8.102372908709558,463.37600000000015,5.920100000000004
CHEMBL352954,Nc1ncnc2c1c(-c1ccccc1)cn2C1CCCC1,500.0,6.301029995663981,278.3590000000001,3.795600000000002
CHEMBL6195771,Brc1cccc(Nc2ncnc3c2[nH]c2ccccc23)c1.Cl,72.0,7.142667503568731,375.6570000000001,5.039000000000002
CHEMBL358934,CCO.CNc1ccc2sc3c(Nc4cccc(Br)c4)ncnc3c2c1,1.1,8.958607314841775,431.3590000000001,5.390900000000002
CHEMBL355191,COc1cccc(-c2cn(C3CCC3)c3ncnc(N)c23)c1,450.0,6.346787486224656,294.358,3.4141000000000012
CHEMBL540590,Cl.O=[N+]([O-])c1ccc2c(c1)sc1c(Nc3cccc(Br)c3)ncnc12,48.0,7.318758762624412,437.7060000000001,5.680600000000002
CHEMBL544865,COc1cc2sc3c(Nc4cccc(Br)c4)ncnc3c2cc1OC.Cl,444.0,6.35261702988538,452.76100000000014,5.789600000000003
CHEMBL66031,Brc1cccc(Nc2ncnc3cc4[nH]cnc4cc23)c1,0.008,11.096910013008056,340.184,4.012200000000001
CHEMBL555921,COc1cccc2c1sc1c(Nc3cccc(Br)c3)ncnc12.Cl,12.6,7.8996294548824375,422.73500000000007,5.781000000000003
CHEMBL327300,COc1ccc(Oc2ccnc3cc(OC)c(OC)cc23)cc1OC,100000.0,4.0,341.3630000000001,4.061500000000003
CHEMBL171311,Nc1ncnc2c1c(-c1ccccc1)cn2C(CO)Cc1ccccc1,440.0,6.356547323513812,344.4180000000001,3.4566000000000017
CHEMBL166766,Nc1ncnc2c1c(-c1ccccc1)cn2C1CCC1,730.0,6.136677139879544,264.33200000000005,3.4055000000000017
CHEMBL155100,Brc1cccc(Nc2ncnc3c2ccc2[nH]cnc23)c1,272.0,6.565431095965801,340.184,4.012200000000002
CHEMBL2094036,C[C@@H](Nc1[nH]cnc2c3ccccc3nc1-2)c1ccccc1.Cl,100000.0,4.0,324.815,4.657600000000003
CHEMBL169780,Nc1ncnc2c1c(-c1cccc(O)c1)cn2C1CCN(CCO)CC1,2540.0,5.5951662833800615,353.4260000000002,2.0153
CHEMBL355269,COc1cccc(-c2cn(C3CCN(CC(=O)N(C)C)CC3)c3ncnc(N)c23)c1,750.0,6.1249387366083,408.5060000000002,2.4141999999999992
CHEMBL169200,COc1cccc(-c2cn(C3CCN(CCO)CC3)c3ncnc(N)c23)c1,900.0,6.045757490560675,367.4530000000001,2.3183
CHEMBL168829,Nc1ncnc2c1c(-c1ccccc1)cn2C1CCNC1,13400.0,4.872895201635193,279.34700000000004,2.2149
CHEMBL262276,COC(=O)CN1CCC(n2cc(-c3cccc(O)c3)c3c(N)ncnc32)CC1,800.0,6.096910013008056,381.4360000000002,2.1959999999999997
CHEMBL303144,C[C@H](Nc1cc(-c2c(-c3cccc(C(F)(F)F)c3)nc(C3CCNCC3)n2C)ccn1)c1ccccc1,10000.0,5.0,505.58800000000025,6.808000000000006
CHEMBL169920,CN(C)C(=O)CN1CCC(n2cc(-c3cccc(O)c3)c3c(N)ncnc32)CC1,500.0,6.301029995663981,394.4790000000002,2.1111999999999993
CHEMBL408683,NC(=O)CN1CCC(n2cc(-c3cccc(O)c3)c3c(N)ncnc32)C1,400.0,6.3979400086720375,352.39800000000014,1.1181999999999999
CHEMBL355891,COC(=O)CN1CCC(n2cc(-c3cccc(OC)c3)c3c(N)ncnc32)C1,830.0,6.080921907623926,381.4360000000002,2.1088999999999993
CHEMBL168661,COc1cccc(-c2cn(C3CCN(CCN(C)CCO)CC3)c3ncnc(N)c23)c1,295.0,6.530177984021837,424.5490000000002,2.2500999999999998
CHEMBL305178,C[C@H](Nc1nccc(-c2c(-c3cccc(C(F)(F)F)c3)nc(C3CCNCC3)n2C)n1)c1ccccc1,10000.0,5.0,506.57600000000025,6.203000000000005
CHEMBL355019,COC(=O)CN1CCC(n2cc(-c3cccc(O)c3)c3c(N)ncnc32)C1,740.0,6.130768280269024,367.40900000000016,1.8058999999999992
CHEMBL172514,COCCNCCN1CCC(n2cc(-c3cccc(OC)c3)c3c(N)ncnc32)CC1,310.0,6.508638306165727,424.54900000000026,2.5619999999999994
CHEMBL354033,Nc1ncnc2c1c(-c1ccc(O)cc1)cn2C1CCNC1,2670.0,5.573488738635425,295.34600000000006,1.9204999999999997
CHEMBL355322,COc1cccc(-c2cn(C3CCN(CC(N)=O)C3)c3ncnc(N)c23)c1,440.0,6.356547323513812,366.42500000000007,1.4211999999999994
CHEMBL169519,COc1cccc(-c2cn(C3CCNC3)c3ncnc(N)c23)c1,1120.0,5.950781977329818,309.37300000000005,2.2234999999999996
CHEMBL263528,NC(=O)CN1CCC(n2cc(-c3cccc(O)c3)c3c(N)ncnc32)CC1,170.0,6.769551078621726,366.4250000000002,1.5083
CHEMBL274732,COCCN(C)CCN1CCC(n2cc(-c3cccc(OC)c3)c3c(N)ncnc32)CC1,930.0,6.031517051446065,438.57600000000025,2.9042000000000012
CHEMBL171545,Nc1ncnc2c1c(-c1cccc(O)c1)cn2C1CCNC1,1530.0,5.815308569182402,295.34600000000006,1.9204999999999997
CHEMBL169064,COc1cccc(-c2cn(C3CCN(CC(N)=O)CC3)c3ncnc(N)c23)c1,350.0,6.455931955649724,380.4520000000001,1.8112999999999995
CHEMBL168921,CC(C)(C)OC(=O)N1CCC(n2cc(-c3cccc(O)c3)c3c(N)ncnc32)C1,2200.0,5.657577319177793,395.4630000000002,3.5680000000000014
CHEMBL169065,COC(=O)CN1CCC(n2cc(-c3cccc(OC)c3)c3c(N)ncnc32)CC1,1470.0,5.8326826652518236,395.46300000000025,2.4990000000000006
CHEMBL10,C[S+]([O-])c1ccc(-c2nc(-c3ccc(F)cc3)c(-c3ccncc3)[nH]2)cc1,96000.0,4.017728766960431,377.444,4.6822000000000035
CHEMBL353823,CC(C)(C)OC(=O)N1CCC(n2cc(-c3ccccc3)c3c(N)ncnc32)C1,8300.0,5.080921907623926,379.46400000000017,3.862400000000002
CHEMBL168656,COc1cccc(-c2cn(C3CCN(C(=O)OC(C)(C)C)C3)c3ncnc(N)c23)c1,2100.0,5.6777807052660805,409.4900000000002,3.871000000000002
CHEMBL113185,COc1cc(Nc2nccc(-c3ccc(NCCN)nc3)n2)cc(OC)c1OC,5100.0,5.292429823902063,396.4510000000002,2.6786000000000003
CHEMBL543661,COc1cc(Nc2ncnc3cc(OC)c(OC)cc23)cc(OC)c1.Cl,3000.0,5.522878745280337,377.82800000000003,3.8296000000000032
CHEMBL545541,COc1cc2ncnc(NCc3ccccc3)c2cc1OC.Cl,4.0,8.397940008672037,331.80300000000005,3.6809000000000025
CHEMBL541586,COc1cc2ncnc(Nc3cccc(F)c3)c2cc1OC.Cl,25.0,7.6020599913279625,335.766,3.9515000000000025
CHEMBL542237,COc1cc2nc(Cl)nc(Nc3cc(OC)c(OC)c(OC)c3)c2cc1OC.Cl,20000.0,4.698970004336019,442.29900000000015,4.4916000000000045
CHEMBL327188,COc1cc(Nc2c(C#N)cnc3cc4c(cc23)ncn4CCN2CCOCC2)c(Br)cc1Cl,1000.0,6.0,541.8370000000003,4.9564800000000035
CHEMBL540068,COc1cc2ncnc(Nc3cccc(Cl)c3)c2cc1OC.Cl,30.0,7.522878745280337,352.22100000000006,4.465800000000002
CHEMBL544836,COc1cc(Nc2ncnc3c(C)cc(C)cc23)cc(OC)c1OC.Cl,20000.0,4.698970004336019,375.85600000000005,4.437840000000004
CHEMBL96633,COc1cc(Nc2c(C#N)cnc3cc4c(cc23)ncn4CCN2CCOCC2)cc(OC)c1OC,1000.0,6.0,488.54800000000046,3.557780000000002
CHEMBL93262,COc1cc(Nc2c(C#N)cnc3cc4[nH]c(NCCN5CCOCC5)nc4cc23)cc(OC)c1OC,1000.0,6.0,503.56300000000044,3.4962800000000023
CHEMBL135853,COc1cc2ncnc(Oc3cccc(Cl)c3)c2cc1OC,20.0,7.698970004336019,316.7440000000001,4.0927000000000024
CHEMBL544833,COc1ccc(Nc2ncnc3cc(OC)c(OC)cc23)cc1OC.Cl,350.0,6.455931955649724,377.82800000000015,3.8296000000000032
CHEMBL112346,CC[C@H]1CN(c2ccc(-c3ccnc(Nc4cc(OC)c(OC)c(OC)c4)n3)cn2)CCN1,10000.0,5.0,450.54300000000023,3.4962000000000018
CHEMBL555201,COc1cc2ncnc(Nc3ccc(O)cc3)c2cc1OC.Cl,100.0,7.0,333.77500000000003,3.518000000000002
CHEMBL542484,COc1cc2ncnc(Nc3ccccc3)c2cc1OC.Cl,50.0,7.301029995663981,317.776,3.8124000000000025
CHEMBL92395,COc1ccc(Cl)c(Nc2c(C#N)cnc3cc4[nH]cnc4cc23)c1,1000.0,6.0,349.78100000000006,4.388380000000002
CHEMBL322066,COc1cc(Nc2nccc(-c3ccc(N4CCNCC4)nc3)n2)cc(OC)c1OC,1704.0,5.768530409569319,422.48900000000026,2.717600000000001
CHEMBL96096,N#Cc1cnc2cc3[nH]cnc3cc2c1Nc1ccc(Cl)cc1Br,1000.0,6.0,398.651,5.142280000000001
CHEMBL56983,CCN(CC)CCCCNc1ncc2cc(-c3c(Cl)cccc3Cl)c(NC(=O)Nc3ccccc3)nc2n1,1000.0,6.0,552.5100000000001,7.176500000000005
CHEMBL543669,COc1cc2ncnc(N(C)c3ccccc3)c2cc1OC.Cl,4000.0,5.3979400086720375,331.80300000000005,3.8367000000000036
CHEMBL414139,COc1cc2c(Nc3ccc(Oc4ccccc4)cc3)c(C#N)cnc2cc1OCCCN1CCOCC1,1000.0,6.0,510.5940000000005,5.7520800000000065
CHEMBL545767,COc1cc(Nc2ncnc3ccc(Cl)cc23)cc(OC)c1OC.Cl,1000.0,6.0,382.2470000000001,4.474400000000003
CHEMBL92729,COc1ccc(C)c(Nc2c(C#N)cnc3cc4c(cc23)ncn4CCN2CCOCC2)c1,1000.0,6.0,442.5230000000003,3.849000000000003
CHEMBL135902,COc1cc2ncnc(Sc3cccc(Cl)c3)c2cc1OC,10.0,8.0,332.8120000000001,4.451600000000003
CHEMBL543904,COc1cc2ncnc(Nc3cc(OC)c(OC)c(OC)c3)c2cc1OC.Cl,500.0,6.301029995663981,407.8540000000001,3.8382000000000027
CHEMBL555797,COc1cc2ncnc(Nc3ccc4c(c3)CCC4)c2cc1OC.Cl,600.0,6.221848749616356,357.84100000000007,4.3011000000000035
CHEMBL96081,COc1cc(Nc2c(C#N)cnc3cc4[nH]cnc4cc23)c(Br)cc1Cl,1000.0,6.0,428.67700000000013,5.150880000000002
CHEMBL555844,COc1cc2ncnc(Nc3ccc(N4CCOCC4)cc3)c2cc1OC.Cl,1000.0,6.0,402.8820000000001,3.649000000000003
CHEMBL94846,COc1cc(Nc2c(C#N)cnc3cc4[nH]cnc4cc23)cc(OC)c1OC,1000.0,6.0,375.3880000000002,3.752180000000002
CHEMBL92339,COc1ccc(Cl)c(Nc2c(C#N)cnc3cc4c(cc23)ncn4CCN2CCOCC2)c1,1000.0,6.0,462.9410000000004,4.193980000000004
CHEMBL330351,COc1cc(Nc2c(C#N)cnc3cc4c(cc23)ncn4CCN2CCOCC2)c(C)cc1Cl,1000.0,6.0,476.9680000000004,4.502400000000003
CHEMBL132605,COc1ccc(Sc2ncnc3cc(OC)c(OC)cc23)cc1OC,50000.0,4.301029995663981,358.41900000000015,3.815400000000003
CHEMBL542729,COc1ccc2ncnc(Nc3cc(OC)c(OC)c(OC)c3)c2c1.Cl,100.0,7.0,377.82800000000015,3.8296000000000032
CHEMBL330657,COc1cc(Nc2c(C#N)cnc3cc4[nH]c(CN5CCOCC5)nc4cc23)cc(OC)c1OC,1000.0,6.0,474.5210000000004,3.584380000000002
CHEMBL112263,COc1cc(Nc2nccc(-c3cccnc3)n2)cc(OC)c1OC,10000.0,5.0,338.3670000000002,3.3080000000000016
CHEMBL318804,COc1cc2c(Nc3ccc(Sc4nccn4C)c(Cl)c3)c(C#N)cnc2cc1OCCCN1CCOCC1,1000.0,6.0,565.0990000000003,5.497880000000006
CHEMBL555321,Cl.Clc1cccc(Nc2ncnc3ccccc23)c1,50.0,7.301029995663981,292.16900000000004,4.4486000000000026
CHEMBL542733,COc1ccc(Nc2ncnc3cc(OC)c(OC)cc23)cc1.Cl,250.0,6.6020599913279625,347.8020000000001,3.821000000000003
CHEMBL543429,COc1cc(Nc2ncnc3c(OC)c(OC)c(OC)cc23)cc(OC)c1OC.Cl,20000.0,4.698970004336019,437.88000000000017,3.846800000000003
CHEMBL329244,COc1ccc(C)c(Nc2c(C#N)cnc3cc4[nH]c(NCCN5CCOCC5)nc4cc23)c1,1000.0,6.0,457.53800000000035,3.7875000000000023
CHEMBL131577,Cc1cccc(Cl)c1NC(=O)c1cnc(NC(=O)C2CC2)s1,10000.0,5.0,335.81600000000014,3.7057200000000012
CHEMBL435227,Cc1c(CCC(=O)O)c[nH]c1/C=C1\C(=O)Nc2ccc(C(=O)O)cc21,100000.0,4.0,340.3350000000001,2.5312200000000002
CHEMBL147761,Cc1c[nH]c(/C=C2\C(=O)Nc3cccc(C)c32)c1CCC(=O)O,100000.0,4.0,310.35300000000007,3.141440000000001
CHEMBL450622,COc1cccc(-c2ccc3c(c2)NC(=O)/C3=C\c2[nH]cc(C)c2CCC(=O)O)c1,100000.0,4.0,402.45000000000016,4.508620000000001
CHEMBL274654,Cc1[nH]c(/C=C2\C(=O)Nc3ccccc32)c(C)c1CCC(=O)O,100000.0,4.0,310.35300000000007,3.141440000000001
CHEMBL48614,CN1CCC(c2c(O)cc(O)c3c2O/C(=C\c2ccccc2Cl)C3=O)CC1,1680.0,5.774690718274137,385.84700000000015,4.176600000000002
CHEMBL418203,CN1CCC(c2c(O)cc(O)c3c(=O)cc(-c4ccccc4Cl)oc23)[C@@H](O)C1,4600.0,5.337242168318426,401.8460000000001,3.3046000000000015
CHEMBL357803,Cc1[nH]c(/C=C2\C(=O)Nc3ccc(Br)cc32)c(C)c1CCC(=O)O,100000.0,4.0,389.2490000000002,3.903940000000002
CHEMBL146697,Cc1c(CCC(=O)O)c[nH]c1/C=C1\C(=O)Nc2ccc(S(N)(=O)=O)cc21,100000.0,4.0,375.4060000000001,1.4804199999999996
CHEMBL146694,COc1ccccc1-c1ccc2c(c1)NC(=O)/C2=C\c1[nH]c(C)c(CCC(=O)O)c1C,100000.0,4.0,416.47700000000026,4.817040000000003
CHEMBL148514,COc1cccc(-c2ccc3c(c2)NC(=O)/C3=C\c2[nH]cc(CCC(=O)O)c2C)c1,100000.0,4.0,402.45000000000016,4.508620000000001
CHEMBL443296,CCOc1cccc(-c2ccc3c(c2)NC(=O)/C3=C\c2[nH]cc(C)c2CCC(=O)O)c1,100000.0,4.0,416.4770000000002,4.898720000000003
CHEMBL149243,COc1ccc2c(c1)NC(=O)/C2=C\c1[nH]cc(CCC(=O)O)c1C,100000.0,4.0,326.35200000000003,2.8416200000000007
CHEMBL149073,Cc1[nH]c(/C=C2\C(=O)Nc3ccc(C(=O)O)cc32)c(C)c1CCC(=O)O,100000.0,4.0,354.36200000000014,2.839640000000001
CHEMBL148984,COc1ccc(-c2ccc3c(c2)NC(=O)/C3=C\c2[nH]cc(CCC(=O)O)c2C)cc1,100000.0,4.0,402.4500000000002,4.508620000000002
CHEMBL347074,Cc1c(CCC(=O)O)c[nH]c1/C=C1\C(=O)Nc2cc(-c3ccccc3)ccc21,100000.0,4.0,372.4240000000001,4.500020000000003
CHEMBL344319,Cc1c(CCC(=O)O)c[nH]c1/C=C1\C(=O)Nc2ccccc21,100000.0,4.0,296.326,2.833020000000001
CHEMBL356245,COc1ccc2c(c1)NC(=O)/C2=C\c1[nH]c(C)c(CCC(=O)O)c1C,100000.0,4.0,340.3790000000001,3.1500400000000015
CHEMBL150151,COc1ccc(-c2ccc3c(c2)NC(=O)/C3=C\c2[nH]c(C)c(CCC(=O)O)c2C)cc1,100000.0,4.0,416.47700000000026,4.817040000000003
CHEMBL358728,COc1cccc(-c2ccc3c(c2)NC(=O)/C3=C\c2[nH]c(C)c(CCC(=O)O)c2C)c1,100000.0,4.0,416.4770000000002,4.817040000000002
CHEMBL149201,Cc1[nH]c(/C=C2\C(=O)Nc3cc(-c4ccccc4)ccc32)c(C)c1CCC(=O)O,100000.0,4.0,386.45100000000025,4.808440000000003
CHEMBL148744,Cc1c[nH]c(/C=C2\C(=O)Nc3ccc(Br)cc32)c1CCC(=O)O,100000.0,4.0,375.2220000000002,3.5955200000000014
CHEMBL150177,Cc1[nH]c(/C=C2\C(=O)Nc3ccc(S(N)(=O)=O)cc32)c(C)c1CCC(=O)O,84800.0,4.071604147743286,389.4330000000002,1.7888400000000002
CHEMBL147112,COc1ccccc1-c1ccc2c(c1)NC(=O)/C2=C\c1[nH]cc(CCC(=O)O)c1C,100000.0,4.0,402.4500000000002,4.508620000000002
CHEMBL56505,COc1cc2ncnc(Nc3ccc(F)c(Cl)c3)c2cc1OCCN(CCO)CCO,35.0,7.455931955649724,450.89800000000037,2.8399000000000014
CHEMBL56802,COc1cc2ncnc(Nc3cccc(C)c3)c2cc1OC,5.0,8.301029995663981,295.3420000000001,3.6990200000000026
CHEMBL122534,Nc1cc2ncnc(Nc3ccccc3)c2cn1,250.0,6.6020599913279625,237.26600000000005,2.3506
CHEMBL332173,COc1cccc(CNc2ncnc3cc(N)ncc23)c1,2870.0,5.542118103266008,281.319,2.2276999999999996
CHEMBL57990,COc1cc2ncnc(Nc3ccc(F)c(Cl)c3)c2cc1OCCCN(C)C,49.0,7.309803919971486,404.8730000000003,4.5050000000000034
CHEMBL331792,Cc1cccc(Nc2ncnc3cc(N)ncc23)c1,40.0,7.3979400086720375,251.29300000000003,2.65902
CHEMBL125983,CC(=O)Nc1cccc(Nc2ncnc3cc(N)ncc23)c1,10000.0,5.0,294.318,2.309
CHEMBL333045,CN(C)c1cccc(CNc2ncnc3cc(N)ncc23)c1,10000.0,5.0,294.362,2.2851
CHEMBL55794,COc1cc2ncnc(Nc3ccc(F)c(Cl)c3)c2cc1OCCNC(C)C,310.0,6.508638306165727,404.8730000000002,4.551300000000003
CHEMBL122081,CC(=O)Nc1ccc(Nc2ncnc3cc(N)ncc23)cc1,10000.0,5.0,294.31800000000004,2.309
CHEMBL294395,COCCN(CCOC)CCOc1cc2c(Nc3ccc(F)c(Cl)c3)ncnc2cc1OC,61.0,7.214670164989233,478.95200000000017,4.148100000000002
CHEMBL323660,Nc1ccc(-c2cc(=O)c3cccc(N)c3o2)cc1,100000.0,4.0,252.273,2.6244000000000005
CHEMBL338625,Nc1cc2ncnc(Nc3ccc(Br)cc3)c2cn1,90.0,7.045757490560675,316.16200000000003,3.113100000000001
CHEMBL419601,CN(C)c1ccccc1CNc1ncnc2cc(N)ncc12,100000.0,4.0,294.36199999999997,2.2851
CHEMBL332879,Nc1cc2ncnc(Nc3ccccc3C(F)(F)F)c2cn1,10000.0,5.0,305.26300000000003,3.3694000000000015
CHEMBL339684,Nc1cc2ncnc(Nc3ccc(C(F)(F)F)cc3)c2cn1,4700.0,5.327902142064283,305.26300000000003,3.3694000000000006
CHEMBL331307,Nc1cc2ncnc(NCc3ccccc3Br)c2cn1,1670.0,5.777283528852417,330.1890000000001,2.981600000000001
CHEMBL121709,COc1ccccc1CNc1ncnc2cc(N)ncc12,100000.0,4.0,281.319,2.2276999999999996
CHEMBL7699,O=c1c(-c2cccc(Cl)c2)coc2cc(O)ccc12,58800.0,4.230622673923861,272.687,3.819000000000001
CHEMBL114568,Nc1ccc(-c2cc(=O)c3ccc(O)c(N)c3o2)cc1,100000.0,4.0,268.272,2.33
CHEMBL124673,Nc1cc2ncnc(Nc3cccc([N+](=O)[O-])c3)c2cn1,40.0,7.3979400086720375,282.26300000000003,2.2588
CHEMBL124533,Nc1cc2ncnc(NCc3cccc(C(F)(F)F)c3)c2cn1,1950.0,5.709965388637482,319.29,3.2379000000000016
CHEMBL301018,COc1cc2ncnc(Nc3ccc(F)c(Cl)c3)c2cc1OC,9.0,8.045757490560675,333.7500000000001,4.183100000000002
CHEMBL112925,Nc1ccc(-c2cc(=O)c3cc(N)ccc3o2)cc1,8700.0,5.060480747381382,252.273,2.6244000000000005
CHEMBL7917,COc1cc2ncnc(Nc3cccc(Cl)c3)c2cc1OC,6.0,8.221848749616356,315.7600000000001,4.044000000000002
CHEMBL281467,C=CC(=O)Nc1cnc2ncc(C#N)c(Nc3cccc(Br)c3)c2c1,374.8,6.426200417784259,394.232,4.132080000000002
CHEMBL299672,COc1cc2ncnc(Nc3ccc(F)c(Cl)c3)c2cc1OCCCN1CCCC1,71.0,7.1487416512809245,430.9110000000004,5.039200000000005
CHEMBL1788321,COc1cc2ncnc(Nc3ccc(F)c(Cl)c3)c2cc1OC[C@H](O)CN1CCOCC1,67.0,7.173925197299173,462.9090000000004,3.246400000000002
CHEMBL125035,Nc1cc2ncnc(NCc3ccccc3[N+](=O)[O-])c2cn1,4250.0,5.371611069949688,296.2900000000001,2.1273
CHEMBL7827,O=c1c(-c2cccc(Cl)c2)coc2cc(O)cc(O)c12,95.0,7.022276394711152,288.68600000000004,3.524600000000001
CHEMBL7801,Oc1c(-c2cccc(Cl)c2)cnc2ccccc12,100000.0,4.0,255.704,4.260800000000002
CHEMBL56936,COc1cc2ncnc(Nc3ccc(F)c(Cl)c3)c2cc1OCCNCCN(C)C,2.0,8.698970004336019,433.9150000000003,3.704500000000002
CHEMBL60826,COc1cc2ncnc(Nc3ccc(F)c(Cl)c3)c2cc1OCC(O)Cn1ccnc1,8.0,8.096910013008056,443.8660000000002,3.810900000000002
CHEMBL112421,Nc1ccc(-c2cc(=O)c3cc(O)cc(N)c3o2)cc1,100000.0,4.0,268.272,2.33
CHEMBL114550,COc1cc(N)c2oc(-c3cccc(N)c3)cc(=O)c2c1,100000.0,4.0,282.29900000000004,2.633000000000001
CHEMBL333115,Nc1cc2ncnc(Nc3ccc([N+](=O)[O-])cc3)c2cn1,65000.0,4.187086643357144,282.26300000000003,2.2588
CHEMBL125550,Nc1cc2ncnc(Nc3cccc(I)c3)c2cn1,260.0,6.585026652029182,363.16200000000003,2.9552000000000005
CHEMBL123322,Nc1cc2ncnc(Nc3cccc(O)c3)c2cn1,70.0,7.154901959985743,253.26500000000004,2.0561999999999996
CHEMBL440453,COc1cc(O)c2c(O)c(-c3cccc(Cl)c3)cnc2c1,38.0,7.42021640338319,301.72900000000004,3.9750000000000014
CHEMBL31876,CC#CC(=O)Nc1ccc2ncc(C#N)c(Nc3ccc(F)c(Cl)c3)c2c1,330.2,6.4812229310732254,378.79400000000004,4.604380000000002
CHEMBL125810,Nc1cc2ncnc(Nc3cccc(C(F)(F)F)c3)c2cn1,15.0,7.823908740944319,305.26300000000003,3.3694000000000006
CHEMBL334173,COc1cccc(Nc2ncnc3cc(N)ncc23)c1,130.0,6.886056647693163,267.292,2.3591999999999995
CHEMBL121984,CN(C)c1ccc(CNc2ncnc3cc(N)ncc23)cc1,100000.0,4.0,294.362,2.2851
CHEMBL14699,COc1cc2ncnc(Nc3ccc(F)c(Cl)c3)c2cc1OCCN1CCOCC1,10.0,8.0,432.8830000000004,3.885500000000003
CHEMBL125331,CN(C)c1cccc(Nc2ncnc3cc(N)ncc23)c1,1790.0,5.747146969020107,280.335,2.4166
CHEMBL123676,Nc1cc2ncnc(NCc3cccc([N+](=O)[O-])c3)c2cn1,10100.0,4.995678626217358,296.29,2.1273
CHEMBL56912,COCCNCCOc1cc2c(Nc3ccc(F)c(Cl)c3)ncnc2cc1OC,8.0,8.096910013008056,420.8720000000001,3.7893000000000017
CHEMBL55425,CCN(CC)CCCOc1cc2c(Nc3ccc(F)c(Cl)c3)ncnc2cc1OC,57.0,7.2441251443275085,432.9270000000002,5.285200000000005
CHEMBL125949,Nc1cc2ncnc(NCc3ccc(Br)cc3)c2cn1,2460.0,5.609064892896621,330.1890000000001,2.981600000000001
CHEMBL7810,COc1cc(O)c2c(=O)c(-c3cccc(Cl)c3)cn(CCc3ccccc3)c2c1,4000.0,5.3979400086720375,405.88100000000014,5.278800000000004
CHEMBL31276,CN(C)C/C=C/C(=O)Nc1cc2c(Nc3cccc(Br)c3)c(C#N)cnc2cn1,1.9,8.721246399047171,451.3280000000001,4.063880000000002
CHEMBL56027,COc1cc2ncnc(Nc3ccc(F)c(Cl)c3)c2cc1OCCNC(C)(CO)CO,69.0,7.161150909262744,450.8980000000003,2.886200000000001
CHEMBL294034,COc1cc2ncnc(Nc3ccc(F)c(Cl)c3)c2cc1OCCn1ccnc1,66.0,7.180456064458132,413.8400000000002,4.450000000000003
CHEMBL127763,Nc1cccc(CNc2ncnc3cc(N)ncc23)c1,10000.0,5.0,266.308,1.8013
CHEMBL7981,COc1cc(OC)c2c(=O)c(-c3cccc(Cl)c3)coc2c1,500000.0,3.3010299956639813,316.74000000000007,4.130600000000002
CHEMBL7866,COC(=O)Cn1cc(-c2cccc(Cl)c2)c(=O)c2c(O)cc(OC)cc21,64.0,7.1938200260161125,373.79200000000014,3.209100000000002
CHEMBL31745,CC#CC(=O)Nc1cnc2ncc(C#N)c(Nc3cccc(Br)c3)c2c1,6266.2,5.2029957477386715,406.24300000000005,3.969380000000002
CHEMBL293090,CNCCOc1cc2c(Nc3ccc(F)c(Cl)c3)ncnc2cc1OC,8.0,8.096910013008056,376.8190000000001,3.772700000000002
CHEMBL56142,COc1cc2ncnc(Nc3ccc(F)c(Cl)c3)c2cc1OCCN1CCCCC1,98.0,7.008773924307505,430.9110000000004,5.039200000000005
CHEMBL112422,Nc1ccc(-c2cc(=O)c3cc(N)cc(N)c3o2)cc1,100000.0,4.0,267.28799999999995,2.2066
CHEMBL287022,CC#CC(=O)Nc1cnc2ncc(C#N)c(Nc3ccc(F)c(Cl)c3)c2c1,3762.4,5.424535034261977,379.7820000000001,3.9993800000000013
CHEMBL116051,Nc1ccc(-c2cc(=O)c3c(O)c(N)ccc3o2)cc1,100000.0,4.0,268.272,2.33
CHEMBL333272,Nc1ccc(Nc2ncnc3cc(N)ncc23)cc1,5900.0,5.229147988357856,252.281,1.9327999999999999
CHEMBL31437,CN(C)CCOc1cc2c(Nc3ccc(F)c(Cl)c3)c(C#N)cnc2cn1,10000.0,5.0,385.8300000000001,3.9779800000000023
CHEMBL293064,CCN(CC)CCOc1cc2c(Nc3ccc(F)c(Cl)c3)ncnc2cc1OC,93.0,7.031517051446065,418.90000000000015,4.895100000000004
CHEMBL114578,Nc1ccc(-c2cc(=O)c3c(O)ccc(N)c3o2)cc1,100000.0,4.0,268.272,2.33
CHEMBL128001,COc1ccc(Nc2ncnc3cc(N)ncc23)cc1,670.0,6.173925197299173,267.29200000000003,2.3591999999999995
CHEMBL341053,CN(C)c1ccc(Nc2ncnc3cc(N)ncc23)cc1,4860.0,5.313363730737707,280.335,2.4166
CHEMBL31118,CN(C)CCOc1cc2c(Nc3cccc(Br)c3)c(C#N)cnc2cn1,10000.0,5.0,412.2910000000001,3.947980000000002
CHEMBL56502,COc1cc2ncnc(Nc3ccc(F)c(Cl)c3)c2cc1OCC(O)CN,6.0,8.221848749616356,392.8180000000002,2.8729000000000005
CHEMBL432416,Nc1ccc(-c2cc(=O)c3cc(N)c(O)cc3o2)cc1,14100.0,4.85078088734462,268.272,2.33
CHEMBL124618,Nc1cc2ncnc(Nc3ccccc3N)c2cn1,5250.0,5.279840696594043,252.28100000000003,1.9327999999999999
CHEMBL126062,Nc1cc2ncnc(NCc3ccccc3C(F)(F)F)c2cn1,10000.0,5.0,319.29,3.2379000000000016
CHEMBL333041,Nc1cc2ncnc(NCc3ccc(C(F)(F)F)cc3)c2cn1,8000.0,5.096910013008056,319.29,3.2379000000000016
CHEMBL125995,COc1ccc(CNc2ncnc3cc(N)ncc23)cc1,100000.0,4.0,281.319,2.2276999999999996
CHEMBL7819,COc1cc(O)c2c(=O)c(-c3cccc(Cl)c3)cn(C)c2c1,170.0,6.769551078621726,315.75600000000003,3.573100000000002
CHEMBL115397,COc1ccc(N)c2oc(-c3ccc(N)cc3)cc(=O)c12,100000.0,4.0,282.29900000000004,2.633000000000001
CHEMBL122168,Nc1cc2ncnc(Nc3cccnc3)c2cn1,10000.0,5.0,238.25400000000005,1.7455999999999998
CHEMBL340438,Nc1cc2ncnc(Nc3cccc(F)c3)c2cn1,840.0,6.075720713938118,255.25600000000003,2.4897
CHEMBL291514,COc1cc2ncnc(Nc3ccc(F)c(Cl)c3)c2cc1OCCCN1CCCCC1,79.0,7.102372908709558,444.93800000000044,5.429300000000005
CHEMBL338662,Nc1cc2ncnc(Nc3ccccc3[N+](=O)[O-])c2cn1,1250.0,5.903089986991944,282.26300000000003,2.2588
CHEMBL122132,Nc1cc2ncnc(Nc3ccccc3Br)c2cn1,240.0,6.619788758288394,316.16200000000003,3.113100000000001
CHEMBL441518,CN(C)C/C=C/C(=O)Nc1cnc2ncc(C#N)c(Nc3cccc(Br)c3)c2c1,2043.6,5.689604105989774,451.32800000000003,4.063880000000002
CHEMBL1744086,COc1cc2ncnc(Nc3ccc(F)c(Cl)c3)c2cc1OC[C@@H](O)CN1CCOCC1,95.0,7.022276394711152,462.9090000000004,3.246400000000002
CHEMBL114814,Nc1ccc(-c2cc(=O)c3c(N)c(O)c(N)cc3o2)cc1,100000.0,4.0,283.287,1.9122
CHEMBL115102,Nc1cccc(-c2cc(=O)c3cc(N)c(O)cc3o2)c1,100000.0,4.0,268.272,2.33
CHEMBL123523,CN(C)c1ccccc1Nc1ncnc2cc(N)ncc12,69000.0,4.161150909262744,280.335,2.4166
CHEMBL124528,Nc1cc2ncnc(Nc3cccc(Cl)c3)c2cn1,120.0,6.920818753952375,271.711,3.0040000000000004
CHEMBL325949,Nc1cccc(-c2cc(=O)c3c(N)c(O)c(N)cc3o2)c1,7800.0,5.107905397309519,283.287,1.9121999999999997
CHEMBL126097,Nc1cc2ncnc(NCc3ccc([N+](=O)[O-])cc3)c2cn1,10000.0,5.0,296.29,2.1273
CHEMBL7339,COc1cc(O)c2c(=O)c(-c3cccc(Cl)c3)coc2c1,1270.0,5.896196279044043,302.713,3.8276000000000012
CHEMBL57759,COc1cc2ncnc(Nc3ccc(F)c(Cl)c3)c2cc1OCCN(C)C,7.0,8.154901959985743,390.84600000000023,4.114900000000003
CHEMBL115601,Nc1ccc(-c2cc(=O)c3cc(N)c(O)c(N)c3o2)cc1,100000.0,4.0,283.287,1.9122
CHEMBL115103,Nc1cccc(-c2cc(=O)c3cc(N)ccc3o2)c1,100000.0,4.0,252.273,2.6244000000000005
CHEMBL300791,COc1cc2ncnc(Nc3ccc(F)c(Cl)c3)c2cc1OCCN1CCN(C)CC1,10.0,8.0,445.9260000000004,3.8007000000000026
CHEMBL57892,COc1cc2ncnc(Nc3ccc(F)c(Cl)c3)c2cc1OCCNC(C)(C)C,100.0,7.0,418.90000000000026,4.941400000000003
CHEMBL57758,COc1cc2ncnc(Nc3ccc(F)c(Cl)c3)c2cc1OCCN1CCCC1,87.0,7.060480747381382,416.88400000000036,4.649100000000003
CHEMBL56266,CNCC(O)COc1cc2c(Nc3ccc(F)c(Cl)c3)ncnc2cc1OC,5.0,8.301029995663981,406.8450000000001,3.1336000000000013
CHEMBL124617,Nc1cccc(Nc2ncnc3cc(N)ncc23)c1,1550.0,5.809668301829708,252.28100000000003,1.9327999999999999
CHEMBL300083,Nc1cc2ncnc(NCc3ccccc3)c2cn1,580.0,6.236572006437063,251.29300000000003,2.2191
CHEMBL121708,Nc1cc2ncnc(NCc3cccc(Br)c3)c2cn1,1000.0,6.0,330.1890000000001,2.981600000000001
CHEMBL296468,CC(C)(C)c1cnc(CSc2cnc(NC(=O)C3CCNCC3)s2)o1,25000.0,4.6020599913279625,380.53900000000016,3.6590000000000016
CHEMBL266995,Oc1cc(O)c2c(O)c(-c3cccc(Cl)c3)cnc2c1,8.0,8.096910013008056,287.702,3.6720000000000024
CHEMBL299893,COc1cc2ncnc(Nc3ccc(F)c(Cl)c3)c2cc1OCC(O)CN(CCO)CCO,5.0,8.301029995663981,480.9240000000004,2.2008000000000005
CHEMBL116353,COc1cc(N)c2oc(-c3ccc(N)cc3)cc(=O)c2c1,100000.0,4.0,282.29900000000004,2.633000000000001
CHEMBL126101,COc1ccccc1Nc1ncnc2cc(N)ncc12,3710.0,5.430626090384954,267.29200000000003,2.3591999999999995
CHEMBL332846,Nc1cc2ncnc(NCc3ccccc3N)c2cn1,230.0,6.638272163982407,266.308,1.8013
CHEMBL124836,Nc1ccc(CNc2ncnc3cc(N)ncc23)cc1,10000.0,5.0,266.30800000000005,1.8013
CHEMBL347668,O=C(CCc1c(SSc2[nH]c3ccccc3c2CCC(=O)NCc2ccc(C(=O)O)c(O)c2)[nH]c2ccccc12)NCc1ccc(C(=O)O)c(O)c1,8500.0,5.070581074285707,738.8440000000003,6.754200000000006
CHEMBL541307,CN(C)CC(CNNC(N)=O)C(=O)c1ccc(OCc2ccccc2)cc1.Cl,3900.0,5.4089353929735005,406.91400000000004,2.220800000000002
CHEMBL348146,CC(=O)OC(Cc1c(SSc2[nH]c3ccccc3c2CC(OC(C)=O)C(=O)NCc2ccccc2)[nH]c2ccccc12)C(=O)NCc1ccccc1,28000.0,4.552841968657781,734.9000000000002,7.029800000000005
CHEMBL538757,COC(=O)c1ccccc1SCC(CN(C)C)C(=O)c1ccc(OCc2ccccc2)cc1.Cl,8800.0,5.055517327849831,500.0600000000001,5.6268000000000065
CHEMBL350882,O=C(NCc1ccccc1)C(Cc1c(SSc2[nH]c3ccccc3c2CC(NC(=O)C(F)(F)F)C(=O)NCc2ccccc2)[nH]c2ccccc12)NC(=O)C(F)(F)F,100000.0,4.0,840.8720000000001,7.260600000000004
CHEMBL422531,CN(C)C(=O)CCc1c(SSc2[nH]c3ccccc3c2CCC(=O)N(C)C)[nH]c2ccccc12,12000.0,4.920818753952375,494.6860000000003,5.490200000000004
CHEMBL538507,Cc1ccc(SCC(CN(C)C)C(=O)c2ccc(OCc3ccccc3)cc2)cc1C.Cl,2100.0,5.6777807052660805,470.07800000000015,6.457040000000007
CHEMBL154969,CONC(=O)CCc1c(SSc2[nH]c3ccccc3c2CCC(=O)NOC)[nH]c2ccccc12,68000.0,4.167491087293763,498.6300000000003,4.669000000000003
CHEMBL552859,C=C(CN(C)C)C(=O)c1ccc(OCc2ccccc2)cc1.Cl,180.0,6.7447274948966935,331.843,3.9879000000000038
CHEMBL414013,COc1cc2c(cc1OC)Nc1ncnc(O)c1C2,75000.0,4.1249387366083,259.26500000000004,1.8471999999999997
CHEMBL544074,C=C(CN1CCCCC1)C(=O)c1ccc(OCc2ccccc2)cc1.Cl,1100.0,5.958607314841775,371.90799999999996,4.912200000000006
CHEMBL154260,O=C(CCc1c(SSc2[nH]c3ccccc3c2CCC(=O)NCCc2ccccc2)[nH]c2ccccc12)NCCc1ccccc1,24000.0,4.619788758288394,646.8820000000002,8.031600000000006
CHEMBL346716,CC(=O)NC(Cc1c(SSc2[nH]c3ccccc3c2CC(NC(C)=O)C(=O)NCc2ccccc2)[nH]c2ccccc12)C(=O)NCc1ccccc1,51000.0,4.292429823902063,732.9320000000001,6.175800000000005
CHEMBL545006,Cl.O=C(CCN1CCCCC1)c1ccc(OCc2ccccc2)cc1,1800.0,5.7447274948966935,359.89700000000005,4.746100000000005
CHEMBL542891,CCOC(=O)C1CCN(CCC(=O)c2ccc(OCc3ccccc3)cc2)CC1.Cl,300.0,6.522878745280337,431.9600000000001,4.535300000000006
CHEMBL544538,C=C(CN1CCNCC1)C(=O)c1ccc(OCc2ccccc2)cc1.Cl,1500.0,5.823908740944319,372.896,3.3315000000000023
CHEMBL348116,N#CCc1c(SSc2[nH]c3ccccc3c2CC#N)[nH]c2ccccc12,32000.0,4.494850021680094,374.4940000000001,5.580760000000003
CHEMBL80030,C=C(CN(C)C)C(=O)c1ccc(OS(=O)(=O)c2ccc(C(=O)O)cc2)cc1,230.0,6.638272163982407,389.4290000000001,2.4530000000000003
CHEMBL157952,O=C(NCc1ccccc1)C(O)Cc1c(SSc2[nH]c3ccccc3c2CC(O)C(=O)NCc2ccccc2)[nH]c2ccccc12,14000.0,4.853871964321762,650.8260000000002,5.888200000000005
CHEMBL156555,O=C(CCCc1c(SSc2[nH]c3ccccc3c2CCCC(=O)NCc2ccccc2)[nH]c2ccccc12)NCc1ccccc1,100000.0,4.0,646.8820000000003,8.726800000000004
CHEMBL543361,CN(C)CC(CSCCN)C(=O)c1ccc(OCc2ccccc2)cc1.Cl,8800.0,5.055517327849831,408.99500000000006,3.739800000000002
CHEMBL155607,NC(=O)CCC1C(S)=Nc2ccccc21,22000.0,4.657577319177793,220.29700000000003,2.0090999999999997
CHEMBL543600,CC(CN(C)C)C(=O)c1ccc(OS(=O)(=O)c2ccc(C(=O)O)cc2)cc1.Cl,100000.0,4.0,427.9060000000001,2.954700000000001
CHEMBL155389,O=C(CC1C(S)=Nc2ccccc21)NCc1ccccc1,100000.0,4.0,296.39500000000004,3.4501000000000017
CHEMBL345203,CNC(=O)CCc1c(SSc2[nH]c3ccccc3c2CCC(=O)NC)[nH]c2ccccc12,9400.0,5.026872146400302,466.6320000000003,4.805800000000003
CHEMBL78249,N#CC(Cc1ccc(O)c(O)c1)C(=N)S,70000.0,4.154901959985743,222.269,1.6871500000000001
CHEMBL543362,CN(C)CCCC(=O)c1ccc(OCc2ccccc2)cc1.Cl,100000.0,4.0,333.859,4.211900000000004
CHEMBL544770,CN(C)CCC(=O)c1ccc(OCc2ccccc2)cc1.Cl,1500.0,5.823908740944319,319.83199999999994,3.8218000000000036
CHEMBL435831,O=C(Cc1c(SSc2[nH]c3ccccc3c2CC(=O)NCc2ccccc2)[nH]c2ccccc12)NCc1ccccc1,38000.0,4.42021640338319,590.7740000000002,7.166400000000006
CHEMBL542893,Cl.O=C(CCN1CCOCC1)c1ccc(OCc2ccccc2)cc1,1500.0,5.823908740944319,361.8690000000001,3.5924000000000023
CHEMBL540292,CN(C)CC(CSc1ccccc1)C(=O)c1ccc(OCc2ccccc2)cc1.Cl,7300.0,5.136677139879544,442.02400000000017,5.840200000000006
CHEMBL154080,COC(=O)c1ccc(CNC(=O)CCc2c(SSc3[nH]c4ccccc4c3CCC(=O)NCc3ccc(C(=O)OC)cc3)[nH]c3ccccc23)cc1,44000.0,4.356547323513812,734.9000000000002,7.519800000000006
CHEMBL155293,O=C(CCc1c(SSc2[nH]c3ccccc3c2CCC(=O)NCc2ccc(C(=O)O)cc2)[nH]c2ccccc12)NCc1ccc(C(=O)O)cc1,7400.0,5.130768280269024,706.8460000000002,7.343000000000006
CHEMBL544067,C=C(CN1CCOCC1)C(=O)c1ccc(OCc2ccccc2)cc1.Cl,1100.0,5.958607314841775,373.87999999999994,3.7585000000000037
CHEMBL468975,C=C(CN(C)C)C(=O)c1ccccc1.Cl,5600.0,5.251811972993799,225.71900000000002,2.4089000000000005
CHEMBL158119,O=[N+]([O-])CCc1c(SSc2[nH]c3ccccc3c2CC[N+](=O)[O-])[nH]c2ccccc12,89000.0,4.050609993355087,442.5220000000003,5.087000000000003
CHEMBL156797,O=C(CCc1c(SSc2[nH]c3ccccc3c2CCC(=O)Nc2ccccc2)[nH]c2ccccc12)Nc1ccccc1,25000.0,4.6020599913279625,590.7740000000002,8.591200000000002
CHEMBL542887,C=C(CN(C)C)C(=O)c1ccc(OCc2ccccc2)c(O)c1.Cl,670.0,6.173925197299173,347.84200000000004,3.6935000000000033
CHEMBL552634,C=C(CN(C)C)C(=O)c1ccc(OS(=O)(=O)c2ccc(C(=O)N(C)C)cc2)cc1.Cl,700.0,6.154901959985743,452.9600000000001,2.8784000000000023
CHEMBL154911,O=C(CCC1C(S)=Nc2ccccc21)NCc1ccccc1,100000.0,4.0,310.422,3.840200000000002
CHEMBL157304,N#CCCc1c(SSc2[nH]c3ccccc3c2CCC#N)[nH]c2ccccc12,47000.0,4.327902142064283,402.54800000000023,6.360960000000005
CHEMBL157021,NC(=O)CCc1c(SSc2[nH]c3ccccc3c2CCC(N)=O)[nH]c2ccccc12,16000.0,4.795880017344075,438.57800000000026,4.284400000000002
CHEMBL552860,CN(C)CCC(=O)c1ccc(OCc2ccccc2)c(O)c1.Cl,360.0,6.443697499232712,335.83099999999996,3.5274000000000023
CHEMBL310580,C=C(CN(C)C)C(=O)c1ccc(OS(=O)(=O)c2ccc(C(=O)O)c(O)c2)cc1,470.0,6.327902142064283,405.4280000000001,2.1586
CHEMBL154822,COC(=O)c1ccc(CNC(=O)CCc2c(SSc3[nH]c4ccccc4c3CCC(=O)NCc3ccc(C(=O)OC)c(O)c3)[nH]c3ccccc23)cc1O,100000.0,4.0,766.8980000000003,6.931000000000006
CHEMBL6976,COc1cc2c(cc1OC)Nc1ncn(C)c(=O)c1C2,160000.0,3.795880017344075,273.29200000000003,1.4452999999999996
CHEMBL144791,N#C/C(=C\c1cc(O)c(O)c(Br)c1)S(=O)(=O)/C(C#N)=C/c1cc(O)c(O)c(Br)c1,850.0,6.070581074285707,542.1610000000002,3.8779600000000016
CHEMBL279138,N#C/C(=C\c1ccc(O)c(O)c1)C(=O)NCCCCCCCCNC(=O)/C(C#N)=C/c1ccc(O)c(O)c1,2200.0,5.657577319177793,518.5700000000004,3.596160000000002
CHEMBL67535,N#C/C(=C\c1ccc(O)c(O)c1)C(=O)NCCCNC(=O)/C(C#N)=C/c1ccc(O)c(O)c1,400.0,6.3979400086720375,448.4350000000001,1.6456599999999992
CHEMBL144632,N#C/C(=C\c1cc(O)c(O)c([N+](=O)[O-])c1)C(=O)NCCCNC(=O)/C(C#N)=C/c1cc(O)c(O)c([N+](=O)[O-])c1,100000.0,4.0,538.4290000000003,1.4620599999999997
CHEMBL59150,N#CC(C#N)=C(N)/C(C#N)=C/c1ccc2[nH]ccc2c1,820000.0,3.0861861476162833,259.272,2.33484
CHEMBL144770,N#C/C(=C\c1cc(O)c(O)c(Br)c1)C(=O)NCCCNC(=O)/C(C#N)=C/c1cc(O)c(O)c(Br)c1,340.0,6.468521082957745,606.2270000000003,3.1706600000000025
CHEMBL144159,N#C/C(=C\c1ccc(O)c(O)c1)C(=O)NCc1cccc(CNC(=O)/C(C#N)=C/c2ccc(O)c(O)c2)c1,1600.0,5.795880017344075,510.50600000000026,2.9557600000000015
CHEMBL144760,N#C/C(=C\c1ccc(O)c(O)c1)C(=O)NCCCCCCNC(=O)/C(C#N)=C/c1ccc(O)c(O)c1,700.0,6.154901959985743,490.51600000000025,2.8159600000000014
CHEMBL30432,CN(C)c1cc2c(Nc3ccc4c(cnn4Cc4ccccc4)c3)ncnc2cn1,1.0,9.0,395.47,4.232400000000002
CHEMBL87084,Oc1cc2cc(-c3ccncc3)cnc2cc1O,5000.0,5.301029995663981,238.24599999999998,2.7080000000000006
CHEMBL144589,N#C/C(=C\c1ccc(O)c(O)c1)C(=O)NCCCCNC(=O)/C(C#N)=C/c1ccc(O)c(O)c1,600.0,6.221848749616356,462.46200000000016,2.03576
CHEMBL424302,N#C/C(=C\c1ccc(O)c(O)c1)C(=O)NCCCCCCCCCCNC(=O)/C(C#N)=C/c1ccc(O)c(O)c1,1300.0,5.886056647693163,546.6240000000005,4.3763600000000045
CHEMBL356324,N#C/C(=C\c1ccc(O)c(O)c1)S(=O)(=O)/C(C#N)=C/c1ccc(O)c(O)c1,380.0,6.42021640338319,384.3690000000001,2.3529600000000013
CHEMBL358494,N#C/C(=C\c1ccc(O)c(O)c1)C(=O)N1CCN(C(=O)/C(C#N)=C/c2ccc(O)c(O)c2)CC1,4000.0,5.3979400086720375,460.44600000000025,1.6939599999999995
CHEMBL147880,N#C/C(=C\c1ccc(O)c(O)c1)C(=O)NC1CCC(CC2CCC(NC(=O)/C(C#N)=C/c3ccc(O)c(O)c3)CC2)CC1,83000.0,4.080921907623926,584.673,4.763260000000004
CHEMBL144402,N#C/C(=C\c1ccc(O)c(O)c1)C(=O)NCCCN1CCN(CCCNC(=O)/C(C#N)=C/c2ccc(O)c(O)c2)CC1,167000.0,3.7772835288524167,574.6380000000003,1.6533599999999993
CHEMBL145266,COc1cc(/C=C(\C#N)C(=O)NCCCCNC(=O)/C(C#N)=C/c2cc(OC)c(O)c([N+](=O)[O-])c2)cc([N+](=O)[O-])c1O,112000.0,3.9507819773298185,580.5100000000003,2.458160000000001
CHEMBL352308,COc1cc2c(Oc3ccc(Nc4ccc(C(C)(C)C)cc4)cc3)ccnc2cc1OCCNCCO,10000.0,5.0,501.6270000000003,6.037500000000008
CHEMBL357400,COc1cc(/C=C(\C#N)C(=O)NCCCCNC(=O)/C(C#N)=C/c2cc(Br)c(O)c(OC)c2)cc(Br)c1O,102000.0,3.9913998282380825,648.3080000000002,4.166760000000004
CHEMBL358746,N#C/C(=C\c1cc(O)c(O)c(O)c1)C(=O)NCCCCNC(=O)/C(C#N)=C/c1cc(O)c(O)c(O)c1,600.0,6.221848749616356,494.46000000000026,1.4469599999999991
CHEMBL86664,Clc1ccc2cc(-c3ccncc3)cnc2c1,10000.0,5.0,240.693,3.9502000000000024
CHEMBL144778,N#C/C(=C\c1ccc(O)c(O)c1)C(=O)NC1CCCC[C@@H]1NC(=O)/C(C#N)=C/c1ccc(O)c(O)c1,2100.0,5.6777807052660805,488.5000000000002,2.5667600000000004
CHEMBL144908,N#C/C(=C\c1ccc(O)c(O)c1)C(=O)NCCNC(=O)/C(C#N)=C/c1ccc(O)c(O)c1,500.0,6.301029995663981,434.4080000000002,1.2555599999999996
CHEMBL342792,COc1cc(/C=C(\C#N)S(=O)(=O)/C(C#N)=C/c2cc(O)c(O)c(OC)c2)cc(O)c1O,940.0,6.026872146400302,444.42100000000016,2.370160000000002
CHEMBL68423,COc1cc(OC)c2cc(-c3ccncc3)cnc2c1,10000.0,5.0,266.3,3.314000000000002
CHEMBL144842,N#C/C(=C\c1ccc(O)c(O)c1)C(=O)NCCCCCNC(=O)/C(C#N)=C/c1ccc(O)c(O)c1,700.0,6.154901959985743,476.4890000000002,2.425860000000001
CHEMBL280069,COc1cc2cc(-c3ccncc3)cnc2cc1OC,10000.0,5.0,266.3,3.314000000000002
CHEMBL143108,N#C/C(=C\c1ccc2[nH]ccc2c1)C(=O)NCCCNC(=O)/C(C#N)=C/c1ccc2[nH]ccc2c1,100000.0,4.0,462.51300000000015,3.7858600000000013
CHEMBL343887,N#C/C(=C\c1ccc(O)c(O)c1)C(=O)NCCN1CCN(C(=O)/C(C#N)=C/c2ccc(O)c(O)c2)CC1,2200.0,5.657577319177793,503.5150000000003,1.2835599999999996
CHEMBL357161,N#C/C(=C\c1ccc(O)c(O)c1)C(=O)NCC1CCCC(CNC(=O)/C(C#N)=C/c2ccc(O)c(O)c2)C1,1800.0,5.7447274948966935,516.5540000000002,3.061960000000002
CHEMBL145209,N#C/C(=C\c1ccc(O)c(O)c1)C(=O)NCN1CCN(C(=O)/C(C#N)=C/c2ccc(O)c(O)c2)CC1,83000.0,4.080921907623926,489.4880000000003,1.2410599999999998
CHEMBL76432,c1ccc(-c2cc3ncnc(Nc4ccc5[nH]ccc5c4)c3s2)cc1,68.0,7.167491087293763,342.4270000000001,5.583200000000002
CHEMBL312818,c1ccc(CCCN(c2cc3ncnc(Nc4ccc5[nH]ccc5c4)c3s2)n2ccnc2)cc1,5.0,8.301029995663981,465.5860000000001,6.0152000000000045
CHEMBL311111,Cc1cc2cc(Nc3ccnc4cc(-c5ccc(CN6CCOCC6)cc5)sc34)ccc2[nH]1,1250.0,5.903089986991944,454.5990000000002,6.328820000000005
CHEMBL98934,COC1=CC(=O)C=C(/C=C2\CCCC3CCCCC23)C1=O,100000.0,4.0,286.3709999999999,3.5116000000000023
CHEMBL80540,c1cc(Nc2ccc3[nH]ccc3c2)c2sc(-c3ccc(CNCCN4CCNCC4)cc3)cc2n1,3.0,8.522878745280337,482.6570000000003,5.183000000000004
CHEMBL312753,OCc1ccc(-c2cc3ncnc(Nc4ccc5[nH]ccc5c4)c3s2)cc1,1.0,9.0,372.4530000000001,5.075500000000003
CHEMBL80809,CC(=O)NCCNCc1ccc(-c2cc3ncnc(Nc4ccc5[nH]ccc5c4)c3s2)cc1,5.0,8.301029995663981,456.5750000000001,4.808900000000003
CHEMBL310740,OCCNCc1ccc(-c2cc3nccc(Nc4ccc5[nH]ccc5c4)c3s2)cc1,2.0,8.698970004336019,414.5340000000001,5.270100000000003
CHEMBL308498,CC(C)(CO)NCc1ccc(-c2cc3ncnc(Nc4ccc5[nH]ccc5c4)c3s2)cc1,1.0,9.0,443.5760000000001,5.443700000000003
CHEMBL78018,NCc1ccc(-c2cc3ncnc(Nc4ccc5[nH]ccc5c4)c3s2)cc1,4.0,8.397940008672037,371.46900000000005,5.041900000000003
CHEMBL327725,CC(O)C(/N=C1/C=C(O)/C(=N\C(C(=O)O)C(C)O)C=C1O)C(=O)O,44000.0,4.356547323513812,342.3040000000001,-0.5661999999999994
CHEMBL421326,OCCOCCNCc1ccc(-c2cc3nccc(Nc4ccc5[nH]ccc5c4)c3s2)cc1,4.0,8.397940008672037,458.58700000000016,5.286700000000004
CHEMBL79060,Cc1cc2cc(Nc3ccnc4cc(-c5ccc(CNCCN6CCNCC6)cc5)sc34)ccc2[nH]1,250.0,6.6020599913279625,496.68400000000025,5.491420000000004
CHEMBL79206,CN(CCO)Cc1ccc(-c2cc3nccc(Nc4ccc5[nH]ccc5c4)c3s2)cc1,3.0,8.522878745280337,428.5610000000001,5.612300000000003
CHEMBL76751,c1csc(-c2cc3ncnc(Nc4ccc5[nH]ccc5c4)c3s2)c1,1.0,9.0,348.4560000000001,5.644700000000002
CHEMBL311109,NC(=O)C1CCN(Cc2ccc(-c3cc4ncnc(Nc5ccc6[nH]ccc6c5)c4s3)cc2)CC1,7.0,8.154901959985743,482.6130000000002,5.2805000000000035
CHEMBL47660,N#C/C(=C\c1cc(O)ccc1O)C(N)=O,10000.0,5.0,204.18499999999997,0.4900800000000001
CHEMBL312482,c1cc(Nc2ccc3[nH]ccc3c2)c2sc(-c3ccc(CN4CCOCC4)cc3)cc2n1,30.0,7.522878745280337,440.5720000000003,6.020400000000005
CHEMBL79215,c1ccc(NCCN(c2cc3ncnc(Nc4ccc5[nH]ccc5c4)c3s2)n2cccc2)cc1,1.0,9.0,465.5860000000001,6.099500000000004
CHEMBL431977,NC(=O)C1CCN(Cc2ccc(-c3cc4nccc(Nc5ccc6[nH]ccc6c5)c4s3)cc2)CC1,1.0,9.0,481.6250000000002,5.885500000000004
CHEMBL81712,O=C(c1ccccc1)c1cc2ncnc(Nc3ccc4[nH]ccc4c3)c2s1,9.0,8.045757490560675,370.43700000000007,5.1472000000000016
CHEMBL310853,c1csc(-c2cc3nccc(Nc4ccc5[nH]ccc5c4)c3s2)c1,1.0,9.0,347.4680000000001,6.2497000000000025
CHEMBL80302,Cc1cc2cc(Nc3ncnc4cc(-c5ccccc5)sc34)ccc2[nH]1,100.0,7.0,356.45400000000006,5.891620000000002
CHEMBL310827,Cc1c[nH]c2ccc(Nc3ncnc4cc(-c5ccccc5)sc34)cc12,5.0,8.301029995663981,356.45400000000006,5.891620000000003
CHEMBL81375,Cc1cc2cc(Nc3ccnc4cc(-c5ccc(CN(C)CCO)cc5)sc34)ccc2[nH]1,140.0,6.853871964321762,442.58800000000014,5.9207200000000055
CHEMBL77342,Cc1cc2cc(Nc3ccnc4cc(-c5ccc(CNCCOCCO)cc5)sc34)ccc2[nH]1,657.0,6.182434630440219,472.6140000000002,5.595120000000005
CHEMBL442388,CC(O)C(/N=C1\C(O)=CC(=O)C(O)=C1CC1CCCC2CCCCC21)C(=O)O,100000.0,4.0,391.4640000000002,3.0947000000000013
CHEMBL77782,CN(C)CCc1ccc(-c2cc3ncnc(Nc4ccc5[nH]ccc5c4)c3s2)cc1,5.0,8.301029995663981,413.55000000000007,5.687300000000004
CHEMBL78700,Cc1cc2cc(Nc3ccnc4cc(-c5ccc(CNCCCO)cc5)sc34)ccc2[nH]1,500.0,6.301029995663981,442.58800000000014,5.968620000000005
CHEMBL306732,CN(C)c1ccc(Nc2ncnc3cc(-c4ccccc4)sc23)cc1,94.0,7.026872146400302,346.459,5.167900000000003
CHEMBL418909,CC(=O)NCCNCc1ccc(-c2cc3nccc(Nc4ccc5[nH]ccc5c4)c3s2)cc1,2.0,8.698970004336019,455.5870000000001,5.4139000000000035
CHEMBL78685,c1ccc(-c2cc3ncnc(Nc4ccc5[nH]ncc5c4)c3s2)cc1,1600.0,5.795880017344075,343.4150000000001,4.978200000000001
CHEMBL77452,OCCCNCc1ccc(-c2cc3nccc(Nc4ccc5[nH]ccc5c4)c3s2)cc1,9.0,8.045757490560675,428.5610000000001,5.660200000000003
CHEMBL46946,O=CN/C=C/c1ccc(O)c(O)c1,7000.0,5.154901959985743,179.17499999999998,0.8144999999999998
CHEMBL442749,c1nc(Nc2ccc3[nH]ccc3c2)c2sccc2n1,600.0,6.221848749616356,266.329,3.9162000000000017
CHEMBL80164,Cc1cc2cc(Nc3ccnc4cc(-c5ccc(CNCCO)cc5)sc34)ccc2[nH]1,1000.0,6.0,428.5610000000001,5.578520000000005
CHEMBL80734,NC(=O)c1ccc(Nc2ncnc3cc(-c4ccccc4)sc23)cc1,1000.0,6.0,346.415,4.200800000000003
CHEMBL174634,Cc1ccccc1-c1cn(-c2ccccc2)c2ncnc(N)c12,2650.0,5.576754126063192,300.36500000000007,3.9781200000000014
CHEMBL429057,Nc1ncnc2c1c(-c1ccccc1)cn2-c1ccccc1CO,1100.0,5.958607314841775,316.3640000000001,3.1620000000000013
CHEMBL268731,Cc1[nH]c(/C=C2\C(=O)Nc3ccc(F)cc32)c(C)c1C(=O)NCc1ccncc1,20000.0,4.698970004336019,390.41800000000006,3.5883400000000023
CHEMBL176702,Nc1ncnc2c1c(-c1ccccc1)cn2-c1cccc(CNCCO)c1,3400.0,5.468521082957745,359.43300000000016,2.7516
CHEMBL161956,CN(CCO)c1cc2c(Nc3cccc(Br)c3)ncnc2cn1,0.22,9.657577319177793,374.2420000000001,2.9594000000000005
CHEMBL367442,Nc1ncnc2c1c(-c1ccccc1)cn2-c1ccc(CO)cc1,700.0,6.154901959985743,316.3640000000001,3.162000000000001
CHEMBL351629,CN(CC(=O)O)c1cc2c(Nc3cccc(Br)c3)ncnc2cn1,0.44,9.356547323513812,388.225,3.051700000000001
CHEMBL165731,Cc1cccc(Nc2ncnc3cnc(NCCN4CCOCC4)cc23)c1,1.5,8.823908740944319,364.45300000000026,2.820920000000001
CHEMBL430155,Cc1[nH]c(/C=C2\C(=O)Nc3ccccc32)c(C)c1CCCN1CCN(C)CC1,20000.0,4.698970004336019,378.52000000000027,3.304240000000002
CHEMBL13354,Cc1[nH]c(/C=C2\C(=O)Nc3ccc(F)cc32)c(C)c1C(=O)NCCN1CCOCC1,20000.0,4.698970004336019,412.46500000000026,2.3253400000000006
CHEMBL165228,Cc1nc(Nc2cccc(Br)c2)c2cc(NCCN3CCOCC3)ncc2n1,117.0,6.931814138253839,443.3490000000003,3.583420000000002
CHEMBL176705,COc1ccc(-c2cn(-c3ccccc3)c3ncnc(N)c23)cc1,350.0,6.455931955649724,316.3640000000001,3.678300000000001
CHEMBL176470,Nc1ncnc2c1c(-c1ccccc1)cn2-c1ccccc1CNCCO,6400.0,5.1938200260161125,359.43300000000016,2.7516000000000003
CHEMBL13485,CCN(CC)CCNC(=O)c1c(C)[nH]c(/C=C2\C(=O)Nc3ccc(Cl)cc32)c1C,20000.0,4.698970004336019,414.9370000000002,3.8492400000000018
CHEMBL166255,CN(CCO)CCNc1cc2c(Nc3cccc(Br)c3)ncnc2cn1,1.7,8.769551078621726,417.31100000000004,2.8669000000000002
CHEMBL165630,OCCN(CCO)CCNc1cc2c(Nc3cccc(Br)c3)ncnc2cn1,0.93,9.031517051446064,447.3370000000001,2.229399999999999
CHEMBL176309,Nc1ncnc2c1c(-c1cccc(Cl)c1)cn2-c1ccccc1,700.0,6.154901959985743,320.783,4.323100000000002
CHEMBL165495,Cc1cccc(Nc2ncnc3cnc(N)cc23)c1,3.1,8.508638306165727,251.29300000000003,2.65902
CHEMBL267293,Cc1[nH]c(/C=C2\C(=O)Nc3ccc(F)cc32)c(C)c1C(=O)NCCn1cncn1,20000.0,4.698970004336019,394.4100000000001,2.28484
CHEMBL163369,OCCN(CCO)CCCNc1cc2c(Nc3cccc(Br)c3)ncnc2cn1,0.35,9.455931955649724,461.3640000000001,2.6194999999999995
CHEMBL369014,CCOC(=O)c1ccc(-c2cn(-c3ccccc3)c3ncnc(N)c23)cc1,1300.0,5.886056647693163,358.40100000000007,3.846400000000002
CHEMBL13629,CCN(CC)CCNC(=O)c1c(C)[nH]c(/C=C2\C(=O)Nc3ccc(Br)cc32)c1C,10000.0,5.0,459.38800000000015,3.9583400000000015
CHEMBL13608,Cc1[nH]c(/C=C2\C(=O)Nc3ccc(F)cc32)c(C)c1C(=O)NCCN1CCCC1,20000.0,4.698970004336019,396.46600000000024,3.088940000000002
CHEMBL166307,CN1CCN(NCCCNc2cc3c(Nc4cccc(Br)c4)ncnc3cn2)CC1,3.9,8.4089353929735,471.40700000000015,3.084900000000001
CHEMBL162223,Brc1cccc(Nc2ncnc3cnc(NCCc4ccccn4)cc23)c1,1.2,8.920818753952375,421.3020000000002,4.580500000000002
CHEMBL172973,COc1cccc(-c2cn(-c3ccccc3)c3ncnc(N)c23)c1,500.0,6.301029995663981,316.3640000000001,3.678300000000001
CHEMBL173453,Nc1ncnc2c1c(-c1ccccc1)cn2-c1ccc(CNCCO)cc1,1400.0,5.853871964321762,359.43300000000016,2.7516
CHEMBL162719,CN1CCN(c2cc3c(Nc4cccc(Br)c4)ncnc3cn2)CC1,6.4,8.193820026016112,399.29600000000016,3.282700000000002
CHEMBL162821,CNc1cc2c(Nc3cccc(C)c3)ncnc2cn1,0.45,9.346787486224656,265.32,3.118520000000001
CHEMBL105436,COc1cccc(-c2cn(-c3ccc(CCN(C)CCO)cc3)c3ncnc(N)c23)c1,300.0,6.522878745280337,417.5130000000001,3.1449000000000007
CHEMBL162053,CN(C)CCN(C)c1cc2c(Nc3cccc(Br)c3)ncnc2cn1,8.1,8.09151498112135,401.31200000000007,3.5287000000000015
CHEMBL165574,Brc1cccc(Nc2ncnc3cnc(NCCCN4CCOCC4)cc23)c1,1.0,9.0,443.3490000000004,3.6651000000000016
CHEMBL53940,CNc1cc2c(Nc3ccccc3)ncnc2cn1,9.0,8.045757490560675,251.29300000000003,2.8101000000000003
CHEMBL165788,CNc1cc2c(Nc3cccc(C(F)(F)F)c3)ncnc2cn1,1.1,8.958607314841775,319.29,3.8289000000000017
CHEMBL166093,OCC(O)CNc1cc2c(Nc3cccc(Br)c3)ncnc2cn1,0.18,9.744727494896694,390.2410000000001,2.2959999999999994
CHEMBL349070,CN(C)CCCCNc1cc2c(Nc3cccc(Br)c3)ncnc2cn1,1.8,8.744727494896694,415.33900000000006,4.284600000000003
CHEMBL175409,COc1cccc(-c2cn(-c3ccc(CC(=O)NCCO)cc3)c3ncnc(N)c23)c1,800.0,6.096910013008056,417.4690000000001,2.3293
CHEMBL22978,CN1CCC(O)(c2nc(-c3ccc(F)cc3)c(-c3ccncc3)o2)CC1,797.0,6.098541678603888,353.3970000000001,3.4559000000000024
CHEMBL162142,Brc1cccc(Nc2ncnc3cnc(NCCc4c[nH]cn4)cc23)c1,0.78,9.10790539730952,410.27900000000017,3.9086
CHEMBL165508,Brc1cccc(Nc2ncnc3cnc(NCc4cccnc4)cc23)c1,1.5,8.823908740944319,407.27500000000015,4.538000000000001
CHEMBL165547,CN(CC(O)CO)c1cc2c(Nc3cccc(Br)c3)ncnc2cn1,0.56,9.2518119729938,404.26800000000003,2.3202999999999996
CHEMBL165864,OCCNc1cc2c(Nc3cccc(Br)c3)ncnc2cn1,0.19,9.721246399047171,360.21500000000003,2.9351000000000003
CHEMBL161895,Cc1cccc(Nc2ncnc3cnc(NCCc4c[nH]cn4)cc23)c1,1.3,8.886056647693163,345.41,3.4545200000000014
CHEMBL433520,CCN(CC)CC(O)CNc1cc2c(Nc3cccc(Br)c3)ncnc2cn1,4.6,8.337242168318426,445.36500000000007,3.645500000000001
CHEMBL176815,COc1cccc(-c2cn(-c3cccc(CO)c3)c3ncnc(N)c23)c1,800.0,6.096910013008056,346.39000000000004,3.1706000000000003
CHEMBL424375,COc1cccc(-c2cn(-c3ccc(CNCCO)cc3)c3ncnc(N)c23)c1,300.0,6.522878745280337,389.45900000000006,2.7602
CHEMBL13976,Cc1[nH]c(/C=C2\C(=O)Nc3ccc(F)cc32)c(C)c1C(=O)NCCN(C)C,20000.0,4.698970004336019,370.4280000000001,2.5547400000000007
CHEMBL366831,CNc1ncnc2c1c(-c1ccccc1)cn2-c1ccccc1,31000.0,4.508638306165727,300.365,4.129200000000003
CHEMBL173478,Nc1ncnc2c1c(-c1ccccc1)cn2-c1cccc(CO)c1,600.0,6.221848749616356,316.3640000000001,3.1620000000000017
CHEMBL355816,O=C(O)CNc1cc2c(Nc3cccc(Br)c3)ncnc2cn1,0.28,9.55284196865778,374.19800000000004,3.027400000000001
CHEMBL166154,CNc1cc2c(Nc3cccc(Cl)c3)ncnc2cn1,0.19,9.721246399047171,285.73800000000006,3.4635000000000007
CHEMBL163188,Cc1cccc(Nc2ncnc3cnc(N(C)C)cc23)c1,2.8,8.55284196865778,279.34700000000004,3.1428200000000013
CHEMBL163168,O=C(O)CCNc1cc2c(Nc3cccc(Br)c3)ncnc2cn1,27.0,7.568636235841013,388.2250000000001,3.4175000000000013
CHEMBL275117,CCN(CC)CCNC(=O)c1c(C)[nH]c(/C=C2\C(=O)Nc3ccccc32)c1C,20000.0,4.698970004336019,380.49200000000013,3.1958400000000013
CHEMBL169757,Nc1ncnc2c1c(-c1ccccc1)cn2-c1ccccc1,500.0,6.301029995663981,286.338,3.6697000000000015
CHEMBL162508,Cc1cccc(Nc2ncnc3cnc(NCCCN4CCOCC4)cc23)c1,1.8,8.744727494896694,378.48000000000025,3.2110200000000013
CHEMBL166358,CN(C)CCCNc1cc2c(Nc3cccc(Br)c3)ncnc2cn1,1.2,8.920818753952375,401.31200000000007,3.8945000000000016
CHEMBL162981,Brc1cccc(Nc2ncnc3cnc(NCCCn4ccnc4)cc23)c1,1.7,8.769551078621726,424.3060000000002,4.229600000000001
CHEMBL115220,O=C(Cc1ccc2ccccc2c1)Nc1cc(C2CC2)n[nH]1,10000.0,5.0,291.354,3.621500000000001
CHEMBL535,CCN(CC)CCNC(=O)c1c(C)[nH]c(/C=C2\C(=O)Nc3ccc(F)cc32)c1C,20000.0,4.698970004336019,398.48200000000014,3.3349400000000013
CHEMBL162034,CN(C)CCNc1cc2c(Nc3cccc(Br)c3)ncnc2cn1,1.1,8.958607314841775,387.2850000000001,3.5044000000000004
CHEMBL162622,Brc1cccc(Nc2ncnc3cnc(NCCN4CCOCC4)cc23)c1,0.65,9.187086643357144,429.32200000000034,3.2750000000000012
CHEMBL119923,COc1cc(/C=C(\C#N)C(N)=O)cc(CSCc2ccc(Cl)cc2)c1O,14800.0,4.8297382846050425,388.8760000000001,3.879880000000003
CHEMBL76958,O=C(O)c1ccc(S(=O)(=O)Oc2ccc(/C=C/[N+](=O)[O-])cc2)cc1,1000.0,6.0,349.32000000000005,2.3999000000000006
CHEMBL419047,COc1cc(/C=C(\C#N)C(N)=O)cc(CSc2ccc(O)cc2)c1O,2500.0,5.6020599913279625,356.403,2.7909800000000007
CHEMBL333553,N#C/C(=C\c1cc(O)c(O)c(CSc2nc3ccccc3s2)c1)C(N)=O,6500.0,5.187086643357144,383.45400000000006,3.3920800000000018
CHEMBL309075,NCCNC(=O)c1ccc(S(=O)(=O)Oc2ccc(/C=C/[N+](=O)[O-])cc2)cc1,5400.0,5.267606240177032,391.4050000000001,1.3901999999999994
CHEMBL424625,COc1cc(/C=C(\C#N)C(N)=O)cc(CSCCC(=O)O)c1O,125000.0,3.9030899869919438,336.3690000000001,1.5009800000000002
CHEMBL74038,CCCCNC(=O)c1ccc(S(=O)(=O)Oc2ccc(C=O)cc2)cc1,100000.0,4.0,361.41900000000004,2.7967000000000013
CHEMBL116547,COc1cc(/C=C(\C#N)C(=O)c2ccc(O)c(O)c2)cc(CSCc2ccccc2)c1O,750.0,6.1249387366083,447.51200000000017,5.035280000000005
CHEMBL477,Nc1ncnc2c1ncn2[C@@H]1O[C@H](CO)[C@@H](O)[C@H]1O,195000.0,3.709965388637482,267.245,-1.9800000000000006
CHEMBL449093,O=C(O)c1ccc(S(=O)(=O)Oc2ccc(/C=C/[N+](=O)[O-])cc2)cc1O,54.0,7.267606240177032,365.3190000000001,2.1055000000000006
CHEMBL78280,CNC(=O)c1ccc(S(=O)(=O)Oc2ccc(/C=C(\C)[N+](=O)[O-])cc2OC)cc1,4000.0,5.3979400086720375,406.41600000000017,2.460000000000001
CHEMBL78224,O=[N+]([O-])/C=C/c1ccc(O)c(O)c1,8800.0,5.055517327849831,181.147,1.3451999999999997
CHEMBL117055,CCOc1ccc2nc(SCc3cc(/C=C(\C#N)C(N)=O)cc(OC)c3O)sc2c1,100000.0,4.0,441.53400000000016,4.093780000000002
CHEMBL326044,COc1cc(/C=C(\C#N)C(N)=O)cc(CSCCCC(=O)O)c1O,60000.0,4.221848749616356,350.39600000000013,1.89108
CHEMBL309016,COc1cc(/C=C/[N+](=O)[O-])ccc1O,7900.0,5.102372908709558,195.174,1.6481999999999999
CHEMBL77397,COc1cc(/C=C(\C)[N+](=O)[O-])ccc1OS(=O)(=O)c1ccc(C(=O)O)cc1,2500.0,5.6020599913279625,393.37300000000016,2.7986000000000013
CHEMBL418906,CC(C)(C)OC(=O)NCCNC(=O)c1ccc(S(=O)(=O)Oc2ccc(/C=C/[N+](=O)[O-])cc2)cc1,1400.0,5.853871964321762,491.52200000000016,2.9562000000000017
CHEMBL78049,C/C(=C\c1ccc(O)c(O)c1)[N+](=O)[O-],9400.0,5.026872146400302,195.17399999999998,1.7353000000000003
CHEMBL309392,C[C@@H](NC(=O)c1ccc(S(=O)(=O)Oc2ccc(/C=C/[N+](=O)[O-])cc2)cc1)C(=O)N[C@H](C)C(=O)NCCN,17000.0,4.769551078621726,533.563,0.39960000000000206
CHEMBL505705,Nc1ncnc2c1ncn2[C@@H]1O[C@H](COC(=O)c2ccc(S(=O)(=O)Oc3ccc(/C=C/[N+](=O)[O-])cc3)cc2)[C@@H](O)[C@H]1O,600.0,6.221848749616356,598.5500000000004,0.8997999999999995
CHEMBL103055,CCN1CCOCCn2cc(c3ccccc32)C2=C(C(=O)NC2=O)c2cn(c3ccccc23)CCOCC1,100000.0,4.0,512.6100000000004,3.531900000000002
CHEMBL330879,COc1cc(/C=C(\C#N)C(N)=O)cc(CSc2ccc3ccccc3c2)c1O,6600.0,5.180456064458132,390.46400000000006,4.238580000000003
CHEMBL76929,COC(=O)c1ccc(S(=O)(=O)Oc2ccc(/C=C/[N+](=O)[O-])cc2)cc1O,1800.0,5.7447274948966935,379.34600000000006,2.1939000000000006
CHEMBL311133,C[C@@H](NC(=O)[C@@H](C)NC(=O)c1ccc(S(=O)(=O)Oc2ccc(/C=C/[N+](=O)[O-])cc2)cc1)C(=O)O,7000.0,5.154901959985743,491.47800000000024,1.4092999999999996
CHEMBL418907,COc1cc(/C=C/[N+](=O)[O-])ccc1OS(=O)(=O)c1ccc(C(=O)O)cc1,2800.0,5.552841968657781,379.3460000000001,2.4085
CHEMBL77401,COC(=O)c1ccc(S(=O)(=O)Oc2ccc(/C=C/[N+](=O)[O-])cc2)cc1,1500.0,5.823908740944319,363.34700000000004,2.4883000000000006
CHEMBL77100,CCCCNC(=O)c1ccc(S(=O)(=O)Oc2ccc(/C=C/[N+](=O)[O-])cc2)cc1,4800.0,5.318758762624412,404.4440000000001,3.231600000000002
CHEMBL307481,O=[N+]([O-])/C=C/c1ccc(O)cc1,10100.0,4.995678626217358,165.148,1.6395999999999997
CHEMBL78206,CC(C)(C)NC(=O)c1ccc(S(=O)(=O)Oc2ccc(/C=C/[N+](=O)[O-])cc2)cc1,1300.0,5.886056647693163,404.4440000000001,3.230000000000002
CHEMBL453502,COc1cc(/C=C/[N+](=O)[O-])ccc1OS(=O)(=O)c1ccc(C(=O)OC[C@H]2O[C@@H](n3cnc4c(N)ncnc43)[C@H](O)[C@@H]2O)cc1,500.0,6.301029995663981,628.5760000000004,0.9083999999999999
CHEMBL309073,C[C@@H](NC(=O)c1ccc(S(=O)(=O)Oc2ccc(/C=C/[N+](=O)[O-])cc2)cc1)C(=O)N[C@H](C)C(=O)NCCNC(=O)OC(C)(C)C,50000.0,4.301029995663981,633.68,1.9655999999999996
CHEMBL120719,COc1cc(C=C(C#N)C#N)cc(CSCC(=O)O)c1O,96000.0,4.017728766960431,304.327,2.1491599999999997
CHEMBL74432,CNC(=O)c1ccc(S(=O)(=O)Oc2ccc(/C=C/[N+](=O)[O-])cc2)cc1,400.0,6.3979400086720375,362.36300000000006,2.0613
CHEMBL77688,O=C(O)c1ccc(S(=O)(=O)Oc2ccc(/C=C/[N+](=O)[O-])cc2)c(O)c1,310.0,6.508638306165727,365.3190000000001,2.1055
CHEMBL312451,C[C@@H](NC(=O)c1ccc(S(=O)(=O)Oc2ccc(/C=C/[N+](=O)[O-])cc2)cc1)C(=O)N[C@H](C)C(=O)OC(C)(C)C,40000.0,4.3979400086720375,547.5860000000001,2.6664000000000003
CHEMBL286343,C=CC(=O)Nc1cc2c(Nc3cccc(Br)c3)ncnc2cc1OCCCn1ccnc1,3.0,8.522878745280337,493.36500000000024,4.926000000000004
CHEMBL27685,C=CC(=O)Nc1cc2c(Nc3ccc(F)c(Br)c3)ncnc2cc1OCCCN1CCOCC1,1.8,8.744727494896694,530.3980000000003,4.500600000000004
CHEMBL31630,C=CC(=O)N(C)c1nc2c(Nc3ccc(F)c(Cl)c3)ncnc2cc1OCCCN1CCOCC1,20.0,7.698970004336019,500.96200000000044,3.810800000000002
CHEMBL27688,C=CC(=O)Nc1cc2c(Nc3cccc(C)c3)ncnc2cc1OCCCN1CCOCC1,1.5,8.823908740944319,447.5390000000004,3.907420000000003
CHEMBL31373,C=CC(=O)Nc1ccc2ncnc(Nc3ccc(F)c(Cl)c3)c2c1,0.75,9.1249387366083,342.761,4.290400000000002
CHEMBL31816,C=CC(=O)Nc1nc2c(Nc3ccc(F)c(Cl)c3)ncnc2cc1OC,0.95,9.022276394711152,373.7750000000001,3.6940000000000017
CHEMBL417478,C=CC(=O)Nc1nc2c(Nc3ccc(F)c(Cl)c3)ncnc2cc1/C=C/CCN1CCOCC1,0.16,9.795880017344075,482.94700000000034,4.420900000000004
CHEMBL32844,C=CC(=O)Nc1cc2c(Nc3cccc(Br)c3)ncnc2cc1OCCCN1CCN(C)CC1,1.7,8.769551078621726,525.4510000000004,4.2767000000000035
CHEMBL31588,C=CC(=O)Nc1cc2c(Nc3cccc(Br)c3)ncnc2cc1OCCCCN(C)C,3.9,8.4089353929735,484.3980000000003,4.981000000000004
CHEMBL31656,C=CC(=O)Nc1nc2c(Nc3ccc(F)c(Cl)c3)ncnc2cc1OCCCN1CCOCC1,1.5,8.823908740944319,486.9350000000004,3.786500000000002
CHEMBL31419,C=CC(=O)Nc1cc2c(Nc3cccc(Br)c3)ncnc2cc1OCCCN1CCOCC1,3.6,8.443697499232712,512.4080000000004,4.361500000000004
CHEMBL31326,C=CC(=O)Nc1cc2c(Nc3cccc(Br)c3)ncnc2cc1SCCCN(CC)CC,0.78,9.10790539730952,514.4930000000003,6.084400000000005
CHEMBL31815,C=CC(=O)Nc1ccc2ncnc(Nc3cccc(C)c3)c2c1,0.42,9.3767507096021,304.35300000000007,3.8063200000000013
CHEMBL280757,C=CC(=O)Nc1ccc2ncnc(Nc3ccc(F)c(Br)c3)c2c1,0.69,9.161150909262744,387.21200000000005,4.399500000000002
CHEMBL28418,C=CC(=O)Nc1ccc2ncnc(Nc3ccc(F)c(Cl)c3)c2n1,0.75,9.1249387366083,343.749,3.6854000000000013
CHEMBL281543,C=CC(=O)Nc1nc2c(Nc3ccc(F)c(Cl)c3)ncnc2cc1CCCCN1CCOCC1,2.7,8.568636235841012,484.9630000000004,4.340300000000003
CHEMBL284326,C=CC(=O)Nc1nc2c(Nc3ccc(F)c(Cl)c3)ncnc2cc1OCCCN1CCN(C)CC1,6.6,8.18045606445813,499.9780000000004,3.7017000000000015
CHEMBL32079,C=CC(=O)Nc1cc2c(Nc3ccc(F)c(Cl)c3)ncnc2cc1OCCOCCCCO,1.7,8.769551078621726,474.92000000000036,4.458300000000004
CHEMBL31622,C=CC(=O)Nc1cc2c(Nc3cccc(C)c3)ncnc2cc1OCCCN1CCN(C)CC1,2.0,8.698970004336019,460.5820000000004,3.8226200000000023
CHEMBL31570,C=CC(=O)Nc1nc2c(Nc3ccc(F)c(Cl)c3)ncnc2cc1OCCOC,0.97,9.013228265733755,417.8280000000002,3.710600000000002
CHEMBL283201,C=CC(=O)Nc1ccc2ncnc(Nc3ccc(CN(C)C)c(Br)c3)c2c1,45.0,7.346787486224656,426.3180000000001,4.322000000000003
CHEMBL31369,C=CC(=O)Nc1ccc2ncnc(Nc3ccc(OCCN(C)C)c(Br)c3)c2c1,27.0,7.568636235841013,456.34400000000016,4.200800000000003
CHEMBL160566,Cn1c(SSc2c(C#N)c3ccccc3n2C)c(C#N)c2ccccc21,6900.0,5.161150909262744,374.49400000000014,5.212760000000004
CHEMBL117696,O=[N+]([O-])c1cccc2c(NCc3ccccc3)ncnc12,10000.0,5.0,280.28700000000003,3.150100000000001
CHEMBL85021,CC(C)c1cc(/C=C2\C(=O)Nc3ccccc32)cc(C(C)C)c1O,15300.0,4.815308569182401,321.4200000000001,5.131700000000004
CHEMBL85403,Cc1cccc2c1/C(=C/c1ccc[nH]1)C(=O)N2,100000.0,4.0,224.26300000000003,2.8158200000000013
CHEMBL329161,O=[N+]([O-])c1ccc2ncnc(Nc3cccc(Br)c3)c2c1,897.0,6.047207556955908,345.156,4.044100000000001
CHEMBL333082,Nc1cccc2c(Nc3cccc(Br)c3)ncnc12,105.0,6.978810700930062,315.17400000000004,3.7181000000000015
CHEMBL53690,C=CC(=O)Nc1ccc2ncnc(Nc3cccc(C(F)(F)F)c3)c2c1,0.91,9.040958607678906,358.32300000000004,4.516700000000002
CHEMBL21162,Cc1ccc(NC(=O)c2ccc(Cl)cc2)cc1Nc1nccc(-c2cccnc2)n1,100000.0,4.0,415.8840000000001,5.496320000000003
CHEMBL158879,Cc1c(SSc2c(C)c3ccccc3n2C)n(C)c2ccccc12,100000.0,4.0,352.5280000000001,6.086240000000005
CHEMBL297968,C=CC(=O)Nc1ccc2c(Nc3cccc(C)c3)ncnc2c1,1.6,8.795880017344075,304.353,3.8063200000000013
CHEMBL126192,CCOc1cc2ncnc(Nc3cccc(-c4nccs4)c3)c2cc1OCC,2.0,8.698970004336019,392.48400000000015,5.294300000000003
CHEMBL86755,O=C1Nc2ccccc2/C1=C/c1ccc[nH]1,100000.0,4.0,210.236,2.5073999999999996
CHEMBL86943,CCOC(=O)c1c(C)[nH]c(/C=C2\C(=O)Nc3ccccc32)c1C,100000.0,4.0,310.35300000000007,3.3009400000000015
CHEMBL157807,Cn1c(SSc2c(C(N)=O)c3ccccc3n2C)c(C(N)=O)c2ccccc21,4700.0,5.327902142064283,410.52400000000017,3.667200000000002
CHEMBL326095,Brc1cccc(Nc2nncc3ccccc23)c1,100000.0,4.0,300.15900000000005,4.135900000000001
CHEMBL328216,Nc1cc2ncnc(Nc3cccc(Br)c3)c2cc1N,0.12,9.920818753952375,330.1890000000001,3.300300000000001
CHEMBL93032,Oc1cc2ncnc(Nc3cccc(Br)c3)c2cc1O,0.17,9.769551078621726,332.1570000000001,3.5471000000000017
CHEMBL126483,CCOc1cc2nc(CC)nc(Nc3cccc(-c4csc(C)n4)c3)c2cc1OCC,9300.0,5.031517051446065,434.5650000000002,6.165120000000005
CHEMBL87080,O=C1Nc2ccc(Br)cc2/C1=C/c1ccc(N2CCOCC2)cc1,10000.0,5.0,385.2610000000002,3.778400000000002
CHEMBL86945,COc1ccc(/C=C2\C(=O)Nc3ccccc32)cc1C(C)(C)C,100000.0,4.0,307.3930000000001,4.485400000000003
CHEMBL345641,O=C(Nc1ccccc1)c1c(SSc2[nH]c3ccccc3c2C(=O)Nc2ccccc2)[nH]c2ccccc12,100000.0,4.0,534.6660000000002,7.953200000000005
CHEMBL117711,c1cncc(Nc2ncnc3ccccc23)c1,1000.0,6.0,222.251,2.7684000000000006
CHEMBL117710,Brc1cccc(Oc2ncnc3ccccc23)c1,756.0,6.121478204498794,301.14300000000003,4.184600000000002
CHEMBL119033,COc1cccc2ncnc(Nc3cccc(Br)c3)c12,139.0,6.856985199745905,330.185,4.1445000000000025
CHEMBL116308,O=[N+]([O-])c1cccc2ncnc(Nc3cccc(Br)c3)c12,355.0,6.449771646944906,345.156,4.044100000000001
CHEMBL20426,Cc1ccc([N+](=O)[O-])cc1Nc1nccc(-c2cccnc2)n1,100000.0,4.0,307.31300000000005,3.498820000000001
CHEMBL345837,Cn1c(SSc2c(C(=O)Nc3cccc(C(=O)O)c3)c3ccccc3n2C)c(C(=O)Nc2cccc(C(=O)O)c2)c2ccccc21,12000.0,4.920818753952375,650.7380000000003,7.3704000000000045
CHEMBL346770,Cn1c(SSc2c(C(=O)c3ccc(C(=O)O)cc3)c3ccccc3n2C)c(C(=O)c2ccc(C(=O)O)cc2)c2ccccc21,5500.0,5.259637310505756,620.7080000000003,7.327800000000007
CHEMBL116919,COc1ccc(CNc2ncnc3ccccc23)cc1,10000.0,5.0,265.31600000000003,3.2505000000000015
CHEMBL340660,CCOc1cc2ncnc(Nc3cccc(-c4csc(N)n4)c3)c2cc1OCC,560.0,6.251811972993799,407.4990000000002,4.876500000000004
CHEMBL124660,COc1cc2c(N3CCN(C(=O)Nc4ccc(OC(C)C)cc4)CC3)ncnc2cc1OCCCN1CCCCC1,30000.0,4.522878745280337,562.7150000000001,5.034500000000005
CHEMBL87208,O=C1Nc2cc(F)ccc2/C1=C/c1ccc[nH]1,100000.0,4.0,228.226,2.6465000000000005
CHEMBL418010,COc1ccccc1C(=O)Nc1ccc(C)c(Nc2nccc(-c3cccnc3)n2)c1,100000.0,4.0,411.4650000000001,4.851520000000004
CHEMBL21079,Cc1ccc(NC(=O)c2ccccc2)cc1Nc1nccc(-c2ccc[n+]([O-])c2)n1,100000.0,4.0,397.43800000000016,4.0813200000000025
CHEMBL347161,Cn1c(SSc2c(C(=O)Nc3ccc(C(=O)O)cc3)c3ccccc3n2C)c(C(=O)Nc2ccc(C(=O)O)cc2)c2ccccc21,16900.0,4.772113295386326,650.7380000000003,7.370400000000005
CHEMBL330882,COc1cccc2ncnc(NCc3ccccc3)c12,4900.0,5.309803919971486,265.31600000000003,3.2505000000000015
CHEMBL119000,O=[N+]([O-])c1ccc2ncnc(NCc3ccccc3)c2c1,10000.0,5.0,280.28700000000003,3.150100000000001
CHEMBL87402,O=C1Nc2ccccc2/C1=C/c1n[nH]cc1Cl,100000.0,4.0,245.66899999999998,2.5558000000000005
CHEMBL326596,COc1ccc2c(NCc3ccccc3)ncnc2c1,58.0,7.236572006437063,265.31600000000003,3.2505000000000015
CHEMBL333418,Nc1cccc2ncnc(Nc3cccc(Br)c3)c12,439.0,6.357535479757878,315.17400000000004,3.7181000000000015
CHEMBL86837,O=C1Nc2ccccc2/C1=C/c1ccc(Br)cc1,100000.0,4.0,300.155,3.9418000000000015
CHEMBL21086,COc1ccc(NC(=O)c2ccccc2)cc1Nc1nccc(-c2cccnc2)n1,100000.0,4.0,397.4380000000001,4.5431000000000035
CHEMBL347659,COC(=O)c1ccc(CNC(=O)c2c(SSc3c(C(=O)NCc4ccc(C(=O)OC)cc4)c4ccccc4n3C)n(C)c3ccccc23)cc1,13000.0,4.886056647693163,706.8460000000001,6.902600000000006
CHEMBL158596,COC(=O)c1cccc(NC(=O)c2c(SSc3c(C(=O)Nc4cccc(C(=O)OC)c4)c4ccccc4n3C)n(C)c3ccccc23)c1,100000.0,4.0,678.792,7.547200000000006
CHEMBL441083,Cc1cccc(Nc2ncnc3ccccc23)c1,910.0,6.040958607678906,235.29000000000005,3.681820000000002
CHEMBL430571,C=CC(=O)Nc1ccc2ncnc(Nc3ccc(OCc4ccccc4)cc3)c2c1,3.6,8.443697499232712,396.4500000000001,5.076900000000003
CHEMBL52913,C=CC(=O)Nc1ccc2c(Nc3cccc(Cl)c3)ncnc2c1,0.25,9.602059991327963,324.771,4.151300000000002
CHEMBL328452,CCc1ccc(/C=C2/C(=O)Nc3ccccc32)o1,100000.0,4.0,239.274,3.3347000000000016
CHEMBL158797,Cn1c(SSc2c(C(=O)NCC(O)CO)c3ccccc3n2C)c(C(=O)NCC(O)CO)c2ccccc21,43000.0,4.366531544420414,558.6820000000002,1.6353999999999995
CHEMBL348069,COC(=O)c1ccc(NC(=O)c2c(SSc3c(C(=O)Nc4ccc(C(=O)OC)cc4)c4ccccc4n3C)n(C)c3ccccc23)cc1,100000.0,4.0,678.792,7.547200000000006
CHEMBL346553,COC(=O)c1ccc(C(=O)c2c(SSc3c(C(=O)c4ccc(C(=O)OC)cc4)c4ccccc4n3C)n(C)c3ccccc23)cc1,6100.0,5.214670164989233,648.7620000000002,7.504600000000008
CHEMBL92825,Ic1cccc(Nc2ncnc3ccccc23)c1,80.0,7.096910013008056,347.1590000000001,3.9780000000000015
CHEMBL117697,COc1cccc(Nc2ncnc3ccccc23)c1,842.0,6.0746879085003505,251.28900000000002,3.3820000000000014
CHEMBL89040,Cc1cccc2c1/C(=C/c1ccc(N3CCN(C=O)CC3)cc1)C(=O)N2,100000.0,4.0,347.4180000000001,2.766120000000001
CHEMBL86432,CSc1ccc(/C=C2\C(=O)Nc3cccc(C)c32)s1,100000.0,4.0,287.409,4.271120000000002
CHEMBL94275,O=[N+]([O-])c1ccc2c(Nc3cccc(Br)c3)ncnc2c1,1000.0,6.0,345.156,4.044100000000001
CHEMBL54091,C=CC(=O)Nc1cc2c(Nc3ccc(F)c(Br)c3)ncnc2cn1,0.72,9.142667503568731,388.20000000000005,3.794500000000002
CHEMBL90277,Cc1cccc2c1/C(=C/c1ccc(N3CCOCC3)cc1)C(=O)N2,100000.0,4.0,320.392,3.324320000000002
CHEMBL89723,CC(C)c1cc(/C=C2\C(=O)Nc3ccc(Cl)cc32)cc(C(C)C)c1O,9500.0,5.022276394711152,355.8650000000001,5.785100000000004
CHEMBL352010,Cn1c(SSc2c(C(=O)Nc3cccnc3)c3ccccc3n2C)c(C(=O)Nc2cccnc2)c2ccccc21,100000.0,4.0,564.6960000000003,6.764000000000005
CHEMBL351920,CC(=O)c1c(SSc2c(C(C)=O)c3ccccc3n2C)n(C)c2ccccc12,5600.0,5.251811972993799,408.5480000000001,5.874600000000005
CHEMBL330946,Nc1ccc2c(NCc3ccccc3)ncnc2c1,1000.0,6.0,250.30500000000006,2.8241000000000014
CHEMBL333851,COc1cc2c(NCc3ccccc3)ncnc2cc1O,588.0,6.230622673923861,281.31500000000005,2.9561000000000015
CHEMBL53665,C=CC(=O)Nc1ccc2ncnc(Nc3ccc(F)c(Br)c3)c2n1,1.2,8.920818753952375,388.20000000000005,3.794500000000002
CHEMBL126456,CCOc1cc2ncnc(Nc3cccc(-c4csc(C)n4)c3)c2cc1OCC,4800.0,5.318758762624412,406.5110000000002,5.602720000000004
CHEMBL86480,O=C1Nc2ccccc2/C1=C/c1ccc(N2CCOCC2)cc1,100000.0,4.0,306.365,3.015900000000001
CHEMBL314217,O=C1Nc2ccccc2/C1=C/c1ccc(N2CCCC2)cc1,100000.0,4.0,290.366,3.7795000000000023
CHEMBL87746,COc1c(Br)cc(/C=C2\C(=O)Nc3ccccc32)cc1C(C)(C)C,19000.0,4.721246399047171,386.28900000000016,5.247900000000004
CHEMBL118482,Brc1cccc(Nc2cnnc3ccccc23)c1,10000.0,5.0,300.15900000000005,4.135900000000002
CHEMBL278103,Cc1ccc(N)cc1Nc1nccc(-c2cccnc2)n1,100000.0,4.0,277.331,3.1728200000000006
CHEMBL119432,Nc1cccc2ncnc(NCc3ccccc3)c12,10000.0,5.0,250.30500000000004,2.8241000000000014
CHEMBL93181,COc1ccc2c(Nc3cccc(Br)c3)ncnc2c1,10.0,8.0,330.18500000000006,4.1445000000000025
CHEMBL313578,O=C1Nc2ccccc2/C1=C/c1ccc(O)cc1,100000.0,4.0,237.25799999999998,2.884900000000001
CHEMBL314798,C/C(=C1\C(=O)Nc2ccccc21)c1ccc(N2CCCCC2)cc1,100000.0,4.0,318.4200000000001,4.559700000000003
CHEMBL316008,CCOC(=O)c1c[nH]c(/C=C2\C(=O)Nc3ccccc32)c1C,100000.0,4.0,296.3260000000001,2.9925200000000016
CHEMBL87783,O=C1Nc2ccccc2/C1=C/c1sccc1Br,100000.0,4.0,306.18399999999997,4.003300000000001
CHEMBL316268,O=C1Nc2ccccc2/C1=C/c1cc(Br)cs1,100000.0,4.0,306.18399999999997,4.003300000000001
CHEMBL312826,O=C1Nc2ccccc2/C1=C\c1ccco1,100000.0,4.0,211.21999999999997,2.7723000000000013
CHEMBL278287,Cc1ccc(N(C)C(=O)c2ccccc2)cc1Nc1nccc(-c2cccnc2)n1,49000.0,4.309803919971486,395.4660000000001,4.867220000000004
CHEMBL161226,CNC(=O)c1c(SSc2[nH]c3ccccc3c2C(=O)NC)[nH]c2ccccc12,6100.0,5.214670164989233,410.52400000000017,4.1678000000000015
CHEMBL296168,C=CC(=O)Nc1ccc2ncnc(Nc3cccc(Br)c3)c2n1,1.1,8.958607314841775,370.21000000000004,3.655400000000002
CHEMBL51741,C=CC(=O)Nc1ccc2ncnc(N3CCc4ccc(Br)cc43)c2c1,0.4,9.397940008672037,395.26000000000005,4.211000000000003
CHEMBL313433,CCc1c(/C=C2\C(=O)Nc3ccccc32)[nH]c(C)c1C,100000.0,4.0,266.344,3.6866400000000015
CHEMBL277430,Cc1ccc(N(C(=O)c2ccccc2)C(=O)c2ccccc2)cc1Nc1nccc(-c2cccnc2)n1,75000.0,4.1249387366083,485.5470000000002,6.077820000000005
CHEMBL21215,CNc1ccc(C)c(Nc2nccc(-c3cccnc3)n2)c1,100000.0,4.0,291.358,3.6323200000000018
CHEMBL347256,CN(C(=O)c1c(SSc2c(C(=O)N(C)c3ccccc3)c3ccccc3n2C)n(C)c2ccccc12)c1ccccc1,100000.0,4.0,590.7740000000001,8.022600000000008
CHEMBL325245,COc1cc2ncnc(NCc3ccccc3)c2cc1OC,10.0,8.0,295.3420000000001,3.259100000000002
CHEMBL422540,c1ccc(-c2c(SSc3[nH]c4ccccc4c3-c3ccccc3)[nH]c3ccccc23)cc1,100000.0,4.0,448.6160000000001,8.7826
CHEMBL315701,O=C1Nc2ccccc2/C1=C/c1ccc(N2CCCCC2)cc1,100000.0,4.0,304.39300000000003,4.169600000000003
CHEMBL277931,O=C(Nc1cccc(Nc2nccc(-c3cccnc3)n2)c1)c1ccccc1,50000.0,4.301029995663981,367.41200000000003,4.534500000000002
CHEMBL435054,Cn1c(SSc2c(C(=O)Nc3ccccn3)c3ccccc3n2C)c(C(=O)Nc2ccccn2)c2ccccc21,47000.0,4.327902142064283,564.6960000000003,6.764000000000005
CHEMBL345211,Cn1c(SSc2c(C(=O)NCC(=O)O)c3ccccc3n2C)c(C(=O)NCC(=O)O)c2ccccc21,10000.0,5.0,526.5960000000002,3.098200000000001
CHEMBL345622,Cn1c(SSc2c(C(=O)Nc3cccs3)c3ccccc3n2C)c(C(=O)Nc2cccs2)c2ccccc21,100000.0,4.0,574.7780000000002,8.097000000000003
CHEMBL117804,c1ccc(CCNc2ncnc3ccccc23)cc1,4100.0,5.3872161432802645,249.31700000000004,3.2844000000000015
CHEMBL324371,CN(c1ccccc1)c1ncnc2ccccc12,100000.0,4.0,235.29,3.397700000000002
CHEMBL340862,CCOc1cc2ncnc(Nc3cccc(-c4cncs4)c3)c2cc1OCC,11.0,7.958607314841775,392.48400000000015,5.294300000000003
CHEMBL87810,COc1ccc(/C=C2\C(=O)Nc3ccccc32)cc1,100000.0,4.0,251.28500000000003,3.187900000000001
CHEMBL20867,Cc1ccc(C(=O)Nc2ccc(C)c(Nc3nccc(-c4cccnc4)n3)c2)cc1,100000.0,4.0,395.4660000000001,5.151340000000005
CHEMBL158805,Cn1c(SSc2c(C(=O)NCc3ccc(C(=O)O)cc3)c3ccccc3n2C)c(C(=O)NCc2ccc(C(=O)O)cc2)c2ccccc21,5300.0,5.275724130399211,678.7920000000003,6.725800000000005
CHEMBL116748,O=[N+]([O-])c1ccc2c(NCc3ccccc3)ncnc2c1,5900.0,5.229147988357856,280.28700000000003,3.150100000000001
CHEMBL115745,COc1cc2ncnc(NCc3ccccc3)c2cc1O,56.0,7.251811972993799,281.31500000000005,2.9561000000000015
CHEMBL49986,C=CC(=O)Nc1cc2ncnc(Nc3cccc(Br)c3)c2cn1,0.54,9.267606240177031,370.21000000000004,3.655400000000002
CHEMBL89809,Cc1cccc2c1/C(=C/c1ccc(N(C)C)cc1)C(=O)N2,100000.0,4.0,278.355,3.553720000000003
CHEMBL89646,Cn1cc(Cl)c(/C=C2\C(=O)Nc3ccccc32)n1,100000.0,4.0,259.696,2.5662000000000003
CHEMBL48760,CC(C)c1ccc(/C=C2/C(=O)Nc3ccccc32)cc1,18500.0,4.732828271596986,263.34,4.302700000000002
CHEMBL20252,Cc1ccc(NC(=O)c2ccc3ccccc3c2)cc1Nc1nccc(-c2cccnc2)n1,100000.0,4.0,431.49900000000014,5.996120000000004
CHEMBL345862,Cn1c(SSc2c(C(=O)Nc3ccccc3C(=O)O)c3ccccc3n2C)c(C(=O)Nc2ccccc2C(=O)O)c2ccccc21,47000.0,4.327902142064283,650.7380000000003,7.370400000000005
CHEMBL331417,Brc1cccc(Nc2cnc3ccccc3n2)c1,100000.0,4.0,300.15900000000005,4.135900000000002
CHEMBL119708,O=[N+]([O-])c1cccc2ncnc(NCc3ccccc3)c12,8000.0,5.096910013008056,280.28700000000003,3.150100000000001
CHEMBL424255,COc1cccc2c(NCc3ccccc3)ncnc12,10000.0,5.0,265.31600000000003,3.2505000000000006
CHEMBL20926,Cc1ccc(NC(=O)c2ccccc2)cc1Nc1nccc(-c2cccnc2)n1,100000.0,4.0,381.43900000000014,4.842920000000003
CHEMBL156281,Cn1c(SSc2c(C(=O)Nc3ccncc3)c3ccccc3n2C)c(C(=O)Nc2ccncc2)c2ccccc21,100000.0,4.0,564.6960000000003,6.764000000000005
CHEMBL332938,COc1ccc2ncnc(NCc3ccccc3)c2c1,200.0,6.698970004336019,265.31600000000003,3.2505000000000015
CHEMBL443523,C=CC(=O)Nc1ccc2c(Nc3cccc(Br)c3)ncnc2c1,0.45,9.346787486224656,369.22200000000004,4.260400000000002
CHEMBL125920,CCOc1cc2ncnc(Nc3cccc(-c4cc[nH]n4)c3)c2cc1OCC,11.0,7.958607314841775,375.43200000000013,4.560900000000003
CHEMBL89505,CC(C)(C)c1cc(/C=C2\C(=O)Nc3ccccc32)cc(C(C)(C)C)c1O,7900.0,5.102372908709558,349.47400000000016,5.479900000000005
CHEMBL21078,Cc1ccc(NC(=O)c2ccccc2)cc1Nc1nccc(-c2cccs2)n1,100000.0,4.0,386.48000000000013,5.509420000000003
CHEMBL65250,C#Cc1cc(Nc2ncnc3cc(OC)c(OC)cc23)ccc1F,4.0,8.397940008672037,323.327,3.511000000000002
CHEMBL86944,COc1c(Br)cc(/C=C2\C(=O)Nc3ccc(Cl)cc32)cc1C(C)(C)C,100000.0,4.0,420.73400000000015,5.9013000000000035
CHEMBL89721,CSc1ccc(/C=C2\C(=O)Nc3ccccc32)s1,100000.0,4.0,273.382,3.9627000000000017
CHEMBL86921,CN(C)c1ccc(/C=C2\C(=O)N(C)c3ccccc32)cc1,100000.0,4.0,278.35499999999996,3.2696000000000023
CHEMBL347854,Cc1ccc(S(=O)(=O)c2c(SSc3[nH]c4ccccc4c3S(=O)(=O)c3ccc(C)cc3)[nH]c3ccccc23)cc1,28700.0,4.542118103266008,604.8000000000002,7.731040000000006
CHEMBL119758,Brc1cccc(Nc2nnnc3ccccc23)c1,1000.0,6.0,301.14700000000005,3.530900000000001
CHEMBL117554,Clc1ccc(CNc2ncnc3ccccc23)cc1,7000.0,5.154901959985743,269.735,3.8953000000000015
CHEMBL102726,c1ccc(CNc2ncnc3ccccc23)cc1,320.0,6.494850021680094,235.29000000000002,3.241900000000001
CHEMBL315546,O=CN1CCN(c2ccc(/C=C3\C(=O)Nc4ccccc43)cc2)CC1,100000.0,4.0,333.39100000000013,2.457700000000001
CHEMBL88405,O=CN1CCN(c2ccc(/C=C3\C(=O)Nc4ccc(Br)cc43)cc2)CC1,50000.0,4.301029995663981,412.2870000000001,3.220200000000002
CHEMBL330321,Cc1cc(C)c(/C=C2\C(=O)Nc3cccc(C)c32)[nH]1,100000.0,4.0,252.317,3.432660000000001
CHEMBL328710,CN(C)c1ccc(/C=C2\C(=O)Nc3ccccc32)cc1,100000.0,4.0,264.328,3.245300000000001
CHEMBL349322,Cn1c(SSc2c(C(=O)c3ccccc3)c3ccccc3n2C)c(C(=O)c2ccccc2)c2ccccc21,100000.0,4.0,532.6900000000003,7.931400000000006
CHEMBL156020,CCn1c(SSc2c(C(=O)Nc3ccccc3)c3ccccc3n2CC)c(C(=O)Nc2ccccc2)c2ccccc21,100000.0,4.0,590.7740000000002,8.9398
CHEMBL125898,COc1cc2c(N3CCN(C(=O)Nc4ccc(OC(C)C)cc4)CC3)ncnc2cc1OCCCN1CCOCC1,30000.0,4.522878745280337,564.6870000000002,3.8808000000000034
CHEMBL314146,CCc1ccc(/C=C2\C(=O)Nc3ccccc32)s1,44000.0,4.356547323513812,255.342,3.803200000000002
CHEMBL119242,O=[N+]([O-])c1cccc2c(Nc3cccc(Br)c3)ncnc12,10000.0,5.0,345.156,4.044100000000001
CHEMBL54088,C=CC(=O)Nc1cc2c(Nc3cccc(C)c3)ncnc2cn1,0.48,9.318758762624412,305.341,3.201320000000001
CHEMBL423288,CC(=O)Nc1ccc(C)c(Nc2nccc(-c3cccnc3)n2)c1,100000.0,4.0,319.368,3.5490200000000014
CHEMBL349762,COC(=O)c1ccccc1NC(=O)c1c(SSc2c(C(=O)Nc3ccccc3C(=O)OC)c3ccccc3n2C)n(C)c2ccccc12,100000.0,4.0,678.792,7.547200000000006
CHEMBL117988,Nc1cccc2c(NCc3ccccc3)ncnc12,10000.0,5.0,250.30500000000004,2.8241000000000014
CHEMBL421548,O=C1Nc2ccc(Cl)cc2/C1=C/c1ccc(N2CCOCC2)cc1,10000.0,5.0,340.8100000000002,3.6693000000000024
CHEMBL86326,COc1ccc(/C=C2\C(=O)Nc3ccc(Cl)cc32)cc1C(C)(C)C,19300.0,4.714442690992226,341.83800000000014,5.138800000000004
CHEMBL89483,Cc1ccc2c(c1)/C(=C/c1[nH]c(C)cc1C)C(=O)N2,100000.0,4.0,252.31699999999998,3.432660000000001
CHEMBL87325,O=C1Nc2ccc([N+](=O)[O-])cc2/C1=C/c1ccc[nH]1,100000.0,4.0,255.233,2.4155999999999995
CHEMBL160207,CN(C)C(=O)c1c(SSc2c(C(=O)N(C)C)c3ccccc3n2C)n(C)c2ccccc12,21200.0,4.673664139071248,466.6320000000002,4.873000000000005
CHEMBL53555,C=CC(=O)Nc1cc2c(Nc3ccc(F)c(Cl)c3)ncnc2cn1,0.77,9.113509274827518,343.749,3.6854000000000013
CHEMBL53637,C=CC(=O)Nc1ccc2ncnc(Nc3cccc(Cl)c3)c2c1,1.6,8.795880017344075,324.771,4.151300000000002
CHEMBL125086,CCOc1cc2ncnc(Nc3cccc(-c4ccco4)c3)c2cc1OCC,3.0,8.522878745280337,375.42800000000017,5.430800000000004
CHEMBL127223,CCOc1cc2ncnc(Nc3cccc(-c4cscn4)c3)c2cc1OCC,18.0,7.7447274948966935,392.48400000000015,5.294300000000004
CHEMBL316009,COC(=O)CCc1c[nH]c(/C=C2\C(=O)Nc3ccccc32)c1C,100000.0,4.0,310.35300000000007,2.9214200000000012
CHEMBL278630,O=C(Nc1ccc(Cl)c(Nc2nccc(-c3cccnc3)n2)c1)c1ccccc1,100000.0,4.0,401.8570000000001,5.1879000000000035
CHEMBL348554,CN(C)CCNC(=O)c1c(SSc2c(C(=O)NCCN(C)C)c3ccccc3n2C)n(C)c2ccccc12,17500.0,4.756961951313706,552.7700000000003,4.052200000000003
CHEMBL127367,CCOc1cc2ncnc(Nc3cccc(-c4nc[nH]n4)c3)c2cc1OCC,390.0,6.4089353929735005,376.42000000000013,3.9559000000000015
CHEMBL126974,CCOc1cc2ncnc(Nc3cccc(-c4cncnc4)c3)c2cc1OCC,1100.0,5.958607314841775,387.44300000000015,4.627800000000003
CHEMBL126653,CCOc1cc2ncnc(Nc3cccc(-c4cnc(C)o4)c3)c2cc1OCC,10000.0,5.0,390.4430000000002,5.134220000000004
CHEMBL160935,Cn1c(SSc2c(C(=O)c3ccco3)c3ccccc3n2C)c(C(=O)c2ccco2)c2ccccc21,7700.0,5.113509274827518,512.6120000000002,7.117400000000004
CHEMBL128027,CCOc1cc2nc(C)nc(Nc3cccc(-c4csc(C)n4)c3)c2cc1OCC,9000.0,5.045757490560675,420.5380000000002,5.911140000000005
CHEMBL314021,CN1C(=O)/C(=C\c2ccc(Br)cc2)c2ccccc21,100000.0,4.0,314.182,3.9661000000000017
CHEMBL347160,O=C(NCc1ccccc1)c1c(SSc2[nH]c3ccccc3c2C(=O)NCc2ccccc2)[nH]c2ccccc12,15000.0,4.823908740944319,562.7200000000003,7.3086000000000055
CHEMBL53203,C=CC(=O)Nc1ccc2ncnc(Nc3ccc(Oc4ccccc4)cc3)c2c1,5.8,8.236572006437063,382.42300000000006,5.290200000000003
CHEMBL420411,CCc1c(C)[nH]c(/C=C2\C(=O)Nc3ccccc32)c1C,100000.0,4.0,266.344,3.6866400000000015
CHEMBL86631,Cn1cccc1/C=C1\C(=O)Nc2ccccc21,100000.0,4.0,224.263,2.5178000000000003
CHEMBL158275,Cn1c(SSc2c(C(=O)NCc3ccccc3)c3ccccc3n2C)c(C(=O)NCc2ccccc2)c2ccccc21,1700.0,5.769551078621726,590.7740000000002,7.329400000000006
CHEMBL92824,FC(F)(F)c1cccc(Nc2ncnc3ccccc23)c1,577.0,6.238824186844268,289.26000000000005,4.392200000000002
CHEMBL126996,CCOc1cc2ncnc(Nc3cccc(-c4cocn4)c3)c2cc1OCC,720.0,6.142667503568731,376.41600000000017,4.825800000000004
CHEMBL329367,CN(C)c1ccc(/C=C2\C(=O)Nc3cc(F)ccc32)cc1,100000.0,4.0,282.318,3.384400000000001
CHEMBL313259,O=C1Nc2ccccc2/C1=C/c1ccc(C(=O)O)cc1,100000.0,4.0,265.268,2.8775000000000004
CHEMBL431025,O=C1Nc2ccc(Cl)cc2/C1=C/c1ccc[nH]1,100000.0,4.0,244.681,3.160800000000001
CHEMBL316020,Cc1c[nH]c(/C=C2\C(=O)Nc3ccccc32)c1C,100000.0,4.0,238.29,3.1242400000000012
CHEMBL87324,Cc1cc(C)c(/C=C2\C(=O)Nc3cc(F)ccc32)[nH]1,100000.0,4.0,256.28,3.2633400000000012
CHEMBL89697,Cc1ccc(/C=C2/C(=O)Nc3ccccc32)o1,100000.0,4.0,225.247,3.0807200000000012
CHEMBL266182,O=C1c2c(c3c4cccc(O)c4n(C4OC(CO)C(O)C(O)C4O)c3c3[nH]c4c(O)cccc4c23)C(=O)N1NCC(O)CO,180000.0,3.744727494896694,608.5600000000002,-0.7336000000000009
CHEMBL60816,O=[N+]([O-])c1cccc(Nc2nccc(-c3ccccn3)n2)c1,100000.0,4.0,293.286,3.1904000000000012
CHEMBL277667,CNN1C(=O)c2c(c3c4cccc(O)c4n(C4OC(CO)C(O)C(O)C4O)c3c3[nH]c4c(O)cccc4c23)C1=O,100000.0,4.0,548.5080000000002,0.5429999999999999
CHEMBL20811,O=C1c2c(c3c4cccc(O)c4n(C4OC(CO)C(O)C(O)C4O)c3c3[nH]c4c(O)cccc4c23)C(=O)N1NCCO,200000.0,3.6989700043360187,578.5340000000001,-0.09450000000000036
CHEMBL941,Cc1ccc(NC(=O)c2ccc(CN3CCN(C)CC3)cc2)cc1Nc1nccc(-c2cccnc2)n1,100000.0,4.0,493.6150000000002,4.590320000000004
CHEMBL57581,FC(F)C(F)(F)Oc1cccc(Nc2nccc(-c3ccc(Cl)cc3)n2)c1,100000.0,4.0,397.7590000000002,5.777300000000003
CHEMBL21267,Cc1ccc(S(=O)(=O)NN2C(=O)c3c(c4c5cccc(O)c5n(C5OC(CO)C(O)C(O)C5O)c4c4[nH]c5c(O)cccc5c34)C2=O)cc1,200000.0,3.6989700043360187,688.6710000000002,1.6105199999999993
CHEMBL103667,Cc1ccc(-n2nc(C(C)(C)C)cc2NC(=O)Nc2ccc(OCCN3CCOCC3)c3ccccc23)cc1,20000.0,4.698970004336019,527.6690000000006,5.986420000000005
CHEMBL300817,Clc1cccc(Nc2nccc(-c3cccnc3)n2)c1,100000.0,4.0,282.734,3.9356000000000018
CHEMBL20255,O=C(NN1C(=O)c2c(c3c4cccc(O)c4n(C4OC(CO)C(O)C(O)C4O)c3c3[nH]c4c(O)cccc4c23)C1=O)c1ccccn1,200000.0,3.6989700043360187,639.5770000000001,1.1485999999999998
CHEMBL19978,O=C(Nc1ccccc1)NN1C(=O)c2c(c3c4cccc(O)c4n(C4OC(CO)C(O)C(O)C4O)c3c3[nH]c4c(O)cccc4c23)C1=O,95000.0,4.022276394711152,653.6040000000002,2.145299999999999
CHEMBL21221,O=C(CO)NN1C(=O)c2c(c3c4cccc(O)c4n(C4OC(CO)C(O)C(O)C4O)c3c3[nH]c4c(O)cccc4c23)C1=O,200000.0,3.6989700043360187,592.5170000000002,-0.5679000000000001
CHEMBL278757,CN(C)CC(=O)NN1C(=O)c2c(c3c4cccc(O)c4n(C4OC(CO)C(O)C(O)C4O)c3c3[nH]c4c(O)cccc4c23)C1=O,200000.0,3.6989700043360187,619.5870000000002,0.001400000000000956
CHEMBL278071,CN(C)N1C(=O)c2c(c3c4cccc(O)c4n(C4OC(CO)C(O)C(O)C4O)c3c3[nH]c4c(O)cccc4c23)C1=O,200000.0,3.6989700043360187,562.5350000000002,0.8851999999999993
CHEMBL21263,O=C(O)CNN1C(=O)c2c(c3c4cccc(O)c4n(C4OC(CO)C(O)C(O)C4O)c3c3[nH]c4c(O)cccc4c23)C1=O,200000.0,3.6989700043360187,592.5170000000002,-0.0021999999999997577
CHEMBL418279,O=C(Nc1cccc(Nc2nccc(-c3cccnc3)n2)c1)c1ccc(F)cc1,50000.0,4.301029995663981,385.40200000000004,4.673600000000002
CHEMBL55683,O=[N+]([O-])c1cccc(Nc2nccc(-c3ccncc3)n2)c1,100000.0,4.0,293.286,3.1904000000000003
CHEMBL21265,NN1C(=O)c2c(c3c4cccc(O)c4n(C4OC(CO)C(O)C(O)C4O)c3c3[nH]c4c(O)cccc4c23)C1=O,200000.0,3.6989700043360187,534.4810000000002,0.2823000000000003
CHEMBL278526,N#CCC(=O)NN1C(=O)c2c(c3c4cccc(O)c4n(C4OC(CO)C(O)C(O)C4O)c3c3[nH]c4c(O)cccc4c23)C1=O,200000.0,3.6989700043360187,601.5280000000001,0.35348000000000007
CHEMBL59099,NCCCNC(=O)c1cccc(Nc2nccc(-c3cccnc3)n2)c1,45000.0,4.346787486224656,348.41,2.3607999999999993
CHEMBL279035,O=C(O)c1ccc(NN2C(=O)c3c(c4c5cccc(O)c5n(C5OC(CO)C(O)C(O)C5O)c4c4[nH]c5c(O)cccc5c34)C2=O)cc1,90000.0,4.045757490560675,654.5880000000002,2.133899999999999
CHEMBL21096,CCCNN1C(=O)c2c(c3c4cccc(O)c4n(C4OC(CO)C(O)C(O)C4O)c3c3[nH]c4c(O)cccc4c23)C1=O,59000.0,4.229147988357856,576.5620000000001,1.3231999999999995
CHEMBL279481,O=C1NC(=O)c2c1c1c3cccc(O)c3[nH]c1c1[nH]c3c(O)cccc3c21,29000.0,4.5376020021010435,357.3250000000001,3.2504
CHEMBL21108,O=C1NC(=O)c2c1c1c3cccc(O)c3[nH]c1c1c2c2cccc(O)c2n1C1OC(CO)C(O)C(O)C1O,90000.0,4.045757490560675,519.4660000000002,0.6961999999999995
CHEMBL282436,O=CNN1C(=O)c2c(c3c4cccc(O)c4n(C4OC(CO)C(O)C(O)C4O)c3c3[nH]c4c(O)cccc4c23)C1=O,200000.0,3.6989700043360187,562.4910000000002,0.0696
CHEMBL283766,N#CCCNN1C(=O)c2c(c3c4cccc(O)c4n(C4OC(CO)C(O)C(O)C4O)c3c3[nH]c4c(O)cccc4c23)C1=O,200000.0,3.6989700043360187,587.5450000000002,0.8268799999999998
CHEMBL56669,CCCCCC(=O)Nc1cccc(Nc2nccc(-c3cccnc3)n2)c1,100000.0,4.0,361.4490000000001,4.801000000000003
CHEMBL277039,NC(=O)NN1C(=O)c2c(c3c4cccc(O)c4n(C4OC(CO)C(O)C(O)C4O)c3c3[nH]c4c(O)cccc4c23)C1=O,200000.0,3.6989700043360187,577.5060000000002,-0.008099999999999496
CHEMBL58436,c1cc(Nc2nccc(-c3cccnc3)n2)cc(OCCn2ccnc2)c1,7100.0,5.1487416512809245,358.4050000000001,3.5577000000000014
CHEMBL59036,Cc1ccc(C(=O)Nc2cccc(Nc3nccc(-c4cccnc4)n3)c2)cc1,100000.0,4.0,381.4390000000001,4.842920000000004
CHEMBL299707,COc1ccccc1C(=O)Nc1cccc(Nc2nccc(-c3cccnc3)n2)c1,100000.0,4.0,397.4380000000001,4.5431000000000035
CHEMBL291963,c1cncc(-c2ccnc(Nc3cccc(-n4ccnc4)c3)n2)c1,100000.0,4.0,314.35200000000003,3.4679
CHEMBL278101,CCC(=O)NN1C(=O)c2c(c3c4cccc(O)c4n(C4OC(CO)C(O)C(O)C4O)c3c3[nH]c4c(O)cccc4c23)C1=O,200000.0,3.6989700043360187,590.5450000000002,0.8497999999999997
CHEMBL277408,CS(=O)(=O)NN1C(=O)c2c(c3c4cccc(O)c4n(C4OC(CO)C(O)C(O)C4O)c3c3[nH]c4c(O)cccc4c23)C1=O,200000.0,3.6989700043360187,612.5730000000002,-0.12719999999999998
CHEMBL282655,O=C1c2c(c3c4cccc(O)c4n(C4OC(CO)C(O)C(O)C4O)c3c3[nH]c4c(O)cccc4c23)C(=O)N1NCc1cccc(O)c1,200000.0,3.6989700043360187,640.6050000000001,1.818999999999999
CHEMBL55379,FC(F)C(F)(F)Oc1cccc(Nc2nccc(-c3c[nH]c4ccccc34)n2)c1,1800.0,5.7447274948966935,402.35100000000017,5.605200000000003
CHEMBL56904,CN1CCN(Cc2ccc(C(=O)Nc3cccc(Nc4nccc(-c5cccnc5)n4)c3)cc2)CC1,100000.0,4.0,479.5880000000002,4.281900000000003
CHEMBL418270,O=C(Nc1cccc(Nc2nccc(-c3cccnc3)n2)c1)c1cccnc1,100000.0,4.0,368.40000000000003,3.9295000000000018
CHEMBL293991,NCCCn1ccc2c(-c3ccnc(Nc4cccc(OC(F)(F)C(F)F)c4)n3)cccc21,530.0,6.275724130399211,459.44700000000006,5.427400000000003
CHEMBL56359,O=C(Nc1cccc(Nc2nccc(-c3cccnc3)n2)c1)c1cccs1,50000.0,4.301029995663981,373.44100000000003,4.596000000000002
CHEMBL428453,CC(=O)NN1C(=O)c2c(c3c4cccc(O)c4n(C4OC(CO)C(O)C(O)C4O)c3c3[nH]c4c(O)cccc4c23)C1=O,200000.0,3.6989700043360187,576.5180000000001,0.4596999999999998
CHEMBL277011,CCNN1C(=O)c2c(c3c4cccc(O)c4n(C4OC(CO)C(O)C(O)C4O)c3c3[nH]c4c(O)cccc4c23)C1=O,200000.0,3.6989700043360187,562.5350000000002,0.9331
CHEMBL277008,O=C1c2c(c3c4cccc(O)c4n(C4OC(CO)C(O)C(O)C4O)c3c3[nH]c4c(O)cccc4c23)C(=O)N1NC(CO)CO,200000.0,3.6989700043360187,608.5600000000002,-0.7336000000000009
CHEMBL57690,c1ccc(Nc2nccc(-c3cccnc3)n2)cc1,100000.0,4.0,248.28900000000002,3.2822000000000013
CHEMBL55662,FC(F)C(F)(F)Oc1cccc(Nc2nccc(-c3ccncc3)n2)c1,100000.0,4.0,364.30200000000013,4.518900000000002
CHEMBL277432,O=C(NN1C(=O)c2c(c3c4cccc(O)c4n(C4OC(CO)C(O)C(O)C4O)c3c3[nH]c4c(O)cccc4c23)C1=O)c1ccccc1,200000.0,3.6989700043360187,638.5890000000002,1.7535999999999996
CHEMBL55592,O=C(Nc1cccc(Nc2nccc(-c3cccnc3)n2)c1)c1ccncc1,100000.0,4.0,368.40000000000003,3.9295000000000018
CHEMBL57553,Nc1cccc(Nc2nccc(-c3cccnc3)n2)c1,50000.0,4.301029995663981,263.30400000000003,2.8644000000000007
CHEMBL56081,O=[N+]([O-])c1cccc(Nc2nccc(-c3cccnc3)n2)c1,100000.0,4.0,293.286,3.1904000000000012
CHEMBL58142,O=C(Nc1cccc(Nc2nccc(-c3cccnc3)n2)c1)C1CCCCC1,100000.0,4.0,373.4600000000002,4.801000000000003
CHEMBL58580,N#Cc1ccc(C(=O)Nc2cccc(Nc3nccc(-c4cccnc4)n3)c2)cc1,100000.0,4.0,392.4220000000001,4.406180000000003
CHEMBL49350,O=C(NCCc1ccccc1)c1cc2ccc(O)c(O)c2cn1,1400.0,5.853871964321762,308.33700000000005,2.618500000000002
